"BehaviorSpace results (NetLogo 7.0.4)","Table version 2.0"
"forestfire.nlogox"
"forest_fire_experiment9"
"10/01/2026 13:35:04:992 +0530"
"min-pxcor","max-pxcor","min-pycor","max-pycor"
"-16","16","-16","16"
"[run number]","density","regrowth-chance","firebreak?","regrowth-time","reignite-chance","[step]","percent-ever-burned","percent-initial-trees-burned"
"8","60","5","false","25","0","0","1.8365472910927456","3.0441400304414"
"5","60","5","false","25","0","0","1.285583103764922","2.1840873634945397"
"2","60","5","false","25","0","0","2.295684113865932","3.937007874015748"
"6","60","5","false","25","0","0","1.4692378328741964","2.3738872403560833"
"9","60","5","false","25","0","0","1.285583103764922","2.1739130434782608"
"6","60","5","false","25","0","1","3.581267217630854","5.786350148367952"
"8","60","5","false","25","0","1","4.499540863177227","7.4581430745814306"
"3","60","5","false","25","0","0","2.203856749311295","3.75"
"7","60","5","false","25","0","0","1.7447199265381086","2.996845425867508"
"8","60","5","false","25","0","2","7.254361799816346","12.02435312024353"
"6","60","5","false","25","0","2","6.152433425160698","9.940652818991099"
"4","60","5","false","25","0","0","1.7447199265381086","2.9641185647425896"
"5","60","5","false","25","0","1","3.3057851239669422","5.61622464898596"
"8","60","5","false","25","0","3","9.73370064279155","16.13394216133942"
"9","60","5","false","25","0","1","2.571166207529844","4.3478260869565215"
"2","60","5","false","25","0","1","5.234159779614325","8.976377952755906"
"3","60","5","false","25","0","1","4.683195592286501","7.968749999999999"
"8","60","5","false","25","0","4","11.937557392102846","19.7869101978691"
"9","60","5","false","25","0","2","3.8567493112947657","6.521739130434782"
"6","60","5","false","25","0","3","8.264462809917356","13.353115727002967"
"8","60","5","false","25","0","5","14.325068870523417","23.74429223744292"
"7","60","5","false","25","0","1","3.6730945821854912","6.309148264984227"
"9","60","5","false","25","0","3","5.234159779614325","8.850931677018634"
"6","60","5","false","25","0","4","10.192837465564738","16.468842729970326"
"5","60","5","false","25","0","2","6.244260789715335","10.60842433697348"
"8","60","5","false","25","0","6","16.712580348943984","27.701674277016743"
"2","60","5","false","25","0","2","7.162534435261708","12.283464566929133"
"3","60","5","false","25","0","2","6.887052341597796","11.71875"
"7","60","5","false","25","0","2","6.152433425160698","10.56782334384858"
"6","60","5","false","25","0","5","12.121212121212121","19.584569732937684"
"4","60","5","false","25","0","1","3.6730945821854912","6.240249609984399"
"8","60","5","false","25","0","7","19.742883379247015","32.724505327245055"
"5","60","5","false","25","0","3","8.723599632690542","14.82059282371295"
"7","60","5","false","25","0","3","8.080808080808081","13.880126182965299"
"8","60","5","false","25","0","8","22.58953168044077","37.44292237442922"
"6","60","5","false","25","0","6","14.23324150596878","22.997032640949556"
"8","60","5","false","25","0","9","25.344352617079892","42.00913242009132"
"5","60","5","false","25","0","4","10.743801652892563","18.252730109204368"
"7","60","5","false","25","0","4","9.82552800734619","16.876971608832807"
"9","60","5","false","25","0","4","6.703397612488522","11.335403726708075"
"4","60","5","false","25","0","2","6.336088154269973","10.764430577223088"
"2","60","5","false","25","0","3","9.182736455463727","15.748031496062993"
"6","60","5","false","25","0","7","16.345270890725434","26.409495548961427"
"8","60","5","false","25","0","10","27.548209366391184","45.662100456621005"
"7","60","5","false","25","0","5","11.662075298438934","20.031545741324923"
"5","60","5","false","25","0","5","12.396694214876034","21.060842433697346"
"3","60","5","false","25","0","3","8.723599632690542","14.84375"
"8","60","5","false","25","0","11","29.56841138659321","49.01065449010654"
"6","60","5","false","25","0","8","19.00826446280992","30.712166172106826"
"7","60","5","false","25","0","6","13.590449954086317","23.34384858044164"
"5","60","5","false","25","0","6","14.416896235078053","24.492979719188767"
"9","60","5","false","25","0","5","8.172635445362717","13.819875776397517"
"2","60","5","false","25","0","4","11.202938475665748","19.212598425196852"
"7","60","5","false","25","0","7","15.702479338842975","26.97160883280757"
"8","60","5","false","25","0","12","31.588613406795226","52.35920852359208"
"6","60","5","false","25","0","9","22.03856749311295","35.60830860534125"
"5","60","5","false","25","0","7","16.437098255280073","27.92511700468019"
"4","60","5","false","25","0","3","8.907254361799815","15.132605304212168"
"7","60","5","false","25","0","8","18.54912764003673","31.861198738170348"
"8","60","5","false","25","0","13","33.97612488521579","56.3165905631659"
"9","60","5","false","25","0","6","9.550045913682277","16.149068322981368"
"8","60","5","false","25","0","14","35.81267217630854","59.3607305936073"
"5","60","5","false","25","0","8","18.365472910927455","31.201248049921997"
"7","60","5","false","25","0","9","20.84481175390266","35.80441640378549"
"6","60","5","false","25","0","10","25.436179981634528","41.09792284866469"
"9","60","5","false","25","0","7","11.202938475665748","18.944099378881987"
"3","60","5","false","25","0","4","10.743801652892563","18.28125"
"8","60","5","false","25","0","15","38.10835629017447","63.16590563165906"
"7","60","5","false","25","0","10","22.95684113865932","39.43217665615142"
"2","60","5","false","25","0","5","12.672176308539946","21.73228346456693"
"9","60","5","false","25","0","8","12.947658402203857","21.8944099378882"
"6","60","5","false","25","0","11","27.640036730945823","44.65875370919881"
"7","60","5","false","25","0","11","24.517906336088156","42.11356466876971"
"4","60","5","false","25","0","4","11.11111111111111","18.876755070202808"
"8","60","5","false","25","0","16","40.22038567493113","66.66666666666666"
"6","60","5","false","25","0","12","29.292929292929294","47.32937685459941"
"7","60","5","false","25","0","12","25.344352617079892","43.53312302839117"
"5","60","5","false","25","0","9","19.742883379247015","33.541341653666144"
"9","60","5","false","25","0","9","14.692378328741965","24.84472049689441"
"6","60","5","false","25","0","13","31.0376492194674","50.14836795252226"
"4","60","5","false","25","0","5","12.947658402203857","21.996879875195006"
"3","60","5","false","25","0","5","13.131313131313133","22.34375"
"5","60","5","false","25","0","10","21.120293847566572","35.8814352574103"
"8","60","5","false","25","0","17","41.68962350780532","69.10197869101978"
"7","60","5","false","25","0","13","25.987144168962352","44.63722397476341"
"9","60","5","false","25","0","10","16.528925619834713","27.95031055900621"
"2","60","5","false","25","0","6","14.23324150596878","24.409448818897637"
"6","60","5","false","25","0","14","32.87419651056015","53.11572700296736"
"8","60","5","false","25","0","18","43.06703397612488","71.38508371385083"
"5","60","5","false","25","0","11","22.58953168044077","38.37753510140406"
"7","60","5","false","25","0","14","26.72176308539945","45.89905362776025"
"4","60","5","false","25","0","6","14.692378328741965","24.960998439937597"
"9","60","5","false","25","0","11","18.27364554637282","30.900621118012424"
"6","60","5","false","25","0","15","34.9862258953168","56.52818991097923"
"8","60","5","false","25","0","19","44.16896235078053","73.21156773211568"
"7","60","5","false","25","0","15","27.180899908172634","46.68769716088328"
"5","60","5","false","25","0","12","24.150596877869603","41.02964118564743"
"8","60","5","false","25","0","20","45.27089072543618","75.03805175038052"
"2","60","5","false","25","0","7","15.5188246097337","26.614173228346456"
"7","60","5","false","25","0","16","27.45638200183655","47.1608832807571"
"6","60","5","false","25","0","16","37.28191000918273","60.23738872403561"
"3","60","5","false","25","0","6","15.059687786960515","25.624999999999996"
"5","60","5","false","25","0","13","25.6198347107438","43.52574102964118"
"4","60","5","false","25","0","7","16.62075298438935","28.23712948517941"
"7","60","5","false","25","0","17","27.548209366391184","47.3186119873817"
"8","60","5","false","25","0","21","46.5564738292011","77.1689497716895"
"5","60","5","false","25","0","14","26.905417814508723","45.70982839313572"
"8","60","5","false","25","0","22","47.93388429752066","79.45205479452055"
"2","60","5","false","25","0","8","16.62075298438935","28.503937007874015"
"5","60","5","false","25","0","15","28.37465564738292","48.205928237129484"
"9","60","5","false","25","0","12","20.018365472910926","33.85093167701863"
"4","60","5","false","25","0","8","18.91643709825528","32.13728549141966"
"3","60","5","false","25","0","7","17.17171717171717","29.21875"
"7","60","5","false","25","0","18","27.548209366391184","47.3186119873817"
"8","60","5","false","25","0","23","48.760330578512395","80.82191780821918"
"6","60","5","false","25","0","17","39.76124885215794","64.2433234421365"
"9","60","5","false","25","0","13","21.763085399449036","36.80124223602485"
"8","60","5","false","25","0","24","49.770431588613405","82.49619482496195"
"2","60","5","false","25","0","9","17.53902662993572","30.078740157480315"
"4","60","5","false","25","0","9","21.21212121212121","36.037441497659906"
"5","60","5","false","25","0","16","29.75206611570248","50.546021840873635"
"6","60","5","false","25","0","18","41.8732782369146","67.65578635014838"
"8","60","5","false","25","0","25","50.59687786960514","83.86605783866058"
"10","60","5","false","25","0","0","1.8365472910927456","3.1746031746031744"
"5","60","5","false","25","0","17","31.496786042240586","53.51014040561623"
"8","60","5","false","25","0","26","51.515151515151516","85.38812785388129"
"2","60","5","false","25","0","10","18.457300275482094","31.65354330708661"
"10","60","5","false","25","0","1","3.7649219467401287","6.507936507936509"
"3","60","5","false","25","0","8","18.457300275482094","31.406250000000004"
"8","60","5","false","25","0","27","52.61707988980716","87.21461187214612"
"6","60","5","false","25","0","19","44.16896235078053","71.36498516320475"
"9","60","5","false","25","0","14","23.507805325987142","39.75155279503105"
"4","60","5","false","25","0","10","23.59963269054178","40.09360374414976"
"10","60","5","false","25","0","2","5.234159779614325","9.047619047619047"
"8","60","5","false","25","0","28","53.627180899908176","88.88888888888889"
"2","60","5","false","25","0","11","19.742883379247015","33.85826771653544"
"5","60","5","false","25","0","18","33.14967860422406","56.31825273010921"
"3","60","5","false","25","0","9","19.28374655647383","32.8125"
"1","60","5","false","25","0","0","1.5610651974288337","2.755267423014587"
"10","60","5","false","25","0","3","6.887052341597796","11.904761904761903"
"5","60","5","false","25","0","19","34.80257116620753","59.12636505460218"
"6","60","5","false","25","0","20","47.015610651974285","75.96439169139467"
"4","60","5","false","25","0","11","25.71166207529844","43.6817472698908"
"8","60","5","false","25","0","29","54.54545454545454","90.41095890410958"
"2","60","5","false","25","0","12","20.9366391184573","35.90551181102362"
"9","60","5","false","25","0","15","24.701561065197428","41.77018633540372"
"3","60","5","false","25","0","10","19.742883379247015","33.59375"
"10","60","5","false","25","0","4","8.356290174471992","14.444444444444443"
"9","60","5","false","25","0","16","26.262626262626267","44.409937888198755"
"10","60","5","false","25","0","5","10.192837465564738","17.61904761904762"
"9","60","5","false","25","0","17","27.640036730945823","46.73913043478261"
"8","60","5","false","25","0","30","55.28007346189165","91.62861491628614"
"10","60","5","false","25","0","6","11.84573002754821","20.476190476190474"
"6","60","5","false","25","0","21","49.770431588613405","80.41543026706232"
"5","60","5","false","25","0","20","36.54729109274564","62.090483619344774"
"4","60","5","false","25","0","12","27.823691460055095","47.269890795631824"
"2","60","5","false","25","0","13","22.31404958677686","38.267716535433074"
"8","60","5","false","25","0","31","55.9228650137741","92.69406392694064"
"6","60","5","false","25","0","22","52.43342516069789","84.71810089020771"
"3","60","5","false","25","0","11","20.2020202020202","34.375"
"9","60","5","false","25","0","18","28.833792470156105","48.75776397515528"
"6","60","5","false","25","0","23","53.90266299357208","87.0919881305638"
"9","60","5","false","25","0","19","29.935720844811755","50.621118012422365"
"5","60","5","false","25","0","21","38.75114784205693","65.83463338533542"
"6","60","5","false","25","0","24","55.28007346189165","89.31750741839762"
"8","60","5","false","25","0","32","56.29017447199265","93.30289193302892"
"10","60","5","false","25","0","7","13.590449954086317","23.49206349206349"
"6","60","5","false","25","0","25","56.56565656565656","91.3946587537092"
"9","60","5","false","25","0","20","30.76216712580349","52.01863354037267"
"3","60","5","false","25","0","12","20.752984389348025","35.3125"
"5","60","5","false","25","0","22","40.58769513314967","68.95475819032761"
"2","60","5","false","25","0","14","23.783287419651057","40.78740157480315"
"4","60","5","false","25","0","13","29.935720844811755","50.858034321372855"
"3","60","5","false","25","0","13","21.21212121212121","36.09375"
"9","60","5","false","25","0","21","31.955922865013775","54.037267080745345"
"10","60","5","false","25","0","8","14.87603305785124","25.71428571428571"
"8","60","5","false","25","0","33","56.65748393021121","93.9117199391172"
"4","60","5","false","25","0","14","31.955922865013775","54.29017160686428"
"6","60","5","false","25","0","26","57.85123966942148","93.47181008902076"
"9","60","5","false","25","0","22","32.966023875114786","55.74534161490683"
"8","60","5","false","25","0","34","56.65748393021121","93.9117199391172"
"4","60","5","false","25","0","15","33.88429752066116","57.56630265210608"
"5","60","5","false","25","0","23","42.14876033057851","71.60686427457098"
"2","60","5","false","25","0","15","24.701561065197428","42.362204724409445"
"10","60","5","false","25","0","9","16.528925619834713","28.57142857142857"
"4","60","5","false","25","0","16","35.35353535353536","60.06240249609984"
"3","60","5","false","25","0","14","21.57943067033976","36.71875"
"9","60","5","false","25","0","23","33.97612488521579","57.453416149068325"
"4","60","5","false","25","0","17","36.82277318640955","62.558502340093604"
"11","60","5","false","25","5","0","1.285583103764922","2.2399999999999998"
"6","60","5","false","25","0","27","58.76951331496786","94.95548961424333"
"5","60","5","false","25","0","24","43.70982552800734","74.25897035881435"
"9","60","5","false","25","0","24","34.9862258953168","59.161490683229815"
"11","60","5","false","25","5","1","2.938475665748393","5.12"
"6","60","5","false","25","0","28","59.96326905417815","96.88427299703264"
"5","60","5","false","25","0","25","44.995408631772264","76.4430577223089"
"10","60","5","false","25","0","10","17.81450872359963","30.793650793650794"
"4","60","5","false","25","0","18","38.29201101928375","65.05460218408736"
"2","60","5","false","25","0","16","25.344352617079892","43.46456692913386"
"11","60","5","false","25","5","2","4.866850321395775","8.48"
"10","60","5","false","25","0","11","18.91643709825528","32.698412698412696"
"9","60","5","false","25","0","25","36.36363636363637","61.49068322981367"
"5","60","5","false","25","0","26","46.464646464646464","78.93915756630265"
"3","60","5","false","25","0","15","22.130394857667586","37.65625"
"2","60","5","false","25","0","17","26.62993572084481","45.66929133858268"
"6","60","5","false","25","0","29","60.78971533516988","98.21958456973294"
"11","60","5","false","25","5","3","6.887052341597796","12"
"4","60","5","false","25","0","19","39.66942148760331","67.39469578783151"
"5","60","5","false","25","0","27","48.025711662075295","81.59126365054603"
"2","60","5","false","25","0","18","28.09917355371901","48.188976377952756"
"9","60","5","false","25","0","26","37.74104683195592","63.81987577639752"
"10","60","5","false","25","0","12","19.92653810835629","34.44444444444444"
"5","60","5","false","25","0","28","49.770431588613405","84.55538221528862"
"4","60","5","false","25","0","20","40.67952249770432","69.11076443057722"
"9","60","5","false","25","0","27","39.02662993572085","65.99378881987577"
"11","60","5","false","25","5","4","8.44811753902663","14.719999999999999"
"6","60","5","false","25","0","30","61.61616161616161","99.55489614243324"
"9","60","5","false","25","0","28","40.22038567493113","68.01242236024845"
"3","60","5","false","25","0","16","22.497704315886132","38.28125"
"11","60","5","false","25","5","5","10.009182736455463","17.44"
"10","60","5","false","25","0","13","21.30394857667585","36.82539682539683"
"4","60","5","false","25","0","21","41.68962350780532","70.82683307332293"
"9","60","5","false","25","0","29","41.78145087235997","70.65217391304348"
"2","60","5","false","25","0","19","29.56841138659321","50.70866141732283"
"5","60","5","false","25","0","29","51.606978879706155","87.6755070202808"
"2","60","5","false","25","0","20","31.40495867768595","53.85826771653544"
"6","60","5","false","25","0","31","62.0752984389348","100.29673590504451"
"11","60","5","false","25","5","6","11.386593204775023","19.84"
"3","60","5","false","25","0","17","22.773186409550046","38.75"
"10","60","5","false","25","0","14","22.497704315886132","38.88888888888889"
"9","60","5","false","25","0","30","43.25068870523416","73.13664596273291"
"11","60","5","false","25","5","7","11.937557392102846","20.8"
"6","60","5","false","25","0","32","62.16712580348944","100.44510385756678"
"2","60","5","false","25","0","21","33.14967860422406","56.85039370078741"
"5","60","5","false","25","0","30","53.07621671258035","90.17160686427457"
"4","60","5","false","25","0","22","42.97520661157025","73.01092043681747"
"11","60","5","false","25","5","8","12.580348943985308","21.92"
"2","60","5","false","25","0","22","35.16988062442608","60.31496062992125"
"10","60","5","false","25","0","15","23.69146005509642","40.95238095238095"
"3","60","5","false","25","0","18","23.140495867768596","39.375"
"9","60","5","false","25","0","31","44.62809917355372","75.46583850931677"
"5","60","5","false","25","0","31","54.45362718089991","92.51170046801872"
"4","60","5","false","25","0","23","44.16896235078053","75.0390015600624"
"6","60","5","false","25","0","33","62.16712580348944","100.44510385756678"
"11","60","5","false","25","5","9","13.131313131313133","22.88"
"3","60","5","false","25","0","19","23.59963269054178","40.15625"
"9","60","5","false","25","0","32","46.464646464646464","78.57142857142857"
"2","60","5","false","25","0","23","37.1900826446281","63.77952755905512"
"10","60","5","false","25","0","16","24.885215794306703","43.01587301587302"
"11","60","5","false","25","5","10","14.049586776859504","24.48"
"5","60","5","false","25","0","32","55.831037649219475","94.85179407176287"
"3","60","5","false","25","0","20","23.875114784205692","40.625"
"10","60","5","false","25","0","17","26.170798898071624","45.23809523809524"
"2","60","5","false","25","0","24","38.84297520661157","66.61417322834644"
"5","60","5","false","25","0","33","57.116620752984396","97.03588143525741"
"4","60","5","false","25","0","24","45.63820018365473","77.53510140405616"
"10","60","5","false","25","0","18","27.27272727272727","47.14285714285714"
"12","60","5","false","25","5","0","1.9283746556473829","3.2507739938080498"
"1","60","5","false","25","0","1","3.7649219467401287","6.645056726094004"
"5","60","5","false","25","0","34","58.21854912764004","98.90795631825273"
"12","60","5","false","25","5","1","4.315886134067952","7.275541795665634"
"11","60","5","false","25","5","11","15.059687786960515","26.240000000000002"
"3","60","5","false","25","0","21","24.150596877869603","41.09375"
"9","60","5","false","25","0","33","48.39302112029385","81.83229813664596"
"2","60","5","false","25","0","25","39.85307621671258","68.34645669291338"
"5","60","5","false","25","0","35","59.32047750229569","100.78003120124805"
"12","60","5","false","25","5","2","7.07070707070707","11.91950464396285"
"11","60","5","false","25","5","12","16.069788797061523","28.000000000000004"
"4","60","5","false","25","0","25","47.2910927456382","80.34321372854915"
"10","60","5","false","25","0","19","28.558310376492198","49.36507936507937"
"10","60","5","false","25","0","20","29.660238751147844","51.269841269841265"
"5","60","5","false","25","0","36","59.87144168962351","101.71606864274571"
"2","60","5","false","25","0","26","40.67952249770432","69.76377952755905"
"3","60","5","false","25","0","22","24.426078971533517","41.5625"
"11","60","5","false","25","5","13","17.26354453627181","30.080000000000002"
"12","60","5","false","25","5","3","9.73370064279155","16.408668730650156"
"4","60","5","false","25","0","26","48.484848484848484","82.37129485179408"
"2","60","5","false","25","0","27","41.50596877869605","71.18110236220473"
"3","60","5","false","25","0","23","24.517906336088156","41.71875"
"10","60","5","false","25","0","21","30.670339761248854","53.01587301587302"
"9","60","5","false","25","0","34","50.59687786960514","85.55900621118012"
"5","60","5","false","25","0","37","60.23875114784206","102.34009360374414"
"4","60","5","false","25","0","27","49.494949494949495","84.08736349453977"
"11","60","5","false","25","5","14","18.54912764003673","32.32"
"12","60","5","false","25","5","4","12.396694214876034","20.897832817337463"
"10","60","5","false","25","0","22","31.40495867768595","54.285714285714285"
"9","60","5","false","25","0","35","52.43342516069789","88.66459627329193"
"5","60","5","false","25","0","38","60.78971533516988","103.2761310452418"
"4","60","5","false","25","0","28","50.229568411386595","85.33541341653667"
"9","60","5","false","25","0","36","54.54545454545454","92.2360248447205"
"11","60","5","false","25","5","15","19.55922865013774","34.08"
"3","60","5","false","25","0","24","24.701561065197428","42.03125"
"2","60","5","false","25","0","28","42.14876033057851","72.28346456692914"
"9","60","5","false","25","0","37","56.473829201101935","95.4968944099379"
"12","60","5","false","25","5","5","14.600550964187327","24.613003095975234"
"4","60","5","false","25","0","29","51.147842056932966","86.89547581903277"
"9","60","5","false","25","0","38","58.31037649219467","98.6024844720497"
"10","60","5","false","25","0","23","32.047750229568415","55.3968253968254"
"2","60","5","false","25","0","29","42.88337924701561","73.54330708661418"
"12","60","5","false","25","5","6","16.62075298438935","28.01857585139319"
"5","60","5","false","25","0","39","61.15702479338842","103.90015600624025"
"3","60","5","false","25","0","25","24.885215794306703","42.34375"
"11","60","5","false","25","5","16","20.56932966023875","35.839999999999996"
"9","60","5","false","25","0","39","60.14692378328742","101.70807453416148"
"5","60","5","false","25","0","40","61.43250688705234","104.36817472698907"
"3","60","5","false","25","0","26","25.068870523415974","42.65625"
"11","60","5","false","25","5","17","21.763085399449036","37.92"
"5","60","5","false","25","0","41","61.61616161616161","104.6801872074883"
"10","60","5","false","25","0","24","32.69054178145087","56.507936507936506"
"4","60","5","false","25","0","30","52.066115702479344","88.45553822152887"
"12","60","5","false","25","5","7","18.457300275482094","31.11455108359133"
"2","60","5","false","25","0","30","43.43434343434344","74.48818897637796"
"5","60","5","false","25","0","42","61.89164370982553","105.14820592823713"
"12","60","5","false","25","5","8","20.752984389348025","34.984520123839005"
"3","60","5","false","25","0","27","25.344352617079892","43.125"
"9","60","5","false","25","0","40","61.799816345270884","104.5031055900621"
"11","60","5","false","25","5","18","22.95684113865932","40"
"5","60","5","false","25","0","43","62.0752984389348","105.46021840873634"
"12","60","5","false","25","5","9","23.140495867768596","39.0092879256966"
"10","60","5","false","25","0","25","33.42516069788797","57.77777777777777"
"11","60","5","false","25","5","19","24.058769513314967","41.92"
"4","60","5","false","25","0","31","52.61707988980716","89.39157566302653"
"5","60","5","false","25","0","44","62.44260789715336","106.08424336973479"
"12","60","5","false","25","5","10","25.528007346189163","43.034055727554176"
"5","60","5","false","25","0","45","62.44260789715336","106.08424336973479"
"2","60","5","false","25","0","31","44.352617079889804","76.06299212598425"
"3","60","5","false","25","0","28","25.71166207529844","43.75"
"10","60","5","false","25","0","26","34.25160697887971","59.20634920634921"
"9","60","5","false","25","0","41","63.26905417814509","106.98757763975155"
"12","60","5","false","25","5","11","27.823691460055095","46.90402476780186"
"11","60","5","false","25","5","20","25.436179981634528","44.32"
"5","60","5","false","25","0","46","62.44260789715336","106.08424336973479"
"4","60","5","false","25","0","32","53.168044077134994","90.32761310452419"
"12","60","5","false","25","5","12","30.02754820936639","50.61919504643962"
"2","60","5","false","25","0","32","45.17906336088154","77.48031496062993"
"5","60","5","false","25","0","47","62.62626262626263","106.396255850234"
"10","60","5","false","25","0","27","34.9862258953168","60.476190476190474"
"11","60","5","false","25","5","21","27.089072543618","47.199999999999996"
"12","60","5","false","25","5","13","31.772268135904504","53.56037151702786"
"3","60","5","false","25","0","29","26.262626262626267","44.6875"
"4","60","5","false","25","0","33","53.994490358126725","91.73166926677067"
"9","60","5","false","25","0","42","65.38108356290174","110.55900621118013"
"2","60","5","false","25","0","33","46.28099173553719","79.37007874015748"
"9","60","5","false","25","0","43","67.12580348943985","113.50931677018635"
"5","60","5","false","25","0","48","62.71808999081726","106.55226209048362"
"4","60","5","false","25","0","34","55.28007346189165","93.91575663026521"
"2","60","5","false","25","0","34","47.38292011019284","81.25984251968504"
"11","60","5","false","25","5","22","28.833792470156105","50.239999999999995"
"10","60","5","false","25","0","28","35.81267217630854","61.904761904761905"
"3","60","5","false","25","0","30","26.813590449954088","45.625"
"12","60","5","false","25","5","14","32.78236914600551","55.26315789473685"
"11","60","5","false","25","5","23","30.486685032139576","53.12"
"9","60","5","false","25","0","44","68.2277318640955","115.37267080745342"
"11","60","5","false","25","5","24","31.772268135904504","55.36"
"5","60","5","false","25","0","49","62.90174471992653","106.86427457098284"
"2","60","5","false","25","0","35","49.03581267217631","84.09448818897638"
"10","60","5","false","25","0","29","36.63911845730027","63.33333333333333"
"3","60","5","false","25","0","31","27.45638200183655","46.71875"
"4","60","5","false","25","0","35","56.74931129476584","96.41185647425897"
"9","60","5","false","25","0","45","69.51331496786042","117.54658385093168"
"10","60","5","false","25","0","30","37.74104683195592","65.23809523809524"
"3","60","5","false","25","0","32","28.558310376492198","48.59375"
"5","60","5","false","25","0","50","63.08539944903582","107.17628705148205"
"12","60","5","false","25","5","15","33.79247015610652","56.965944272445824"
"3","60","5","false","25","0","33","29.38475665748393","50"
"10","60","5","false","25","0","31","39.11845730027548","67.61904761904762"
"5","60","5","false","25","0","51","63.36088154269972","107.6443057722309"
"11","60","5","false","25","5","25","33.057851239669425","57.599999999999994"
"5","60","5","false","25","0","52","63.45270890725436","107.8003120124805"
"4","60","5","false","25","0","36","57.94306703397613","98.4399375975039"
"9","60","5","false","25","0","46","70.89072543617998","119.87577639751552"
"12","60","5","false","25","5","16","34.9862258953168","58.978328173374614"
"2","60","5","false","25","0","36","50.505050505050505","86.61417322834646"
"10","60","5","false","25","0","32","40.77134986225895","70.47619047619048"
"11","60","5","false","25","5","26","34.61891643709826","60.31999999999999"
"3","60","5","false","25","0","34","30.670339761248854","52.1875"
"5","60","5","false","25","0","53","63.63636363636363","108.11232449297972"
"10","60","5","false","25","0","33","41.96510560146924","72.53968253968253"
"3","60","5","false","25","0","35","31.68044077134986","53.90625"
"5","60","5","false","25","0","54","64.55463728191","109.67238689547582"
"10","60","5","false","25","0","34","43.52617079889807","75.23809523809524"
"1","60","5","false","25","0","2","6.7952249770431585","11.9935170178282"
"5","60","5","false","25","0","55","65.65656565656566","111.54446177847115"
"11","60","5","false","25","5","27","36.455463728191","63.519999999999996"
"9","60","5","false","25","0","47","72.1763085399449","122.04968944099379"
"3","60","5","false","25","0","36","33.14967860422406","56.40625"
"10","60","5","false","25","0","35","45.08723599632691","77.93650793650794"
"4","60","5","false","25","0","37","59.59595959595959","101.24804992199688"
"2","60","5","false","25","0","37","51.69880624426079","88.66141732283465"
"12","60","5","false","25","5","17","36.82277318640955","62.07430340557275"
"5","60","5","false","25","0","56","67.03397612488521","113.8845553822153"
"9","60","5","false","25","0","48","72.72727272727273","122.98136645962734"
"10","60","5","false","25","0","36","46.464646464646464","80.31746031746032"
"11","60","5","false","25","5","28","38.38383838383838","66.88"
"3","60","5","false","25","0","37","34.710743801652896","59.06249999999999"
"12","60","5","false","25","5","18","38.75114784205693","65.3250773993808"
"9","60","5","false","25","0","49","73.09458218549128","123.6024844720497"
"5","60","5","false","25","0","57","68.2277318640955","115.91263650546023"
"4","60","5","false","25","0","38","60.97337006427915","103.58814352574103"
"12","60","5","false","25","5","19","40.31221303948577","67.95665634674923"
"3","60","5","false","25","0","38","36.455463728191","62.03125000000001"
"2","60","5","false","25","0","38","53.4435261707989","91.65354330708662"
"11","60","5","false","25","5","29","40.03673094582185","69.76"
"10","60","5","false","25","0","37","48.025711662075295","83.01587301587303"
"12","60","5","false","25","5","20","41.59779614325069","70.12383900928792"
"11","60","5","false","25","5","30","41.41414141414141","72.16"
"12","60","5","false","25","5","21","43.06703397612488","72.60061919504643"
"9","60","5","false","25","0","50","73.37006427915519","124.06832298136645"
"5","60","5","false","25","0","58","69.42148760330579","117.94071762870514"
"4","60","5","false","25","0","39","62.25895316804407","105.77223088923557"
"2","60","5","false","25","0","39","55.371900826446286","94.96062992125984"
"3","60","5","false","25","0","39","38.10835629017447","64.84375"
"11","60","5","false","25","5","31","43.06703397612488","75.03999999999999"
"12","60","5","false","25","5","22","44.62809917355372","75.23219814241486"
"9","60","5","false","25","0","51","73.73737373737373","124.68944099378882"
"3","60","5","false","25","0","40","40.31221303948577","68.59375"
"10","60","5","false","25","0","38","49.67860422405877","85.87301587301587"
"5","60","5","false","25","0","59","70.52341597796143","119.81279251170048"
"12","60","5","false","25","5","23","46.18916437098255","77.86377708978328"
"9","60","5","false","25","0","52","74.3801652892562","125.77639751552796"
"4","60","5","false","25","0","40","63.45270890725436","107.8003120124805"
"2","60","5","false","25","0","40","57.3921028466483","98.4251968503937"
"11","60","5","false","25","5","32","44.62809917355372","77.75999999999999"
"9","60","5","false","25","0","53","74.83930211202939","126.5527950310559"
"12","60","5","false","25","5","24","47.658402203856745","80.34055727554178"
"3","60","5","false","25","0","41","42.69972451790633","72.65625"
"5","60","5","false","25","0","60","71.71717171717171","121.8408736349454"
"4","60","5","false","25","0","41","64.83011937557393","110.14040561622464"
"11","60","5","false","25","5","33","46.005509641873275","80.16"
"10","60","5","false","25","0","39","51.2396694214876","88.57142857142857"
"2","60","5","false","25","0","41","59.22865013774105","101.5748031496063"
"11","60","5","false","25","5","34","47.93388429752066","83.52000000000001"
"12","60","5","false","25","5","25","49.403122130394856","83.28173374613003"
"10","60","5","false","25","0","40","52.98438934802571","91.58730158730158"
"9","60","5","false","25","0","54","75.8494031221304","128.26086956521738"
"11","60","5","false","25","5","35","49.586776859504134","86.4"
"5","60","5","false","25","0","61","72.72727272727273","123.55694227769112"
"3","60","5","false","25","0","42","45.73002754820937","77.8125"
"12","60","5","false","25","5","26","51.147842056932966","86.22291021671826"
"10","60","5","false","25","0","41","54.9127640036731","94.92063492063491"
"4","60","5","false","25","0","42","65.93204775022957","112.01248049921998"
"11","60","5","false","25","5","36","51.88246097337006","90.4"
"5","60","5","false","25","0","62","74.19651056014692","126.05304212168487"
"12","60","5","false","25","5","27","52.52525252525253","88.54489164086688"
"2","60","5","false","25","0","42","61.15702479338842","104.88188976377953"
"5","60","5","false","25","0","63","75.94123048668503","129.01716068642745"
"9","60","5","false","25","0","55","76.30853994490359","129.03726708074535"
"12","60","5","false","25","5","28","53.81083562901745","90.71207430340557"
"3","60","5","false","25","0","43","49.219467401285584","83.75"
"10","60","5","false","25","0","42","56.38200183654729","97.46031746031746"
"4","60","5","false","25","0","43","66.66666666666666","113.26053042121684"
"10","60","5","false","25","0","43","58.21854912764004","100.63492063492063"
"12","60","5","false","25","5","29","54.9127640036731","92.56965944272446"
"11","60","5","false","25","5","37","54.269972451790636","94.56"
"2","60","5","false","25","0","43","62.71808999081726","107.55905511811024"
"5","60","5","false","25","0","64","78.0532598714417","132.6053042121685"
"10","60","5","false","25","0","44","59.68778696051423","103.17460317460319"
"9","60","5","false","25","0","56","77.13498622589532","130.43478260869566"
"12","60","5","false","25","5","30","56.014692378328746","94.42724458204334"
"3","60","5","false","25","0","44","52.80073461891644","89.84375"
"4","60","5","false","25","0","44","66.7584940312213","113.41653666146645"
"10","60","5","false","25","0","45","60.78971533516988","105.07936507936509"
"11","60","5","false","25","5","38","56.84113865932048","99.03999999999999"
"9","60","5","false","25","0","57","78.0532598714417","131.98757763975155"
"11","60","5","false","25","5","39","58.8613406795225","102.56"
"10","60","5","false","25","0","46","61.799816345270884","106.82539682539682"
"2","60","5","false","25","0","44","64.00367309458218","109.76377952755905"
"12","60","5","false","25","5","31","57.116620752984396","96.28482972136223"
"4","60","5","false","25","0","45","67.21763085399449","114.1965678627145"
"5","60","5","false","25","0","65","79.33884297520662","134.78939157566302"
"9","60","5","false","25","0","58","78.60422405876952","132.9192546583851"
"11","60","5","false","25","5","40","60.78971533516988","105.91999999999999"
"3","60","5","false","25","0","45","56.38200183654729","95.9375"
"12","60","5","false","25","5","32","58.03489439853077","97.8328173374613"
"4","60","5","false","25","0","46","67.4931129476584","114.66458658346335"
"11","60","5","false","25","5","41","62.35078053259871","108.64"
"5","60","5","false","25","0","66","81.08356290174473","137.7535101404056"
"3","60","5","false","25","0","46","59.59595959595959","101.40625000000001"
"4","60","5","false","25","0","47","67.67676767676768","114.97659906396255"
"9","60","5","false","25","0","59","79.24701561065197","134.0062111801242"
"2","60","5","false","25","0","45","65.0137741046832","111.49606299212597"
"12","60","5","false","25","5","33","58.8613406795225","99.22600619195046"
"10","60","5","false","25","0","47","62.62626262626263","108.25396825396825"
"5","60","5","false","25","0","67","82.00183654729109","139.3135725429017"
"11","60","5","false","25","5","42","63.820018365472905","111.20000000000002"
"4","60","5","false","25","0","48","67.67676767676768","114.97659906396255"
"3","60","5","false","25","0","47","63.08539944903582","107.34375"
"10","60","5","false","25","0","48","63.54453627180901","109.84126984126985"
"12","60","5","false","25","5","34","59.68778696051423","100.61919504643964"
"2","60","5","false","25","0","46","66.39118457300276","113.85826771653544"
"9","60","5","false","25","0","60","79.7979797979798","134.93788819875775"
"12","60","5","false","25","5","35","60.33057851239669","101.70278637770897"
"11","60","5","false","25","5","43","65.38108356290174","113.92"
"4","60","5","false","25","0","49","67.76859504132231","115.13260530421216"
"10","60","5","false","25","0","49","64.00367309458218","110.63492063492065"
"5","60","5","false","25","0","68","83.19559228650138","141.34165366614664"
"10","60","5","false","25","0","50","64.46280991735537","111.42857142857143"
"3","60","5","false","25","0","48","67.40128558310377","114.68750000000001"
"2","60","5","false","25","0","47","67.30945821854912","115.43307086614175"
"12","60","5","false","25","5","36","60.97337006427915","102.78637770897834"
"9","60","5","false","25","0","61","80.62442607897154","136.33540372670808"
"4","60","5","false","25","0","50","68.04407713498622","115.60062402496101"
"11","60","5","false","25","5","44","66.57483930211203","115.99999999999999"
"2","60","5","false","25","0","48","68.13590449954087","116.85039370078741"
"11","60","5","false","25","5","45","67.76859504132231","118.08000000000001"
"5","60","5","false","25","0","69","84.66483011937558","143.8377535101404"
"2","60","5","false","25","0","49","68.41138659320477","117.32283464566929"
"10","60","5","false","25","0","51","65.10560146923783","112.53968253968254"
"9","60","5","false","25","0","62","81.91000918273646","138.50931677018633"
"3","60","5","false","25","0","49","71.16620752984389","121.09375"
"12","60","5","false","25","5","37","61.43250688705234","103.56037151702786"
"11","60","5","false","25","5","46","68.9623507805326","120.16"
"2","60","5","false","25","0","50","68.77869605142332","117.95275590551182"
"4","60","5","false","25","0","51","68.31955922865014","116.06864274570982"
"10","60","5","false","25","0","52","66.11570247933885","114.28571428571428"
"5","60","5","false","25","0","70","86.04224058769513","146.17784711388455"
"11","60","5","false","25","5","47","70.06427915518825","122.08000000000001"
"3","60","5","false","25","0","50","73.92102846648301","125.78125"
"9","60","5","false","25","0","63","82.55280073461891","139.59627329192548"
"4","60","5","false","25","0","52","68.87052341597796","117.00468018720748"
"11","60","5","false","25","5","48","70.70707070707071","123.2"
"12","60","5","false","25","5","38","61.70798898071625","104.02476780185759"
"5","60","5","false","25","0","71","87.51147842056933","148.67394695787831"
"2","60","5","false","25","0","51","69.14600550964187","118.58267716535434"
"10","60","5","false","25","0","53","67.40128558310377","116.50793650793652"
"11","60","5","false","25","5","49","71.16620752984389","124"
"4","60","5","false","25","0","53","69.51331496786042","118.09672386895475"
"5","60","5","false","25","0","72","88.70523415977961","150.70202808112325"
"10","60","5","false","25","0","54","68.9623507805326","119.2063492063492"
"11","60","5","false","25","5","50","71.62534435261708","124.8"
"3","60","5","false","25","0","51","75.66574839302112","128.75"
"1","60","5","false","25","0","3","8.44811753902663","14.910858995137763"
"2","60","5","false","25","0","52","69.78879706152433","119.68503937007875"
"12","60","5","false","25","5","39","61.799816345270884","104.17956656346749"
"9","60","5","false","25","0","64","83.0119375573921","140.3726708074534"
"3","60","5","false","25","0","52","77.3186409550046","131.5625"
"4","60","5","false","25","0","54","69.88062442607898","118.72074882995321"
"11","60","5","false","25","5","51","72.08448117539027","125.6"
"10","60","5","false","25","0","55","70.70707070707071","122.22222222222223"
"5","60","5","false","25","0","73","89.80716253443526","152.57410296411857"
"12","60","5","false","25","5","40","62.16712580348944","104.79876160990713"
"5","60","5","false","25","0","74","90.633608815427","153.97815912636506"
"10","60","5","false","25","0","56","72.1763085399449","124.76190476190476"
"2","60","5","false","25","0","53","70.52341597796143","120.94488188976378"
"12","60","5","false","25","5","41","62.71808999081726","105.72755417956657"
"9","60","5","false","25","0","65","83.47107438016529","141.14906832298138"
"4","60","5","false","25","0","55","70.43158861340679","119.65678627145087"
"5","60","5","false","25","0","75","91.00091827364555","154.6021840873635"
"11","60","5","false","25","5","52","72.54361799816346","126.4"
"3","60","5","false","25","0","53","79.15518824609734","134.6875"
"12","60","5","false","25","5","42","63.36088154269972","106.8111455108359"
"11","60","5","false","25","5","53","73.00275482093664","127.2"
"9","60","5","false","25","0","66","84.20569329660239","142.3913043478261"
"3","60","5","false","25","0","54","80.44077134986226","136.875"
"10","60","5","false","25","0","57","73.6455463728191","127.30158730158729"
"2","60","5","false","25","0","54","71.44168962350781","122.51968503937007"
"5","60","5","false","25","0","76","91.18457300275482","154.91419656786272"
"4","60","5","false","25","0","56","70.89072543617998","120.43681747269889"
"11","60","5","false","25","5","54","73.46189164370982","128"
"12","60","5","false","25","5","43","63.820018365472905","107.58513931888545"
"2","60","5","false","25","0","55","72.45179063360881","124.25196850393701"
"5","60","5","false","25","0","77","91.643709825528","155.69422776911077"
"3","60","5","false","25","0","55","82.09366391184572","139.6875"
"11","60","5","false","25","5","55","74.01285583103765","128.96"
"9","60","5","false","25","0","67","85.03213957759412","143.7888198757764"
"12","60","5","false","25","5","44","64.18732782369146","108.20433436532508"
"4","60","5","false","25","0","57","71.34986225895317","121.21684867394696"
"10","60","5","false","25","0","58","75.57392102846649","130.63492063492063"
"5","60","5","false","25","0","78","91.91919191919192","156.1622464898596"
"11","60","5","false","25","5","56","74.56382001836546","129.92"
"10","60","5","false","25","0","59","76.85950413223141","132.85714285714286"
"2","60","5","false","25","0","56","73.73737373737373","126.45669291338584"
"11","60","5","false","25","5","57","75.02295684113865","130.72"
"12","60","5","false","25","5","45","64.55463728191","108.8235294117647"
"9","60","5","false","25","0","68","85.85858585858585","145.18633540372673"
"4","60","5","false","25","0","58","72.26813590449954","122.77691107644306"
"5","60","5","false","25","0","79","92.28650137741047","156.78627145085804"
"10","60","5","false","25","0","60","78.42056932966024","135.55555555555557"
"11","60","5","false","25","5","58","75.29843893480258","131.20000000000002"
"3","60","5","false","25","0","56","83.0119375573921","141.25"
"2","60","5","false","25","0","57","74.83930211202939","128.3464566929134"
"10","60","5","false","25","0","61","79.7979797979798","137.93650793650792"
"9","60","5","false","25","0","69","86.40955004591369","146.11801242236024"
"11","60","5","false","25","5","59","75.57392102846649","131.68"
"5","60","5","false","25","0","80","92.74563820018365","157.5663026521061"
"10","60","5","false","25","0","62","81.26721763085399","140.47619047619045"
"12","60","5","false","25","5","46","64.64646464646465","108.9783281733746"
"3","60","5","false","25","0","57","83.83838383838383","142.65625"
"10","60","5","false","25","0","63","82.09366391184572","141.9047619047619"
"9","60","5","false","25","0","70","87.51147842056933","147.98136645962734"
"11","60","5","false","25","5","60","75.75757575757575","132"
"5","60","5","false","25","0","81","93.1129476584022","158.19032761310453"
"4","60","5","false","25","0","59","73.18640955004592","124.33697347893914"
"12","60","5","false","25","5","47","64.73829201101928","109.13312693498452"
"2","60","5","false","25","0","58","76.12488521579431","130.55118110236222"
"11","60","5","false","25","5","61","76.21671258034894","132.8"
"10","60","5","false","25","0","64","82.92011019283747","143.33333333333334"
"12","60","5","false","25","5","48","64.83011937557393","109.28792569659443"
"10","60","5","false","25","0","65","83.65472910927456","144.6031746031746"
"11","60","5","false","25","5","62","76.67584940312213","133.6"
"5","60","5","false","25","0","82","93.48025711662076","158.81435257410297"
"3","60","5","false","25","0","58","84.66483011937558","144.0625"
"2","60","5","false","25","0","59","77.68595041322314","133.2283464566929"
"10","60","5","false","25","0","66","84.84848484848484","146.66666666666666"
"9","60","5","false","25","0","71","88.06244260789715","148.91304347826087"
"12","60","5","false","25","5","49","65.10560146923783","109.75232198142415"
"3","60","5","false","25","0","59","85.03213957759412","144.6875"
"4","60","5","false","25","0","60","74.01285583103765","125.74102964118565"
"10","60","5","false","25","0","67","85.39944903581267","147.61904761904762"
"11","60","5","false","25","5","63","77.04315886134067","134.24"
"9","60","5","false","25","0","72","88.42975206611571","149.53416149068323"
"12","60","5","false","25","5","50","65.19742883379247","109.90712074303406"
"2","60","5","false","25","0","60","79.15518824609734","135.748031496063"
"4","60","5","false","25","0","61","74.65564738292011","126.83307332293292"
"11","60","5","false","25","5","64","77.68595041322314","135.35999999999999"
"12","60","5","false","25","5","51","65.56473829201101","110.5263157894737"
"5","60","5","false","25","0","83","93.8475665748393","159.43837753510138"
"3","60","5","false","25","0","60","85.67493112947659","145.78125"
"10","60","5","false","25","0","68","86.40955004591369","149.36507936507937"
"12","60","5","false","25","5","52","66.4830119375574","112.07430340557276"
"11","60","5","false","25","5","65","78.14508723599633","136.16"
"9","60","5","false","25","0","73","88.70523415977961","150"
"11","60","5","false","25","5","66","78.51239669421489","136.8"
"2","60","5","false","25","0","61","79.7979797979798","136.8503937007874"
"4","60","5","false","25","0","62","75.66574839302112","128.54914196567864"
"11","60","5","false","25","5","67","79.24701561065197","138.08"
"5","60","5","false","25","0","84","94.39853076216713","160.37441497659904"
"3","60","5","false","25","0","61","86.04224058769513","146.40625"
"12","60","5","false","25","5","53","66.94214876033058","112.84829721362229"
"10","60","5","false","25","0","69","87.41965105601469","151.11111111111111"
"4","60","5","false","25","0","63","76.85950413223141","130.57722308892357"
"2","60","5","false","25","0","62","81.08356290174473","139.05511811023624"
"12","60","5","false","25","5","54","67.4931129476584","113.77708978328174"
"9","60","5","false","25","0","74","88.88888888888889","150.31055900621118"
"11","60","5","false","25","5","68","79.70615243342516","138.88"
"5","60","5","false","25","0","85","94.8576675849403","161.15444617784712"
"4","60","5","false","25","0","64","78.51239669421489","133.38533541341653"
"9","60","5","false","25","0","75","89.07254361799816","150.62111801242236"
"12","60","5","false","25","5","55","67.86042240587695","114.39628482972137"
"3","60","5","false","25","0","62","86.31772268135904","146.875"
"10","60","5","false","25","0","70","88.52157943067034","153.015873015873"
"11","60","5","false","25","5","69","79.88980716253444","139.2"
"2","60","5","false","25","0","63","82.277318640955","141.10236220472441"
"3","60","5","false","25","0","63","86.77685950413223","147.65625"
"10","60","5","false","25","0","71","88.98071625344353","153.80952380952382"
"9","60","5","false","25","0","76","89.4398530762167","151.24223602484471"
"5","60","5","false","25","0","86","95.13314967860423","161.62246489859595"
"12","60","5","false","25","5","56","68.2277318640955","115.01547987616098"
"4","60","5","false","25","0","65","80.71625344352617","137.12948517940717"
"1","60","5","false","25","0","4","10.009182736455463","17.666126418152352"
"11","60","5","false","25","5","70","80.0734618916437","139.52"
"2","60","5","false","25","0","64","83.56290174471994","143.30708661417322"
"10","60","5","false","25","0","72","89.34802571166207","154.44444444444446"
"9","60","5","false","25","0","77","89.80716253443526","151.86335403726707"
"12","60","5","false","25","5","57","68.9623507805326","116.25386996904025"
"11","60","5","false","25","5","71","80.44077134986226","140.16"
"10","60","5","false","25","0","73","89.62350780532599","154.92063492063494"
"5","60","5","false","25","0","87","95.22497704315886","161.77847113884556"
"3","60","5","false","25","0","64","87.14416896235078","148.28125"
"12","60","5","false","25","5","58","69.78879706152433","117.64705882352942"
"10","60","5","false","25","0","74","89.62350780532599","154.92063492063494"
"11","60","5","false","25","5","72","80.89990817263545","140.96"
"9","60","5","false","25","0","78","90.17447199265382","152.48447204968946"
"2","60","5","false","25","0","65","84.75665748393021","145.35433070866142"
"10","60","5","false","25","0","75","89.80716253443526","155.23809523809524"
"4","60","5","false","25","0","66","82.46097337006428","140.09360374414976"
"12","60","5","false","25","5","59","70.61524334251607","119.04024767801857"
"11","60","5","false","25","5","73","81.08356290174473","141.28"
"10","60","5","false","25","0","76","89.8989898989899","155.3968253968254"
"11","60","5","false","25","5","74","81.5426997245179","142.08"
"12","60","5","false","25","5","60","71.71717171717171","120.89783281733746"
"3","60","5","false","25","0","65","87.32782369146005","148.59375"
"10","60","5","false","25","0","77","89.8989898989899","155.3968253968254"
"4","60","5","false","25","0","67","83.83838383838383","142.4336973478939"
"5","60","5","false","25","0","88","95.31680440771349","161.93447737909517"
"2","60","5","false","25","0","66","85.76675849403122","147.08661417322836"
"9","60","5","false","25","0","79","90.44995408631772","152.9503105590062"
"10","60","5","false","25","0","78","90.17447199265382","155.87301587301587"
"12","60","5","false","25","5","61","72.26813590449954","121.82662538699691"
"11","60","5","false","25","5","75","82.00183654729109","142.88"
"10","60","5","false","25","0","79","90.26629935720845","156.03174603174602"
"2","60","5","false","25","0","67","86.50137741046832","148.34645669291336"
"5","60","5","false","25","0","89","95.50045913682277","162.2464898595944"
"10","60","5","false","25","0","80","90.54178145087236","156.5079365079365"
"12","60","5","false","25","5","62","73.00275482093664","123.06501547987617"
"3","60","5","false","25","0","66","87.41965105601469","148.75"
"4","60","5","false","25","0","68","85.9504132231405","146.02184087363494"
"9","60","5","false","25","0","80","90.54178145087236","153.1055900621118"
"12","60","5","false","25","5","63","73.82920110192838","124.45820433436532"
"2","60","5","false","25","0","68","87.14416896235078","149.44881889763778"
"4","60","5","false","25","0","69","87.05234159779614","147.89391575663026"
"10","60","5","false","25","0","81","90.9090909090909","157.14285714285714"
"11","60","5","false","25","5","76","82.36914600550963","143.52"
"2","60","5","false","25","0","69","87.60330578512396","150.23622047244095"
"5","60","5","false","25","0","90","95.50045913682277","162.2464898595944"
"10","60","5","false","25","0","82","91.00091827364555","157.3015873015873"
"3","60","5","false","25","0","67","87.60330578512396","149.0625"
"11","60","5","false","25","5","77","83.56290174471994","145.6"
"5","60","5","false","25","0","91","95.59228650137742","162.40249609984397"
"9","60","5","false","25","0","81","90.81726354453627","153.57142857142858"
"12","60","5","false","25","5","64","74.93112947658402","126.3157894736842"
"4","60","5","false","25","0","70","87.97061524334252","149.45397815912636"
"5","60","5","false","25","0","92","95.77594123048668","162.71450858034322"
"11","60","5","false","25","5","78","84.29752066115702","146.88000000000002"
"2","60","5","false","25","0","70","87.97061524334252","150.86614173228347"
"3","60","5","false","25","0","68","87.60330578512396","149.0625"
"12","60","5","false","25","5","65","76.03305785123968","128.1733746130031"
"10","60","5","false","25","0","83","91.3682277318641","157.93650793650792"
"4","60","5","false","25","0","71","88.79706152433425","150.85803432137286"
"9","60","5","false","25","0","82","91.27640036730946","154.34782608695653"
"5","60","5","false","25","0","93","96.05142332415059","163.18252730109205"
"12","60","5","false","25","5","66","77.77777777777779","131.11455108359132"
"2","60","5","false","25","0","71","88.06244260789715","151.0236220472441"
"10","60","5","false","25","0","84","91.73553719008265","158.57142857142856"
"9","60","5","false","25","0","83","91.643709825528","154.9689440993789"
"12","60","5","false","25","5","67","78.87970615243343","132.97213622291022"
"3","60","5","false","25","0","69","87.60330578512396","149.0625"
"10","60","5","false","25","0","85","92.19467401285583","159.36507936507937"
"4","60","5","false","25","0","72","89.4398530762167","151.95007800312013"
"11","60","5","false","25","5","79","85.03213957759412","148.16"
"12","60","5","false","25","5","68","79.61432506887053","134.21052631578948"
"5","60","5","false","25","0","94","96.05142332415059","163.18252730109205"
"11","60","5","false","25","5","80","85.85858585858585","149.6"
"12","60","5","false","25","5","69","80.99173553719008","136.53250773993807"
"3","60","5","false","25","0","70","87.78696051423324","149.375"
"9","60","5","false","25","0","84","92.28650137741047","156.055900621118"
"2","60","5","false","25","0","72","88.06244260789715","151.0236220472441"
"10","60","5","false","25","0","86","92.47015610651974","159.84126984126985"
"4","60","5","false","25","0","73","89.8989898989899","152.73010920436818"
"11","60","5","false","25","5","81","86.68503213957759","151.04"
"5","60","5","false","25","0","95","96.05142332415059","163.18252730109205"
"9","60","5","false","25","0","85","92.65381083562902","156.67701863354037"
"10","60","5","false","25","0","87","92.8374655647383","160.47619047619048"
"2","60","5","false","25","0","73","88.06244260789715","151.0236220472441"
"12","60","5","false","25","5","70","82.00183654729109","138.23529411764704"
"3","60","5","false","25","0","71","87.97061524334252","149.6875"
"2","60","5","false","25","0","74","88.06244260789715","151.0236220472441"
"4","60","5","false","25","0","74","90.54178145087236","153.82215288611545"
"5","60","5","false","25","0","96","96.14325068870524","163.33853354134163"
"11","60","5","false","25","5","82","87.97061524334252","153.28"
"12","60","5","false","25","5","71","83.56290174471994","140.86687306501548"
"10","60","5","false","25","0","88","93.20477502295684","161.11111111111111"
"3","60","5","false","25","0","72","88.06244260789715","149.84375"
"4","60","5","false","25","0","75","91.00091827364555","154.6021840873635"
"11","60","5","false","25","5","83","89.07254361799816","155.20000000000002"
"5","60","5","false","25","0","97","96.14325068870524","163.33853354134163"
"9","60","5","false","25","0","86","93.02112029384757","157.29813664596273"
"2","60","5","false","25","0","75","88.1542699724518","151.1811023622047"
"3","60","5","false","25","0","73","88.06244260789715","149.84375"
"11","60","5","false","25","5","84","89.8989898989899","156.64000000000001"
"5","60","5","false","25","0","98","96.14325068870524","163.33853354134163"
"12","60","5","false","25","5","72","85.76675849403122","144.58204334365325"
"10","60","5","false","25","0","89","93.20477502295684","161.11111111111111"
"11","60","5","false","25","5","85","90.9090909090909","158.4"
"3","60","5","false","25","0","74","88.1542699724518","150"
"4","60","5","false","25","0","76","91.46005509641874","155.38221528861155"
"9","60","5","false","25","0","87","93.29660238751147","157.76397515527952"
"5","60","5","false","25","0","99","96.14325068870524","163.33853354134163"
"11","60","5","false","25","5","86","92.19467401285583","160.64000000000001"
"2","60","5","false","25","0","76","88.24609733700642","151.33858267716536"
"12","60","5","false","25","5","73","87.23599632690542","147.05882352941177"
"9","60","5","false","25","0","88","93.5720844811754","158.22981366459626"
"5","60","5","false","25","0","100","96.14325068870524","163.33853354134163"
"10","60","5","false","25","0","90","93.48025711662076","161.5873015873016"
"3","60","5","false","25","0","75","88.24609733700642","150.15625"
"9","60","5","false","25","0","89","93.75573921028466","158.54037267080744"
"12","60","5","false","25","5","74","89.34802571166207","150.61919504643964"
"11","60","5","false","25","5","87","93.48025711662076","162.88"
"10","60","5","false","25","0","91","93.66391184573003","161.9047619047619"
"9","60","5","false","25","0","90","93.93939393939394","158.85093167701862"
"11","60","5","false","25","5","88","94.3067033976125","164.32"
"4","60","5","false","25","0","77","92.01101928374655","156.3182527301092"
"12","60","5","false","25","5","75","90.72543617998163","152.94117647058823"
"5","60","5","false","25","0","101","96.14325068870524","163.33853354134163"
"10","60","5","false","25","0","92","93.75573921028466","162.06349206349208"
"2","60","5","false","25","0","77","88.33792470156106","151.49606299212599"
"9","60","5","false","25","0","91","94.21487603305785","159.31677018633542"
"3","60","5","false","25","0","76","88.52157943067034","150.625"
"4","60","5","false","25","0","78","92.3783287419651","156.94227769110765"
"10","60","5","false","25","0","93","93.8475665748393","162.22222222222223"
"11","60","5","false","25","5","89","95.22497704315886","165.92"
"3","60","5","false","25","0","77","88.79706152433425","151.09375"
"2","60","5","false","25","0","78","88.52157943067034","151.81102362204723"
"5","60","5","false","25","0","102","96.14325068870524","163.33853354134163"
"12","60","5","false","25","5","76","91.91919191919192","154.95356037151703"
"11","60","5","false","25","5","90","95.95959595959596","167.2"
"3","60","5","false","25","0","78","89.34802571166207","152.03125"
"2","60","5","false","25","0","79","88.61340679522498","151.96850393700788"
"4","60","5","false","25","0","79","92.92929292929293","157.8783151326053"
"10","60","5","false","25","0","94","93.93939393939394","162.38095238095238"
"9","60","5","false","25","0","92","94.39853076216713","159.6273291925466"
"5","60","5","false","25","0","103","96.51056014692378","163.9625585023401"
"11","60","5","false","25","5","91","96.23507805325987","167.68"
"2","60","5","false","25","0","80","88.88888888888889","152.44094488188978"
"9","60","5","false","25","0","93","94.67401285583104","160.09316770186334"
"12","60","5","false","25","5","77","93.02112029384757","156.8111455108359"
"4","60","5","false","25","0","80","93.02112029384757","158.03432137285492"
"10","60","5","false","25","0","95","93.93939393939394","162.38095238095238"
"2","60","5","false","25","0","81","88.98071625344353","152.59842519685037"
"5","60","5","false","25","0","104","96.69421487603306","164.2745709828393"
"3","60","5","false","25","0","79","89.53168044077135","152.34375"
"12","60","5","false","25","5","78","94.12304866850322","158.6687306501548"
"11","60","5","false","25","5","92","96.87786960514234","168.79999999999998"
"5","60","5","false","25","0","105","96.7860422405877","164.4305772230889"
"10","60","5","false","25","0","96","93.93939393939394","162.38095238095238"
"2","60","5","false","25","0","82","89.25619834710744","153.0708661417323"
"11","60","5","false","25","5","93","96.96969696969697","168.96"
"4","60","5","false","25","0","81","93.02112029384757","158.03432137285492"
"10","60","5","false","25","0","97","94.12304866850322","162.6984126984127"
"9","60","5","false","25","0","94","95.22497704315886","161.0248447204969"
"11","60","5","false","25","5","94","97.15335169880625","169.28"
"5","60","5","false","25","0","106","96.7860422405877","164.4305772230889"
"9","60","5","false","25","0","95","95.68411386593205","161.80124223602485"
"12","60","5","false","25","5","79","94.8576675849403","159.90712074303406"
"3","60","5","false","25","0","80","89.80716253443526","152.8125"
"10","60","5","false","25","0","98","94.3067033976125","163.015873015873"
"5","60","5","false","25","0","107","96.87786960514234","164.58658346333854"
"2","60","5","false","25","0","83","89.53168044077135","153.54330708661416"
"4","60","5","false","25","0","82","93.02112029384757","158.03432137285492"
"10","60","5","false","25","0","99","94.5821854912764","163.4920634920635"
"3","60","5","false","25","0","81","89.8989898989899","152.96875"
"5","60","5","false","25","0","108","97.0615243342516","164.89859594383776"
"11","60","5","false","25","5","95","97.2451790633609","169.44"
"1","60","5","false","25","0","5","11.753902662993571","20.74554294975689"
"12","60","5","false","25","5","80","95.22497704315886","160.5263157894737"
"2","60","5","false","25","0","84","89.80716253443526","154.01574803149606"
"9","60","5","false","25","0","96","96.05142332415059","162.4223602484472"
"10","60","5","false","25","0","100","94.5821854912764","163.4920634920635"
"4","60","5","false","25","0","83","93.02112029384757","158.03432137285492"
"11","60","5","false","25","5","96","97.52066115702479","169.92000000000002"
"10","60","5","false","25","0","101","94.67401285583104","163.65079365079364"
"9","60","5","false","25","0","97","96.60238751147841","163.35403726708074"
"12","60","5","false","25","5","81","95.40863177226814","160.8359133126935"
"3","60","5","false","25","0","82","90.08264462809917","153.28125"
"11","60","5","false","25","5","97","97.70431588613407","170.23999999999998"
"10","60","5","false","25","0","102","94.94949494949495","164.12698412698413"
"5","60","5","false","25","0","109","97.15335169880625","165.05460218408737"
"11","60","5","false","25","5","98","97.88797061524335","170.56"
"2","60","5","false","25","0","85","90.08264462809917","154.48818897637796"
"12","60","5","false","25","5","82","95.50045913682277","160.9907120743034"
"5","60","5","false","25","0","110","97.2451790633609","165.21060842433698"
"11","60","5","false","25","5","99","98.16345270890724","171.04"
"4","60","5","false","25","0","84","93.02112029384757","158.03432137285492"
"10","60","5","false","25","0","103","94.94949494949495","164.12698412698413"
"12","60","5","false","25","5","83","95.59228650137742","161.1455108359133"
"9","60","5","false","25","0","98","97.0615243342516","164.1304347826087"
"3","60","5","false","25","0","83","90.26629935720845","153.59375"
"5","60","5","false","25","0","111","97.2451790633609","165.21060842433698"
"10","60","5","false","25","0","104","95.0413223140496","164.28571428571428"
"11","60","5","false","25","5","100","98.34710743801654","171.36"
"5","60","5","false","25","0","112","97.2451790633609","165.21060842433698"
"12","60","5","false","25","5","84","95.86776859504133","161.60990712074303"
"4","60","5","false","25","0","85","93.1129476584022","158.19032761310453"
"10","60","5","false","25","0","105","95.13314967860423","164.44444444444443"
"10","60","5","false","25","0","106","95.31680440771349","164.76190476190476"
"11","60","5","false","25","5","101","98.34710743801654","171.36"
"9","60","5","false","25","0","99","97.33700642791551","164.59627329192548"
"5","60","5","false","25","0","113","97.52066115702479","165.6786271450858"
"2","60","5","false","25","0","86","90.44995408631772","155.11811023622047"
"10","60","5","false","25","0","107","95.68411386593205","165.3968253968254"
"3","60","5","false","25","0","84","90.633608815427","154.21875"
"12","60","5","false","25","5","85","95.95959595959596","161.76470588235296"
"5","60","5","false","25","0","114","97.70431588613407","165.99063962558503"
"2","60","5","false","25","0","87","90.633608815427","155.43307086614172"
"11","60","5","false","25","5","102","98.43893480257117","171.52"
"12","60","5","false","25","5","86","95.95959595959596","161.76470588235296"
"4","60","5","false","25","0","86","93.1129476584022","158.19032761310453"
"3","60","5","false","25","0","85","90.9090909090909","154.6875"
"5","60","5","false","25","0","115","97.70431588613407","165.99063962558503"
"11","60","5","false","25","5","103","98.5307621671258","171.68"
"10","60","5","false","25","0","108","96.14325068870524","166.1904761904762"
"3","60","5","false","25","0","86","91.27640036730946","155.3125"
"5","60","5","false","25","0","116","97.7961432506887","166.14664586583464"
"9","60","5","false","25","0","100","97.52066115702479","164.90683229813666"
"2","60","5","false","25","0","88","91.09274563820018","156.2204724409449"
"10","60","5","false","25","0","109","96.51056014692378","166.82539682539684"
"9","60","5","false","25","0","101","97.7961432506887","165.3726708074534"
"13","60","5","false","25","5","0","1.4692378328741964","2.572347266881029"
"2","60","5","false","25","0","89","91.3682277318641","156.69291338582678"
"11","60","5","false","25","5","104","98.62258953168043","171.84"
"3","60","5","false","25","0","87","91.643709825528","155.9375"
"4","60","5","false","25","0","87","93.1129476584022","158.19032761310453"
"9","60","5","false","25","0","102","98.07162534435263","165.83850931677017"
"13","60","5","false","25","5","1","3.213957759412305","5.627009646302251"
"11","60","5","false","25","5","105","98.62258953168043","171.84"
"2","60","5","false","25","0","90","91.55188246097336","157.00787401574803"
"5","60","5","false","25","0","117","97.97979797979798","166.45865834633383"
"9","60","5","false","25","0","103","98.16345270890724","165.9937888198758"
"10","60","5","false","25","0","110","96.7860422405877","167.30158730158732"
"13","60","5","false","25","5","2","5.417814508723599","9.485530546623794"
"3","60","5","false","25","0","88","92.19467401285583","156.875"
"11","60","5","false","25","5","106","98.62258953168043","171.84"
"10","60","5","false","25","0","111","96.87786960514234","167.46031746031747"
"3","60","5","false","25","0","89","92.56198347107438","157.5"
"2","60","5","false","25","0","91","91.91919191919192","157.63779527559055"
"10","60","5","false","25","0","112","97.15335169880625","167.93650793650795"
"5","60","5","false","25","0","118","98.07162534435263","166.61466458658347"
"9","60","5","false","25","0","104","98.16345270890724","165.9937888198758"
"3","60","5","false","25","0","90","92.92929292929293","158.125"
"11","60","5","false","25","5","107","98.62258953168043","171.84"
"13","60","5","false","25","5","3","7.254361799816346","12.700964630225082"
"10","60","5","false","25","0","113","97.15335169880625","167.93650793650795"
"11","60","5","false","25","5","108","98.62258953168043","171.84"
"9","60","5","false","25","0","105","98.34710743801654","166.30434782608697"
"2","60","5","false","25","0","92","92.47015610651974","158.5826771653543"
"3","60","5","false","25","0","91","93.38842975206612","158.90625"
"13","60","5","false","25","5","4","8.631772268135904","15.112540192926044"
"11","60","5","false","25","5","109","98.62258953168043","171.84"
"10","60","5","false","25","0","114","97.33700642791551","168.25396825396825"
"5","60","5","false","25","0","119","98.16345270890724","166.77067082683308"
"2","60","5","false","25","0","93","92.74563820018365","159.05511811023624"
"11","60","5","false","25","5","110","98.71441689623508","172"
"14","60","5","false","25","5","0","2.1120293847566574","3.6918138041733553"
"13","60","5","false","25","5","5","10.009182736455463","17.524115755627008"
"9","60","5","false","25","0","106","98.34710743801654","166.30434782608697"
"11","60","5","false","25","5","111","98.71441689623508","172"
"10","60","5","false","25","0","115","97.52066115702479","168.57142857142858"
"3","60","5","false","25","0","92","93.75573921028466","159.53125"
"11","60","5","false","25","5","112","98.71441689623508","172"
"10","60","5","false","25","0","116","97.61248852157944","168.73015873015873"
"5","60","5","false","25","0","120","98.16345270890724","166.77067082683308"
"3","60","5","false","25","0","93","93.93939393939394","159.84375"
"2","60","5","false","25","0","94","92.92929292929293","159.37007874015748"
"14","60","5","false","25","5","1","4.40771349862259","7.704654895666131"
"13","60","5","false","25","5","6","11.019283746556475","19.292604501607716"
"5","60","5","false","25","0","121","98.25528007346189","166.9266770670827"
"11","60","5","false","25","5","113","98.71441689623508","172"
"9","60","5","false","25","0","107","98.43893480257117","166.45962732919256"
"5","60","5","false","25","0","122","98.25528007346189","166.9266770670827"
"3","60","5","false","25","0","94","94.49035812672176","160.78125"
"10","60","5","false","25","0","117","97.61248852157944","168.73015873015873"
"13","60","5","false","25","5","7","12.029384756657484","21.061093247588424"
"14","60","5","false","25","5","2","6.519742883379247","11.396468699839486"
"2","60","5","false","25","0","95","93.1129476584022","159.68503937007875"
"11","60","5","false","25","5","114","98.71441689623508","172"
"3","60","5","false","25","0","95","94.94949494949495","161.5625"
"13","60","5","false","25","5","8","12.85583103764922","22.508038585209004"
"10","60","5","false","25","0","118","97.70431588613407","168.88888888888889"
"2","60","5","false","25","0","96","93.29660238751147","160"
"5","60","5","false","25","0","123","98.5307621671258","167.3946957878315"
"9","60","5","false","25","0","108","98.5307621671258","166.61490683229815"
"10","60","5","false","25","0","119","98.07162534435263","169.52380952380952"
"11","60","5","false","25","5","115","98.71441689623508","172"
"3","60","5","false","25","0","96","95.40863177226814","162.34375"
"5","60","5","false","25","0","124","98.5307621671258","167.3946957878315"
"10","60","5","false","25","0","120","98.25528007346189","169.84126984126985"
"2","60","5","false","25","0","97","93.75573921028466","160.78740157480317"
"14","60","5","false","25","5","3","8.723599632690542","15.248796147672552"
"13","60","5","false","25","5","9","13.774104683195592","24.115755627009648"
"11","60","5","false","25","5","116","98.71441689623508","172"
"5","60","5","false","25","0","125","98.62258953168043","167.55070202808113"
"3","60","5","false","25","0","97","95.68411386593205","162.8125"
"2","60","5","false","25","0","98","93.93939393939394","161.10236220472441"
"14","60","5","false","25","5","4","10.651974288337925","18.619582664526487"
"10","60","5","false","25","0","121","98.43893480257117","170.15873015873015"
"9","60","5","false","25","0","109","98.5307621671258","166.61490683229815"
"13","60","5","false","25","5","10","14.600550964187327","25.562700964630224"
"11","60","5","false","25","5","117","98.80624426078971","172.16"
"10","60","5","false","25","0","122","98.5307621671258","170.3174603174603"
"3","60","5","false","25","0","98","96.05142332415059","163.4375"
"5","60","5","false","25","0","126","98.80624426078971","167.86271450858035"
"2","60","5","false","25","0","99","94.39853076216713","161.88976377952756"
"9","60","5","false","25","0","110","98.62258953168043","166.77018633540374"
"13","60","5","false","25","5","11","15.61065197428834","27.331189710610932"
"11","60","5","false","25","5","118","98.89807162534436","172.32"
"14","60","5","false","25","5","5","12.85583103764922","22.47191011235955"
"3","60","5","false","25","0","99","96.51056014692378","164.21875"
"10","60","5","false","25","0","123","98.5307621671258","170.3174603174603"
"5","60","5","false","25","0","127","98.89807162534436","168.01872074882996"
"9","60","5","false","25","0","111","98.62258953168043","166.77018633540374"
"11","60","5","false","25","5","119","98.89807162534436","172.32"
"2","60","5","false","25","0","100","94.76584022038568","162.51968503937007"
"14","60","5","false","25","5","6","14.600550964187327","25.52166934189406"
"13","60","5","false","25","5","12","16.528925619834713","28.938906752411576"
"2","60","5","false","25","0","101","95.13314967860423","163.1496062992126"
"11","60","5","false","25","5","120","98.89807162534436","172.32"
"3","60","5","false","25","0","100","97.2451790633609","165.46875"
"2","60","5","false","25","0","102","95.68411386593205","164.09448818897638"
"10","60","5","false","25","0","124","98.62258953168043","170.47619047619048"
"13","60","5","false","25","5","13","17.53902662993572","30.70739549839228"
"5","60","5","false","25","0","128","98.98989898989899","168.17472698907955"
"9","60","5","false","25","0","112","98.71441689623508","166.92546583850933"
"10","60","5","false","25","0","125","98.62258953168043","170.47619047619048"
"11","60","5","false","25","5","121","98.89807162534436","172.32"
"2","60","5","false","25","0","103","96.14325068870524","164.88188976377953"
"14","60","5","false","25","5","7","15.794306703397613","27.608346709470304"
"5","60","5","false","25","0","129","99.08172635445362","168.33073322932916"
"2","60","5","false","25","0","104","96.69421487603306","165.82677165354332"
"3","60","5","false","25","0","101","97.61248852157944","166.09375"
"13","60","5","false","25","5","14","19.00826446280992","33.27974276527331"
"11","60","5","false","25","5","122","98.89807162534436","172.32"
"10","60","5","false","25","0","126","98.62258953168043","170.47619047619048"
"5","60","5","false","25","0","130","99.17355371900827","168.48673946957877"
"13","60","5","false","25","5","15","20.293847566574836","35.530546623794216"
"2","60","5","false","25","0","105","96.87786960514234","166.14173228346456"
"9","60","5","false","25","0","113","98.89807162534436","167.23602484472048"
"10","60","5","false","25","0","127","98.80624426078971","170.79365079365078"
"14","60","5","false","25","5","8","16.988062442607895","29.69502407704655"
"13","60","5","false","25","5","16","22.497704315886132","39.38906752411576"
"11","60","5","false","25","5","123","98.98989898989899","172.48000000000002"
"5","60","5","false","25","0","131","99.17355371900827","168.48673946957877"
"3","60","5","false","25","0","102","98.16345270890724","167.03125"
"2","60","5","false","25","0","106","97.15335169880625","166.61417322834646"
"14","60","5","false","25","5","9","18.27364554637282","31.942215088282506"
"13","60","5","false","25","5","17","24.609733700642792","43.08681672025724"
"10","60","5","false","25","0","128","98.89807162534436","170.95238095238093"
"11","60","5","false","25","5","124","98.98989898989899","172.48000000000002"
"2","60","5","false","25","0","107","97.33700642791551","166.9291338582677"
"5","60","5","false","25","0","132","99.17355371900827","168.48673946957877"
"13","60","5","false","25","5","18","26.72176308539945","46.78456591639871"
"14","60","5","false","25","5","10","19.28374655647383","33.70786516853933"
"9","60","5","false","25","0","114","98.89807162534436","167.23602484472048"
"10","60","5","false","25","0","129","99.08172635445362","171.26984126984127"
"11","60","5","false","25","5","125","99.17355371900827","172.8"
"14","60","5","false","25","5","11","20.752984389348025","36.27608346709471"
"11","60","5","false","25","5","126","99.17355371900827","172.8"
"3","60","5","false","25","0","103","98.43893480257117","167.5"
"9","60","5","false","25","0","115","98.89807162534436","167.23602484472048"
"11","60","5","false","25","5","127","99.17355371900827","172.8"
"14","60","5","false","25","5","12","22.31404958677686","39.00481540930979"
"9","60","5","false","25","0","116","99.17355371900827","167.70186335403727"
"5","60","5","false","25","0","133","99.44903581267218","168.95475819032762"
"13","60","5","false","25","5","19","28.37465564738292","49.67845659163987"
"3","60","5","false","25","0","104","98.62258953168043","167.8125"
"2","60","5","false","25","0","108","97.42883379247016","167.08661417322836"
"10","60","5","false","25","0","130","99.17355371900827","171.42857142857142"
"11","60","5","false","25","5","128","99.2653810835629","172.96"
"11","60","5","false","25","5","129","99.2653810835629","172.96"
"14","60","5","false","25","5","13","23.875114784205692","41.73354735152488"
"13","60","5","false","25","5","20","30.11937557392103","52.73311897106109"
"10","60","5","false","25","0","131","99.17355371900827","171.42857142857142"
"1","60","5","false","25","0","6","13.86593204775023","24.473257698541328"
"5","60","5","false","25","0","134","99.72451790633609","169.42277691107643"
"11","60","5","false","25","5","130","99.2653810835629","172.96"
"2","60","5","false","25","0","109","97.88797061524335","167.8740157480315"
"9","60","5","false","25","0","117","99.17355371900827","167.70186335403727"
"13","60","5","false","25","5","21","31.588613406795226","55.30546623794213"
"14","60","5","false","25","5","14","25.252525252525253","44.141252006420544"
"10","60","5","false","25","0","132","99.17355371900827","171.42857142857142"
"3","60","5","false","25","0","105","98.62258953168043","167.8125"
"11","60","5","false","25","5","131","99.35720844811755","173.12"
"2","60","5","false","25","0","110","97.97979797979798","168.03149606299212"
"14","60","5","false","25","5","15","25.987144168962352","45.42536115569823"
"11","60","5","false","25","5","132","99.54086317722681","173.44"
"5","60","5","false","25","0","135","99.72451790633609","169.42277691107643"
"10","60","5","false","25","0","133","99.2653810835629","171.58730158730157"
"13","60","5","false","25","5","22","33.33333333333333","58.36012861736335"
"3","60","5","false","25","0","106","98.71441689623508","167.96875"
"2","60","5","false","25","0","111","98.16345270890724","168.3464566929134"
"9","60","5","false","25","0","118","99.2653810835629","167.85714285714286"
"11","60","5","false","25","5","133","99.54086317722681","173.44"
"14","60","5","false","25","5","16","26.62993572084481","46.54895666131621"
"11","60","5","false","25","5","134","99.63269054178146","173.6"
"13","60","5","false","25","5","23","34.710743801652896","60.77170418006431"
"5","60","5","false","25","0","136","99.72451790633609","169.42277691107643"
"11","60","5","false","25","5","135","99.72451790633609","173.76"
"10","60","5","false","25","0","134","99.2653810835629","171.58730158730157"
"2","60","5","false","25","0","112","98.25528007346189","168.50393700787401"
"13","60","5","false","25","5","24","35.81267217630854","62.70096463022507"
"14","60","5","false","25","5","17","27.180899908172634","47.512038523274484"
"3","60","5","false","25","0","107","98.80624426078971","168.125"
"9","60","5","false","25","0","119","99.35720844811755","168.01242236024845"
"11","60","5","false","25","5","136","99.81634527089072","173.92000000000002"
"5","60","5","false","25","0","137","99.72451790633609","169.42277691107643"
"13","60","5","false","25","5","25","37.09825528007346","64.95176848874597"
"2","60","5","false","25","0","113","98.34710743801654","168.66141732283464"
"10","60","5","false","25","0","135","99.2653810835629","171.58730158730157"
"3","60","5","false","25","0","108","98.89807162534436","168.28125"
"5","60","5","false","25","0","138","99.81634527089072","169.57878315132606"
"11","60","5","false","25","5","137","99.81634527089072","173.92000000000002"
"14","60","5","false","25","5","18","27.823691460055095","48.635634028892454"
"9","60","5","false","25","0","120","99.44903581267218","168.16770186335404"
"3","60","5","false","25","0","109","98.98989898989899","168.4375"
"10","60","5","false","25","0","136","99.2653810835629","171.58730158730157"
"11","60","5","false","25","5","138","99.81634527089072","173.92000000000002"
"2","60","5","false","25","0","114","98.43893480257117","168.81889763779526"
"13","60","5","false","25","5","26","38.10835629017447","66.72025723472669"
"5","60","5","false","25","0","139","99.81634527089072","169.57878315132606"
"14","60","5","false","25","5","19","28.74196510560147","50.24077046548957"
"3","60","5","false","25","0","110","98.98989898989899","168.4375"
"11","60","5","false","25","5","139","99.81634527089072","173.92000000000002"
"10","60","5","false","25","0","137","99.2653810835629","171.58730158730157"
"11","60","5","false","25","5","140","99.81634527089072","173.92000000000002"
"5","60","5","false","25","0","140","99.81634527089072","169.57878315132606"
"2","60","5","false","25","0","115","98.43893480257117","168.81889763779526"
"10","60","5","false","25","0","138","99.2653810835629","171.58730158730157"
"3","60","5","false","25","0","111","98.98989898989899","168.4375"
"9","60","5","false","25","0","121","99.44903581267218","168.16770186335404"
"3","60","5","false","25","0","112","98.98989898989899","168.4375"
"11","60","5","false","25","5","141","99.81634527089072","173.92000000000002"
"13","60","5","false","25","5","27","39.11845730027548","68.48874598070739"
"5","60","5","false","25","0","141","99.81634527089072","169.57878315132606"
"11","60","5","false","25","5","142","99.81634527089072","173.92000000000002"
"14","60","5","false","25","5","20","29.660238751147844","51.84590690208668"
"3","60","5","false","25","0","113","98.98989898989899","168.4375"
"10","60","5","false","25","0","139","99.2653810835629","171.58730158730157"
"14","60","5","false","25","5","21","30.303030303030305","52.96950240770465"
"2","60","5","false","25","0","116","98.62258953168043","169.13385826771653"
"3","60","5","false","25","0","114","98.98989898989899","168.4375"
"9","60","5","false","25","0","122","99.44903581267218","168.16770186335404"
"11","60","5","false","25","5","143","99.81634527089072","173.92000000000002"
"14","60","5","false","25","5","22","30.945821854912765","54.09309791332263"
"10","60","5","false","25","0","140","99.2653810835629","171.58730158730157"
"11","60","5","false","25","5","144","99.90817263544535","174.07999999999998"
"13","60","5","false","25","5","28","40.12855831037649","70.2572347266881"
"2","60","5","false","25","0","117","98.80624426078971","169.44881889763778"
"10","60","5","false","25","0","141","99.2653810835629","171.58730158730157"
"5","60","5","false","25","0","142","99.81634527089072","169.57878315132606"
"3","60","5","false","25","0","115","98.98989898989899","168.4375"
"9","60","5","false","25","0","123","99.44903581267218","168.16770186335404"
"11","60","5","false","25","5","145","99.90817263544535","174.07999999999998"
"14","60","5","false","25","5","23","31.40495867768595","54.89566613162119"
"11","60","5","false","25","5","146","99.90817263544535","174.07999999999998"
"5","60","5","false","25","0","143","99.81634527089072","169.57878315132606"
"13","60","5","false","25","5","29","41.04683195592286","71.86495176848875"
"2","60","5","false","25","0","118","98.89807162534436","169.60629921259843"
"11","60","5","false","25","5","147","99.90817263544535","174.07999999999998"
"10","60","5","false","25","0","142","99.2653810835629","171.58730158730157"
"11","60","5","false","25","5","148","99.90817263544535","174.07999999999998"
"9","60","5","false","25","0","124","99.44903581267218","168.16770186335404"
"3","60","5","false","25","0","116","98.98989898989899","168.4375"
"11","60","5","false","25","5","149","99.90817263544535","174.07999999999998"
"14","60","5","false","25","5","24","31.955922865013775","55.85874799357945"
"13","60","5","false","25","5","30","42.14876033057851","73.79421221864952"
"10","60","5","false","25","0","143","99.2653810835629","171.58730158730157"
"2","60","5","false","25","0","119","98.89807162534436","169.60629921259843"
"5","60","5","false","25","0","144","99.81634527089072","169.57878315132606"
"11","60","5","false","25","5","150","99.90817263544535","174.07999999999998"
"9","60","5","false","25","0","125","99.44903581267218","168.16770186335404"
"3","60","5","false","25","0","117","98.98989898989899","168.4375"
"14","60","5","false","25","5","25","32.5068870523416","56.82182985553772"
"11","60","5","false","25","5","151","99.90817263544535","174.07999999999998"
"10","60","5","false","25","0","144","99.2653810835629","171.58730158730157"
"13","60","5","false","25","5","31","43.52617079889807","76.20578778135048"
"9","60","5","false","25","0","126","99.44903581267218","168.16770186335404"
"11","60","5","false","25","5","152","99.90817263544535","174.07999999999998"
"2","60","5","false","25","0","120","98.89807162534436","169.60629921259843"
"9","60","5","false","25","0","127","99.44903581267218","168.16770186335404"
"10","60","5","false","25","0","145","99.2653810835629","171.58730158730157"
"5","60","5","false","25","0","145","99.81634527089072","169.57878315132606"
"11","60","5","false","25","5","153","99.90817263544535","174.07999999999998"
"14","60","5","false","25","5","26","33.14967860422406","57.9454253611557"
"13","60","5","false","25","5","32","45.27089072543618","79.2604501607717"
"10","60","5","false","25","0","146","99.2653810835629","171.58730158730157"
"11","60","5","false","25","5","154","99.90817263544535","174.07999999999998"
"5","60","5","false","25","0","146","99.81634527089072","169.57878315132606"
"10","60","5","false","25","0","147","99.35720844811755","171.74603174603175"
"9","60","5","false","25","0","128","99.44903581267218","168.16770186335404"
"14","60","5","false","25","5","27","33.88429752066116","59.22953451043339"
"15","60","5","false","25","5","0","1.9283746556473829","3.343949044585987"
"2","60","5","false","25","0","121","98.89807162534436","169.60629921259843"
"13","60","5","false","25","5","33","47.38292011019284","82.95819935691318"
"10","60","5","false","25","0","148","99.35720844811755","171.74603174603175"
"14","60","5","false","25","5","28","34.43526170798898","60.19261637239165"
"2","60","5","false","25","0","122","98.89807162534436","169.60629921259843"
"15","60","5","false","25","5","1","4.040404040404041","7.006369426751593"
"10","60","5","false","25","0","149","99.35720844811755","171.74603174603175"
"9","60","5","false","25","0","129","99.44903581267218","168.16770186335404"
"5","60","5","false","25","0","147","99.81634527089072","169.57878315132606"
"13","60","5","false","25","5","34","49.494949494949495","86.65594855305466"
"1","60","5","false","25","0","7","16.2534435261708","28.687196110210696"
"10","60","5","false","25","0","150","99.35720844811755","171.74603174603175"
"10","60","5","false","25","0","151","99.35720844811755","171.74603174603175"
"15","60","5","false","25","5","2","6.0606060606060606","10.509554140127388"
"2","60","5","false","25","0","123","98.89807162534436","169.60629921259843"
"10","60","5","false","25","0","152","99.35720844811755","171.74603174603175"
"9","60","5","false","25","0","130","99.54086317722681","168.32298136645963"
"14","60","5","false","25","5","29","35.07805325987144","61.31621187800963"
"2","60","5","false","25","0","124","98.98989898989899","169.76377952755905"
"16","60","5","false","25","5","0","1.5610651974288337","2.6438569206842923"
"5","60","5","false","25","0","148","99.81634527089072","169.57878315132606"
"13","60","5","false","25","5","35","51.88246097337006","90.83601286173634"
"14","60","5","false","25","5","30","35.720844811753906","62.43980738362761"
"10","60","5","false","25","0","153","99.35720844811755","171.74603174603175"
"16","60","5","false","25","5","1","3.948576675849403","6.6874027993779155"
"15","60","5","false","25","5","3","8.539944903581267","14.808917197452228"
"16","60","5","false","25","5","2","6.0606060606060606","10.26438569206843"
"9","60","5","false","25","0","131","99.54086317722681","168.32298136645963"
"10","60","5","false","25","0","154","99.44903581267218","171.90476190476193"
"5","60","5","false","25","0","149","99.81634527089072","169.57878315132606"
"2","60","5","false","25","0","125","98.98989898989899","169.76377952755905"
"13","60","5","false","25","5","36","53.81083562901745","94.21221864951768"
"16","60","5","false","25","5","3","8.264462809917356","13.996889580093313"
"14","60","5","false","25","5","31","36.27180899908173","63.40288924558587"
"10","60","5","false","25","0","155","99.54086317722681","172.06349206349208"
"5","60","5","false","25","0","150","99.81634527089072","169.57878315132606"
"16","60","5","false","25","5","4","10.284664830119375","17.418351477449455"
"9","60","5","false","25","0","132","99.63269054178146","168.47826086956522"
"15","60","5","false","25","5","4","10.560146923783286","18.312101910828023"
"2","60","5","false","25","0","126","99.08172635445362","169.9212598425197"
"10","60","5","false","25","0","156","99.54086317722681","172.06349206349208"
"13","60","5","false","25","5","37","55.9228650137741","97.90996784565917"
"14","60","5","false","25","5","32","36.91460055096419","64.52648475120385"
"16","60","5","false","25","5","5","11.662075298438934","19.751166407465007"
"5","60","5","false","25","0","151","99.81634527089072","169.57878315132606"
"2","60","5","false","25","0","127","99.17355371900827","170.07874015748033"
"14","60","5","false","25","5","33","37.64921946740129","65.81059390048154"
"10","60","5","false","25","0","157","99.63269054178146","172.22222222222223"
"16","60","5","false","25","5","6","12.85583103764922","21.77293934681182"
"15","60","5","false","25","5","5","12.213039485766759","21.17834394904459"
"13","60","5","false","25","5","38","57.759412304866856","101.12540192926045"
"9","60","5","false","25","0","133","99.63269054178146","168.47826086956522"
"10","60","5","false","25","0","158","99.63269054178146","172.22222222222223"
"2","60","5","false","25","0","128","99.17355371900827","170.07874015748033"
"16","60","5","false","25","5","7","14.692378328741965","24.883359253499222"
"5","60","5","false","25","0","152","99.81634527089072","169.57878315132606"
"9","60","5","false","25","0","134","99.63269054178146","168.47826086956522"
"13","60","5","false","25","5","39","59.59595959595959","104.34083601286173"
"14","60","5","false","25","5","34","38.75114784205693","67.73675762439807"
"10","60","5","false","25","0","159","99.63269054178146","172.22222222222223"
"2","60","5","false","25","0","129","99.2653810835629","170.23622047244095"
"16","60","5","false","25","5","8","16.528925619834713","27.993779160186627"
"10","60","5","false","25","0","160","99.63269054178146","172.22222222222223"
"15","60","5","false","25","5","6","13.682277318640956","23.726114649681527"
"16","60","5","false","25","5","9","18.181818181818183","30.793157076205286"
"15","60","5","false","25","5","7","15.426997245179063","26.751592356687897"
"9","60","5","false","25","0","135","99.63269054178146","168.47826086956522"
"10","60","5","false","25","0","161","99.63269054178146","172.22222222222223"
"5","60","5","false","25","0","153","99.81634527089072","169.57878315132606"
"13","60","5","false","25","5","40","61.52433425160698","107.71704180064307"
"16","60","5","false","25","5","10","19.28374655647383","32.65940902021773"
"14","60","5","false","25","5","35","40.03673094582185","69.98394863563404"
"16","60","5","false","25","5","11","20.2020202020202","34.21461897356143"
"2","60","5","false","25","0","130","99.2653810835629","170.23622047244095"
"10","60","5","false","25","0","162","99.63269054178146","172.22222222222223"
"13","60","5","false","25","5","41","63.54453627180901","111.2540192926045"
"2","60","5","false","25","0","131","99.2653810835629","170.23622047244095"
"10","60","5","false","25","0","163","99.63269054178146","172.22222222222223"
"15","60","5","false","25","5","8","17.17171717171717","29.777070063694268"
"14","60","5","false","25","5","36","41.23048668503214","72.07062600321026"
"5","60","5","false","25","0","154","99.81634527089072","169.57878315132606"
"10","60","5","false","25","0","164","99.63269054178146","172.22222222222223"
"9","60","5","false","25","0","136","99.63269054178146","168.47826086956522"
"14","60","5","false","25","5","37","42.79155188246097","74.79935794542536"
"16","60","5","false","25","5","12","20.9366391184573","35.45878693623639"
"10","60","5","false","25","0","165","99.63269054178146","172.22222222222223"
"13","60","5","false","25","5","42","65.19742883379247","114.14790996784565"
"16","60","5","false","25","5","13","21.85491276400367","37.01399688958009"
"2","60","5","false","25","0","132","99.2653810835629","170.23622047244095"
"13","60","5","false","25","5","43","66.66666666666666","116.7202572347267"
"10","60","5","false","25","0","166","99.63269054178146","172.22222222222223"
"15","60","5","false","25","5","9","18.91643709825528","32.802547770700635"
"5","60","5","false","25","0","155","99.81634527089072","169.57878315132606"
"16","60","5","false","25","5","14","23.140495867768596","39.19129082426128"
"9","60","5","false","25","0","137","99.63269054178146","168.47826086956522"
"10","60","5","false","25","0","167","99.63269054178146","172.22222222222223"
"14","60","5","false","25","5","38","44.16896235078053","77.20706260032102"
"16","60","5","false","25","5","15","24.426078971533517","41.368584758942454"
"15","60","5","false","25","5","10","20.385674931129476","35.35031847133758"
"9","60","5","false","25","0","138","99.63269054178146","168.47826086956522"
"5","60","5","false","25","0","156","99.81634527089072","169.57878315132606"
"2","60","5","false","25","0","133","99.2653810835629","170.23622047244095"
"10","60","5","false","25","0","168","99.63269054178146","172.22222222222223"
"13","60","5","false","25","5","44","67.86042240587695","118.81028938906752"
"16","60","5","false","25","5","16","25.895316804407713","43.856920684292376"
"5","60","5","false","25","0","157","99.81634527089072","169.57878315132606"
"10","60","5","false","25","0","169","99.63269054178146","172.22222222222223"
"9","60","5","false","25","0","139","99.72451790633609","168.6335403726708"
"16","60","5","false","25","5","17","27.089072543618","45.878693623639194"
"13","60","5","false","25","5","45","69.14600550964187","121.06109324758843"
"14","60","5","false","25","5","39","45.27089072543618","79.13322632423755"
"2","60","5","false","25","0","134","99.2653810835629","170.23622047244095"
"15","60","5","false","25","5","11","21.94674012855831","38.05732484076433"
"10","60","5","false","25","0","170","99.63269054178146","172.22222222222223"
"14","60","5","false","25","5","40","46.83195592286501","81.86195826645265"
"5","60","5","false","25","0","158","99.81634527089072","169.57878315132606"
"16","60","5","false","25","5","18","28.37465564738292","48.055987558320375"
"2","60","5","false","25","0","135","99.2653810835629","170.23622047244095"
"10","60","5","false","25","0","171","99.63269054178146","172.22222222222223"
"16","60","5","false","25","5","19","29.843893480257115","50.5443234836703"
"9","60","5","false","25","0","140","99.72451790633609","168.6335403726708"
"15","60","5","false","25","5","12","23.875114784205692","41.40127388535032"
"16","60","5","false","25","5","20","31.40495867768595","53.18818040435459"
"10","60","5","false","25","0","172","99.72451790633609","172.38095238095238"
"14","60","5","false","25","5","41","48.576675849403124","84.91171749598716"
"5","60","5","false","25","0","159","99.81634527089072","169.57878315132606"
"16","60","5","false","25","5","21","33.14967860422406","56.143079315707624"
"2","60","5","false","25","0","136","99.44903581267218","170.5511811023622"
"13","60","5","false","25","5","46","70.43158861340679","123.31189710610933"
"10","60","5","false","25","0","173","99.72451790633609","172.38095238095238"
"15","60","5","false","25","5","13","25.895316804407713","44.904458598726116"
"9","60","5","false","25","0","141","99.72451790633609","168.6335403726708"
"16","60","5","false","25","5","22","35.07805325987144","59.40902021772939"
"10","60","5","false","25","0","174","99.72451790633609","172.38095238095238"
"13","60","5","false","25","5","47","71.71717171717171","125.56270096463022"
"2","60","5","false","25","0","137","99.44903581267218","170.5511811023622"
"14","60","5","false","25","5","42","50.413223140495866","88.12199036918138"
"5","60","5","false","25","0","160","99.81634527089072","169.57878315132606"
"16","60","5","false","25","5","23","37.09825528007346","62.83048211508554"
"10","60","5","false","25","0","175","99.72451790633609","172.38095238095238"
"15","60","5","false","25","5","14","27.27272727272727","47.29299363057325"
"9","60","5","false","25","0","142","99.72451790633609","168.6335403726708"
"16","60","5","false","25","5","24","39.21028466483012","66.40746500777604"
"10","60","5","false","25","0","176","99.72451790633609","172.38095238095238"
"15","60","5","false","25","5","15","28.833792470156105","50"
"13","60","5","false","25","5","48","72.54361799816346","127.0096463022508"
"14","60","5","false","25","5","43","52.43342516069789","91.65329052969501"
"2","60","5","false","25","0","138","99.44903581267218","170.5511811023622"
"16","60","5","false","25","5","25","41.50596877869605","70.2954898911353"
"5","60","5","false","25","0","161","99.81634527089072","169.57878315132606"
"10","60","5","false","25","0","177","99.72451790633609","172.38095238095238"
"15","60","5","false","25","5","16","30.486685032139576","52.86624203821656"
"13","60","5","false","25","5","49","73.09458218549128","127.9742765273312"
"9","60","5","false","25","0","143","99.72451790633609","168.6335403726708"
"5","60","5","false","25","0","162","99.81634527089072","169.57878315132606"
"10","60","5","false","25","0","178","99.72451790633609","172.38095238095238"
"2","60","5","false","25","0","139","99.44903581267218","170.5511811023622"
"16","60","5","false","25","5","26","44.0771349862259","74.65007776049767"
"9","60","5","false","25","0","144","99.72451790633609","168.6335403726708"
"14","60","5","false","25","5","44","54.9127640036731","95.98715890850723"
"13","60","5","false","25","5","50","73.46189164370982","128.61736334405145"
"2","60","5","false","25","0","140","99.54086317722681","170.70866141732284"
"15","60","5","false","25","5","17","32.323232323232325","56.05095541401274"
"5","60","5","false","25","0","163","99.81634527089072","169.57878315132606"
"10","60","5","false","25","0","179","99.72451790633609","172.38095238095238"
"13","60","5","false","25","5","51","74.01285583103765","129.58199356913184"
"16","60","5","false","25","5","27","46.28099173553719","78.38258164852256"
"15","60","5","false","25","5","18","33.88429752066116","58.75796178343949"
"14","60","5","false","25","5","45","57.116620752984396","99.83948635634029"
"13","60","5","false","25","5","52","74.3801652892562","130.2250803858521"
"9","60","5","false","25","0","145","99.72451790633609","168.6335403726708"
"10","60","5","false","25","0","180","99.72451790633609","172.38095238095238"
"5","60","5","false","25","0","164","99.81634527089072","169.57878315132606"
"16","60","5","false","25","5","28","48.301193755739206","81.80404354587868"
"2","60","5","false","25","0","141","99.54086317722681","170.70866141732284"
"1","60","5","false","25","0","8","18.824609733700644","33.22528363047002"
"13","60","5","false","25","5","53","74.74747474747475","130.86816720257235"
"14","60","5","false","25","5","46","59.22865013774105","103.53130016051364"
"16","60","5","false","25","5","29","49.95408631772268","84.60342146189736"
"10","60","5","false","25","0","181","99.72451790633609","172.38095238095238"
"15","60","5","false","25","5","19","35.16988062442608","60.98726114649682"
"2","60","5","false","25","0","142","99.63269054178146","170.86614173228347"
"9","60","5","false","25","0","146","99.72451790633609","168.6335403726708"
"16","60","5","false","25","5","30","51.42332415059688","87.09175738724728"
"13","60","5","false","25","5","54","75.1147842056933","131.5112540192926"
"10","60","5","false","25","0","182","99.72451790633609","172.38095238095238"
"5","60","5","false","25","0","165","99.81634527089072","169.57878315132606"
"9","60","5","false","25","0","147","99.72451790633609","168.6335403726708"
"16","60","5","false","25","5","31","52.157943067033976","88.33592534992223"
"13","60","5","false","25","5","55","75.57392102846649","132.31511254019293"
"14","60","5","false","25","5","47","61.15702479338842","106.90208667736758"
"2","60","5","false","25","0","143","99.63269054178146","170.86614173228347"
"5","60","5","false","25","0","166","99.90817263544535","169.73478939157567"
"16","60","5","false","25","5","32","53.07621671258035","89.89113530326594"
"10","60","5","false","25","0","183","99.81634527089072","172.53968253968256"
"14","60","5","false","25","5","48","62.90174471992653","109.95184590690208"
"13","60","5","false","25","5","56","76.49219467401286","133.92282958199357"
"2","60","5","false","25","0","144","99.63269054178146","170.86614173228347"
"15","60","5","false","25","5","20","35.99632690541782","62.42038216560509"
"10","60","5","false","25","0","184","99.81634527089072","172.53968253968256"
"9","60","5","false","25","0","148","99.72451790633609","168.6335403726708"
"16","60","5","false","25","5","33","54.08631772268136","91.601866251944"
"13","60","5","false","25","5","57","77.22681359044995","135.20900321543408"
"5","60","5","false","25","0","167","99.90817263544535","169.73478939157567"
"10","60","5","false","25","0","185","99.90817263544535","172.6984126984127"
"14","60","5","false","25","5","49","64.55463728191","112.84109149277688"
"9","60","5","false","25","0","149","99.72451790633609","168.6335403726708"
"15","60","5","false","25","5","21","37.28191000918273","64.64968152866241"
"2","60","5","false","25","0","145","99.63269054178146","170.86614173228347"
"13","60","5","false","25","5","58","77.77777777777779","136.17363344051446"
"14","60","5","false","25","5","50","66.39118457300276","116.0513643659711"
"16","60","5","false","25","5","34","54.9127640036731","93.00155520995335"
"2","60","5","false","25","0","146","99.72451790633609","171.0236220472441"
"13","60","5","false","25","5","59","78.78787878787878","137.94212218649517"
"15","60","5","false","25","5","22","38.10835629017447","66.0828025477707"
"16","60","5","false","25","5","35","55.64738292011019","94.2457231726283"
"5","60","5","false","25","0","168","99.90817263544535","169.73478939157567"
"14","60","5","false","25","5","51","68.2277318640955","119.26163723916532"
"15","60","5","false","25","5","23","39.11845730027548","67.83439490445859"
"10","60","5","false","25","0","186","99.90817263544535","172.6984126984127"
"9","60","5","false","25","0","150","99.72451790633609","168.6335403726708"
"13","60","5","false","25","5","60","79.52249770431588","139.2282958199357"
"16","60","5","false","25","5","36","56.473829201101935","95.64541213063764"
"2","60","5","false","25","0","147","99.72451790633609","171.0236220472441"
"5","60","5","false","25","0","169","99.90817263544535","169.73478939157567"
"10","60","5","false","25","0","187","100","172.85714285714286"
"9","60","5","false","25","0","151","99.72451790633609","168.6335403726708"
"13","60","5","false","25","5","61","80.8080808080808","141.4790996784566"
"14","60","5","false","25","5","52","70.43158861340679","123.1139646869984"
"5","60","5","false","25","0","170","99.90817263544535","169.73478939157567"
"16","60","5","false","25","5","37","57.66758494031221","97.66718506998446"
"2","60","5","false","25","0","148","99.72451790633609","171.0236220472441"
"15","60","5","false","25","5","24","40.22038567493113","69.7452229299363"
"10","60","5","false","25","0","188","100","172.85714285714286"
"9","60","5","false","25","0","152","99.72451790633609","168.6335403726708"
"14","60","5","false","25","5","53","72.54361799816346","126.80577849117174"
"13","60","5","false","25","5","62","81.72635445362718","143.08681672025722"
"16","60","5","false","25","5","38","58.76951331496786","99.53343701399689"
"5","60","5","false","25","0","171","99.90817263544535","169.73478939157567"
"2","60","5","false","25","0","149","99.72451790633609","171.0236220472441"
"10","60","5","false","25","0","189","100","172.85714285714286"
"15","60","5","false","25","5","25","41.68962350780532","72.29299363057325"
"9","60","5","false","25","0","153","99.81634527089072","168.7888198757764"
"16","60","5","false","25","5","39","59.59595959595959","100.93312597200621"
"14","60","5","false","25","5","54","74.74747474747475","130.65810593900483"
"10","60","5","false","25","0","190","100","172.85714285714286"
"13","60","5","false","25","5","63","83.0119375573921","145.33762057877811"
"5","60","5","false","25","0","172","99.90817263544535","169.73478939157567"
"14","60","5","false","25","5","55","76.95133149678604","134.5104333868379"
"2","60","5","false","25","0","150","99.72451790633609","171.0236220472441"
"16","60","5","false","25","5","40","60.42240587695134","102.33281493001556"
"13","60","5","false","25","5","64","83.83838383838383","146.78456591639872"
"9","60","5","false","25","0","154","99.81634527089072","168.7888198757764"
"10","60","5","false","25","0","191","100","172.85714285714286"
"14","60","5","false","25","5","56","78.60422405876952","137.39967897271268"
"15","60","5","false","25","5","26","43.34251606978879","75.15923566878982"
"5","60","5","false","25","0","173","99.90817263544535","169.73478939157567"
"13","60","5","false","25","5","65","84.38934802571167","147.7491961414791"
"16","60","5","false","25","5","41","61.43250688705234","104.04354587869362"
"10","60","5","false","25","0","192","100","172.85714285714286"
"2","60","5","false","25","0","151","99.72451790633609","171.0236220472441"
"5","60","5","false","25","0","174","99.90817263544535","169.73478939157567"
"14","60","5","false","25","5","57","80.44077134986226","140.6099518459069"
"9","60","5","false","25","0","155","99.81634527089072","168.7888198757764"
"13","60","5","false","25","5","66","85.39944903581267","149.5176848874598"
"15","60","5","false","25","5","27","44.90358126721763","77.86624203821655"
"14","60","5","false","25","5","58","82.73645546372819","144.62279293739968"
"10","60","5","false","25","0","193","100","172.85714285714286"
"16","60","5","false","25","5","42","62.53443526170799","105.90979782270607"
"5","60","5","false","25","0","175","99.90817263544535","169.73478939157567"
"2","60","5","false","25","0","152","99.72451790633609","171.0236220472441"
"13","60","5","false","25","5","67","86.40955004591369","151.2861736334405"
"9","60","5","false","25","0","156","99.81634527089072","168.7888198757764"
"14","60","5","false","25","5","59","84.57300275482093","147.8330658105939"
"15","60","5","false","25","5","28","46.097337006427914","79.93630573248409"
"2","60","5","false","25","0","153","99.81634527089072","171.1811023622047"
"10","60","5","false","25","0","194","100","172.85714285714286"
"9","60","5","false","25","0","157","99.81634527089072","168.7888198757764"
"5","60","5","false","25","0","176","99.90817263544535","169.73478939157567"
"16","60","5","false","25","5","43","63.54453627180901","107.62052877138413"
"13","60","5","false","25","5","68","87.32782369146005","152.89389067524115"
"15","60","5","false","25","5","29","47.2910927456382","82.00636942675159"
"5","60","5","false","25","0","177","99.90817263544535","169.73478939157567"
"10","60","5","false","25","0","195","100","172.85714285714286"
"14","60","5","false","25","5","60","85.67493112947659","149.75922953451044"
"2","60","5","false","25","0","154","99.81634527089072","171.1811023622047"
"16","60","5","false","25","5","44","64.46280991735537","109.17573872472784"
"13","60","5","false","25","5","69","87.87878787878788","153.85852090032154"
"5","60","5","false","25","0","178","99.90817263544535","169.73478939157567"
"9","60","5","false","25","0","158","99.81634527089072","168.7888198757764"
"10","60","5","false","25","0","196","100","172.85714285714286"
"15","60","5","false","25","5","30","48.852157943067034","84.71337579617835"
"13","60","5","false","25","5","70","88.42975206611571","154.82315112540192"
"5","60","5","false","25","0","179","99.90817263544535","169.73478939157567"
"14","60","5","false","25","5","61","86.22589531680441","150.7223113964687"
"16","60","5","false","25","5","45","65.65656565656566","111.19751166407465"
"9","60","5","false","25","0","159","99.81634527089072","168.7888198757764"
"13","60","5","false","25","5","71","88.98071625344353","155.78778135048233"
"2","60","5","false","25","0","155","99.81634527089072","171.1811023622047"
"10","60","5","false","25","0","197","100","172.85714285714286"
"5","60","5","false","25","0","180","99.90817263544535","169.73478939157567"
"15","60","5","false","25","5","31","50.229568411386595","87.10191082802548"
"16","60","5","false","25","5","46","66.20752984389348","112.13063763608086"
"13","60","5","false","25","5","72","89.1643709825528","156.10932475884246"
"5","60","5","false","25","0","181","99.90817263544535","169.73478939157567"
"15","60","5","false","25","5","32","51.147842056932966","88.69426751592357"
"10","60","5","false","25","0","198","100","172.85714285714286"
"14","60","5","false","25","5","62","86.50137741046832","151.20385232744783"
"2","60","5","false","25","0","156","99.81634527089072","171.1811023622047"
"9","60","5","false","25","0","160","99.90817263544535","168.944099378882"
"16","60","5","false","25","5","47","66.7584940312213","113.0637636080871"
"13","60","5","false","25","5","73","89.62350780532599","156.91318327974278"
"10","60","5","false","25","0","199","100","172.85714285714286"
"5","60","5","false","25","0","182","99.90817263544535","169.73478939157567"
"14","60","5","false","25","5","63","86.68503213957759","151.52487961476726"
"16","60","5","false","25","5","48","67.03397612488521","113.5303265940902"
"9","60","5","false","25","0","161","99.90817263544535","168.944099378882"
"15","60","5","false","25","5","33","52.34159779614325","90.76433121019109"
"5","60","5","false","25","0","183","99.90817263544535","169.73478939157567"
"10","60","5","false","25","0","200","100","172.85714285714286"
"2","60","5","false","25","0","157","99.81634527089072","171.1811023622047"
"13","60","5","false","25","5","74","89.80716253443526","157.2347266881029"
"16","60","5","false","25","5","49","67.40128558310377","114.1524105754277"
"14","60","5","false","25","5","64","86.68503213957759","151.52487961476726"
"9","60","5","false","25","0","162","99.90817263544535","168.944099378882"
"13","60","5","false","25","5","75","89.99081726354453","157.55627009646304"
"16","60","5","false","25","5","50","67.95224977043158","115.0855365474339"
"5","60","5","false","25","0","184","99.90817263544535","169.73478939157567"
"10","60","5","false","25","0","201","100","172.85714285714286"
"15","60","5","false","25","5","34","53.25987144168962","92.35668789808918"
"2","60","5","false","25","0","158","99.81634527089072","171.1811023622047"
"13","60","5","false","25","5","76","90.35812672176309","158.19935691318327"
"2","60","5","false","25","0","159","99.90817263544535","171.33858267716536"
"10","60","5","false","25","0","202","100","172.85714285714286"
"5","60","5","false","25","0","185","100","169.89079563182528"
"16","60","5","false","25","5","51","68.68686868686868","116.32970451010887"
"15","60","5","false","25","5","35","54.54545454545454","94.5859872611465"
"9","60","5","false","25","0","163","99.90817263544535","168.944099378882"
"13","60","5","false","25","5","77","90.72543617998163","158.84244372990352"
"17","60","5","false","25","5","0","1.9283746556473829","3.2357473035439135"
"2","60","5","false","25","0","160","99.90817263544535","171.33858267716536"
"16","60","5","false","25","5","52","69.32966023875115","117.41835147744946"
"10","60","5","false","25","0","203","100","172.85714285714286"
"13","60","5","false","25","5","78","91.00091827364555","159.3247588424437"
"5","60","5","false","25","0","186","100","169.89079563182528"
"2","60","5","false","25","0","161","99.90817263544535","171.33858267716536"
"16","60","5","false","25","5","53","70.06427915518825","118.66251944012443"
"9","60","5","false","25","0","164","99.90817263544535","168.944099378882"
"15","60","5","false","25","5","36","55.73921028466483","96.656050955414"
"10","60","5","false","25","0","204","100","172.85714285714286"
"1","60","5","false","25","0","9","20.84481175390266","36.790923824959485"
"2","60","5","false","25","0","162","99.90817263544535","171.33858267716536"
"5","60","5","false","25","0","187","100","169.89079563182528"
"13","60","5","false","25","5","79","91.27640036730946","159.80707395498393"
"17","60","5","false","25","5","1","4.132231404958678","6.933744221879815"
"10","60","5","false","25","0","205","100","172.85714285714286"
"9","60","5","false","25","0","165","99.90817263544535","168.944099378882"
"15","60","5","false","25","5","37","57.20844811753902","99.20382165605095"
"16","60","5","false","25","5","54","70.61524334251607","119.59564541213064"
"17","60","5","false","25","5","2","5.876951331496786","9.861325115562405"
"13","60","5","false","25","5","80","91.55188246097336","160.28938906752413"
"2","60","5","false","25","0","163","99.90817263544535","171.33858267716536"
"5","60","5","false","25","0","188","100","169.89079563182528"
"15","60","5","false","25","5","38","58.49403122130394","101.43312101910828"
"10","60","5","false","25","0","206","100","172.85714285714286"
"16","60","5","false","25","5","55","71.16620752984389","120.52877138413687"
"17","60","5","false","25","5","3","7.621671258034894","12.788906009244993"
"9","60","5","false","25","0","166","99.90817263544535","168.944099378882"
"13","60","5","false","25","5","81","91.643709825528","160.45016077170416"
"5","60","5","false","25","0","189","100","169.89079563182528"
"2","60","5","false","25","0","164","99.90817263544535","171.33858267716536"
"10","60","5","false","25","0","207","100","172.85714285714286"
"15","60","5","false","25","5","39","59.50413223140496","103.18471337579618"
"16","60","5","false","25","5","56","71.900826446281","121.77293934681181"
"17","60","5","false","25","5","4","9.274563820018365","15.562403697996919"
"13","60","5","false","25","5","82","91.82736455463728","160.7717041800643"
"9","60","5","false","25","0","167","99.90817263544535","168.944099378882"
"2","60","5","false","25","0","165","99.90817263544535","171.33858267716536"
"5","60","5","false","25","0","190","100","169.89079563182528"
"10","60","5","false","25","0","208","100","172.85714285714286"
"16","60","5","false","25","5","57","72.45179063360881","122.70606531881805"
"13","60","5","false","25","5","83","92.01101928374655","161.09324758842442"
"10","60","5","false","25","0","209","100","172.85714285714286"
"15","60","5","false","25","5","40","60.60606060606061","105.09554140127389"
"17","60","5","false","25","5","5","10.927456382001836","18.335901386748844"
"16","60","5","false","25","5","58","73.37006427915519","124.26127527216173"
"5","60","5","false","25","0","191","100","169.89079563182528"
"9","60","5","false","25","0","168","99.90817263544535","168.944099378882"
"2","60","5","false","25","0","166","99.90817263544535","171.33858267716536"
"13","60","5","false","25","5","84","92.3783287419651","161.7363344051447"
"10","60","5","false","25","0","210","100","172.85714285714286"
"17","60","5","false","25","5","6","12.121212121212121","20.33898305084746"
"5","60","5","false","25","0","192","100","169.89079563182528"
"16","60","5","false","25","5","59","74.3801652892562","125.97200622083982"
"15","60","5","false","25","5","41","61.34067952249771","106.36942675159236"
"9","60","5","false","25","0","169","99.90817263544535","168.944099378882"
"10","60","5","false","25","0","211","100","172.85714285714286"
"13","60","5","false","25","5","85","92.56198347107438","162.05787781350483"
"5","60","5","false","25","0","193","100","169.89079563182528"
"2","60","5","false","25","0","167","99.90817263544535","171.33858267716536"
"15","60","5","false","25","5","42","61.98347107438017","107.48407643312102"
"17","60","5","false","25","5","7","13.314967860422405","22.342064714946073"
"16","60","5","false","25","5","60","75.20661157024794","127.37169517884914"
"13","60","5","false","25","5","86","92.74563820018365","162.37942122186496"
"10","60","5","false","25","0","212","100","172.85714285714286"
"9","60","5","false","25","0","170","99.90817263544535","168.944099378882"
"5","60","5","false","25","0","194","100","169.89079563182528"
"16","60","5","false","25","5","61","75.94123048668503","128.6158631415241"
"10","60","5","false","25","0","213","100","172.85714285714286"
"2","60","5","false","25","0","168","99.90817263544535","171.33858267716536"
"17","60","5","false","25","5","8","14.692378328741965","24.65331278890601"
"13","60","5","false","25","5","87","93.1129476584022","163.02250803858522"
"15","60","5","false","25","5","43","62.62626262626263","108.5987261146497"
"9","60","5","false","25","0","171","99.90817263544535","168.944099378882"
"16","60","5","false","25","5","62","76.5840220385675","129.7045101088647"
"10","60","5","false","25","0","214","100","172.85714285714286"
"5","60","5","false","25","0","195","100","169.89079563182528"
"9","60","5","false","25","0","172","99.90817263544535","168.944099378882"
"13","60","5","false","25","5","88","93.20477502295684","163.18327974276528"
"2","60","5","false","25","0","169","99.90817263544535","171.33858267716536"
"17","60","5","false","25","5","9","15.977961432506888","26.810477657935284"
"16","60","5","false","25","5","63","77.8696051423324","131.88180404354588"
"15","60","5","false","25","5","44","63.45270890725436","110.03184713375795"
"10","60","5","false","25","0","215","100","172.85714285714286"
"5","60","5","false","25","0","196","100","169.89079563182528"
"9","60","5","false","25","0","173","99.90817263544535","168.944099378882"
"13","60","5","false","25","5","89","93.5720844811754","163.82636655948554"
"16","60","5","false","25","5","64","79.06336088154269","133.90357698289267"
"2","60","5","false","25","0","170","99.90817263544535","171.33858267716536"
"17","60","5","false","25","5","10","17.447199265381084","29.275808936825886"
"5","60","5","false","25","0","197","100","169.89079563182528"
"10","60","5","false","25","0","216","100","172.85714285714286"
"9","60","5","false","25","0","174","99.90817263544535","168.944099378882"
"15","60","5","false","25","5","45","64.18732782369146","111.30573248407643"
"2","60","5","false","25","0","171","99.90817263544535","171.33858267716536"
"13","60","5","false","25","5","90","93.93939393939394","164.4694533762058"
"16","60","5","false","25","5","65","80.0734618916437","135.61430793157078"
"10","60","5","false","25","0","217","100","172.85714285714286"
"9","60","5","false","25","0","175","99.90817263544535","168.944099378882"
"17","60","5","false","25","5","11","18.824609733700644","31.587057010785824"
"5","60","5","false","25","0","198","100","169.89079563182528"
"13","60","5","false","25","5","91","94.03122130394857","164.63022508038586"
"16","60","5","false","25","5","66","81.45087235996327","137.94712286158634"
"10","60","5","false","25","0","218","100","172.85714285714286"
"2","60","5","false","25","0","172","99.90817263544535","171.33858267716536"
"15","60","5","false","25","5","46","64.83011937557393","112.4203821656051"
"17","60","5","false","25","5","12","20.385674931129476","34.20647149460709"
"9","60","5","false","25","0","176","99.90817263544535","168.944099378882"
"5","60","5","false","25","0","199","100","169.89079563182528"
"16","60","5","false","25","5","67","82.64462809917356","139.96889580093313"
"13","60","5","false","25","5","92","94.21487603305785","164.95176848874598"
"9","60","5","false","25","0","177","99.90817263544535","168.944099378882"
"10","60","5","false","25","0","219","100","172.85714285714286"
"5","60","5","false","25","0","200","100","169.89079563182528"
"2","60","5","false","25","0","173","100","171.49606299212599"
"16","60","5","false","25","5","68","83.93021120293848","142.1461897356143"
"15","60","5","false","25","5","47","65.28925619834712","113.21656050955413"
"17","60","5","false","25","5","13","22.773186409550046","38.21263482280431"
"9","60","5","false","25","0","178","99.90817263544535","168.944099378882"
"13","60","5","false","25","5","93","94.76584022038568","165.91639871382637"
"1","60","5","false","25","0","10","22.03856749311295","38.897893030794165"
"5","60","5","false","25","0","201","100","169.89079563182528"
"10","60","5","false","25","0","220","100","172.85714285714286"
"9","60","5","false","25","0","179","100","169.09937888198758"
"13","60","5","false","25","5","94","95.13314967860423","166.55948553054662"
"2","60","5","false","25","0","174","100","171.49606299212599"
"16","60","5","false","25","5","69","84.48117539026629","143.07931570762054"
"17","60","5","false","25","5","14","25.6198347107438","42.98921417565486"
"15","60","5","false","25","5","48","65.56473829201101","113.69426751592357"
"9","60","5","false","25","0","180","100","169.09937888198758"
"10","60","5","false","25","0","221","100","172.85714285714286"
"16","60","5","false","25","5","70","85.03213957759412","144.01244167962673"
"2","60","5","false","25","0","175","100","171.49606299212599"
"5","60","5","false","25","0","202","100","169.89079563182528"
"9","60","5","false","25","0","181","100","169.09937888198758"
"10","60","5","false","25","0","222","100","172.85714285714286"
"16","60","5","false","25","5","71","85.85858585858585","145.41213063763607"
"13","60","5","false","25","5","95","95.22497704315886","166.7202572347267"
"15","60","5","false","25","5","49","65.93204775022957","114.33121019108282"
"17","60","5","false","25","5","15","28.007346189164373","46.99537750385208"
"9","60","5","false","25","0","182","100","169.09937888198758"
"5","60","5","false","25","0","203","100","169.89079563182528"
"13","60","5","false","25","5","96","95.50045913682277","167.20257234726688"
"16","60","5","false","25","5","72","86.59320477502295","146.65629860031103"
"10","60","5","false","25","0","223","100","172.85714285714286"
"5","60","5","false","25","0","204","100","169.89079563182528"
"2","60","5","false","25","0","176","100","171.49606299212599"
"9","60","5","false","25","0","183","100","169.09937888198758"
"10","60","5","false","25","0","224","100","172.85714285714286"
"17","60","5","false","25","5","16","30.853994490358126","51.771956856702616"
"15","60","5","false","25","5","50","66.4830119375574","115.28662420382165"
"13","60","5","false","25","5","97","95.68411386593205","167.524115755627"
"16","60","5","false","25","5","73","87.51147842056933","148.21150855365474"
"5","60","5","false","25","0","205","100","169.89079563182528"
"10","60","5","false","25","0","225","100","172.85714285714286"
"2","60","5","false","25","0","177","100","171.49606299212599"
"13","60","5","false","25","5","98","95.95959595959596","168.0064308681672"
"9","60","5","false","25","0","184","100","169.09937888198758"
"15","60","5","false","25","5","51","66.94214876033058","116.0828025477707"
"16","60","5","false","25","5","74","88.33792470156106","149.61119751166407"
"5","60","5","false","25","0","206","100","169.89079563182528"
"17","60","5","false","25","5","17","33.97612488521579","57.01078582434514"
"10","60","5","false","25","0","226","100","172.85714285714286"
"13","60","5","false","25","5","99","96.23507805325987","168.4887459807074"
"9","60","5","false","25","0","185","100","169.09937888198758"
"5","60","5","false","25","0","207","100","169.89079563182528"
"17","60","5","false","25","5","18","36.455463728191","61.17103235747303"
"2","60","5","false","25","0","178","100","171.49606299212599"
"16","60","5","false","25","5","75","89.34802571166207","151.32192846034215"
"13","60","5","false","25","5","100","96.60238751147841","169.13183279742765"
"15","60","5","false","25","5","52","67.30945821854912","116.71974522292994"
"10","60","5","false","25","0","227","100","172.85714285714286"
"17","60","5","false","25","5","19","39.48576675849403","66.2557781201849"
"9","60","5","false","25","0","186","100","169.09937888198758"
"15","60","5","false","25","5","53","67.58494031221304","117.19745222929936"
"5","60","5","false","25","0","208","100","169.89079563182528"
"16","60","5","false","25","5","76","90.44995408631772","153.18818040435457"
"2","60","5","false","25","0","179","100","171.49606299212599"
"13","60","5","false","25","5","101","97.0615243342516","169.93569131832797"
"10","60","5","false","25","0","228","100","172.85714285714286"
"9","60","5","false","25","0","187","100","169.09937888198758"
"17","60","5","false","25","5","20","42.51606978879706","71.34052388289676"
"5","60","5","false","25","0","209","100","169.89079563182528"
"2","60","5","false","25","0","180","100","171.49606299212599"
"16","60","5","false","25","5","77","91.09274563820018","154.27682737169516"
"15","60","5","false","25","5","54","67.76859504132231","117.51592356687898"
"13","60","5","false","25","5","102","97.15335169880625","170.09646302250806"
"10","60","5","false","25","0","229","100","172.85714285714286"
"9","60","5","false","25","0","188","100","169.09937888198758"
"16","60","5","false","25","5","78","91.73553719008265","155.36547433903579"
"17","60","5","false","25","5","21","45.54637281910009","76.42526964560862"
"2","60","5","false","25","0","181","100","171.49606299212599"
"5","60","5","false","25","0","210","100","169.89079563182528"
"10","60","5","false","25","0","230","100","172.85714285714286"
"13","60","5","false","25","5","103","97.33700642791551","170.41800643086816"
"15","60","5","false","25","5","55","68.04407713498622","117.99363057324841"
"17","60","5","false","25","5","22","48.576675849403124","81.51001540832048"
"9","60","5","false","25","0","189","100","169.09937888198758"
"16","60","5","false","25","5","79","92.1028466483012","155.98755832037327"
"5","60","5","false","25","0","211","100","169.89079563182528"
"13","60","5","false","25","5","104","97.42883379247016","170.57877813504822"
"10","60","5","false","25","0","231","100","172.85714285714286"
"2","60","5","false","25","0","182","100","171.49606299212599"
"15","60","5","false","25","5","56","68.2277318640955","118.31210191082802"
"9","60","5","false","25","0","190","100","169.09937888198758"
"16","60","5","false","25","5","80","92.3783287419651","156.45412130637638"
"5","60","5","false","25","0","212","100","169.89079563182528"
"17","60","5","false","25","5","23","51.88246097337006","87.05701078582435"
"10","60","5","false","25","0","232","100","172.85714285714286"
"2","60","5","false","25","0","183","100","171.49606299212599"
"13","60","5","false","25","5","105","97.52066115702479","170.7395498392283"
"9","60","5","false","25","0","191","100","169.09937888198758"
"15","60","5","false","25","5","57","68.31955922865014","118.47133757961782"
"16","60","5","false","25","5","81","92.8374655647383","157.2317262830482"
"5","60","5","false","25","0","213","100","169.89079563182528"
"10","60","5","false","25","0","233","100","172.85714285714286"
"17","60","5","false","25","5","24","54.36179981634527","91.21725731895224"
"2","60","5","false","25","0","184","100","171.49606299212599"
"15","60","5","false","25","5","58","68.41138659320477","118.63057324840764"
"13","60","5","false","25","5","106","97.88797061524335","171.38263665594855"
"9","60","5","false","25","0","192","100","169.09937888198758"
"10","60","5","false","25","0","234","100","172.85714285714286"
"15","60","5","false","25","5","59","68.41138659320477","118.63057324840764"
"5","60","5","false","25","0","214","100","169.89079563182528"
"17","60","5","false","25","5","25","56.29017447199265","94.45300462249615"
"16","60","5","false","25","5","82","93.1129476584022","157.69828926905132"
"13","60","5","false","25","5","107","97.88797061524335","171.38263665594855"
"2","60","5","false","25","0","185","100","171.49606299212599"
"15","60","5","false","25","5","60","68.41138659320477","118.63057324840764"
"9","60","5","false","25","0","193","100","169.09937888198758"
"10","60","5","false","25","0","235","100","172.85714285714286"
"16","60","5","false","25","5","83","93.38842975206612","158.16485225505443"
"5","60","5","false","25","0","215","100","169.89079563182528"
"15","60","5","false","25","5","61","68.59504132231406","118.94904458598725"
"17","60","5","false","25","5","26","57.30027548209367","96.14791987673344"
"13","60","5","false","25","5","108","97.97979797979798","171.54340836012864"
"16","60","5","false","25","5","84","93.8475665748393","158.94245723172628"
"5","60","5","false","25","0","216","100","169.89079563182528"
"9","60","5","false","25","0","194","100","169.09937888198758"
"2","60","5","false","25","0","186","100","171.49606299212599"
"10","60","5","false","25","0","236","100","172.85714285714286"
"17","60","5","false","25","5","27","57.85123966942148","97.07241910631741"
"16","60","5","false","25","5","85","94.12304866850322","159.4090202177294"
"13","60","5","false","25","5","109","98.25528007346189","172.0257234726688"
"5","60","5","false","25","0","217","100","169.89079563182528"
"15","60","5","false","25","5","62","68.77869605142332","119.26751592356688"
"2","60","5","false","25","0","187","100","171.49606299212599"
"16","60","5","false","25","5","86","94.21487603305785","159.56454121306376"
"9","60","5","false","25","0","195","100","169.09937888198758"
"10","60","5","false","25","0","237","100","172.85714285714286"
"2","60","5","false","25","0","188","100","171.49606299212599"
"13","60","5","false","25","5","110","98.34710743801654","172.18649517684887"
"5","60","5","false","25","0","218","100","169.89079563182528"
"17","60","5","false","25","5","28","58.40220385674931","97.99691833590138"
"15","60","5","false","25","5","63","69.05417814508723","119.7452229299363"
"16","60","5","false","25","5","87","94.49035812672176","160.03110419906687"
"10","60","5","false","25","0","238","100","172.85714285714286"
"9","60","5","false","25","0","196","100","169.09937888198758"
"2","60","5","false","25","0","189","100","171.49606299212599"
"16","60","5","false","25","5","88","94.8576675849403","160.65318818040436"
"1","60","5","false","25","0","11","23.232323232323232","41.004862236628846"
"13","60","5","false","25","5","111","98.43893480257117","172.34726688102896"
"5","60","5","false","25","0","219","100","169.89079563182528"
"10","60","5","false","25","0","239","100","172.85714285714286"
"17","60","5","false","25","5","29","58.76951331496786","98.61325115562404"
"15","60","5","false","25","5","64","69.23783287419651","120.06369426751593"
"9","60","5","false","25","0","197","100","169.09937888198758"
"2","60","5","false","25","0","190","100","171.49606299212599"
"16","60","5","false","25","5","89","94.94949494949495","160.80870917573873"
"10","60","5","false","25","0","240","100","172.85714285714286"
"5","60","5","false","25","0","220","100","169.89079563182528"
"13","60","5","false","25","5","112","98.62258953168043","172.66881028938909"
"2","60","5","false","25","0","191","100","171.49606299212599"
"16","60","5","false","25","5","90","95.0413223140496","160.9642301710731"
"10","60","5","false","25","0","241","100","172.85714285714286"
"9","60","5","false","25","0","198","100","169.09937888198758"
"17","60","5","false","25","5","30","59.13682277318642","99.22958397534669"
"15","60","5","false","25","5","65","69.51331496786042","120.54140127388536"
"5","60","5","false","25","0","221","100","169.89079563182528"
"2","60","5","false","25","0","192","100","171.49606299212599"
"17","60","5","false","25","5","31","59.50413223140496","99.84591679506933"
"16","60","5","false","25","5","91","95.13314967860423","161.11975116640747"
"10","60","5","false","25","0","242","100","172.85714285714286"
"13","60","5","false","25","5","113","98.71441689623508","172.82958199356912"
"15","60","5","false","25","5","66","69.78879706152433","121.01910828025477"
"2","60","5","false","25","0","193","100","171.49606299212599"
"9","60","5","false","25","0","199","100","169.09937888198758"
"10","60","5","false","25","0","243","100","172.85714285714286"
"17","60","5","false","25","5","32","59.50413223140496","99.84591679506933"
"5","60","5","false","25","0","222","100","169.89079563182528"
"9","60","5","false","25","0","200","100","169.09937888198758"
"2","60","5","false","25","0","194","100","171.49606299212599"
"16","60","5","false","25","5","92","95.22497704315886","161.27527216174184"
"15","60","5","false","25","5","67","70.43158861340679","122.13375796178343"
"10","60","5","false","25","0","244","100","172.85714285714286"
"18","60","5","false","25","5","0","2.1120293847566574","3.6918138041733553"
"13","60","5","false","25","5","114","98.71441689623508","172.82958199356912"
"5","60","5","false","25","0","223","100","169.89079563182528"
"16","60","5","false","25","5","93","95.22497704315886","161.27527216174184"
"9","60","5","false","25","0","201","100","169.09937888198758"
"15","60","5","false","25","5","68","71.16620752984389","123.4076433121019"
"2","60","5","false","25","0","195","100","171.49606299212599"
"5","60","5","false","25","0","224","100","169.89079563182528"
"18","60","5","false","25","5","1","4.591368227731864","8.025682182985554"
"10","60","5","false","25","0","245","100","172.85714285714286"
"13","60","5","false","25","5","115","98.71441689623508","172.82958199356912"
"9","60","5","false","25","0","202","100","169.09937888198758"
"15","60","5","false","25","5","69","72.08448117539027","125"
"5","60","5","false","25","0","225","100","169.89079563182528"
"16","60","5","false","25","5","94","95.31680440771349","161.4307931570762"
"2","60","5","false","25","0","196","100","171.49606299212599"
"18","60","5","false","25","5","2","6.703397612488522","11.717495987158909"
"10","60","5","false","25","0","246","100","172.85714285714286"
"13","60","5","false","25","5","116","98.89807162534436","173.15112540192925"
"9","60","5","false","25","0","203","100","169.09937888198758"
"16","60","5","false","25","5","95","95.50045913682277","161.74183514774495"
"5","60","5","false","25","0","226","100","169.89079563182528"
"15","60","5","false","25","5","70","73.27823691460054","127.07006369426752"
"10","60","5","false","25","0","247","100","172.85714285714286"
"13","60","5","false","25","5","117","99.08172635445362","173.4726688102894"
"18","60","5","false","25","5","3","8.631772268135904","15.08828250401284"
"2","60","5","false","25","0","197","100","171.49606299212599"
"16","60","5","false","25","5","96","95.59228650137742","161.89735614307932"
"9","60","5","false","25","0","204","100","169.09937888198758"
"5","60","5","false","25","0","227","100","169.89079563182528"
"15","60","5","false","25","5","71","74.47199265381084","129.14012738853503"
"10","60","5","false","25","0","248","100","172.85714285714286"
"13","60","5","false","25","5","118","99.08172635445362","173.4726688102894"
"16","60","5","false","25","5","97","95.59228650137742","161.89735614307932"
"18","60","5","false","25","5","4","10.743801652892563","18.780096308186195"
"2","60","5","false","25","0","198","100","171.49606299212599"
"15","60","5","false","25","5","72","75.48209366391184","130.89171974522293"
"9","60","5","false","25","0","205","100","169.09937888198758"
"5","60","5","false","25","0","228","100","169.89079563182528"
"10","60","5","false","25","0","249","100","172.85714285714286"
"13","60","5","false","25","5","119","99.17355371900827","173.63344051446944"
"16","60","5","false","25","5","98","95.77594123048668","162.20839813374806"
"18","60","5","false","25","5","5","12.764003673094582","22.31139646869984"
"15","60","5","false","25","5","73","76.85950413223141","133.28025477707007"
"2","60","5","false","25","0","199","100","171.49606299212599"
"16","60","5","false","25","5","99","96.23507805325987","162.98600311041992"
"5","60","5","false","25","0","229","100","169.89079563182528"
"9","60","5","false","25","0","206","100","169.09937888198758"
"15","60","5","false","25","5","74","78.23691460055096","135.66878980891718"
"10","60","5","false","25","0","250","100","172.85714285714286"
"13","60","5","false","25","5","120","99.17355371900827","173.63344051446944"
"16","60","5","false","25","5","100","96.51056014692378","163.45256609642303"
"2","60","5","false","25","0","200","100","171.49606299212599"
"18","60","5","false","25","5","6","14.23324150596878","24.879614767255216"
"5","60","5","false","25","0","230","100","169.89079563182528"
"13","60","5","false","25","5","121","99.17355371900827","173.63344051446944"
"9","60","5","false","25","0","207","100","169.09937888198758"
"10","60","5","false","25","0","251","100","172.85714285714286"
"16","60","5","false","25","5","101","96.87786960514234","164.0746500777605"
"15","60","5","false","25","5","75","79.70615243342516","138.21656050955414"
"2","60","5","false","25","0","201","100","171.49606299212599"
"16","60","5","false","25","5","102","96.87786960514234","164.0746500777605"
"13","60","5","false","25","5","122","99.17355371900827","173.63344051446944"
"10","60","5","false","25","0","252","100","172.85714285714286"
"18","60","5","false","25","5","7","15.794306703397613","27.608346709470304"
"5","60","5","false","25","0","231","100","169.89079563182528"
"15","60","5","false","25","5","76","81.5426997245179","141.40127388535032"
"9","60","5","false","25","0","208","100","169.09937888198758"
"16","60","5","false","25","5","103","97.0615243342516","164.38569206842922"
"2","60","5","false","25","0","202","100","171.49606299212599"
"10","60","5","false","25","0","253","100","172.85714285714286"
"13","60","5","false","25","5","123","99.17355371900827","173.63344051446944"
"5","60","5","false","25","0","232","100","169.89079563182528"
"16","60","5","false","25","5","104","97.2451790633609","164.69673405909796"
"18","60","5","false","25","5","8","17.17171717171717","30.01605136436597"
"15","60","5","false","25","5","77","82.82828282828282","143.63057324840764"
"10","60","5","false","25","0","254","100","172.85714285714286"
"2","60","5","false","25","0","203","100","171.49606299212599"
"9","60","5","false","25","0","209","100","169.09937888198758"
"13","60","5","false","25","5","124","99.17355371900827","173.63344051446944"
"16","60","5","false","25","5","105","97.52066115702479","165.16329704510107"
"5","60","5","false","25","0","233","100","169.89079563182528"
"2","60","5","false","25","0","204","100","171.49606299212599"
"13","60","5","false","25","5","125","99.17355371900827","173.63344051446944"
"18","60","5","false","25","5","9","18.824609733700644","32.90529695024077"
"9","60","5","false","25","0","210","100","169.09937888198758"
"15","60","5","false","25","5","78","84.02203856749311","145.70063694267517"
"10","60","5","false","25","0","255","100","172.85714285714286"
"16","60","5","false","25","5","106","97.70431588613407","165.47433903576982"
"16","60","5","false","25","5","107","97.7961432506887","165.62986003110422"
"5","60","5","false","25","0","234","100","169.89079563182528"
"15","60","5","false","25","5","79","85.49127640036731","148.2484076433121"
"2","60","5","false","25","0","205","100","171.49606299212599"
"13","60","5","false","25","5","126","99.17355371900827","173.63344051446944"
"9","60","5","false","25","0","211","100","169.09937888198758"
"10","60","5","false","25","0","256","100","172.85714285714286"
"18","60","5","false","25","5","10","20.293847566574836","35.47351524879615"
"16","60","5","false","25","5","108","97.7961432506887","165.62986003110422"
"5","60","5","false","25","0","235","100","169.89079563182528"
"2","60","5","false","25","0","206","100","171.49606299212599"
"10","60","5","false","25","0","257","100","172.85714285714286"
"16","60","5","false","25","5","109","98.07162534435263","166.09642301710733"
"19","60","5","false","25","5","0","1.6528925619834711","2.723146747352496"
"15","60","5","false","25","5","80","87.05234159779614","150.95541401273886"
"18","60","5","false","25","5","11","21.487603305785125","37.56019261637239"
"9","60","5","false","25","0","212","100","169.09937888198758"
"1","60","5","false","25","0","12","23.875114784205692","42.13938411669368"
"10","60","5","false","25","0","258","100","172.85714285714286"
"5","60","5","false","25","0","236","100","169.89079563182528"
"15","60","5","false","25","5","81","88.1542699724518","152.86624203821657"
"18","60","5","false","25","5","12","22.405876951331496","39.1653290529695"
"2","60","5","false","25","0","207","100","171.49606299212599"
"19","60","5","false","25","5","1","3.7649219467401287","6.202723146747353"
"16","60","5","false","25","5","110","98.07162534435263","166.09642301710733"
"9","60","5","false","25","0","213","100","169.09937888198758"
"16","60","5","false","25","5","111","98.5307621671258","166.87402799377915"
"10","60","5","false","25","0","259","100","172.85714285714286"
"15","60","5","false","25","5","82","88.98071625344353","154.29936305732483"
"19","60","5","false","25","5","2","6.244260789715335","10.287443267776098"
"16","60","5","false","25","5","112","98.71441689623508","167.18506998444792"
"18","60","5","false","25","5","13","23.783287419651057","41.57303370786517"
"2","60","5","false","25","0","208","100","171.49606299212599"
"10","60","5","false","25","0","260","100","172.85714285714286"
"16","60","5","false","25","5","113","98.89807162534436","167.49611197511663"
"9","60","5","false","25","0","214","100","169.09937888198758"
"5","60","5","false","25","0","237","100","169.89079563182528"
"15","60","5","false","25","5","83","89.62350780532599","155.4140127388535"
"18","60","5","false","25","5","14","24.793388429752067","43.33868378812199"
"10","60","5","false","25","0","261","100","172.85714285714286"
"19","60","5","false","25","5","3","8.999081726354454","14.826021180030258"
"16","60","5","false","25","5","114","98.98989898989899","167.651632970451"
"2","60","5","false","25","0","209","100","171.49606299212599"
"15","60","5","false","25","5","84","90.35812672176309","156.687898089172"
"9","60","5","false","25","0","215","100","169.09937888198758"
"16","60","5","false","25","5","115","98.98989898989899","167.651632970451"
"18","60","5","false","25","5","15","26.078971533516988","45.585874799357946"
"10","60","5","false","25","0","262","100","172.85714285714286"
"5","60","5","false","25","0","238","100","169.89079563182528"
"19","60","5","false","25","5","4","11.84573002754821","19.51588502269289"
"16","60","5","false","25","5","116","99.08172635445362","167.80715396578537"
"15","60","5","false","25","5","85","91.09274563820018","157.96178343949046"
"9","60","5","false","25","0","216","100","169.09937888198758"
"18","60","5","false","25","5","16","27.27272727272727","47.67255216693419"
"5","60","5","false","25","0","239","100","169.89079563182528"
"2","60","5","false","25","0","210","100","171.49606299212599"
"10","60","5","false","25","0","263","100","172.85714285714286"
"19","60","5","false","25","5","5","14.416896235078053","23.751891074130103"
"16","60","5","false","25","5","117","99.17355371900827","167.96267496111977"
"5","60","5","false","25","0","240","100","169.89079563182528"
"2","60","5","false","25","0","211","100","171.49606299212599"
"16","60","5","false","25","5","118","99.2653810835629","168.11819595645412"
"9","60","5","false","25","0","217","100","169.09937888198758"
"15","60","5","false","25","5","86","91.643709825528","158.9171974522293"
"10","60","5","false","25","0","264","100","172.85714285714286"
"16","60","5","false","25","5","119","99.2653810835629","168.11819595645412"
"18","60","5","false","25","5","17","28.650137741046834","50.08025682182986"
"19","60","5","false","25","5","6","17.079889807162534","28.139183055975792"
"5","60","5","false","25","0","241","100","169.89079563182528"
"18","60","5","false","25","5","18","29.75206611570248","52.00642054574639"
"10","60","5","false","25","0","265","100","172.85714285714286"
"16","60","5","false","25","5","120","99.35720844811755","168.2737169517885"
"2","60","5","false","25","0","212","100","171.49606299212599"
"9","60","5","false","25","0","218","100","169.09937888198758"
"15","60","5","false","25","5","87","92.56198347107438","160.5095541401274"
"18","60","5","false","25","5","19","30.670339761248854","53.6115569823435"
"19","60","5","false","25","5","7","19.55922865013774","32.22390317700454"
"5","60","5","false","25","0","242","100","169.89079563182528"
"16","60","5","false","25","5","121","99.44903581267218","168.42923794712286"
"18","60","5","false","25","5","20","31.129476584022036","54.41412520064205"
"10","60","5","false","25","0","266","100","172.85714285714286"
"15","60","5","false","25","5","88","93.48025711662076","162.10191082802547"
"9","60","5","false","25","0","219","100","169.09937888198758"
"19","60","5","false","25","5","8","22.03856749311295","36.30862329803328"
"2","60","5","false","25","0","213","100","171.49606299212599"
"16","60","5","false","25","5","122","99.44903581267218","168.42923794712286"
"5","60","5","false","25","0","243","100","169.89079563182528"
"10","60","5","false","25","0","267","100","172.85714285714286"
"16","60","5","false","25","5","123","99.44903581267218","168.42923794712286"
"18","60","5","false","25","5","21","31.496786042240586","55.0561797752809"
"9","60","5","false","25","0","220","100","169.09937888198758"
"15","60","5","false","25","5","89","94.5821854912764","164.01273885350318"
"2","60","5","false","25","0","214","100","171.49606299212599"
"19","60","5","false","25","5","9","24.242424242424242","39.93948562783661"
"10","60","5","false","25","0","268","100","172.85714285714286"
"16","60","5","false","25","5","124","99.44903581267218","168.42923794712286"
"18","60","5","false","25","5","22","31.955922865013775","55.85874799357945"
"5","60","5","false","25","0","244","100","169.89079563182528"
"15","60","5","false","25","5","90","95.40863177226814","165.44585987261146"
"16","60","5","false","25","5","125","99.44903581267218","168.42923794712286"
"2","60","5","false","25","0","215","100","171.49606299212599"
"9","60","5","false","25","0","221","100","169.09937888198758"
"18","60","5","false","25","5","23","32.323232323232325","56.5008025682183"
"19","60","5","false","25","5","10","26.997245179063363","44.47806354009077"
"16","60","5","false","25","5","126","99.44903581267218","168.42923794712286"
"5","60","5","false","25","0","245","100","169.89079563182528"
"10","60","5","false","25","0","269","100","172.85714285714286"
"1","60","5","false","25","0","13","24.242424242424242","42.78768233387358"
"16","60","5","false","25","5","127","99.54086317722681","168.58475894245723"
"10","60","5","false","25","0","270","100","172.85714285714286"
"15","60","5","false","25","5","91","96.51056014692378","167.35668789808918"
"5","60","5","false","25","0","246","100","169.89079563182528"
"19","60","5","false","25","5","11","28.650137741046834","47.20121028744327"
"2","60","5","false","25","0","216","100","171.49606299212599"
"18","60","5","false","25","5","24","32.87419651056015","57.46388443017657"
"9","60","5","false","25","0","222","100","169.09937888198758"
"16","60","5","false","25","5","128","99.54086317722681","168.58475894245723"
"10","60","5","false","25","0","271","100","172.85714285714286"
"5","60","5","false","25","0","247","100","169.89079563182528"
"19","60","5","false","25","5","12","30.11937557392103","49.62178517397882"
"15","60","5","false","25","5","92","97.2451790633609","168.63057324840764"
"18","60","5","false","25","5","25","33.608815426997246","58.74799357945425"
"10","60","5","false","25","0","272","100","172.85714285714286"
"16","60","5","false","25","5","129","99.54086317722681","168.58475894245723"
"9","60","5","false","25","0","223","100","169.09937888198758"
"2","60","5","false","25","0","217","100","171.49606299212599"
"16","60","5","false","25","5","130","99.54086317722681","168.58475894245723"
"10","60","5","false","25","0","273","100","172.85714285714286"
"16","60","5","false","25","5","131","99.54086317722681","168.58475894245723"
"15","60","5","false","25","5","93","97.61248852157944","169.2675159235669"
"5","60","5","false","25","0","248","100","169.89079563182528"
"19","60","5","false","25","5","13","31.40495867768595","51.73978819969742"
"18","60","5","false","25","5","26","34.43526170798898","60.19261637239165"
"9","60","5","false","25","0","224","100","169.09937888198758"
"10","60","5","false","25","0","274","100","172.85714285714286"
"2","60","5","false","25","0","218","100","171.49606299212599"
"16","60","5","false","25","5","132","99.54086317722681","168.58475894245723"
"5","60","5","false","25","0","249","100","169.89079563182528"
"19","60","5","false","25","5","14","32.69054178145087","53.857791225416044"
"16","60","5","false","25","5","133","99.54086317722681","168.58475894245723"
"18","60","5","false","25","5","27","35.62901744719926","62.2792937399679"
"15","60","5","false","25","5","94","97.61248852157944","169.2675159235669"
"9","60","5","false","25","0","225","100","169.09937888198758"
"10","60","5","false","25","0","275","100","172.85714285714286"
"2","60","5","false","25","0","219","100","171.49606299212599"
"16","60","5","false","25","5","134","99.63269054178146","168.7402799377916"
"18","60","5","false","25","5","28","37.1900826446281","65.00802568218299"
"5","60","5","false","25","0","250","100","169.89079563182528"
"19","60","5","false","25","5","15","33.79247015610652","55.6732223903177"
"16","60","5","false","25","5","135","99.63269054178146","168.7402799377916"
"15","60","5","false","25","5","95","97.61248852157944","169.2675159235669"
"9","60","5","false","25","0","226","100","169.09937888198758"
"10","60","5","false","25","0","276","100","172.85714285714286"
"16","60","5","false","25","5","136","99.63269054178146","168.7402799377916"
"5","60","5","false","25","0","251","100","169.89079563182528"
"2","60","5","false","25","0","220","100","171.49606299212599"
"19","60","5","false","25","5","16","34.9862258953168","57.639939485627835"
"18","60","5","false","25","5","29","38.9348025711662","68.0577849117175"
"16","60","5","false","25","5","137","99.63269054178146","168.7402799377916"
"10","60","5","false","25","0","277","100","172.85714285714286"
"16","60","5","false","25","5","138","99.63269054178146","168.7402799377916"
"9","60","5","false","25","0","227","100","169.09937888198758"
"15","60","5","false","25","5","96","97.61248852157944","169.2675159235669"
"5","60","5","false","25","0","252","100","169.89079563182528"
"18","60","5","false","25","5","30","40.86317722681359","71.42857142857143"
"16","60","5","false","25","5","139","99.63269054178146","168.7402799377916"
"2","60","5","false","25","0","221","100","171.49606299212599"
"10","60","5","false","25","0","278","100","172.85714285714286"
"19","60","5","false","25","5","17","36.08815426997245","59.4553706505295"
"16","60","5","false","25","5","140","99.72451790633609","168.89580093312597"
"9","60","5","false","25","0","228","100","169.09937888198758"
"16","60","5","false","25","5","141","99.72451790633609","168.89580093312597"
"18","60","5","false","25","5","31","43.15886134067952","75.4414125200642"
"15","60","5","false","25","5","97","97.70431588613407","169.4267515923567"
"5","60","5","false","25","0","253","100","169.89079563182528"
"10","60","5","false","25","0","279","100","172.85714285714286"
"2","60","5","false","25","0","222","100","171.49606299212599"
"9","60","5","false","25","0","229","100","169.09937888198758"
"19","60","5","false","25","5","18","37.09825528007346","61.11951588502269"
"16","60","5","false","25","5","142","99.72451790633609","168.89580093312597"
"18","60","5","false","25","5","32","45.17906336088154","78.97271268057786"
"5","60","5","false","25","0","254","100","169.89079563182528"
"15","60","5","false","25","5","98","97.70431588613407","169.4267515923567"
"19","60","5","false","25","5","19","38.20018365472911","62.93494704992436"
"10","60","5","false","25","0","280","100","172.85714285714286"
"2","60","5","false","25","0","223","100","171.49606299212599"
"9","60","5","false","25","0","230","100","169.09937888198758"
"16","60","5","false","25","5","143","99.72451790633609","168.89580093312597"
"18","60","5","false","25","5","33","46.464646464646464","81.2199036918138"
"19","60","5","false","25","5","20","39.21028466483012","64.59909228441755"
"16","60","5","false","25","5","144","99.72451790633609","168.89580093312597"
"15","60","5","false","25","5","99","97.70431588613407","169.4267515923567"
"9","60","5","false","25","0","231","100","169.09937888198758"
"2","60","5","false","25","0","224","100","171.49606299212599"
"10","60","5","false","25","0","281","100","172.85714285714286"
"5","60","5","false","25","0","255","100","169.89079563182528"
"19","60","5","false","25","5","21","40.31221303948577","66.41452344931922"
"18","60","5","false","25","5","34","47.750229568411385","83.46709470304975"
"9","60","5","false","25","0","232","100","169.09937888198758"
"16","60","5","false","25","5","145","99.72451790633609","168.89580093312597"
"15","60","5","false","25","5","100","97.70431588613407","169.4267515923567"
"18","60","5","false","25","5","35","48.852157943067034","85.39325842696628"
"2","60","5","false","25","0","225","100","171.49606299212599"
"16","60","5","false","25","5","146","99.72451790633609","168.89580093312597"
"9","60","5","false","25","0","233","100","169.09937888198758"
"10","60","5","false","25","0","282","100","172.85714285714286"
"19","60","5","false","25","5","22","41.32231404958678","68.07866868381241"
"5","60","5","false","25","0","256","100","169.89079563182528"
"15","60","5","false","25","5","101","97.70431588613407","169.4267515923567"
"16","60","5","false","25","5","147","99.72451790633609","168.89580093312597"
"10","60","5","false","25","0","283","100","172.85714285714286"
"9","60","5","false","25","0","234","100","169.09937888198758"
"2","60","5","false","25","0","226","100","171.49606299212599"
"18","60","5","false","25","5","36","49.67860422405877","86.8378812199037"
"5","60","5","false","25","0","257","100","169.89079563182528"
"19","60","5","false","25","5","23","42.69972451790633","70.34795763993948"
"16","60","5","false","25","5","148","99.72451790633609","168.89580093312597"
"2","60","5","false","25","0","227","100","171.49606299212599"
"9","60","5","false","25","0","235","100","169.09937888198758"
"10","60","5","false","25","0","284","100","172.85714285714286"
"20","60","5","false","25","5","0","1.7447199265381086","2.959501557632399"
"16","60","5","false","25","5","149","99.72451790633609","168.89580093312597"
"18","60","5","false","25","5","37","50.78053259871441","88.76404494382022"
"5","60","5","false","25","0","258","100","169.89079563182528"
"19","60","5","false","25","5","24","43.52617079889807","71.70953101361573"
"16","60","5","false","25","5","150","99.81634527089072","169.05132192846034"
"1","60","5","false","25","0","14","24.793388429752067","43.76012965964344"
"10","60","5","false","25","0","285","100","172.85714285714286"
"2","60","5","false","25","0","228","100","171.49606299212599"
"20","60","5","false","25","5","1","3.7649219467401287","6.386292834890965"
"18","60","5","false","25","5","38","51.974288337924705","90.85072231139647"
"19","60","5","false","25","5","25","44.26078971533517","72.91981845688352"
"16","60","5","false","25","5","151","99.81634527089072","169.05132192846034"
"5","60","5","false","25","0","259","100","169.89079563182528"
"9","60","5","false","25","0","236","100","169.09937888198758"
"2","60","5","false","25","0","229","100","171.49606299212599"
"10","60","5","false","25","0","286","100","172.85714285714286"
"19","60","5","false","25","5","26","44.995408631772264","74.13010590015129"
"16","60","5","false","25","5","152","99.81634527089072","169.05132192846034"
"20","60","5","false","25","5","2","6.336088154269973","10.74766355140187"
"5","60","5","false","25","0","260","100","169.89079563182528"
"18","60","5","false","25","5","39","53.07621671258035","92.776886035313"
"2","60","5","false","25","0","230","100","171.49606299212599"
"9","60","5","false","25","0","237","100","169.09937888198758"
"16","60","5","false","25","5","153","99.90817263544535","169.2068429237947"
"20","60","5","false","25","5","3","8.539944903581267","14.485981308411214"
"10","60","5","false","25","0","287","100","172.85714285714286"
"19","60","5","false","25","5","27","45.91368227731864","75.642965204236"
"5","60","5","false","25","0","261","100","169.89079563182528"
"18","60","5","false","25","5","40","54.45362718089991","95.18459069020867"
"9","60","5","false","25","0","238","100","169.09937888198758"
"16","60","5","false","25","5","154","99.90817263544535","169.2068429237947"
"5","60","5","false","25","0","262","100","169.89079563182528"
"10","60","5","false","25","0","288","100","172.85714285714286"
"2","60","5","false","25","0","231","100","171.49606299212599"
"16","60","5","false","25","5","155","100","169.36236391912908"
"20","60","5","false","25","5","4","10.192837465564738","17.289719626168225"
"18","60","5","false","25","5","41","55.64738292011019","97.27126805778491"
"19","60","5","false","25","5","28","47.015610651974285","77.45839636913767"
"5","60","5","false","25","0","263","100","169.89079563182528"
"10","60","5","false","25","0","289","100","172.85714285714286"
"16","60","5","false","25","5","156","100","169.36236391912908"
"9","60","5","false","25","0","239","100","169.09937888198758"
"2","60","5","false","25","0","232","100","171.49606299212599"
"16","60","5","false","25","5","157","100","169.36236391912908"
"5","60","5","false","25","0","264","100","169.89079563182528"
"20","60","5","false","25","5","5","11.84573002754821","20.093457943925234"
"18","60","5","false","25","5","42","57.3921028466483","100.32102728731942"
"19","60","5","false","25","5","29","48.301193755739206","79.57639939485628"
"10","60","5","false","25","0","290","100","172.85714285714286"
"16","60","5","false","25","5","158","100","169.36236391912908"
"9","60","5","false","25","0","240","100","169.09937888198758"
"2","60","5","false","25","0","233","100","171.49606299212599"
"5","60","5","false","25","0","265","100","169.89079563182528"
"16","60","5","false","25","5","159","100","169.36236391912908"
"10","60","5","false","25","0","291","100","172.85714285714286"
"19","60","5","false","25","5","30","49.494949494949495","81.54311649016641"
"18","60","5","false","25","5","43","58.67768595041323","102.56821829855538"
"20","60","5","false","25","5","6","13.957759412304869","23.67601246105919"
"16","60","5","false","25","5","160","100","169.36236391912908"
"5","60","5","false","25","0","266","100","169.89079563182528"
"16","60","5","false","25","5","161","100","169.36236391912908"
"2","60","5","false","25","0","234","100","171.49606299212599"
"9","60","5","false","25","0","241","100","169.09937888198758"
"10","60","5","false","25","0","292","100","172.85714285714286"
"18","60","5","false","25","5","44","60.05509641873278","104.97592295345103"
"19","60","5","false","25","5","31","50.78053259871441","83.66111951588502"
"5","60","5","false","25","0","267","100","169.89079563182528"
"16","60","5","false","25","5","162","100","169.36236391912908"
"20","60","5","false","25","5","7","15.5188246097337","26.323987538940806"
"16","60","5","false","25","5","163","100","169.36236391912908"
"19","60","5","false","25","5","32","52.066115702479344","85.77912254160364"
"16","60","5","false","25","5","164","100","169.36236391912908"
"10","60","5","false","25","0","293","100","172.85714285714286"
"9","60","5","false","25","0","242","100","169.09937888198758"
"5","60","5","false","25","0","268","100","169.89079563182528"
"2","60","5","false","25","0","235","100","171.49606299212599"
"18","60","5","false","25","5","45","61.89164370982553","108.18619582664526"
"20","60","5","false","25","5","8","17.079889807162534","28.971962616822427"
"16","60","5","false","25","5","165","100","169.36236391912908"
"10","60","5","false","25","0","294","100","172.85714285714286"
"18","60","5","false","25","5","46","63.72819100091828","111.39646869983947"
"16","60","5","false","25","5","166","100","169.36236391912908"
"5","60","5","false","25","0","269","100","169.89079563182528"
"19","60","5","false","25","5","33","53.168044077134994","87.5945537065053"
"9","60","5","false","25","0","243","100","169.09937888198758"
"16","60","5","false","25","5","167","100","169.36236391912908"
"2","60","5","false","25","0","236","100","171.49606299212599"
"10","60","5","false","25","0","295","100","172.85714285714286"
"18","60","5","false","25","5","47","64.92194674012856","113.48314606741575"
"16","60","5","false","25","5","168","100","169.36236391912908"
"5","60","5","false","25","0","270","100","169.89079563182528"
"20","60","5","false","25","5","9","18.732782369146005","31.775700934579437"
"9","60","5","false","25","0","244","100","169.09937888198758"
"19","60","5","false","25","5","34","53.994490358126725","88.95612708018155"
"16","60","5","false","25","5","169","100","169.36236391912908"
"2","60","5","false","25","0","237","100","171.49606299212599"
"10","60","5","false","25","0","296","100","172.85714285714286"
"16","60","5","false","25","5","170","100","169.36236391912908"
"20","60","5","false","25","5","10","20.2020202020202","34.26791277258567"
"5","60","5","false","25","0","271","100","169.89079563182528"
"19","60","5","false","25","5","35","55.46372819100092","91.37670196671709"
"18","60","5","false","25","5","48","65.84022038567493","115.08828250401284"
"9","60","5","false","25","0","245","100","169.09937888198758"
"16","60","5","false","25","5","171","100","169.36236391912908"
"10","60","5","false","25","0","297","100","172.85714285714286"
"2","60","5","false","25","0","238","100","171.49606299212599"
"20","60","5","false","25","5","11","22.03856749311295","37.38317757009346"
"16","60","5","false","25","5","172","100","169.36236391912908"
"5","60","5","false","25","0","272","100","169.89079563182528"
"9","60","5","false","25","0","246","100","169.09937888198758"
"18","60","5","false","25","5","49","66.66666666666666","116.53290529695025"
"19","60","5","false","25","5","36","57.116620752984396","94.0998487140696"
"10","60","5","false","25","0","298","100","172.85714285714286"
"16","60","5","false","25","5","173","100","169.36236391912908"
"2","60","5","false","25","0","239","100","171.49606299212599"
"20","60","5","false","25","5","12","24.609733700642792","41.74454828660436"
"5","60","5","false","25","0","273","100","169.89079563182528"
"9","60","5","false","25","0","247","100","169.09937888198758"
"16","60","5","false","25","5","174","100","169.36236391912908"
"19","60","5","false","25","5","37","58.76951331496786","96.8229954614221"
"2","60","5","false","25","0","240","100","171.49606299212599"
"10","60","5","false","25","0","299","100","172.85714285714286"
"18","60","5","false","25","5","50","67.67676767676768","118.29855537720707"
"16","60","5","false","25","5","175","100","169.36236391912908"
"20","60","5","false","25","5","13","27.364554637281913","46.41744548286604"
"5","60","5","false","25","0","274","100","169.89079563182528"
"16","60","5","false","25","5","176","100","169.36236391912908"
"9","60","5","false","25","0","248","100","169.09937888198758"
"16","60","5","false","25","5","177","100","169.36236391912908"
"18","60","5","false","25","5","51","68.9623507805326","120.54574638844302"
"19","60","5","false","25","5","38","59.87144168962351","98.63842662632375"
"20","60","5","false","25","5","14","29.38475665748393","49.84423676012461"
"2","60","5","false","25","0","241","100","171.49606299212599"
"16","60","5","false","25","5","178","100","169.36236391912908"
"10","60","5","false","25","0","300","100","172.85714285714286"
"9","60","5","false","25","0","249","100","169.09937888198758"
"5","60","5","false","25","0","275","100","169.89079563182528"
"20","60","5","false","25","5","15","31.588613406795226","53.58255451713395"
"16","60","5","false","25","5","179","100","169.36236391912908"
"18","60","5","false","25","5","52","69.60514233241506","121.669341894061"
"16","60","5","false","25","5","180","100","169.36236391912908"
"10","60","5","false","25","0","301","100","172.85714285714286"
"5","60","5","false","25","0","276","100","169.89079563182528"
"2","60","5","false","25","0","242","100","171.49606299212599"
"9","60","5","false","25","0","250","100","169.09937888198758"
"19","60","5","false","25","5","39","60.88154269972452","100.30257186081695"
"16","60","5","false","25","5","181","100","169.36236391912908"
"1","60","5","false","25","0","15","25.436179981634528","44.89465153970826"
"2","60","5","false","25","0","243","100","171.49606299212599"
"18","60","5","false","25","5","53","70.33976124885216","122.95345104333867"
"20","60","5","false","25","5","16","33.79247015610652","57.3208722741433"
"5","60","5","false","25","0","277","100","169.89079563182528"
"16","60","5","false","25","5","182","100","169.36236391912908"
"10","60","5","false","25","0","302","100","172.85714285714286"
"9","60","5","false","25","0","251","100","169.09937888198758"
"16","60","5","false","25","5","183","100","169.36236391912908"
"19","60","5","false","25","5","40","61.70798898071625","101.66414523449319"
"16","60","5","false","25","5","184","100","169.36236391912908"
"20","60","5","false","25","5","17","35.62901744719926","60.43613707165109"
"10","60","5","false","25","0","303","100","172.85714285714286"
"5","60","5","false","25","0","278","100","169.89079563182528"
"18","60","5","false","25","5","54","70.98255280073462","124.07704654895666"
"2","60","5","false","25","0","244","100","171.49606299212599"
"16","60","5","false","25","5","185","100","169.36236391912908"
"9","60","5","false","25","0","252","100","169.09937888198758"
"19","60","5","false","25","5","41","62.62626262626263","103.17700453857792"
"16","60","5","false","25","5","186","100","169.36236391912908"
"10","60","5","false","25","0","304","100","172.85714285714286"
"5","60","5","false","25","0","279","100","169.89079563182528"
"16","60","5","false","25","5","187","100","169.36236391912908"
"20","60","5","false","25","5","18","37.55739210284665","63.70716510903427"
"18","60","5","false","25","5","55","71.71717171717171","125.36115569823434"
"2","60","5","false","25","0","245","100","171.49606299212599"
"9","60","5","false","25","0","253","100","169.09937888198758"
"19","60","5","false","25","5","42","63.17722681359045","104.08472012102874"
"16","60","5","false","25","5","188","100","169.36236391912908"
"10","60","5","false","25","0","305","100","172.85714285714286"
"16","60","5","false","25","5","189","100","169.36236391912908"
"2","60","5","false","25","0","246","100","171.49606299212599"
"5","60","5","false","25","0","280","100","169.89079563182528"
"9","60","5","false","25","0","254","100","169.09937888198758"
"18","60","5","false","25","5","56","73.00275482093664","127.6083467094703"
"20","60","5","false","25","5","19","39.76124885215794","67.44548286604362"
"16","60","5","false","25","5","190","100","169.36236391912908"
"19","60","5","false","25","5","43","63.820018365472905","105.14372163388805"
"16","60","5","false","25","5","191","100","169.36236391912908"
"10","60","5","false","25","0","306","100","172.85714285714286"
"5","60","5","false","25","0","281","100","169.89079563182528"
"16","60","5","false","25","5","192","100","169.36236391912908"
"9","60","5","false","25","0","255","100","169.09937888198758"
"2","60","5","false","25","0","247","100","171.49606299212599"
"18","60","5","false","25","5","57","74.28833792470157","129.85553772070625"
"16","60","5","false","25","5","193","100","169.36236391912908"
"20","60","5","false","25","5","20","41.8732782369146","71.02803738317756"
"19","60","5","false","25","5","44","64.2791551882461","105.9001512859304"
"16","60","5","false","25","5","194","100","169.36236391912908"
"5","60","5","false","25","0","282","100","169.89079563182528"
"10","60","5","false","25","0","307","100","172.85714285714286"
"16","60","5","false","25","5","195","100","169.36236391912908"
"18","60","5","false","25","5","58","75.48209366391184","131.9422150882825"
"16","60","5","false","25","5","196","100","169.36236391912908"
"19","60","5","false","25","5","45","64.92194674012856","106.95915279878972"
"9","60","5","false","25","0","256","100","169.09937888198758"
"2","60","5","false","25","0","248","100","171.49606299212599"
"20","60","5","false","25","5","21","43.34251606978879","73.5202492211838"
"16","60","5","false","25","5","197","100","169.36236391912908"
"5","60","5","false","25","0","283","100","169.89079563182528"
"10","60","5","false","25","0","308","100","172.85714285714286"
"18","60","5","false","25","5","59","76.67584940312213","134.02889245585874"
"16","60","5","false","25","5","198","100","169.36236391912908"
"19","60","5","false","25","5","46","65.84022038567493","108.47201210287443"
"16","60","5","false","25","5","199","100","169.36236391912908"
"20","60","5","false","25","5","22","44.71992653810835","75.85669781931465"
"16","60","5","false","25","5","200","100","169.36236391912908"
"9","60","5","false","25","0","257","100","169.09937888198758"
"2","60","5","false","25","0","249","100","171.49606299212599"
"5","60","5","false","25","0","284","100","169.89079563182528"
"10","60","5","false","25","0","309","100","172.85714285714286"
"16","60","5","false","25","5","201","100","169.36236391912908"
"18","60","5","false","25","5","60","78.42056932966024","137.07865168539325"
"16","60","5","false","25","5","202","100","169.36236391912908"
"19","60","5","false","25","5","47","66.57483930211203","109.68229954614222"
"2","60","5","false","25","0","250","100","171.49606299212599"
"20","60","5","false","25","5","23","45.73002754820937","77.57009345794393"
"16","60","5","false","25","5","203","100","169.36236391912908"
"9","60","5","false","25","0","258","100","169.09937888198758"
"19","60","5","false","25","5","48","67.12580348943985","110.59001512859304"
"16","60","5","false","25","5","204","100","169.36236391912908"
"5","60","5","false","25","0","285","100","169.89079563182528"
"10","60","5","false","25","0","310","100","172.85714285714286"
"18","60","5","false","25","5","61","80.0734618916437","139.96789727126807"
"16","60","5","false","25","5","205","100","169.36236391912908"
"19","60","5","false","25","5","49","67.4931129476584","111.19515885022693"
"16","60","5","false","25","5","206","100","169.36236391912908"
"20","60","5","false","25","5","24","46.28099173553719","78.50467289719626"
"2","60","5","false","25","0","251","100","171.49606299212599"
"9","60","5","false","25","0","259","100","169.09937888198758"
"5","60","5","false","25","0","286","100","169.89079563182528"
"16","60","5","false","25","5","207","100","169.36236391912908"
"16","60","5","false","25","5","208","100","169.36236391912908"
"19","60","5","false","25","5","50","67.58494031221304","111.3464447806354"
"16","60","5","false","25","5","209","100","169.36236391912908"
"10","60","5","false","25","0","311","100","172.85714285714286"
"18","60","5","false","25","5","62","81.08356290174473","141.7335473515249"
"16","60","5","false","25","5","210","100","169.36236391912908"
"1","60","5","false","25","0","16","25.987144168962352","45.86709886547812"
"9","60","5","false","25","0","260","100","169.09937888198758"
"2","60","5","false","25","0","252","100","171.49606299212599"
"19","60","5","false","25","5","51","68.13590449954087","112.25416036308624"
"20","60","5","false","25","5","25","46.74012855831038","79.2834890965732"
"5","60","5","false","25","0","287","100","169.89079563182528"
"16","60","5","false","25","5","211","100","169.36236391912908"
"10","60","5","false","25","0","312","100","172.85714285714286"
"18","60","5","false","25","5","63","82.09366391184572","143.4991974317817"
"16","60","5","false","25","5","212","100","169.36236391912908"
"2","60","5","false","25","0","253","100","171.49606299212599"
"16","60","5","false","25","5","213","100","169.36236391912908"
"19","60","5","false","25","5","52","68.87052341597796","113.464447806354"
"16","60","5","false","25","5","214","100","169.36236391912908"
"5","60","5","false","25","0","288","100","169.89079563182528"
"9","60","5","false","25","0","261","100","169.09937888198758"
"10","60","5","false","25","0","313","100","172.85714285714286"
"18","60","5","false","25","5","64","82.73645546372819","144.62279293739968"
"20","60","5","false","25","5","26","47.015610651974285","79.75077881619937"
"16","60","5","false","25","5","215","100","169.36236391912908"
"2","60","5","false","25","0","254","100","171.49606299212599"
"16","60","5","false","25","5","216","100","169.36236391912908"
"19","60","5","false","25","5","53","69.60514233241506","114.67473524962179"
"16","60","5","false","25","5","217","100","169.36236391912908"
"10","60","5","false","25","0","314","100","172.85714285714286"
"16","60","5","false","25","5","218","100","169.36236391912908"
"5","60","5","false","25","0","289","100","169.89079563182528"
"16","60","5","false","25","5","219","100","169.36236391912908"
"9","60","5","false","25","0","262","100","169.09937888198758"
"16","60","5","false","25","5","220","100","169.36236391912908"
"18","60","5","false","25","5","65","84.20569329660239","147.19101123595507"
"20","60","5","false","25","5","27","47.19926538108356","80.06230529595015"
"19","60","5","false","25","5","54","70.52341597796143","116.1875945537065"
"5","60","5","false","25","0","290","100","169.89079563182528"
"2","60","5","false","25","0","255","100","171.49606299212599"
"10","60","5","false","25","0","315","100","172.85714285714286"
"19","60","5","false","25","5","55","71.16620752984389","117.2465960665658"
"9","60","5","false","25","0","263","100","169.09937888198758"
"21","60","5","false","25","25","0","1.8365472910927456","3.1347962382445136"
"2","60","5","false","25","0","256","100","171.49606299212599"
"20","60","5","false","25","5","28","47.2910927456382","80.21806853582555"
"18","60","5","false","25","5","66","85.58310376492194","149.5987158908507"
"21","60","5","false","25","25","1","4.40771349862259","7.523510971786834"
"19","60","5","false","25","5","56","71.71717171717171","118.15431164901665"
"5","60","5","false","25","0","291","100","169.89079563182528"
"10","60","5","false","25","0","316","100","172.85714285714286"
"21","60","5","false","25","25","2","6.519742883379247","11.128526645768025"
"9","60","5","false","25","0","264","100","169.09937888198758"
"21","60","5","false","25","25","3","8.999081726354454","15.360501567398119"
"2","60","5","false","25","0","257","100","171.49606299212599"
"19","60","5","false","25","5","57","72.26813590449954","119.06202723146748"
"20","60","5","false","25","5","29","47.56657483930211","80.68535825545172"
"21","60","5","false","25","25","4","11.11111111111111","18.96551724137931"
"18","60","5","false","25","5","67","86.77685950413223","151.68539325842696"
"10","60","5","false","25","0","317","100","172.85714285714286"
"9","60","5","false","25","0","265","100","169.09937888198758"
"21","60","5","false","25","25","5","12.672176308539946","21.630094043887148"
"5","60","5","false","25","0","292","100","169.89079563182528"
"21","60","5","false","25","25","6","13.86593204775023","23.667711598746084"
"2","60","5","false","25","0","258","100","171.49606299212599"
"21","60","5","false","25","25","7","15.059687786960515","25.705329153605017"
"20","60","5","false","25","5","30","47.842056932966024","81.15264797507788"
"19","60","5","false","25","5","58","73.27823691460054","120.72617246596067"
"21","60","5","false","25","25","8","16.2534435261708","27.74294670846395"
"9","60","5","false","25","0","266","100","169.09937888198758"
"5","60","5","false","25","0","293","100","169.89079563182528"
"18","60","5","false","25","5","68","87.69513314967861","153.29052969502408"
"21","60","5","false","25","25","9","16.988062442607895","28.996865203761757"
"10","60","5","false","25","0","318","100","172.85714285714286"
"21","60","5","false","25","25","10","17.63085399449036","30.094043887147336"
"21","60","5","false","25","25","11","18.181818181818183","31.03448275862069"
"21","60","5","false","25","25","12","18.91643709825528","32.288401253918494"
"2","60","5","false","25","0","259","100","171.49606299212599"
"20","60","5","false","25","5","31","48.301193755739206","81.93146417445483"
"21","60","5","false","25","25","13","19.92653810835629","34.01253918495298"
"5","60","5","false","25","0","294","100","169.89079563182528"
"10","60","5","false","25","0","319","100","172.85714285714286"
"19","60","5","false","25","5","59","74.19651056014692","122.23903177004539"
"21","60","5","false","25","25","14","21.028466483011936","35.893416927899686"
"9","60","5","false","25","0","267","100","169.09937888198758"
"18","60","5","false","25","5","69","88.88888888888889","155.37720706260032"
"21","60","5","false","25","25","15","22.130394857667586","37.774294670846395"
"2","60","5","false","25","0","260","100","171.49606299212599"
"10","60","5","false","25","0","320","100","172.85714285714286"
"21","60","5","false","25","25","16","23.324150596877868","39.811912225705335"
"19","60","5","false","25","5","60","75.29843893480258","124.05446293494704"
"20","60","5","false","25","5","32","48.668503213957756","82.55451713395638"
"18","60","5","false","25","5","70","89.80716253443526","156.98234349919744"
"21","60","5","false","25","25","17","24.517906336088156","41.84952978056427"
"5","60","5","false","25","0","295","100","169.89079563182528"
"21","60","5","false","25","25","18","25.71166207529844","43.8871473354232"
"9","60","5","false","25","0","268","100","169.09937888198758"
"19","60","5","false","25","5","61","76.85950413223141","126.62632375189106"
"21","60","5","false","25","25","19","26.813590449954088","45.76802507836991"
"18","60","5","false","25","5","71","90.9090909090909","158.90850722311396"
"21","60","5","false","25","25","20","28.007346189164373","47.80564263322884"
"5","60","5","false","25","0","296","100","169.89079563182528"
"2","60","5","false","25","0","261","100","171.49606299212599"
"10","60","5","false","25","0","321","100","172.85714285714286"
"20","60","5","false","25","5","33","49.127640036730945","83.33333333333334"
"21","60","5","false","25","25","21","28.92561983471074","49.3730407523511"
"19","60","5","false","25","5","62","77.77777777777779","128.1391830559758"
"9","60","5","false","25","0","269","100","169.09937888198758"
"21","60","5","false","25","25","22","29.935720844811755","51.09717868338558"
"18","60","5","false","25","5","72","91.46005509641874","159.87158908507223"
"21","60","5","false","25","25","23","30.76216712580349","52.507836990595614"
"5","60","5","false","25","0","297","100","169.89079563182528"
"20","60","5","false","25","5","34","49.770431588613405","84.42367601246106"
"2","60","5","false","25","0","262","100","171.49606299212599"
"21","60","5","false","25","25","24","31.496786042240586","53.76175548589342"
"10","60","5","false","25","0","322","100","172.85714285714286"
"21","60","5","false","25","25","25","32.598714416896236","55.64263322884012"
"9","60","5","false","25","0","270","100","169.09937888198758"
"19","60","5","false","25","5","63","78.60422405876952","129.50075642965203"
"5","60","5","false","25","0","298","100","169.89079563182528"
"21","60","5","false","25","25","26","33.700642791551886","57.52351097178683"
"18","60","5","false","25","5","73","92.19467401285583","161.15569823434993"
"21","60","5","false","25","25","27","34.61891643709826","59.09090909090909"
"19","60","5","false","25","5","64","79.88980716253444","131.61875945537065"
"5","60","5","false","25","0","299","100","169.89079563182528"
"20","60","5","false","25","5","35","50.688705234159784","85.98130841121495"
"2","60","5","false","25","0","263","100","171.49606299212599"
"21","60","5","false","25","25","28","35.90449954086318","61.28526645768025"
"10","60","5","false","25","0","323","100","172.85714285714286"
"21","60","5","false","25","25","29","36.91460055096419","63.00940438871473"
"9","60","5","false","25","0","271","100","169.09937888198758"
"21","60","5","false","25","25","30","38.10835629017447","65.04702194357367"
"18","60","5","false","25","5","74","92.8374655647383","162.2792937399679"
"21","60","5","false","25","25","31","39.30211202938476","67.0846394984326"
"5","60","5","false","25","0","300","100","169.89079563182528"
"21","60","5","false","25","25","32","40.86317722681359","69.74921630094045"
"19","60","5","false","25","5","65","80.99173553719008","133.43419062027232"
"20","60","5","false","25","5","36","51.790633608815426","87.85046728971963"
"9","60","5","false","25","0","272","100","169.09937888198758"
"21","60","5","false","25","25","33","42.05693296602387","71.78683385579937"
"2","60","5","false","25","0","264","100","171.49606299212599"
"10","60","5","false","25","0","324","100","172.85714285714286"
"5","60","5","false","25","0","301","100","169.89079563182528"
"18","60","5","false","25","5","75","92.92929292929293","162.4398073836276"
"21","60","5","false","25","25","34","43.70982552800734","74.60815047021944"
"20","60","5","false","25","5","37","52.80073461891644","89.56386292834891"
"21","60","5","false","25","25","35","45.63820018365473","77.89968652037618"
"2","60","5","false","25","0","265","100","171.49606299212599"
"21","60","5","false","25","25","36","47.56657483930211","81.19122257053291"
"10","60","5","false","25","0","325","100","172.85714285714286"
"19","60","5","false","25","5","66","82.18549127640037","135.40090771558243"
"21","60","5","false","25","25","37","49.311294765840216","84.1692789968652"
"9","60","5","false","25","0","273","100","169.09937888198758"
"18","60","5","false","25","5","76","93.20477502295684","162.92134831460675"
"5","60","5","false","25","0","302","100","169.89079563182528"
"21","60","5","false","25","25","38","50.78053259871441","86.67711598746082"
"20","60","5","false","25","5","38","54.08631772268136","91.74454828660437"
"1","60","5","false","25","0","17","26.813590449954088","47.3257698541329"
"2","60","5","false","25","0","266","100","171.49606299212599"
"10","60","5","false","25","0","326","100","172.85714285714286"
"21","60","5","false","25","25","39","52.708907254361804","89.96865203761756"
"21","60","5","false","25","25","40","54.45362718089991","92.94670846394985"
"20","60","5","false","25","5","39","55.188246097337","93.61370716510903"
"21","60","5","false","25","25","41","56.10651974288338","95.7680250783699"
"18","60","5","false","25","5","77","93.29660238751147","163.08186195826647"
"5","60","5","false","25","0","303","100","169.89079563182528"
"21","60","5","false","25","25","42","57.759412304866856","98.58934169278997"
"9","60","5","false","25","0","274","100","169.09937888198758"
"19","60","5","false","25","5","67","82.92011019283747","136.61119515885022"
"21","60","5","false","25","25","43","59.68778696051423","101.88087774294672"
"2","60","5","false","25","0","267","100","171.49606299212599"
"10","60","5","false","25","0","327","100","172.85714285714286"
"19","60","5","false","25","5","68","83.7465564738292","137.97276853252646"
"21","60","5","false","25","25","44","60.97337006427915","104.07523510971788"
"21","60","5","false","25","25","45","62.35078053259871","106.42633228840126"
"21","60","5","false","25","25","46","63.54453627180901","108.4639498432602"
"20","60","5","false","25","5","40","56.84113865932048","96.41744548286604"
"18","60","5","false","25","5","78","93.75573921028466","163.884430176565"
"9","60","5","false","25","0","275","100","169.09937888198758"
"5","60","5","false","25","0","304","100","169.89079563182528"
"21","60","5","false","25","25","47","65.28925619834712","111.44200626959248"
"19","60","5","false","25","5","69","84.94031221303948","139.9394856278366"
"2","60","5","false","25","0","268","100","171.49606299212599"
"21","60","5","false","25","25","48","67.03397612488521","114.42006269592477"
"10","60","5","false","25","0","328","100","172.85714285714286"
"20","60","5","false","25","5","41","59.13682277318642","100.31152647975077"
"5","60","5","false","25","0","305","100","169.89079563182528"
"21","60","5","false","25","25","49","68.9623507805326","117.7115987460815"
"18","60","5","false","25","5","79","93.93939393939394","164.20545746388444"
"19","60","5","false","25","5","70","85.9504132231405","141.60363086232982"
"9","60","5","false","25","0","276","100","169.09937888198758"
"21","60","5","false","25","25","50","70.61524334251607","120.53291536050156"
"18","60","5","false","25","5","80","94.03122130394857","164.36597110754414"
"21","60","5","false","25","25","51","72.08448117539027","123.04075235109717"
"20","60","5","false","25","5","42","61.24885215794307","103.89408099688472"
"10","60","5","false","25","0","329","100","172.85714285714286"
"2","60","5","false","25","0","269","100","171.49606299212599"
"5","60","5","false","25","0","306","100","169.89079563182528"
"21","60","5","false","25","25","52","73.27823691460054","125.07836990595611"
"19","60","5","false","25","5","71","87.69513314967861","144.47806354009077"
"21","60","5","false","25","25","53","74.28833792470157","126.80250783699059"
"20","60","5","false","25","5","43","63.63636363636363","107.94392523364486"
"18","60","5","false","25","5","81","94.03122130394857","164.36597110754414"
"10","60","5","false","25","0","330","100","172.85714285714286"
"9","60","5","false","25","0","277","100","169.09937888198758"
"21","60","5","false","25","25","54","75.8494031221304","129.46708463949844"
"5","60","5","false","25","0","307","100","169.89079563182528"
"2","60","5","false","25","0","270","100","171.49606299212599"
"21","60","5","false","25","25","55","77.22681359044995","131.8181818181818"
"18","60","5","false","25","5","82","94.03122130394857","164.36597110754414"
"19","60","5","false","25","5","72","89.07254361799816","146.74735249621784"
"21","60","5","false","25","25","56","78.32874196510559","133.69905956112854"
"10","60","5","false","25","0","331","100","172.85714285714286"
"5","60","5","false","25","0","308","100","169.89079563182528"
"20","60","5","false","25","5","44","65.38108356290174","110.90342679127725"
"21","60","5","false","25","25","57","79.24701561065197","135.2664576802508"
"2","60","5","false","25","0","271","100","171.49606299212599"
"9","60","5","false","25","0","278","100","169.09937888198758"
"18","60","5","false","25","5","83","94.03122130394857","164.36597110754414"
"21","60","5","false","25","25","58","80.0734618916437","136.6771159874608"
"19","60","5","false","25","5","73","89.80716253443526","147.95763993948563"
"21","60","5","false","25","25","59","81.17539026629935","138.5579937304075"
"21","60","5","false","25","25","60","81.81818181818183","139.6551724137931"
"5","60","5","false","25","0","309","100","169.89079563182528"
"10","60","5","false","25","0","332","100","172.85714285714286"
"9","60","5","false","25","0","279","100","169.09937888198758"
"2","60","5","false","25","0","272","100","171.49606299212599"
"20","60","5","false","25","5","45","66.66666666666666","113.08411214953271"
"18","60","5","false","25","5","84","94.03122130394857","164.36597110754414"
"19","60","5","false","25","5","74","90.9090909090909","149.7730711043873"
"21","60","5","false","25","25","61","82.46097337006428","140.75235109717866"
"10","60","5","false","25","0","333","100","172.85714285714286"
"21","60","5","false","25","25","62","83.28741965105601","142.1630094043887"
"2","60","5","false","25","0","273","100","171.49606299212599"
"19","60","5","false","25","5","75","91.3682277318641","150.52950075642966"
"5","60","5","false","25","0","310","100","169.89079563182528"
"10","60","5","false","25","0","334","100","172.85714285714286"
"9","60","5","false","25","0","280","100","169.09937888198758"
"21","60","5","false","25","25","63","83.93021120293848","143.2601880877743"
"18","60","5","false","25","5","85","94.03122130394857","164.36597110754414"
"20","60","5","false","25","5","46","67.58494031221304","114.6417445482866"
"21","60","5","false","25","25","64","85.03213957759412","145.141065830721"
"10","60","5","false","25","0","335","100","172.85714285714286"
"5","60","5","false","25","0","311","100","169.89079563182528"
"21","60","5","false","25","25","65","86.04224058769513","146.86520376175548"
"2","60","5","false","25","0","274","100","171.49606299212599"
"19","60","5","false","25","5","76","92.19467401285583","151.8910741301059"
"20","60","5","false","25","5","47","67.95224977043158","115.26479750778816"
"9","60","5","false","25","0","281","100","169.09937888198758"
"18","60","5","false","25","5","86","94.03122130394857","164.36597110754414"
"21","60","5","false","25","25","66","86.9605142332415","148.43260188087774"
"10","60","5","false","25","0","336","100","172.85714285714286"
"21","60","5","false","25","25","67","87.78696051423324","149.84326018808778"
"2","60","5","false","25","0","275","100","171.49606299212599"
"5","60","5","false","25","0","312","100","169.89079563182528"
"9","60","5","false","25","0","282","100","169.09937888198758"
"19","60","5","false","25","5","77","92.56198347107438","152.4962178517398"
"20","60","5","false","25","5","48","68.41138659320477","116.04361370716512"
"18","60","5","false","25","5","87","94.03122130394857","164.36597110754414"
"21","60","5","false","25","25","68","88.42975206611571","150.94043887147336"
"10","60","5","false","25","0","337","100","172.85714285714286"
"21","60","5","false","25","25","69","88.98071625344353","151.88087774294672"
"21","60","5","false","25","25","70","89.4398530762167","152.66457680250784"
"5","60","5","false","25","0","313","100","169.89079563182528"
"2","60","5","false","25","0","276","100","171.49606299212599"
"21","60","5","false","25","25","71","89.62350780532599","152.97805642633227"
"20","60","5","false","25","5","49","69.23783287419651","117.44548286604362"
"10","60","5","false","25","0","338","100","172.85714285714286"
"9","60","5","false","25","0","283","100","169.09937888198758"
"21","60","5","false","25","25","72","89.80716253443526","153.29153605015674"
"18","60","5","false","25","5","88","94.03122130394857","164.36597110754414"
"19","60","5","false","25","5","78","92.92929292929293","153.10136157337368"
"2","60","5","false","25","0","277","100","171.49606299212599"
"5","60","5","false","25","0","314","100","169.89079563182528"
"21","60","5","false","25","25","73","89.8989898989899","153.44827586206898"
"20","60","5","false","25","5","50","69.78879706152433","118.38006230529594"
"9","60","5","false","25","0","284","100","169.09937888198758"
"10","60","5","false","25","0","339","100","172.85714285714286"
"21","60","5","false","25","25","74","89.99081726354453","153.6050156739812"
"21","60","5","false","25","25","75","90.26629935720845","154.07523510971788"
"2","60","5","false","25","0","278","100","171.49606299212599"
"19","60","5","false","25","5","79","93.38842975206612","153.85779122541604"
"5","60","5","false","25","0","315","100","169.89079563182528"
"18","60","5","false","25","5","89","94.03122130394857","164.36597110754414"
"21","60","5","false","25","25","76","90.633608815427","154.70219435736675"
"20","60","5","false","25","5","51","70.70707070707071","119.93769470404985"
"21","60","5","false","25","25","77","91.00091827364555","155.32915360501568"
"10","60","5","false","25","0","340","100","172.85714285714286"
"21","60","5","false","25","25","78","91.09274563820018","155.4858934169279"
"2","60","5","false","25","0","279","100","171.49606299212599"
"9","60","5","false","25","0","285","100","169.09937888198758"
"19","60","5","false","25","5","80","93.8475665748393","154.6142208774584"
"18","60","5","false","25","5","90","94.03122130394857","164.36597110754414"
"5","60","5","false","25","0","316","100","169.89079563182528"
"21","60","5","false","25","25","79","91.18457300275482","155.64263322884014"
"20","60","5","false","25","5","52","71.16620752984389","120.7165109034268"
"10","60","5","false","25","0","341","100","172.85714285714286"
"21","60","5","false","25","25","80","91.643709825528","156.42633228840126"
"22","60","5","false","25","25","0","1.9283746556473829","3.255813953488372"
"21","60","5","false","25","25","81","92.3783287419651","157.68025078369905"
"9","60","5","false","25","0","286","100","169.09937888198758"
"21","60","5","false","25","25","82","92.65381083562902","158.15047021943573"
"2","60","5","false","25","0","280","100","171.49606299212599"
"10","60","5","false","25","0","342","100","172.85714285714286"
"21","60","5","false","25","25","83","93.20477502295684","159.0909090909091"
"19","60","5","false","25","5","81","94.12304866850322","155.06807866868382"
"5","60","5","false","25","0","317","100","169.89079563182528"
"21","60","5","false","25","25","84","93.48025711662076","159.56112852664577"
"20","60","5","false","25","5","53","71.71717171717171","121.65109034267914"
"21","60","5","false","25","25","85","93.5720844811754","159.717868338558"
"10","60","5","false","25","0","343","100","172.85714285714286"
"21","60","5","false","25","25","86","93.8475665748393","160.18808777429467"
"22","60","5","false","25","25","1","4.224058769513315","7.131782945736434"
"9","60","5","false","25","0","287","100","169.09937888198758"
"5","60","5","false","25","0","318","100","169.89079563182528"
"21","60","5","false","25","25","87","94.03122130394857","160.5015673981191"
"19","60","5","false","25","5","82","94.39853076216713","155.52193645990923"
"10","60","5","false","25","0","344","100","172.85714285714286"
"21","60","5","false","25","25","88","94.39853076216713","161.12852664576803"
"2","60","5","false","25","0","281","100","171.49606299212599"
"21","60","5","false","25","25","89","94.76584022038568","161.75548589341693"
"20","60","5","false","25","5","54","72.45179063360881","122.89719626168225"
"22","60","5","false","25","25","2","5.968778696051423","10.077519379844961"
"10","60","5","false","25","0","345","100","172.85714285714286"
"21","60","5","false","25","25","90","94.8576675849403","161.91222570532915"
"19","60","5","false","25","5","83","94.5821854912764","155.82450832072615"
"21","60","5","false","25","25","91","94.94949494949495","162.06896551724137"
"9","60","5","false","25","0","288","100","169.09937888198758"
"20","60","5","false","25","5","55","73.00275482093664","123.83177570093457"
"2","60","5","false","25","0","282","100","171.49606299212599"
"5","60","5","false","25","0","319","100","169.89079563182528"
"22","60","5","false","25","25","3","7.988980716253444","13.488372093023257"
"10","60","5","false","25","0","346","100","172.85714285714286"
"21","60","5","false","25","25","92","95.0413223140496","162.2257053291536"
"21","60","5","false","25","25","93","95.22497704315886","162.53918495297805"
"1","60","5","false","25","0","18","27.823691460055095","49.10858995137764"
"19","60","5","false","25","5","84","94.5821854912764","155.82450832072615"
"21","60","5","false","25","25","94","95.31680440771349","162.69592476489026"
"10","60","5","false","25","0","347","100","172.85714285714286"
"22","60","5","false","25","25","4","9.917355371900827","16.74418604651163"
"5","60","5","false","25","0","320","100","169.89079563182528"
"2","60","5","false","25","0","283","100","171.49606299212599"
"20","60","5","false","25","5","56","74.19651056014692","125.85669781931463"
"21","60","5","false","25","25","95","95.59228650137742","163.16614420062697"
"9","60","5","false","25","0","289","100","169.09937888198758"
"21","60","5","false","25","25","96","95.68411386593205","163.3228840125392"
"21","60","5","false","25","25","97","95.68411386593205","163.3228840125392"
"21","60","5","false","25","25","98","95.86776859504133","163.63636363636365"
"21","60","5","false","25","25","99","96.05142332415059","163.9498432601881"
"21","60","5","false","25","25","100","96.41873278236915","164.576802507837"
"19","60","5","false","25","5","85","94.76584022038568","156.1270801815431"
"10","60","5","false","25","0","348","100","172.85714285714286"
"21","60","5","false","25","25","101","96.60238751147841","164.89028213166142"
"21","60","5","false","25","25","102","96.87786960514234","165.36050156739813"
"22","60","5","false","25","25","5","11.570247933884298","19.53488372093023"
"21","60","5","false","25","25","103","97.2451790633609","165.98746081504703"
"20","60","5","false","25","5","57","74.83930211202939","126.94704049844236"
"2","60","5","false","25","0","284","100","171.49606299212599"
"9","60","5","false","25","0","290","100","169.09937888198758"
"5","60","5","false","25","0","321","100","169.89079563182528"
"19","60","5","false","25","5","86","94.76584022038568","156.1270801815431"
"10","60","5","false","25","0","349","100","172.85714285714286"
"21","60","5","false","25","25","104","97.7961432506887","166.92789968652036"
"21","60","5","false","25","25","105","97.7961432506887","166.92789968652036"
"22","60","5","false","25","25","6","12.947658402203857","21.86046511627907"
"21","60","5","false","25","25","106","97.97979797979798","167.24137931034483"
"20","60","5","false","25","5","58","75.94123048668503","128.81619937694703"
"21","60","5","false","25","25","107","98.07162534435263","167.39811912225707"
"10","60","5","false","25","0","350","100","172.85714285714286"
"21","60","5","false","25","25","108","98.5307621671258","168.1818181818182"
"5","60","5","false","25","0","322","100","169.89079563182528"
"2","60","5","false","25","0","285","100","171.49606299212599"
"9","60","5","false","25","0","291","100","169.09937888198758"
"22","60","5","false","25","25","7","14.600550964187327","24.651162790697676"
"21","60","5","false","25","25","109","98.80624426078971","168.65203761755484"
"19","60","5","false","25","5","87","94.8576675849403","156.27836611195158"
"10","60","5","false","25","0","351","100","172.85714285714286"
"21","60","5","false","25","25","110","98.98989898989899","168.9655172413793"
"20","60","5","false","25","5","59","77.04315886134067","130.68535825545172"
"9","60","5","false","25","0","292","100","169.09937888198758"
"21","60","5","false","25","25","111","99.17355371900827","169.27899686520377"
"5","60","5","false","25","0","323","100","169.89079563182528"
"2","60","5","false","25","0","286","100","171.49606299212599"
"22","60","5","false","25","25","8","16.528925619834713","27.906976744186046"
"21","60","5","false","25","25","112","99.2653810835629","169.43573667711598"
"10","60","5","false","25","0","352","100","172.85714285714286"
"19","60","5","false","25","5","88","94.94949494949495","156.42965204236006"
"21","60","5","false","25","25","113","99.2653810835629","169.43573667711598"
"20","60","5","false","25","5","60","77.96143250688705","132.2429906542056"
"2","60","5","false","25","0","287","100","171.49606299212599"
"9","60","5","false","25","0","293","100","169.09937888198758"
"21","60","5","false","25","25","114","99.2653810835629","169.43573667711598"
"5","60","5","false","25","0","324","100","169.89079563182528"
"21","60","5","false","25","25","115","99.2653810835629","169.43573667711598"
"10","60","5","false","25","0","353","100","172.85714285714286"
"22","60","5","false","25","25","9","18.365472910927455","31.007751937984494"
"21","60","5","false","25","25","116","99.35720844811755","169.59247648902823"
"21","60","5","false","25","25","117","99.35720844811755","169.59247648902823"
"19","60","5","false","25","5","89","95.0413223140496","156.58093797276854"
"21","60","5","false","25","25","118","99.35720844811755","169.59247648902823"
"20","60","5","false","25","5","61","78.97153351698806","133.95638629283488"
"5","60","5","false","25","0","325","100","169.89079563182528"
"2","60","5","false","25","0","288","100","171.49606299212599"
"22","60","5","false","25","25","10","19.55922865013774","33.02325581395349"
"21","60","5","false","25","25","119","99.35720844811755","169.59247648902823"
"9","60","5","false","25","0","294","100","169.09937888198758"
"10","60","5","false","25","0","354","100","172.85714285714286"
"21","60","5","false","25","25","120","99.35720844811755","169.59247648902823"
"21","60","5","false","25","25","121","99.35720844811755","169.59247648902823"
"10","60","5","false","25","0","355","100","172.85714285714286"
"22","60","5","false","25","25","11","20.752984389348025","35.038759689922486"
"21","60","5","false","25","25","122","99.35720844811755","169.59247648902823"
"5","60","5","false","25","0","326","100","169.89079563182528"
"19","60","5","false","25","5","90","95.0413223140496","156.58093797276854"
"21","60","5","false","25","25","123","99.35720844811755","169.59247648902823"
"2","60","5","false","25","0","289","100","171.49606299212599"
"20","60","5","false","25","5","62","80.16528925619835","135.98130841121497"
"9","60","5","false","25","0","295","100","169.09937888198758"
"21","60","5","false","25","25","124","99.35720844811755","169.59247648902823"
"10","60","5","false","25","0","356","100","172.85714285714286"
"22","60","5","false","25","25","12","21.763085399449036","36.74418604651163"
"21","60","5","false","25","25","125","99.35720844811755","169.59247648902823"
"19","60","5","false","25","5","91","95.13314967860423","156.73222390317702"
"5","60","5","false","25","0","327","100","169.89079563182528"
"21","60","5","false","25","25","126","99.35720844811755","169.59247648902823"
"21","60","5","false","25","25","127","99.35720844811755","169.59247648902823"
"2","60","5","false","25","0","290","100","171.49606299212599"
"9","60","5","false","25","0","296","100","169.09937888198758"
"22","60","5","false","25","25","13","22.865013774104685","38.604651162790695"
"20","60","5","false","25","5","63","81.63452708907253","138.4735202492212"
"21","60","5","false","25","25","128","99.35720844811755","169.59247648902823"
"10","60","5","false","25","0","357","100","172.85714285714286"
"21","60","5","false","25","25","129","99.35720844811755","169.59247648902823"
"5","60","5","false","25","0","328","100","169.89079563182528"
"2","60","5","false","25","0","291","100","171.49606299212599"
"21","60","5","false","25","25","130","99.35720844811755","169.59247648902823"
"9","60","5","false","25","0","297","100","169.09937888198758"
"19","60","5","false","25","5","92","95.22497704315886","156.88350983358546"
"21","60","5","false","25","25","131","99.35720844811755","169.59247648902823"
"10","60","5","false","25","0","358","100","172.85714285714286"
"22","60","5","false","25","25","14","24.426078971533517","41.24031007751938"
"21","60","5","false","25","25","132","99.35720844811755","169.59247648902823"
"20","60","5","false","25","5","64","83.0119375573921","140.80996884735202"
"5","60","5","false","25","0","329","100","169.89079563182528"
"21","60","5","false","25","25","133","99.35720844811755","169.59247648902823"
"21","60","5","false","25","25","134","99.35720844811755","169.59247648902823"
"10","60","5","false","25","0","359","100","172.85714285714286"
"1","60","5","false","25","0","19","28.833792470156105","50.89141004862236"
"19","60","5","false","25","5","93","95.31680440771349","157.03479576399394"
"2","60","5","false","25","0","292","100","171.49606299212599"
"9","60","5","false","25","0","298","100","169.09937888198758"
"21","60","5","false","25","25","135","99.35720844811755","169.59247648902823"
"5","60","5","false","25","0","330","100","169.89079563182528"
"10","60","5","false","25","0","360","100","172.85714285714286"
"22","60","5","false","25","25","15","25.803489439853077","43.565891472868216"
"21","60","5","false","25","25","136","99.35720844811755","169.59247648902823"
"20","60","5","false","25","5","65","84.38934802571167","143.14641744548285"
"21","60","5","false","25","25","137","99.35720844811755","169.59247648902823"
"19","60","5","false","25","5","94","95.59228650137742","157.48865355521937"
"21","60","5","false","25","25","138","99.35720844811755","169.59247648902823"
"22","60","5","false","25","25","16","27.27272727272727","46.04651162790698"
"10","60","5","false","25","0","361","100","172.85714285714286"
"20","60","5","false","25","5","66","85.67493112947659","145.32710280373834"
"5","60","5","false","25","0","331","100","169.89079563182528"
"2","60","5","false","25","0","293","100","171.49606299212599"
"21","60","5","false","25","25","139","99.35720844811755","169.59247648902823"
"9","60","5","false","25","0","299","100","169.09937888198758"
"21","60","5","false","25","25","140","99.44903581267218","169.74921630094045"
"10","60","5","false","25","0","362","100","172.85714285714286"
"21","60","5","false","25","25","141","99.44903581267218","169.74921630094045"
"22","60","5","false","25","25","17","29.017447199265384","48.992248062015506"
"19","60","5","false","25","5","95","96.05142332415059","158.24508320726173"
"20","60","5","false","25","5","67","87.05234159779614","147.66355140186914"
"21","60","5","false","25","25","142","99.44903581267218","169.74921630094045"
"9","60","5","false","25","0","300","100","169.09937888198758"
"21","60","5","false","25","25","143","99.54086317722681","169.90595611285266"
"2","60","5","false","25","0","294","100","171.49606299212599"
"5","60","5","false","25","0","332","100","169.89079563182528"
"10","60","5","false","25","0","363","100","172.85714285714286"
"21","60","5","false","25","25","144","99.54086317722681","169.90595611285266"
"19","60","5","false","25","5","96","96.51056014692378","159.00151285930409"
"22","60","5","false","25","25","18","30.945821854912765","52.24806201550387"
"21","60","5","false","25","25","145","99.63269054178146","170.06269592476488"
"20","60","5","false","25","5","68","87.97061524334252","149.22118380062307"
"9","60","5","false","25","0","301","100","169.09937888198758"
"10","60","5","false","25","0","364","100","172.85714285714286"
"21","60","5","false","25","25","146","99.63269054178146","170.06269592476488"
"5","60","5","false","25","0","333","100","169.89079563182528"
"2","60","5","false","25","0","295","100","171.49606299212599"
"21","60","5","false","25","25","147","99.63269054178146","170.06269592476488"
"22","60","5","false","25","25","19","32.966023875114786","55.65891472868218"
"21","60","5","false","25","25","148","99.72451790633609","170.2194357366771"
"19","60","5","false","25","5","97","96.7860422405877","159.45537065052952"
"10","60","5","false","25","0","365","100","172.85714285714286"
"9","60","5","false","25","0","302","100","169.09937888198758"
"5","60","5","false","25","0","334","100","169.89079563182528"
"20","60","5","false","25","5","69","88.70523415977961","150.46728971962617"
"21","60","5","false","25","25","149","99.72451790633609","170.2194357366771"
"21","60","5","false","25","25","150","99.72451790633609","170.2194357366771"
"2","60","5","false","25","0","296","100","171.49606299212599"
"22","60","5","false","25","25","20","35.44536271808999","59.84496124031008"
"10","60","5","false","25","0","366","100","172.85714285714286"
"9","60","5","false","25","0","303","100","169.09937888198758"
"21","60","5","false","25","25","151","99.72451790633609","170.2194357366771"
"10","60","5","false","25","0","367","100","172.85714285714286"
"5","60","5","false","25","0","335","100","169.89079563182528"
"21","60","5","false","25","25","152","99.72451790633609","170.2194357366771"
"19","60","5","false","25","5","98","96.7860422405877","159.45537065052952"
"20","60","5","false","25","5","70","89.80716253443526","152.33644859813086"
"21","60","5","false","25","25","153","99.72451790633609","170.2194357366771"
"21","60","5","false","25","25","154","99.72451790633609","170.2194357366771"
"9","60","5","false","25","0","304","100","169.09937888198758"
"21","60","5","false","25","25","155","99.72451790633609","170.2194357366771"
"2","60","5","false","25","0","297","100","171.49606299212599"
"10","60","5","false","25","0","368","100","172.85714285714286"
"21","60","5","false","25","25","156","99.72451790633609","170.2194357366771"
"22","60","5","false","25","25","21","37.83287419651056","63.87596899224807"
"19","60","5","false","25","5","99","96.87786960514234","159.60665658093797"
"5","60","5","false","25","0","336","100","169.89079563182528"
"21","60","5","false","25","25","157","99.72451790633609","170.2194357366771"
"20","60","5","false","25","5","71","90.633608815427","153.73831775700936"
"2","60","5","false","25","0","298","100","171.49606299212599"
"21","60","5","false","25","25","158","99.72451790633609","170.2194357366771"
"10","60","5","false","25","0","369","100","172.85714285714286"
"19","60","5","false","25","5","100","97.15335169880625","160.0605143721634"
"9","60","5","false","25","0","305","100","169.09937888198758"
"22","60","5","false","25","25","22","40.31221303948577","68.06201550387597"
"21","60","5","false","25","25","159","99.72451790633609","170.2194357366771"
"5","60","5","false","25","0","337","100","169.89079563182528"
"10","60","5","false","25","0","370","100","172.85714285714286"
"21","60","5","false","25","25","160","99.72451790633609","170.2194357366771"
"20","60","5","false","25","5","72","91.18457300275482","154.67289719626166"
"2","60","5","false","25","0","299","100","171.49606299212599"
"21","60","5","false","25","25","161","99.72451790633609","170.2194357366771"
"5","60","5","false","25","0","338","100","169.89079563182528"
"22","60","5","false","25","25","23","42.6078971533517","71.93798449612403"
"19","60","5","false","25","5","101","97.2451790633609","160.21180030257187"
"9","60","5","false","25","0","306","100","169.09937888198758"
"10","60","5","false","25","0","371","100","172.85714285714286"
"21","60","5","false","25","25","162","99.90817263544535","170.53291536050156"
"2","60","5","false","25","0","300","100","171.49606299212599"
"21","60","5","false","25","25","163","99.90817263544535","170.53291536050156"
"22","60","5","false","25","25","24","45.54637281910009","76.89922480620154"
"20","60","5","false","25","5","73","91.73553719008265","155.60747663551402"
"21","60","5","false","25","25","164","100","170.68965517241378"
"5","60","5","false","25","0","339","100","169.89079563182528"
"9","60","5","false","25","0","307","100","169.09937888198758"
"19","60","5","false","25","5","102","97.2451790633609","160.21180030257187"
"2","60","5","false","25","0","301","100","171.49606299212599"
"10","60","5","false","25","0","372","100","172.85714285714286"
"21","60","5","false","25","25","165","100","170.68965517241378"
"22","60","5","false","25","25","25","48.576675849403124","82.01550387596899"
"20","60","5","false","25","5","74","92.01101928374655","156.07476635514018"
"21","60","5","false","25","25","166","100","170.68965517241378"
"5","60","5","false","25","0","340","100","169.89079563182528"
"2","60","5","false","25","0","302","100","171.49606299212599"
"21","60","5","false","25","25","167","100","170.68965517241378"
"10","60","5","false","25","0","373","100","172.85714285714286"
"21","60","5","false","25","25","168","100","170.68965517241378"
"9","60","5","false","25","0","308","100","169.09937888198758"
"19","60","5","false","25","5","103","97.42883379247016","160.5143721633888"
"22","60","5","false","25","25","26","51.331496786042244","86.66666666666667"
"21","60","5","false","25","25","169","100","170.68965517241378"
"5","60","5","false","25","0","341","100","169.89079563182528"
"20","60","5","false","25","5","75","92.28650137741047","156.54205607476635"
"10","60","5","false","25","0","374","100","172.85714285714286"
"21","60","5","false","25","25","170","100","170.68965517241378"
"2","60","5","false","25","0","303","100","171.49606299212599"
"21","60","5","false","25","25","171","100","170.68965517241378"
"9","60","5","false","25","0","309","100","169.09937888198758"
"5","60","5","false","25","0","342","100","169.89079563182528"
"20","60","5","false","25","5","76","92.8374655647383","157.47663551401868"
"21","60","5","false","25","25","172","100","170.68965517241378"
"22","60","5","false","25","25","27","53.81083562901745","90.85271317829458"
"19","60","5","false","25","5","104","97.42883379247016","160.5143721633888"
"10","60","5","false","25","0","375","100","172.85714285714286"
"21","60","5","false","25","25","173","100","170.68965517241378"
"2","60","5","false","25","0","304","100","171.49606299212599"
"21","60","5","false","25","25","174","100","170.68965517241378"
"20","60","5","false","25","5","77","93.02112029384757","157.78816199376945"
"22","60","5","false","25","25","28","55.09641873278237","93.02325581395348"
"5","60","5","false","25","0","343","100","169.89079563182528"
"9","60","5","false","25","0","310","100","169.09937888198758"
"21","60","5","false","25","25","175","100","170.68965517241378"
"19","60","5","false","25","5","105","97.52066115702479","160.66565809379728"
"10","60","5","false","25","0","376","100","172.85714285714286"
"2","60","5","false","25","0","305","100","171.49606299212599"
"22","60","5","false","25","25","29","55.831037649219475","94.26356589147287"
"5","60","5","false","25","0","344","100","169.89079563182528"
"23","60","5","false","25","25","0","1.8365472910927456","3.139717425431711"
"20","60","5","false","25","5","78","93.29660238751147","158.25545171339564"
"10","60","5","false","25","0","377","100","172.85714285714286"
"23","60","5","false","25","25","1","3.6730945821854912","6.279434850863422"
"9","60","5","false","25","0","311","100","169.09937888198758"
"22","60","5","false","25","25","30","56.473829201101935","95.34883720930233"
"23","60","5","false","25","25","2","5.417814508723599","9.262166405023548"
"19","60","5","false","25","5","106","97.61248852157944","160.81694402420575"
"5","60","5","false","25","0","345","100","169.89079563182528"
"2","60","5","false","25","0","306","100","171.49606299212599"
"23","60","5","false","25","25","3","7.254361799816346","12.401883830455258"
"1","60","5","false","25","0","20","30.11937557392103","53.16045380875203"
"9","60","5","false","25","0","312","100","169.09937888198758"
"20","60","5","false","25","5","79","93.48025711662076","158.5669781931464"
"10","60","5","false","25","0","378","100","172.85714285714286"
"23","60","5","false","25","25","4","8.907254361799815","15.2276295133438"
"23","60","5","false","25","25","5","10.651974288337925","18.210361067503925"
"19","60","5","false","25","5","107","97.70431588613407","160.96822995461423"
"5","60","5","false","25","0","346","100","169.89079563182528"
"22","60","5","false","25","25","31","57.116620752984396","96.43410852713178"
"23","60","5","false","25","25","6","12.580348943985308","21.50706436420722"
"9","60","5","false","25","0","313","100","169.09937888198758"
"2","60","5","false","25","0","307","100","171.49606299212599"
"23","60","5","false","25","25","7","14.049586776859504","24.018838304552588"
"22","60","5","false","25","25","32","57.85123966942148","97.67441860465115"
"23","60","5","false","25","25","8","15.702479338842975","26.84458398744113"
"10","60","5","false","25","0","379","100","172.85714285714286"
"5","60","5","false","25","0","347","100","169.89079563182528"
"20","60","5","false","25","5","80","93.5720844811754","158.7227414330218"
"2","60","5","false","25","0","308","100","171.49606299212599"
"23","60","5","false","25","25","9","17.17171717171717","29.356357927786497"
"19","60","5","false","25","5","108","97.97979797979798","161.42208774583963"
"23","60","5","false","25","25","10","19.19191919191919","32.81004709576138"
"22","60","5","false","25","25","33","58.67768595041323","99.06976744186046"
"23","60","5","false","25","25","11","21.94674012855831","37.51962323390895"
"9","60","5","false","25","0","314","100","169.09937888198758"
"23","60","5","false","25","25","12","24.242424242424242","41.444270015698585"
"23","60","5","false","25","25","13","26.538108356290174","45.368916797488225"
"23","60","5","false","25","25","14","28.833792470156105","49.293563579277865"
"2","60","5","false","25","0","309","100","171.49606299212599"
"20","60","5","false","25","5","81","93.66391184573003","158.87850467289718"
"23","60","5","false","25","25","15","31.129476584022036","53.218210361067506"
"10","60","5","false","25","0","380","100","172.85714285714286"
"23","60","5","false","25","25","16","32.69054178145087","55.88697017268446"
"23","60","5","false","25","25","17","34.15977961432507","58.398744113029835"
"19","60","5","false","25","5","109","97.97979797979798","161.42208774583963"
"10","60","5","false","25","0","381","100","172.85714285714286"
"5","60","5","false","25","0","348","100","169.89079563182528"
"23","60","5","false","25","25","18","35.81267217630854","61.224489795918366"
"22","60","5","false","25","25","34","59.87144168962351","101.08527131782945"
"20","60","5","false","25","5","82","93.8475665748393","159.19003115264798"
"23","60","5","false","25","25","19","37.64921946740129","64.36420722135009"
"10","60","5","false","25","0","382","100","172.85714285714286"
"9","60","5","false","25","0","315","100","169.09937888198758"
"19","60","5","false","25","5","110","97.97979797979798","161.42208774583963"
"2","60","5","false","25","0","310","100","171.49606299212599"
"23","60","5","false","25","25","20","39.11845730027548","66.87598116169545"
"5","60","5","false","25","0","349","100","169.89079563182528"
"23","60","5","false","25","25","21","40.49586776859504","69.23076923076923"
"10","60","5","false","25","0","383","100","172.85714285714286"
"23","60","5","false","25","25","22","42.14876033057851","72.05651491365776"
"20","60","5","false","25","5","83","93.93939393939394","159.34579439252337"
"22","60","5","false","25","25","35","60.78971533516988","102.63565891472868"
"10","60","5","false","25","0","384","100","172.85714285714286"
"5","60","5","false","25","0","350","100","169.89079563182528"
"2","60","5","false","25","0","311","100","171.49606299212599"
"23","60","5","false","25","25","23","43.52617079889807","74.41130298273156"
"9","60","5","false","25","0","316","100","169.09937888198758"
"10","60","5","false","25","0","385","100","172.85714285714286"
"19","60","5","false","25","5","111","97.97979797979798","161.42208774583963"
"23","60","5","false","25","25","24","44.53627180899908","76.138147566719"
"22","60","5","false","25","25","36","61.52433425160698","103.87596899224806"
"10","60","5","false","25","0","386","100","172.85714285714286"
"23","60","5","false","25","25","25","45.821854912764","78.33594976452119"
"9","60","5","false","25","0","317","100","169.09937888198758"
"23","60","5","false","25","25","26","47.2910927456382","80.84772370486655"
"23","60","5","false","25","25","27","48.668503213957756","83.20251177394034"
"20","60","5","false","25","5","84","94.03122130394857","159.50155763239874"
"23","60","5","false","25","25","28","50.505050505050505","86.34222919937206"
"2","60","5","false","25","0","312","100","171.49606299212599"
"10","60","5","false","25","0","387","100","172.85714285714286"
"23","60","5","false","25","25","29","52.34159779614325","89.48194662480377"
"5","60","5","false","25","0","351","100","169.89079563182528"
"19","60","5","false","25","5","112","98.07162534435263","161.5733736762481"
"23","60","5","false","25","25","30","53.90266299357208","92.15070643642072"
"10","60","5","false","25","0","388","100","172.85714285714286"
"23","60","5","false","25","25","31","55.09641873278237","94.19152276295134"
"23","60","5","false","25","25","32","55.9228650137741","95.6043956043956"
"22","60","5","false","25","25","37","62.25895316804407","105.11627906976744"
"9","60","5","false","25","0","318","100","169.09937888198758"
"10","60","5","false","25","0","389","100","172.85714285714286"
"2","60","5","false","25","0","313","100","171.49606299212599"
"23","60","5","false","25","25","33","56.93296602387512","97.33124018838305"
"23","60","5","false","25","25","34","58.40220385674931","99.84301412872841"
"10","60","5","false","25","0","390","100","172.85714285714286"
"20","60","5","false","25","5","85","94.3067033976125","159.9688473520249"
"23","60","5","false","25","25","35","59.77961432506888","102.19780219780219"
"5","60","5","false","25","0","352","100","169.89079563182528"
"9","60","5","false","25","0","319","100","169.09937888198758"
"23","60","5","false","25","25","36","61.24885215794307","104.70957613814758"
"2","60","5","false","25","0","314","100","171.49606299212599"
"19","60","5","false","25","5","113","98.16345270890724","161.7246596066566"
"10","60","5","false","25","0","391","100","172.85714285714286"
"22","60","5","false","25","25","38","62.8099173553719","106.04651162790697"
"23","60","5","false","25","25","37","62.62626262626263","107.06436420722135"
"5","60","5","false","25","0","353","100","169.89079563182528"
"20","60","5","false","25","5","86","94.39853076216713","160.1246105919003"
"23","60","5","false","25","25","38","63.17722681359045","108.00627943485085"
"2","60","5","false","25","0","315","100","171.49606299212599"
"10","60","5","false","25","0","392","100","172.85714285714286"
"19","60","5","false","25","5","114","98.25528007346189","161.87594553706506"
"9","60","5","false","25","0","320","100","169.09937888198758"
"23","60","5","false","25","25","39","63.63636363636363","108.79120879120879"
"5","60","5","false","25","0","354","100","169.89079563182528"
"23","60","5","false","25","25","40","64.00367309458218","109.41915227629512"
"10","60","5","false","25","0","393","100","172.85714285714286"
"22","60","5","false","25","25","39","63.17722681359045","106.66666666666667"
"23","60","5","false","25","25","41","64.18732782369146","109.7331240188383"
"20","60","5","false","25","5","87","94.5821854912764","160.4361370716511"
"23","60","5","false","25","25","42","64.18732782369146","109.7331240188383"
"2","60","5","false","25","0","316","100","171.49606299212599"
"19","60","5","false","25","5","115","98.43893480257117","162.17851739788202"
"5","60","5","false","25","0","355","100","169.89079563182528"
"10","60","5","false","25","0","394","100","172.85714285714286"
"24","60","5","false","25","25","0","1.6528925619834711","2.7993779160186625"
"24","60","5","false","25","25","1","3.7649219467401287","6.376360808709176"
"9","60","5","false","25","0","321","100","169.09937888198758"
"24","60","5","false","25","25","2","6.152433425160698","10.419906687402799"
"10","60","5","false","25","0","395","100","172.85714285714286"
"22","60","5","false","25","25","40","63.72819100091828","107.5968992248062"
"24","60","5","false","25","25","3","8.44811753902663","14.307931570762053"
"5","60","5","false","25","0","356","100","169.89079563182528"
"2","60","5","false","25","0","317","100","171.49606299212599"
"24","60","5","false","25","25","4","10.560146923783286","17.884914463452567"
"19","60","5","false","25","5","116","98.43893480257117","162.17851739788202"
"20","60","5","false","25","5","88","94.67401285583104","160.59190031152647"
"24","60","5","false","25","25","5","12.764003673094582","21.61741835147745"
"24","60","5","false","25","25","6","14.87603305785124","25.194401244167963"
"10","60","5","false","25","0","396","100","172.85714285714286"
"9","60","5","false","25","0","322","100","169.09937888198758"
"24","60","5","false","25","25","7","17.079889807162534","28.92690513219285"
"22","60","5","false","25","25","41","64.37098255280074","108.68217054263567"
"24","60","5","false","25","25","8","18.732782369146005","31.726283048211506"
"10","60","5","false","25","0","397","100","172.85714285714286"
"19","60","5","false","25","5","117","98.5307621671258","162.32980332829047"
"24","60","5","false","25","25","9","20.110192837465565","34.05909797822706"
"2","60","5","false","25","0","318","100","171.49606299212599"
"24","60","5","false","25","25","10","22.130394857667586","37.480559875583204"
"9","60","5","false","25","0","323","100","169.09937888198758"
"25","60","5","false","25","25","0","1.6528925619834711","2.7950310559006213"
"10","60","5","false","25","0","398","100","172.85714285714286"
"24","60","5","false","25","25","11","23.96694214876033","40.59097978227061"
"20","60","5","false","25","5","89","94.67401285583104","160.59190031152647"
"24","60","5","false","25","25","12","25.6198347107438","43.390357698289264"
"22","60","5","false","25","25","42","64.92194674012856","109.6124031007752"
"10","60","5","false","25","0","399","100","172.85714285714286"
"19","60","5","false","25","5","118","98.62258953168043","162.48108925869894"
"24","60","5","false","25","25","13","27.364554637281913","46.3452566096423"
"25","60","5","false","25","25","1","4.040404040404041","6.832298136645963"
"2","60","5","false","25","0","319","100","171.49606299212599"
"24","60","5","false","25","25","14","28.650137741046834","48.52255054432349"
"24","60","5","false","25","25","15","29.935720844811755","50.69984447900466"
"24","60","5","false","25","25","16","31.40495867768595","53.18818040435459"
"9","60","5","false","25","0","324","100","169.09937888198758"
"22","60","5","false","25","25","43","65.28925619834712","110.23255813953487"
"20","60","5","false","25","5","90","94.67401285583104","160.59190031152647"
"24","60","5","false","25","25","17","33.057851239669425","55.98755832037325"
"10","60","5","false","25","0","400","100","172.85714285714286"
"24","60","5","false","25","25","18","34.61891643709826","58.63141524105754"
"25","60","5","false","25","25","2","6.887052341597796","11.645962732919255"
"24","60","5","false","25","25","19","36.27180899908173","61.4307931570762"
"24","60","5","false","25","25","20","37.9247015610652","64.23017107309487"
"9","60","5","false","25","0","325","100","169.09937888198758"
"24","60","5","false","25","25","21","40.12855831037649","67.96267496111975"
"10","60","5","false","25","0","401","100","172.85714285714286"
"24","60","5","false","25","25","22","42.42424242424242","71.85069984447901"
"2","60","5","false","25","0","320","100","171.49606299212599"
"24","60","5","false","25","25","23","44.81175390266299","75.89424572317263"
"19","60","5","false","25","5","119","98.71441689623508","162.6323751891074"
"24","60","5","false","25","25","24","47.2910927456382","80.09331259720062"
"10","60","5","false","25","0","402","100","172.85714285714286"
"24","60","5","false","25","25","25","48.668503213957756","82.42612752721618"
"24","60","5","false","25","25","26","49.770431588613405","84.29237947122861"
"9","60","5","false","25","0","326","100","169.09937888198758"
"10","60","5","false","25","0","403","100","172.85714285714286"
"24","60","5","false","25","25","27","51.05601469237833","86.4696734059098"
"22","60","5","false","25","25","44","65.93204775022957","111.31782945736435"
"20","60","5","false","25","5","91","94.76584022038568","160.74766355140187"
"25","60","5","false","25","25","3","9.274563820018365","15.683229813664596"
"24","60","5","false","25","25","28","51.974288337924705","88.02488335925351"
"24","60","5","false","25","25","29","52.80073461891644","89.42457231726283"
"10","60","5","false","25","0","404","100","172.85714285714286"
"2","60","5","false","25","0","321","100","171.49606299212599"
"24","60","5","false","25","25","30","53.4435261707989","90.51321928460342"
"19","60","5","false","25","5","120","98.80624426078971","162.78366111951587"
"24","60","5","false","25","25","31","53.994490358126725","91.44634525660965"
"10","60","5","false","25","0","405","100","172.85714285714286"
"25","60","5","false","25","25","4","11.11111111111111","18.788819875776397"
"24","60","5","false","25","25","32","54.54545454545454","92.37947122861586"
"9","60","5","false","25","0","327","100","169.09937888198758"
"24","60","5","false","25","25","33","55.00459136822773","93.15707620528771"
"24","60","5","false","25","25","34","55.28007346189165","93.62363919129082"
"20","60","5","false","25","5","92","94.94949494949495","161.05919003115267"
"19","60","5","false","25","5","121","98.80624426078971","162.78366111951587"
"24","60","5","false","25","25","35","55.64738292011019","94.2457231726283"
"22","60","5","false","25","25","45","66.4830119375574","112.24806201550388"
"24","60","5","false","25","25","36","56.38200183654729","95.48989113530327"
"10","60","5","false","25","0","406","100","172.85714285714286"
"2","60","5","false","25","0","322","100","171.49606299212599"
"24","60","5","false","25","25","37","57.116620752984396","96.73405909797823"
"25","60","5","false","25","25","5","13.131313131313133","22.204968944099377"
"24","60","5","false","25","25","38","57.85123966942148","97.97822706065318"
"24","60","5","false","25","25","39","58.40220385674931","98.9113530326594"
"10","60","5","false","25","0","407","100","172.85714285714286"
"24","60","5","false","25","25","40","58.8613406795225","99.68895800933126"
"24","60","5","false","25","25","41","59.50413223140496","100.77760497667185"
"19","60","5","false","25","5","122","98.80624426078971","162.78366111951587"
"9","60","5","false","25","0","328","100","169.09937888198758"
"20","60","5","false","25","5","93","94.94949494949495","161.05919003115267"
"24","60","5","false","25","25","42","60.42240587695134","102.33281493001556"
"10","60","5","false","25","0","408","100","172.85714285714286"
"25","60","5","false","25","25","6","14.87603305785124","25.15527950310559"
"22","60","5","false","25","25","46","67.21763085399449","113.48837209302324"
"24","60","5","false","25","25","43","61.15702479338842","103.57698289269051"
"2","60","5","false","25","0","323","100","171.49606299212599"
"10","60","5","false","25","0","409","100","172.85714285714286"
"19","60","5","false","25","5","123","98.89807162534436","162.93494704992435"
"24","60","5","false","25","25","44","61.70798898071625","104.51010886469673"
"24","60","5","false","25","25","45","62.0752984389348","105.13219284603421"
"24","60","5","false","25","25","46","62.35078053259871","105.59875583203733"
"10","60","5","false","25","0","410","100","172.85714285714286"
"25","60","5","false","25","25","7","16.62075298438935","28.1055900621118"
"24","60","5","false","25","25","47","62.53443526170799","105.90979782270607"
"9","60","5","false","25","0","329","100","169.09937888198758"
"24","60","5","false","25","25","48","62.90174471992653","106.53188180404354"
"24","60","5","false","25","25","49","63.36088154269972","107.30948678071539"
"10","60","5","false","25","0","411","100","172.85714285714286"
"22","60","5","false","25","25","47","68.13590449954087","115.03875968992247"
"2","60","5","false","25","0","324","100","171.49606299212599"
"24","60","5","false","25","25","50","63.820018365472905","108.08709175738724"
"24","60","5","false","25","25","51","64.2791551882461","108.8646967340591"
"24","60","5","false","25","25","52","64.64646464646465","109.48678071539658"
"20","60","5","false","25","5","94","94.94949494949495","161.05919003115267"
"10","60","5","false","25","0","412","100","172.85714285714286"
"25","60","5","false","25","25","8","17.81450872359963","30.124223602484474"
"19","60","5","false","25","5","124","98.98989898989899","163.08623298033282"
"24","60","5","false","25","25","53","65.19742883379247","110.4199066874028"
"1","60","5","false","25","0","21","30.945821854912765","54.619124797406805"
"9","60","5","false","25","0","330","100","169.09937888198758"
"10","60","5","false","25","0","413","100","172.85714285714286"
"24","60","5","false","25","25","54","65.84022038567493","111.5085536547434"
"19","60","5","false","25","5","125","99.17355371900827","163.38880484114978"
"24","60","5","false","25","25","55","66.39118457300276","112.4416796267496"
"20","60","5","false","25","5","95","94.94949494949495","161.05919003115267"
"25","60","5","false","25","25","9","19.00826446280992","32.142857142857146"
"24","60","5","false","25","25","56","66.85032139577594","113.21928460342146"
"10","60","5","false","25","0","414","100","172.85714285714286"
"24","60","5","false","25","25","57","67.30945821854912","113.99688958009331"
"2","60","5","false","25","0","325","100","171.49606299212599"
"24","60","5","false","25","25","58","67.86042240587695","114.93001555209955"
"22","60","5","false","25","25","48","68.59504132231406","115.81395348837209"
"24","60","5","false","25","25","59","68.68686868686868","116.32970451010887"
"24","60","5","false","25","25","60","69.88062442607898","118.35147744945567"
"19","60","5","false","25","5","126","99.35720844811755","163.6913767019667"
"24","60","5","false","25","25","61","71.07438016528926","120.37325038880249"
"25","60","5","false","25","25","10","20.2020202020202","34.161490683229815"
"24","60","5","false","25","25","62","72.45179063360881","122.70606531881805"
"24","60","5","false","25","25","63","73.46189164370982","124.41679626749611"
"9","60","5","false","25","0","331","100","169.09937888198758"
"10","60","5","false","25","0","415","100","172.85714285714286"
"24","60","5","false","25","25","64","74.65564738292011","126.43856920684293"
"24","60","5","false","25","25","65","76.03305785123968","128.77138413685847"
"20","60","5","false","25","5","96","95.0413223140496","161.21495327102804"
"24","60","5","false","25","25","66","77.8696051423324","131.88180404354588"
"25","60","5","false","25","25","11","20.84481175390266","35.24844720496895"
"19","60","5","false","25","5","127","99.35720844811755","163.6913767019667"
"24","60","5","false","25","25","67","79.06336088154269","133.90357698289267"
"22","60","5","false","25","25","49","69.6969696969697","117.67441860465115"
"24","60","5","false","25","25","68","80.44077134986226","136.23639191290823"
"2","60","5","false","25","0","326","100","171.49606299212599"
"24","60","5","false","25","25","69","81.26721763085399","137.63608087091757"
"24","60","5","false","25","25","70","81.81818181818183","138.5692068429238"
"9","60","5","false","25","0","332","100","169.09937888198758"
"10","60","5","false","25","0","416","100","172.85714285714286"
"24","60","5","false","25","25","71","82.73645546372819","140.1244167962675"
"24","60","5","false","25","25","72","84.48117539026629","143.07931570762054"
"25","60","5","false","25","25","12","21.487603305785125","36.33540372670808"
"19","60","5","false","25","5","128","99.72451790633609","164.2965204236006"
"24","60","5","false","25","25","73","85.39944903581267","144.63452566096421"
"20","60","5","false","25","5","97","95.13314967860423","161.37071651090343"
"10","60","5","false","25","0","417","100","172.85714285714286"
"24","60","5","false","25","25","74","86.86868686868688","147.12286158631414"
"24","60","5","false","25","25","75","88.1542699724518","149.30015552099533"
"24","60","5","false","25","25","76","89.4398530762167","151.47744945567652"
"10","60","5","false","25","0","418","100","172.85714285714286"
"22","60","5","false","25","25","50","70.24793388429752","118.6046511627907"
"24","60","5","false","25","25","77","90.44995408631772","153.18818040435457"
"2","60","5","false","25","0","327","100","171.49606299212599"
"25","60","5","false","25","25","13","22.31404958677686","37.732919254658384"
"19","60","5","false","25","5","129","99.81634527089072","164.4478063540091"
"24","60","5","false","25","25","78","91.09274563820018","154.27682737169516"
"10","60","5","false","25","0","419","100","172.85714285714286"
"24","60","5","false","25","25","79","91.46005509641874","154.89891135303267"
"9","60","5","false","25","0","333","100","169.09937888198758"
"24","60","5","false","25","25","80","92.1028466483012","155.98755832037327"
"24","60","5","false","25","25","81","92.74563820018365","157.07620528771383"
"24","60","5","false","25","25","82","93.48025711662076","158.32037325038883"
"10","60","5","false","25","0","420","100","172.85714285714286"
"24","60","5","false","25","25","83","94.3067033976125","159.72006220839813"
"20","60","5","false","25","5","98","95.22497704315886","161.5264797507788"
"24","60","5","false","25","25","84","95.0413223140496","160.9642301710731"
"25","60","5","false","25","25","14","23.415977961432507","39.59627329192546"
"24","60","5","false","25","25","85","95.31680440771349","161.4307931570762"
"19","60","5","false","25","5","130","99.90817263544535","164.59909228441757"
"10","60","5","false","25","0","421","100","172.85714285714286"
"24","60","5","false","25","25","86","95.68411386593205","162.05287713841366"
"24","60","5","false","25","25","87","95.68411386593205","162.05287713841366"
"24","60","5","false","25","25","88","95.68411386593205","162.05287713841366"
"2","60","5","false","25","0","328","100","171.49606299212599"
"22","60","5","false","25","25","51","70.89072543617998","119.68992248062015"
"25","60","5","false","25","25","15","24.609733700642792","41.61490683229814"
"24","60","5","false","25","25","89","95.77594123048668","162.20839813374806"
"10","60","5","false","25","0","422","100","172.85714285714286"
"24","60","5","false","25","25","90","95.86776859504133","162.36391912908243"
"19","60","5","false","25","5","131","99.90817263544535","164.59909228441757"
"9","60","5","false","25","0","334","100","169.09937888198758"
"24","60","5","false","25","25","91","96.05142332415059","162.67496111975117"
"24","60","5","false","25","25","92","96.05142332415059","162.67496111975117"
"24","60","5","false","25","25","93","96.32690541781452","163.14152410575429"
"10","60","5","false","25","0","423","100","172.85714285714286"
"24","60","5","false","25","25","94","96.41873278236915","163.29704510108866"
"24","60","5","false","25","25","95","96.41873278236915","163.29704510108866"
"25","60","5","false","25","25","16","25.803489439853077","43.63354037267081"
"24","60","5","false","25","25","96","96.51056014692378","163.45256609642303"
"19","60","5","false","25","5","132","99.90817263544535","164.59909228441757"
"10","60","5","false","25","0","424","100","172.85714285714286"
"24","60","5","false","25","25","97","96.51056014692378","163.45256609642303"
"24","60","5","false","25","25","98","96.51056014692378","163.45256609642303"
"24","60","5","false","25","25","99","96.51056014692378","163.45256609642303"
"20","60","5","false","25","5","99","95.31680440771349","161.6822429906542"
"10","60","5","false","25","0","425","100","172.85714285714286"
"24","60","5","false","25","25","100","96.60238751147841","163.60808709175737"
"22","60","5","false","25","25","52","71.62534435261708","120.93023255813952"
"2","60","5","false","25","0","329","100","171.49606299212599"
"25","60","5","false","25","25","17","27.089072543618","45.807453416149066"
"24","60","5","false","25","25","101","96.69421487603306","163.76360808709177"
"9","60","5","false","25","0","335","100","169.09937888198758"
"19","60","5","false","25","5","133","99.90817263544535","164.59909228441757"
"24","60","5","false","25","25","102","96.69421487603306","163.76360808709177"
"24","60","5","false","25","25","103","96.7860422405877","163.9191290824261"
"24","60","5","false","25","25","104","96.7860422405877","163.9191290824261"
"24","60","5","false","25","25","105","96.96969696969697","164.23017107309488"
"10","60","5","false","25","0","426","100","172.85714285714286"
"25","60","5","false","25","25","18","28.558310376492198","48.29192546583851"
"24","60","5","false","25","25","106","96.96969696969697","164.23017107309488"
"24","60","5","false","25","25","107","96.96969696969697","164.23017107309488"
"19","60","5","false","25","5","134","99.90817263544535","164.59909228441757"
"10","60","5","false","25","0","427","100","172.85714285714286"
"24","60","5","false","25","25","108","96.96969696969697","164.23017107309488"
"24","60","5","false","25","25","109","97.33700642791551","164.85225505443236"
"20","60","5","false","25","5","100","95.50045913682277","161.99376947040497"
"22","60","5","false","25","25","53","72.910927456382","123.10077519379846"
"2","60","5","false","25","0","330","100","171.49606299212599"
"24","60","5","false","25","25","110","97.61248852157944","165.31881804043547"
"9","60","5","false","25","0","336","100","169.09937888198758"
"24","60","5","false","25","25","111","97.61248852157944","165.31881804043547"
"10","60","5","false","25","0","428","100","172.85714285714286"
"24","60","5","false","25","25","112","97.7961432506887","165.62986003110422"
"24","60","5","false","25","25","113","97.97979797979798","165.94090202177293"
"24","60","5","false","25","25","114","98.07162534435263","166.09642301710733"
"19","60","5","false","25","5","135","99.90817263544535","164.59909228441757"
"10","60","5","false","25","0","429","100","172.85714285714286"
"24","60","5","false","25","25","115","98.16345270890724","166.25194401244167"
"24","60","5","false","25","25","116","98.16345270890724","166.25194401244167"
"25","60","5","false","25","25","19","30.303030303030305","51.24223602484472"
"10","60","5","false","25","0","430","100","172.85714285714286"
"24","60","5","false","25","25","117","98.34710743801654","166.5629860031104"
"22","60","5","false","25","25","54","74.01285583103765","124.96124031007751"
"20","60","5","false","25","5","101","95.50045913682277","161.99376947040497"
"24","60","5","false","25","25","118","98.43893480257117","166.71850699844478"
"2","60","5","false","25","0","331","100","171.49606299212599"
"19","60","5","false","25","5","136","99.90817263544535","164.59909228441757"
"24","60","5","false","25","25","119","98.5307621671258","166.87402799377915"
"9","60","5","false","25","0","337","100","169.09937888198758"
"10","60","5","false","25","0","431","100","172.85714285714286"
"24","60","5","false","25","25","120","98.5307621671258","166.87402799377915"
"24","60","5","false","25","25","121","98.5307621671258","166.87402799377915"
"24","60","5","false","25","25","122","98.71441689623508","167.18506998444792"
"24","60","5","false","25","25","123","98.80624426078971","167.34059097978226"
"25","60","5","false","25","25","20","32.047750229568415","54.192546583850934"
"10","60","5","false","25","0","432","100","172.85714285714286"
"24","60","5","false","25","25","124","98.80624426078971","167.34059097978226"
"19","60","5","false","25","5","137","99.90817263544535","164.59909228441757"
"24","60","5","false","25","25","125","98.89807162534436","167.49611197511663"
"10","60","5","false","25","0","433","100","172.85714285714286"
"24","60","5","false","25","25","126","99.17355371900827","167.96267496111977"
"24","60","5","false","25","25","127","99.35720844811755","168.2737169517885"
"25","60","5","false","25","25","21","33.79247015610652","57.14285714285714"
"20","60","5","false","25","5","102","95.59228650137742","162.14953271028037"
"9","60","5","false","25","0","338","100","169.09937888198758"
"22","60","5","false","25","25","55","74.93112947658402","126.51162790697674"
"24","60","5","false","25","25","128","99.44903581267218","168.42923794712286"
"10","60","5","false","25","0","434","100","172.85714285714286"
"2","60","5","false","25","0","332","100","171.49606299212599"
"19","60","5","false","25","5","138","99.90817263544535","164.59909228441757"
"24","60","5","false","25","25","129","99.63269054178146","168.7402799377916"
"24","60","5","false","25","25","130","99.63269054178146","168.7402799377916"
"24","60","5","false","25","25","131","99.72451790633609","168.89580093312597"
"10","60","5","false","25","0","435","100","172.85714285714286"
"24","60","5","false","25","25","132","99.81634527089072","169.05132192846034"
"25","60","5","false","25","25","22","35.81267217630854","60.55900621118012"
"24","60","5","false","25","25","133","99.81634527089072","169.05132192846034"
"24","60","5","false","25","25","134","99.90817263544535","169.2068429237947"
"19","60","5","false","25","5","139","99.90817263544535","164.59909228441757"
"24","60","5","false","25","25","135","99.90817263544535","169.2068429237947"
"1","60","5","false","25","0","22","31.772268135904504","56.07779578606159"
"25","60","5","false","25","25","23","37.9247015610652","64.13043478260869"
"10","60","5","false","25","0","436","100","172.85714285714286"
"22","60","5","false","25","25","56","76.21671258034894","128.68217054263567"
"24","60","5","false","25","25","136","99.90817263544535","169.2068429237947"
"20","60","5","false","25","5","103","95.59228650137742","162.14953271028037"
"24","60","5","false","25","25","137","99.90817263544535","169.2068429237947"
"10","60","5","false","25","0","437","100","172.85714285714286"
"2","60","5","false","25","0","333","100","171.49606299212599"
"9","60","5","false","25","0","339","100","169.09937888198758"
"19","60","5","false","25","5","140","99.90817263544535","164.59909228441757"
"24","60","5","false","25","25","138","99.90817263544535","169.2068429237947"
"24","60","5","false","25","25","139","99.90817263544535","169.2068429237947"
"24","60","5","false","25","25","140","99.90817263544535","169.2068429237947"
"10","60","5","false","25","0","438","100","172.85714285714286"
"25","60","5","false","25","25","24","39.85307621671258","67.3913043478261"
"24","60","5","false","25","25","141","99.90817263544535","169.2068429237947"
"22","60","5","false","25","25","57","77.04315886134067","130.07751937984494"
"24","60","5","false","25","25","142","99.90817263544535","169.2068429237947"
"10","60","5","false","25","0","439","100","172.85714285714286"
"24","60","5","false","25","25","143","100","169.36236391912908"
"19","60","5","false","25","5","141","99.90817263544535","164.59909228441757"
"24","60","5","false","25","25","144","100","169.36236391912908"
"20","60","5","false","25","5","104","95.68411386593205","162.30529595015577"
"24","60","5","false","25","25","145","100","169.36236391912908"
"25","60","5","false","25","25","25","41.78145087235997","70.65217391304348"
"10","60","5","false","25","0","440","100","172.85714285714286"
"24","60","5","false","25","25","146","100","169.36236391912908"
"9","60","5","false","25","0","340","100","169.09937888198758"
"24","60","5","false","25","25","147","100","169.36236391912908"
"2","60","5","false","25","0","334","100","171.49606299212599"
"24","60","5","false","25","25","148","100","169.36236391912908"
"10","60","5","false","25","0","441","100","172.85714285714286"
"22","60","5","false","25","25","58","78.42056932966024","132.4031007751938"
"24","60","5","false","25","25","149","100","169.36236391912908"
"25","60","5","false","25","25","26","43.70982552800734","73.91304347826086"
"24","60","5","false","25","25","150","100","169.36236391912908"
"24","60","5","false","25","25","151","100","169.36236391912908"
"10","60","5","false","25","0","442","100","172.85714285714286"
"19","60","5","false","25","5","142","99.90817263544535","164.59909228441757"
"20","60","5","false","25","5","105","95.77594123048668","162.46105919003116"
"24","60","5","false","25","25","152","100","169.36236391912908"
"2","60","5","false","25","0","335","100","171.49606299212599"
"24","60","5","false","25","25","153","100","169.36236391912908"
"10","60","5","false","25","0","443","100","172.85714285714286"
"9","60","5","false","25","0","341","100","169.09937888198758"
"24","60","5","false","25","25","154","100","169.36236391912908"
"24","60","5","false","25","25","155","100","169.36236391912908"
"25","60","5","false","25","25","27","45.54637281910009","77.01863354037268"
"22","60","5","false","25","25","59","79.61432506887053","134.4186046511628"
"19","60","5","false","25","5","143","99.90817263544535","164.59909228441757"
"10","60","5","false","25","0","444","100","172.85714285714286"
"24","60","5","false","25","25","156","100","169.36236391912908"
"24","60","5","false","25","25","157","100","169.36236391912908"
"9","60","5","false","25","0","342","100","169.09937888198758"
"24","60","5","false","25","25","158","100","169.36236391912908"
"24","60","5","false","25","25","159","100","169.36236391912908"
"2","60","5","false","25","0","336","100","171.49606299212599"
"10","60","5","false","25","0","445","100","172.85714285714286"
"20","60","5","false","25","5","106","95.77594123048668","162.46105919003116"
"24","60","5","false","25","25","160","100","169.36236391912908"
"24","60","5","false","25","25","161","100","169.36236391912908"
"24","60","5","false","25","25","162","100","169.36236391912908"
"24","60","5","false","25","25","163","100","169.36236391912908"
"10","60","5","false","25","0","446","100","172.85714285714286"
"19","60","5","false","25","5","144","99.90817263544535","164.59909228441757"
"25","60","5","false","25","25","28","46.464646464646464","78.57142857142857"
"24","60","5","false","25","25","164","100","169.36236391912908"
"2","60","5","false","25","0","337","100","171.49606299212599"
"22","60","5","false","25","25","60","80.89990817263545","136.58914728682169"
"9","60","5","false","25","0","343","100","169.09937888198758"
"24","60","5","false","25","25","165","100","169.36236391912908"
"10","60","5","false","25","0","447","100","172.85714285714286"
"24","60","5","false","25","25","166","100","169.36236391912908"
"20","60","5","false","25","5","107","95.77594123048668","162.46105919003116"
"24","60","5","false","25","25","167","100","169.36236391912908"
"10","60","5","false","25","0","448","100","172.85714285714286"
"24","60","5","false","25","25","168","100","169.36236391912908"
"19","60","5","false","25","5","145","99.90817263544535","164.59909228441757"
"10","60","5","false","25","0","449","100","172.85714285714286"
"24","60","5","false","25","25","169","100","169.36236391912908"
"25","60","5","false","25","25","29","47.750229568411385","80.74534161490683"
"2","60","5","false","25","0","338","100","171.49606299212599"
"24","60","5","false","25","25","170","100","169.36236391912908"
"22","60","5","false","25","25","61","81.72635445362718","137.984496124031"
"10","60","5","false","25","0","450","100","172.85714285714286"
"9","60","5","false","25","0","344","100","169.09937888198758"
"20","60","5","false","25","5","108","95.77594123048668","162.46105919003116"
"24","60","5","false","25","25","171","100","169.36236391912908"
"25","60","5","false","25","25","30","48.852157943067034","82.6086956521739"
"24","60","5","false","25","25","172","100","169.36236391912908"
"10","60","5","false","25","0","451","100","172.85714285714286"
"19","60","5","false","25","5","146","99.90817263544535","164.59909228441757"
"24","60","5","false","25","25","173","100","169.36236391912908"
"24","60","5","false","25","25","174","100","169.36236391912908"
"20","60","5","false","25","5","109","95.77594123048668","162.46105919003116"
"22","60","5","false","25","25","62","82.46097337006428","139.22480620155036"
"10","60","5","false","25","0","452","100","172.85714285714286"
"9","60","5","false","25","0","345","100","169.09937888198758"
"2","60","5","false","25","0","339","100","171.49606299212599"
"24","60","5","false","25","25","175","100","169.36236391912908"
"24","60","5","false","25","25","176","100","169.36236391912908"
"19","60","5","false","25","5","147","100","164.75037821482604"
"24","60","5","false","25","25","177","100","169.36236391912908"
"10","60","5","false","25","0","453","100","172.85714285714286"
"24","60","5","false","25","25","178","100","169.36236391912908"
"25","60","5","false","25","25","31","50.04591368227732","84.62732919254658"
"24","60","5","false","25","25","179","100","169.36236391912908"
"24","60","5","false","25","25","180","100","169.36236391912908"
"24","60","5","false","25","25","181","100","169.36236391912908"
"10","60","5","false","25","0","454","100","172.85714285714286"
"19","60","5","false","25","5","148","100","164.75037821482604"
"24","60","5","false","25","25","182","100","169.36236391912908"
"22","60","5","false","25","25","63","83.47107438016529","140.93023255813955"
"20","60","5","false","25","5","110","95.77594123048668","162.46105919003116"
"24","60","5","false","25","25","183","100","169.36236391912908"
"9","60","5","false","25","0","346","100","169.09937888198758"
"24","60","5","false","25","25","184","100","169.36236391912908"
"2","60","5","false","25","0","340","100","171.49606299212599"
"10","60","5","false","25","0","455","100","172.85714285714286"
"24","60","5","false","25","25","185","100","169.36236391912908"
"24","60","5","false","25","25","186","100","169.36236391912908"
"25","60","5","false","25","25","32","51.42332415059688","86.95652173913044"
"24","60","5","false","25","25","187","100","169.36236391912908"
"24","60","5","false","25","25","188","100","169.36236391912908"
"19","60","5","false","25","5","149","100","164.75037821482604"
"24","60","5","false","25","25","189","100","169.36236391912908"
"24","60","5","false","25","25","190","100","169.36236391912908"
"22","60","5","false","25","25","64","84.57300275482093","142.7906976744186"
"10","60","5","false","25","0","456","100","172.85714285714286"
"24","60","5","false","25","25","191","100","169.36236391912908"
"25","60","5","false","25","25","33","53.351698806244265","90.21739130434783"
"9","60","5","false","25","0","347","100","169.09937888198758"
"24","60","5","false","25","25","192","100","169.36236391912908"
"20","60","5","false","25","5","111","95.95959595959596","162.77258566978193"
"2","60","5","false","25","0","341","100","171.49606299212599"
"10","60","5","false","25","0","457","100","172.85714285714286"
"24","60","5","false","25","25","193","100","169.36236391912908"
"24","60","5","false","25","25","194","100","169.36236391912908"
"19","60","5","false","25","5","150","100","164.75037821482604"
"24","60","5","false","25","25","195","100","169.36236391912908"
"24","60","5","false","25","25","196","100","169.36236391912908"
"22","60","5","false","25","25","65","85.2157943067034","143.87596899224806"
"24","60","5","false","25","25","197","100","169.36236391912908"
"25","60","5","false","25","25","34","55.28007346189165","93.47826086956522"
"24","60","5","false","25","25","198","100","169.36236391912908"
"10","60","5","false","25","0","458","100","172.85714285714286"
"9","60","5","false","25","0","348","100","169.09937888198758"
"24","60","5","false","25","25","199","100","169.36236391912908"
"19","60","5","false","25","5","151","100","164.75037821482604"
"24","60","5","false","25","25","200","100","169.36236391912908"
"2","60","5","false","25","0","342","100","171.49606299212599"
"25","60","5","false","25","25","35","57.116620752984396","96.58385093167702"
"10","60","5","false","25","0","459","100","172.85714285714286"
"24","60","5","false","25","25","201","100","169.36236391912908"
"20","60","5","false","25","5","112","95.95959595959596","162.77258566978193"
"10","60","5","false","25","0","460","100","172.85714285714286"
"22","60","5","false","25","25","66","86.31772268135904","145.73643410852713"
"24","60","5","false","25","25","202","100","169.36236391912908"
"10","60","5","false","25","0","461","100","172.85714285714286"
"24","60","5","false","25","25","203","100","169.36236391912908"
"9","60","5","false","25","0","349","100","169.09937888198758"
"25","60","5","false","25","25","36","58.95316804407713","99.68944099378882"
"24","60","5","false","25","25","204","100","169.36236391912908"
"24","60","5","false","25","25","205","100","169.36236391912908"
"19","60","5","false","25","5","152","100","164.75037821482604"
"24","60","5","false","25","25","206","100","169.36236391912908"
"2","60","5","false","25","0","343","100","171.49606299212599"
"20","60","5","false","25","5","113","96.14325068870524","163.0841121495327"
"26","60","5","false","25","25","0","1.7447199265381086","2.9548989113530326"
"24","60","5","false","25","25","207","100","169.36236391912908"
"22","60","5","false","25","25","67","86.9605142332415","146.8217054263566"
"24","60","5","false","25","25","208","100","169.36236391912908"
"25","60","5","false","25","25","37","60.42240587695134","102.17391304347827"
"24","60","5","false","25","25","209","100","169.36236391912908"
"24","60","5","false","25","25","210","100","169.36236391912908"
"19","60","5","false","25","5","153","100","164.75037821482604"
"24","60","5","false","25","25","211","100","169.36236391912908"
"24","60","5","false","25","25","212","100","169.36236391912908"
"24","60","5","false","25","25","213","100","169.36236391912908"
"9","60","5","false","25","0","350","100","169.09937888198758"
"26","60","5","false","25","25","1","3.948576675849403","6.6874027993779155"
"24","60","5","false","25","25","214","100","169.36236391912908"
"24","60","5","false","25","25","215","100","169.36236391912908"
"1","60","5","false","25","0","23","32.415059687786965","57.212317666126424"
"25","60","5","false","25","25","38","61.43250688705234","103.88198757763976"
"2","60","5","false","25","0","344","100","171.49606299212599"
"26","60","5","false","25","25","2","6.152433425160698","10.419906687402799"
"24","60","5","false","25","25","216","100","169.36236391912908"
"20","60","5","false","25","5","114","96.23507805325987","163.2398753894081"
"19","60","5","false","25","5","154","100","164.75037821482604"
"24","60","5","false","25","25","217","100","169.36236391912908"
"24","60","5","false","25","25","218","100","169.36236391912908"
"26","60","5","false","25","25","3","7.529843893480257","12.752721617418352"
"24","60","5","false","25","25","219","100","169.36236391912908"
"22","60","5","false","25","25","68","87.87878787878788","148.37209302325581"
"24","60","5","false","25","25","220","100","169.36236391912908"
"9","60","5","false","25","0","351","100","169.09937888198758"
"25","60","5","false","25","25","39","62.35078053259871","105.43478260869566"
"24","60","5","false","25","25","221","100","169.36236391912908"
"26","60","5","false","25","25","4","9.274563820018365","15.707620528771384"
"19","60","5","false","25","5","155","100","164.75037821482604"
"24","60","5","false","25","25","222","100","169.36236391912908"
"24","60","5","false","25","25","223","100","169.36236391912908"
"26","60","5","false","25","25","5","10.927456382001836","18.506998444790046"
"24","60","5","false","25","25","224","100","169.36236391912908"
"20","60","5","false","25","5","115","96.23507805325987","163.2398753894081"
"2","60","5","false","25","0","345","100","171.49606299212599"
"24","60","5","false","25","25","225","100","169.36236391912908"
"26","60","5","false","25","25","6","12.672176308539946","21.461897356143076"
"24","60","5","false","25","25","226","100","169.36236391912908"
"24","60","5","false","25","25","227","100","169.36236391912908"
"26","60","5","false","25","25","7","14.600550964187327","24.72783825816485"
"19","60","5","false","25","5","156","100","164.75037821482604"
"25","60","5","false","25","25","40","63.26905417814509","106.98757763975155"
"24","60","5","false","25","25","228","100","169.36236391912908"
"22","60","5","false","25","25","69","88.52157943067034","149.45736434108528"
"26","60","5","false","25","25","8","16.712580348943984","28.304821150855364"
"9","60","5","false","25","0","352","100","169.09937888198758"
"24","60","5","false","25","25","229","100","169.36236391912908"
"24","60","5","false","25","25","230","100","169.36236391912908"
"26","60","5","false","25","25","9","18.824609733700644","31.88180404354588"
"24","60","5","false","25","25","231","100","169.36236391912908"
"26","60","5","false","25","25","10","20.9366391184573","35.45878693623639"
"24","60","5","false","25","25","232","100","169.36236391912908"
"19","60","5","false","25","5","157","100","164.75037821482604"
"25","60","5","false","25","25","41","64.18732782369146","108.54037267080744"
"24","60","5","false","25","25","233","100","169.36236391912908"
"2","60","5","false","25","0","346","100","171.49606299212599"
"26","60","5","false","25","25","11","22.773186409550046","38.56920684292379"
"24","60","5","false","25","25","234","100","169.36236391912908"
"20","60","5","false","25","5","116","96.23507805325987","163.2398753894081"
"24","60","5","false","25","25","235","100","169.36236391912908"
"24","60","5","false","25","25","236","100","169.36236391912908"
"9","60","5","false","25","0","353","100","169.09937888198758"
"22","60","5","false","25","25","70","89.07254361799816","150.3875968992248"
"19","60","5","false","25","5","158","100","164.75037821482604"
"26","60","5","false","25","25","12","24.334251606978878","41.21306376360809"
"24","60","5","false","25","25","237","100","169.36236391912908"
"25","60","5","false","25","25","42","65.0137741046832","109.93788819875776"
"24","60","5","false","25","25","238","100","169.36236391912908"
"24","60","5","false","25","25","239","100","169.36236391912908"
"26","60","5","false","25","25","13","25.987144168962352","44.012441679626754"
"24","60","5","false","25","25","240","100","169.36236391912908"
"24","60","5","false","25","25","241","100","169.36236391912908"
"26","60","5","false","25","25","14","27.73186409550046","46.96734059097978"
"2","60","5","false","25","0","347","100","171.49606299212599"
"19","60","5","false","25","5","159","100","164.75037821482604"
"24","60","5","false","25","25","242","100","169.36236391912908"
"26","60","5","false","25","25","15","30.303030303030305","51.32192846034215"
"25","60","5","false","25","25","43","65.93204775022957","111.49068322981365"
"24","60","5","false","25","25","243","100","169.36236391912908"
"20","60","5","false","25","5","117","96.32690541781452","163.39563862928347"
"22","60","5","false","25","25","71","89.4398530762167","151.0077519379845"
"9","60","5","false","25","0","354","100","169.09937888198758"
"24","60","5","false","25","25","244","100","169.36236391912908"
"26","60","5","false","25","25","16","32.047750229568415","54.27682737169518"
"19","60","5","false","25","5","160","100","164.75037821482604"
"24","60","5","false","25","25","245","100","169.36236391912908"
"26","60","5","false","25","25","17","33.42516069788797","56.60964230171073"
"24","60","5","false","25","25","246","100","169.36236391912908"
"20","60","5","false","25","5","118","96.32690541781452","163.39563862928347"
"2","60","5","false","25","0","348","100","171.49606299212599"
"24","60","5","false","25","25","247","100","169.36236391912908"
"26","60","5","false","25","25","18","34.710743801652896","58.78693623639192"
"9","60","5","false","25","0","355","100","169.09937888198758"
"24","60","5","false","25","25","248","100","169.36236391912908"
"26","60","5","false","25","25","19","36.17998163452709","61.27527216174183"
"19","60","5","false","25","5","161","100","164.75037821482604"
"24","60","5","false","25","25","249","100","169.36236391912908"
"22","60","5","false","25","25","72","89.99081726354453","151.93798449612405"
"26","60","5","false","25","25","20","37.37373737373738","63.29704510108864"
"20","60","5","false","25","5","119","96.32690541781452","163.39563862928347"
"25","60","5","false","25","25","44","66.39118457300276","112.26708074534162"
"24","60","5","false","25","25","250","100","169.36236391912908"
"2","60","5","false","25","0","349","100","171.49606299212599"
"24","60","5","false","25","25","251","100","169.36236391912908"
"26","60","5","false","25","25","21","38.38383838383838","65.00777604976672"
"24","60","5","false","25","25","252","100","169.36236391912908"
"19","60","5","false","25","5","162","100","164.75037821482604"
"9","60","5","false","25","0","356","100","169.09937888198758"
"26","60","5","false","25","25","22","39.76124885215794","67.34059097978226"
"25","60","5","false","25","25","45","66.66666666666666","112.73291925465838"
"20","60","5","false","25","5","120","96.60238751147841","163.86292834890966"
"24","60","5","false","25","25","253","100","169.36236391912908"
"26","60","5","false","25","25","23","41.78145087235997","70.76205287713842"
"24","60","5","false","25","25","254","100","169.36236391912908"
"9","60","5","false","25","0","357","100","169.09937888198758"
"2","60","5","false","25","0","350","100","171.49606299212599"
"19","60","5","false","25","5","163","100","164.75037821482604"
"22","60","5","false","25","25","73","90.44995408631772","152.71317829457365"
"26","60","5","false","25","25","24","43.61799816345271","73.87247278382581"
"24","60","5","false","25","25","255","100","169.36236391912908"
"20","60","5","false","25","5","121","96.69421487603306","164.01869158878503"
"25","60","5","false","25","25","46","67.03397612488521","113.35403726708076"
"9","60","5","false","25","0","358","100","169.09937888198758"
"24","60","5","false","25","25","256","100","169.36236391912908"
"26","60","5","false","25","25","25","45.45454545454545","76.98289269051321"
"24","60","5","false","25","25","257","100","169.36236391912908"
"24","60","5","false","25","25","258","100","169.36236391912908"
"25","60","5","false","25","25","47","67.30945821854912","113.81987577639751"
"19","60","5","false","25","5","164","100","164.75037821482604"
"2","60","5","false","25","0","351","100","171.49606299212599"
"22","60","5","false","25","25","74","91.3682277318641","154.26356589147287"
"24","60","5","false","25","25","259","100","169.36236391912908"
"26","60","5","false","25","25","26","47.38292011019284","80.248833592535"
"20","60","5","false","25","5","122","96.96969696969697","164.4859813084112"
"24","60","5","false","25","25","260","100","169.36236391912908"
"9","60","5","false","25","0","359","100","169.09937888198758"
"25","60","5","false","25","25","48","67.4931129476584","114.13043478260869"
"26","60","5","false","25","25","27","48.94398530762167","82.89269051321928"
"24","60","5","false","25","25","261","100","169.36236391912908"
"26","60","5","false","25","25","28","49.862258953168045","84.44790046656298"
"19","60","5","false","25","5","165","100","164.75037821482604"
"22","60","5","false","25","25","75","91.73553719008265","154.88372093023256"
"2","60","5","false","25","0","352","100","171.49606299212599"
"24","60","5","false","25","25","262","100","169.36236391912908"
"9","60","5","false","25","0","360","100","169.09937888198758"
"20","60","5","false","25","5","123","97.33700642791551","165.10903426791276"
"25","60","5","false","25","25","49","67.76859504132231","114.59627329192547"
"24","60","5","false","25","25","263","100","169.36236391912908"
"26","60","5","false","25","25","29","50.688705234159784","85.8475894245723"
"24","60","5","false","25","25","264","100","169.36236391912908"
"24","60","5","false","25","25","265","100","169.36236391912908"
"2","60","5","false","25","0","353","100","171.49606299212599"
"26","60","5","false","25","25","30","51.2396694214876","86.78071539657853"
"25","60","5","false","25","25","50","68.04407713498622","115.06211180124224"
"9","60","5","false","25","0","361","100","169.09937888198758"
"24","60","5","false","25","25","266","100","169.36236391912908"
"19","60","5","false","25","5","166","100","164.75037821482604"
"22","60","5","false","25","25","76","92.65381083562902","156.43410852713177"
"20","60","5","false","25","5","124","97.42883379247016","165.26479750778816"
"24","60","5","false","25","25","267","100","169.36236391912908"
"26","60","5","false","25","25","31","51.790633608815426","87.71384136858475"
"24","60","5","false","25","25","268","100","169.36236391912908"
"25","60","5","false","25","25","51","68.2277318640955","115.37267080745342"
"24","60","5","false","25","25","269","100","169.36236391912908"
"26","60","5","false","25","25","32","52.43342516069789","88.80248833592535"
"19","60","5","false","25","5","167","100","164.75037821482604"
"9","60","5","false","25","0","362","100","169.09937888198758"
"24","60","5","false","25","25","270","100","169.36236391912908"
"2","60","5","false","25","0","354","100","171.49606299212599"
"26","60","5","false","25","25","33","53.351698806244265","90.35769828926905"
"24","60","5","false","25","25","271","100","169.36236391912908"
"22","60","5","false","25","25","77","93.38842975206612","157.67441860465118"
"24","60","5","false","25","25","272","100","169.36236391912908"
"20","60","5","false","25","5","125","97.7961432506887","165.88785046728972"
"19","60","5","false","25","5","168","100","164.75037821482604"
"24","60","5","false","25","25","273","100","169.36236391912908"
"26","60","5","false","25","25","34","54.729109274563825","92.6905132192846"
"25","60","5","false","25","25","52","68.59504132231406","115.99378881987579"
"24","60","5","false","25","25","274","100","169.36236391912908"
"9","60","5","false","25","0","363","100","169.09937888198758"
"2","60","5","false","25","0","355","100","171.49606299212599"
"26","60","5","false","25","25","35","55.831037649219475","94.55676516329704"
"19","60","5","false","25","5","169","100","164.75037821482604"
"24","60","5","false","25","25","275","100","169.36236391912908"
"22","60","5","false","25","25","78","93.93939393939394","158.6046511627907"
"20","60","5","false","25","5","126","97.97979797979798","166.1993769470405"
"26","60","5","false","25","25","36","56.93296602387512","96.42301710730948"
"24","60","5","false","25","25","276","100","169.36236391912908"
"2","60","5","false","25","0","356","100","171.49606299212599"
"25","60","5","false","25","25","53","69.14600550964187","116.92546583850931"
"24","60","5","false","25","25","277","100","169.36236391912908"
"26","60","5","false","25","25","37","58.21854912764004","98.60031104199068"
"9","60","5","false","25","0","364","100","169.09937888198758"
"19","60","5","false","25","5","170","100","164.75037821482604"
"24","60","5","false","25","25","278","100","169.36236391912908"
"22","60","5","false","25","25","79","94.21487603305785","159.06976744186045"
"26","60","5","false","25","25","38","59.32047750229569","100.46656298600311"
"24","60","5","false","25","25","279","100","169.36236391912908"
"20","60","5","false","25","5","127","98.25528007346189","166.66666666666669"
"24","60","5","false","25","25","280","100","169.36236391912908"
"24","60","5","false","25","25","281","100","169.36236391912908"
"25","60","5","false","25","25","54","69.78879706152433","118.01242236024845"
"26","60","5","false","25","25","39","60.78971533516988","102.95489891135303"
"2","60","5","false","25","0","357","100","171.49606299212599"
"9","60","5","false","25","0","365","100","169.09937888198758"
"24","60","5","false","25","25","282","100","169.36236391912908"
"24","60","5","false","25","25","283","100","169.36236391912908"
"19","60","5","false","25","5","171","100","164.75037821482604"
"26","60","5","false","25","25","40","62.0752984389348","105.13219284603421"
"20","60","5","false","25","5","128","98.43893480257117","166.97819314641745"
"24","60","5","false","25","25","284","100","169.36236391912908"
"22","60","5","false","25","25","80","94.3067033976125","159.2248062015504"
"24","60","5","false","25","25","285","100","169.36236391912908"
"24","60","5","false","25","25","286","100","169.36236391912908"
"24","60","5","false","25","25","287","100","169.36236391912908"
"25","60","5","false","25","25","55","70.33976124885216","118.944099378882"
"26","60","5","false","25","25","41","62.62626262626263","106.06531881804044"
"24","60","5","false","25","25","288","100","169.36236391912908"
"9","60","5","false","25","0","366","100","169.09937888198758"
"2","60","5","false","25","0","358","100","171.49606299212599"
"19","60","5","false","25","5","172","100","164.75037821482604"
"24","60","5","false","25","25","289","100","169.36236391912908"
"26","60","5","false","25","25","42","63.36088154269972","107.30948678071539"
"24","60","5","false","25","25","290","100","169.36236391912908"
"25","60","5","false","25","25","56","71.62534435261708","121.11801242236024"
"20","60","5","false","25","5","129","98.71441689623508","167.44548286604362"
"22","60","5","false","25","25","81","94.5821854912764","159.68992248062014"
"24","60","5","false","25","25","291","100","169.36236391912908"
"9","60","5","false","25","0","367","100","169.09937888198758"
"26","60","5","false","25","25","43","63.91184573002755","108.24261275272163"
"26","60","5","false","25","25","44","64.09550045913683","108.55365474339035"
"25","60","5","false","25","25","57","72.35996326905418","122.36024844720497"
"19","60","5","false","25","5","173","100","164.75037821482604"
"26","60","5","false","25","25","45","64.46280991735537","109.17573872472784"
"2","60","5","false","25","0","359","100","171.49606299212599"
"1","60","5","false","25","0","24","32.78236914600551","57.86061588330632"
"20","60","5","false","25","5","130","98.80624426078971","167.601246105919"
"22","60","5","false","25","25","82","94.76584022038568","160"
"24","60","5","false","25","25","292","100","169.36236391912908"
"2","60","5","false","25","0","360","100","171.49606299212599"
"26","60","5","false","25","25","46","64.73829201101928","109.64230171073095"
"24","60","5","false","25","25","293","100","169.36236391912908"
"19","60","5","false","25","5","174","100","164.75037821482604"
"24","60","5","false","25","25","294","100","169.36236391912908"
"9","60","5","false","25","0","368","100","169.09937888198758"
"26","60","5","false","25","25","47","64.92194674012856","109.95334370139969"
"25","60","5","false","25","25","58","73.00275482093664","123.4472049689441"
"24","60","5","false","25","25","295","100","169.36236391912908"
"26","60","5","false","25","25","48","65.38108356290174","110.73094867807154"
"19","60","5","false","25","5","175","100","164.75037821482604"
"24","60","5","false","25","25","296","100","169.36236391912908"
"20","60","5","false","25","5","131","99.17355371900827","168.22429906542055"
"26","60","5","false","25","25","49","65.7483930211203","111.35303265940901"
"22","60","5","false","25","25","83","94.94949494949495","160.31007751937983"
"2","60","5","false","25","0","361","100","171.49606299212599"
"24","60","5","false","25","25","297","100","169.36236391912908"
"26","60","5","false","25","25","50","65.93204775022957","111.66407465007777"
"24","60","5","false","25","25","298","100","169.36236391912908"
"9","60","5","false","25","0","369","100","169.09937888198758"
"25","60","5","false","25","25","59","73.46189164370982","124.22360248447204"
"26","60","5","false","25","25","51","66.11570247933885","111.9751166407465"
"24","60","5","false","25","25","299","100","169.36236391912908"
"26","60","5","false","25","25","52","66.29935720844811","112.28615863141525"
"24","60","5","false","25","25","300","100","169.36236391912908"
"26","60","5","false","25","25","53","66.39118457300276","112.4416796267496"
"25","60","5","false","25","25","60","75.02295684113865","126.86335403726707"
"19","60","5","false","25","5","176","100","164.75037821482604"
"2","60","5","false","25","0","362","100","171.49606299212599"
"22","60","5","false","25","25","84","94.94949494949495","160.31007751937983"
"20","60","5","false","25","5","132","99.35720844811755","168.53582554517135"
"26","60","5","false","25","25","54","66.57483930211203","112.75272161741836"
"24","60","5","false","25","25","301","100","169.36236391912908"
"9","60","5","false","25","0","370","100","169.09937888198758"
"26","60","5","false","25","25","55","66.57483930211203","112.75272161741836"
"24","60","5","false","25","25","302","100","169.36236391912908"
"24","60","5","false","25","25","303","100","169.36236391912908"
"24","60","5","false","25","25","304","100","169.36236391912908"
"2","60","5","false","25","0","363","100","171.49606299212599"
"26","60","5","false","25","25","56","66.85032139577594","113.21928460342146"
"24","60","5","false","25","25","305","100","169.36236391912908"
"20","60","5","false","25","5","133","99.44903581267218","168.69158878504672"
"19","60","5","false","25","5","177","100","164.75037821482604"
"9","60","5","false","25","0","371","100","169.09937888198758"
"24","60","5","false","25","25","306","100","169.36236391912908"
"26","60","5","false","25","25","57","67.03397612488521","113.5303265940902"
"24","60","5","false","25","25","307","100","169.36236391912908"
"25","60","5","false","25","25","61","76.95133149678604","130.12422360248448"
"24","60","5","false","25","25","308","100","169.36236391912908"
"26","60","5","false","25","25","58","67.30945821854912","113.99688958009331"
"24","60","5","false","25","25","309","100","169.36236391912908"
"24","60","5","false","25","25","310","100","169.36236391912908"
"26","60","5","false","25","25","59","67.76859504132231","114.77449455676516"
"22","60","5","false","25","25","85","94.94949494949495","160.31007751937983"
"24","60","5","false","25","25","311","100","169.36236391912908"
"24","60","5","false","25","25","312","100","169.36236391912908"
"26","60","5","false","25","25","60","68.31955922865014","115.7076205287714"
"25","60","5","false","25","25","62","78.78787878787878","133.22981366459626"
"24","60","5","false","25","25","313","100","169.36236391912908"
"19","60","5","false","25","5","178","100","164.75037821482604"
"24","60","5","false","25","25","314","100","169.36236391912908"
"26","60","5","false","25","25","61","68.77869605142332","116.48522550544322"
"2","60","5","false","25","0","364","100","171.49606299212599"
"24","60","5","false","25","25","315","100","169.36236391912908"
"24","60","5","false","25","25","316","100","169.36236391912908"
"9","60","5","false","25","0","372","100","169.09937888198758"
"26","60","5","false","25","25","62","69.9724517906336","118.50699844479004"
"24","60","5","false","25","25","317","100","169.36236391912908"
"20","60","5","false","25","5","134","99.54086317722681","168.84735202492212"
"24","60","5","false","25","25","318","100","169.36236391912908"
"26","60","5","false","25","25","63","71.25803489439852","120.68429237947123"
"24","60","5","false","25","25","319","100","169.36236391912908"
"19","60","5","false","25","5","179","100","164.75037821482604"
"25","60","5","false","25","25","63","80.44077134986226","136.0248447204969"
"24","60","5","false","25","25","320","100","169.36236391912908"
"24","60","5","false","25","25","321","100","169.36236391912908"
"22","60","5","false","25","25","86","94.94949494949495","160.31007751937983"
"26","60","5","false","25","25","64","72.72727272727273","123.17262830482115"
"24","60","5","false","25","25","322","100","169.36236391912908"
"24","60","5","false","25","25","323","100","169.36236391912908"
"19","60","5","false","25","5","180","100","164.75037821482604"
"2","60","5","false","25","0","365","100","171.49606299212599"
"24","60","5","false","25","25","324","100","169.36236391912908"
"26","60","5","false","25","25","65","74.28833792470157","125.81648522550543"
"25","60","5","false","25","25","64","81.26721763085399","137.4223602484472"
"9","60","5","false","25","0","373","100","169.09937888198758"
"24","60","5","false","25","25","325","100","169.36236391912908"
"26","60","5","false","25","25","66","76.21671258034894","129.0824261275272"
"20","60","5","false","25","5","135","99.54086317722681","168.84735202492212"
"24","60","5","false","25","25","326","100","169.36236391912908"
"22","60","5","false","25","25","87","94.94949494949495","160.31007751937983"
"26","60","5","false","25","25","67","78.51239669421489","132.97045101088648"
"25","60","5","false","25","25","65","82.09366391184572","138.8198757763975"
"24","60","5","false","25","25","327","100","169.36236391912908"
"24","60","5","false","25","25","328","100","169.36236391912908"
"19","60","5","false","25","5","181","100","164.75037821482604"
"26","60","5","false","25","25","68","80.53259871441689","136.39191290824263"
"2","60","5","false","25","0","366","100","171.49606299212599"
"24","60","5","false","25","25","329","100","169.36236391912908"
"9","60","5","false","25","0","374","100","169.09937888198758"
"26","60","5","false","25","25","69","82.00183654729109","138.88024883359253"
"24","60","5","false","25","25","330","100","169.36236391912908"
"27","60","5","false","25","25","0","1.5610651974288337","2.677165354330709"
"24","60","5","false","25","25","331","100","169.36236391912908"
"20","60","5","false","25","5","136","99.54086317722681","168.84735202492212"
"24","60","5","false","25","25","332","100","169.36236391912908"
"25","60","5","false","25","25","66","82.73645546372819","139.90683229813666"
"19","60","5","false","25","5","182","100","164.75037821482604"
"1","60","5","false","25","0","25","32.966023875114786","58.18476499189627"
"26","60","5","false","25","25","70","83.83838383838383","141.99066874027994"
"9","60","5","false","25","0","375","100","169.09937888198758"
"24","60","5","false","25","25","333","100","169.36236391912908"
"2","60","5","false","25","0","367","100","171.49606299212599"
"24","60","5","false","25","25","334","100","169.36236391912908"
"26","60","5","false","25","25","71","85.58310376492194","144.94556765163298"
"27","60","5","false","25","25","1","3.3976124885215793","5.826771653543307"
"24","60","5","false","25","25","335","100","169.36236391912908"
"24","60","5","false","25","25","336","100","169.36236391912908"
"26","60","5","false","25","25","72","86.9605142332415","147.27838258164851"
"19","60","5","false","25","5","183","100","164.75037821482604"
"24","60","5","false","25","25","337","100","169.36236391912908"
"20","60","5","false","25","5","137","99.54086317722681","168.84735202492212"
"24","60","5","false","25","25","338","100","169.36236391912908"
"9","60","5","false","25","0","376","100","169.09937888198758"
"24","60","5","false","25","25","339","100","169.36236391912908"
"25","60","5","false","25","25","67","83.37924701561064","140.9937888198758"
"2","60","5","false","25","0","368","100","171.49606299212599"
"24","60","5","false","25","25","340","100","169.36236391912908"
"26","60","5","false","25","25","73","88.98071625344353","150.69984447900467"
"27","60","5","false","25","25","2","5.417814508723599","9.291338582677165"
"19","60","5","false","25","5","184","100","164.75037821482604"
"24","60","5","false","25","25","341","100","169.36236391912908"
"26","60","5","false","25","25","74","90.81726354453627","153.81026438569208"
"24","60","5","false","25","25","342","100","169.36236391912908"
"24","60","5","false","25","25","343","100","169.36236391912908"
"20","60","5","false","25","5","138","99.54086317722681","168.84735202492212"
"26","60","5","false","25","25","75","92.8374655647383","157.2317262830482"
"25","60","5","false","25","25","68","84.29752066115702","142.54658385093168"
"24","60","5","false","25","25","344","100","169.36236391912908"
"19","60","5","false","25","5","185","100","164.75037821482604"
"24","60","5","false","25","25","345","100","169.36236391912908"
"2","60","5","false","25","0","369","100","171.49606299212599"
"9","60","5","false","25","0","377","100","169.09937888198758"
"27","60","5","false","25","25","3","7.529843893480257","12.913385826771654"
"24","60","5","false","25","25","346","100","169.36236391912908"
"26","60","5","false","25","25","76","93.66391184573003","158.63141524105754"
"25","60","5","false","25","25","69","85.39944903581267","144.40993788819875"
"20","60","5","false","25","5","139","99.54086317722681","168.84735202492212"
"24","60","5","false","25","25","347","100","169.36236391912908"
"19","60","5","false","25","5","186","100","164.75037821482604"
"26","60","5","false","25","25","77","94.49035812672176","160.03110419906687"
"24","60","5","false","25","25","348","100","169.36236391912908"
"27","60","5","false","25","25","4","9.82552800734619","16.850393700787404"
"2","60","5","false","25","0","370","100","171.49606299212599"
"9","60","5","false","25","0","378","100","169.09937888198758"
"24","60","5","false","25","25","349","100","169.36236391912908"
"20","60","5","false","25","5","140","99.54086317722681","168.84735202492212"
"25","60","5","false","25","25","70","86.50137741046832","146.27329192546583"
"26","60","5","false","25","25","78","94.8576675849403","160.65318818040436"
"19","60","5","false","25","5","187","100","164.75037821482604"
"24","60","5","false","25","25","350","100","169.36236391912908"
"2","60","5","false","25","0","371","100","171.49606299212599"
"27","60","5","false","25","25","5","11.570247933884298","19.84251968503937"
"24","60","5","false","25","25","351","100","169.36236391912908"
"26","60","5","false","25","25","79","95.40863177226814","161.58631415241058"
"19","60","5","false","25","5","188","100","164.75037821482604"
"20","60","5","false","25","5","141","99.54086317722681","168.84735202492212"
"25","60","5","false","25","25","71","87.32782369146005","147.67080745341613"
"9","60","5","false","25","0","379","100","169.09937888198758"
"24","60","5","false","25","25","352","100","169.36236391912908"
"26","60","5","false","25","25","80","95.77594123048668","162.20839813374806"
"24","60","5","false","25","25","353","100","169.36236391912908"
"2","60","5","false","25","0","372","100","171.49606299212599"
"27","60","5","false","25","25","6","13.406795224977044","22.992125984251967"
"26","60","5","false","25","25","81","96.14325068870524","162.83048211508552"
"25","60","5","false","25","25","72","87.97061524334252","148.75776397515529"
"24","60","5","false","25","25","354","100","169.36236391912908"
"19","60","5","false","25","5","189","100","164.75037821482604"
"26","60","5","false","25","25","82","96.51056014692378","163.45256609642303"
"24","60","5","false","25","25","355","100","169.36236391912908"
"20","60","5","false","25","5","142","99.54086317722681","168.84735202492212"
"9","60","5","false","25","0","380","100","169.09937888198758"
"2","60","5","false","25","0","373","100","171.49606299212599"
"24","60","5","false","25","25","356","100","169.36236391912908"
"26","60","5","false","25","25","83","96.51056014692378","163.45256609642303"
"27","60","5","false","25","25","7","15.151515151515152","25.984251968503933"
"24","60","5","false","25","25","357","100","169.36236391912908"
"19","60","5","false","25","5","190","100","164.75037821482604"
"25","60","5","false","25","25","73","88.52157943067034","149.68944099378882"
"24","60","5","false","25","25","358","100","169.36236391912908"
"9","60","5","false","25","0","381","100","169.09937888198758"
"26","60","5","false","25","25","84","96.60238751147841","163.60808709175737"
"24","60","5","false","25","25","359","100","169.36236391912908"
"27","60","5","false","25","25","8","16.2534435261708","27.874015748031493"
"20","60","5","false","25","5","143","99.54086317722681","168.84735202492212"
"24","60","5","false","25","25","360","100","169.36236391912908"
"19","60","5","false","25","5","191","100","164.75037821482604"
"26","60","5","false","25","25","85","96.60238751147841","163.60808709175737"
"25","60","5","false","25","25","74","89.1643709825528","150.77639751552795"
"2","60","5","false","25","0","374","100","171.49606299212599"
"24","60","5","false","25","25","361","100","169.36236391912908"
"9","60","5","false","25","0","382","100","169.09937888198758"
"24","60","5","false","25","25","362","100","169.36236391912908"
"20","60","5","false","25","5","144","99.54086317722681","168.84735202492212"
"26","60","5","false","25","25","86","96.60238751147841","163.60808709175737"
"19","60","5","false","25","5","192","100","164.75037821482604"
"27","60","5","false","25","25","9","17.447199265381084","29.92125984251969"
"24","60","5","false","25","25","363","100","169.36236391912908"
"25","60","5","false","25","25","75","89.4398530762167","151.24223602484471"
"2","60","5","false","25","0","375","100","171.49606299212599"
"26","60","5","false","25","25","87","96.60238751147841","163.60808709175737"
"24","60","5","false","25","25","364","100","169.36236391912908"
"24","60","5","false","25","25","365","100","169.36236391912908"
"27","60","5","false","25","25","10","18.640955004591365","31.968503937007874"
"26","60","5","false","25","25","88","96.60238751147841","163.60808709175737"
"19","60","5","false","25","5","193","100","164.75037821482604"
"24","60","5","false","25","25","366","100","169.36236391912908"
"9","60","5","false","25","0","383","100","169.09937888198758"
"26","60","5","false","25","25","89","96.60238751147841","163.60808709175737"
"24","60","5","false","25","25","367","100","169.36236391912908"
"20","60","5","false","25","5","145","99.54086317722681","168.84735202492212"
"25","60","5","false","25","25","76","89.53168044077135","151.3975155279503"
"2","60","5","false","25","0","376","100","171.49606299212599"
"24","60","5","false","25","25","368","100","169.36236391912908"
"27","60","5","false","25","25","11","20.2020202020202","34.645669291338585"
"24","60","5","false","25","25","369","100","169.36236391912908"
"19","60","5","false","25","5","194","100","164.75037821482604"
"28","60","5","false","25","25","0","1.8365472910927456","3.231017770597738"
"24","60","5","false","25","25","370","100","169.36236391912908"
"24","60","5","false","25","25","371","100","169.36236391912908"
"28","60","5","false","25","25","1","3.6730945821854912","6.462035541195476"
"25","60","5","false","25","25","77","89.8989898989899","152.01863354037266"
"24","60","5","false","25","25","372","100","169.36236391912908"
"28","60","5","false","25","25","2","5.417814508723599","9.531502423263328"
"27","60","5","false","25","25","12","21.94674012855831","37.637795275590555"
"24","60","5","false","25","25","373","100","169.36236391912908"
"2","60","5","false","25","0","377","100","171.49606299212599"
"20","60","5","false","25","5","146","99.54086317722681","168.84735202492212"
"19","60","5","false","25","5","195","100","164.75037821482604"
"9","60","5","false","25","0","384","100","169.09937888198758"
"28","60","5","false","25","25","3","7.254361799816346","12.762520193861066"
"19","60","5","false","25","5","196","100","164.75037821482604"
"29","60","5","false","25","25","0","1.6528925619834711","2.8169014084507045"
"25","60","5","false","25","25","78","90.08264462809917","152.32919254658387"
"28","60","5","false","25","25","4","8.999081726354454","15.831987075928918"
"27","60","5","false","25","25","13","23.875114784205692","40.94488188976378"
"29","60","5","false","25","25","1","3.8567493112947657","6.572769953051644"
"2","60","5","false","25","0","378","100","171.49606299212599"
"20","60","5","false","25","5","147","99.54086317722681","168.84735202492212"
"19","60","5","false","25","5","197","100","164.75037821482604"
"29","60","5","false","25","25","2","5.968778696051423","10.172143974960877"
"28","60","5","false","25","25","5","10.835629017447198","19.063004846526656"
"29","60","5","false","25","25","3","7.7134986225895315","13.145539906103288"
"9","60","5","false","25","0","385","100","169.09937888198758"
"29","60","5","false","25","25","4","8.999081726354454","15.336463223787167"
"2","60","5","false","25","0","379","100","171.49606299212599"
"27","60","5","false","25","25","14","25.6198347107438","43.93700787401575"
"28","60","5","false","25","25","6","12.764003673094582","22.45557350565428"
"25","60","5","false","25","25","79","90.633608815427","153.26086956521738"
"29","60","5","false","25","25","5","9.917355371900827","16.901408450704224"
"20","60","5","false","25","5","148","99.54086317722681","168.84735202492212"
"19","60","5","false","25","5","198","100","164.75037821482604"
"29","60","5","false","25","25","6","11.11111111111111","18.9358372456964"
"28","60","5","false","25","25","7","14.325068870523417","25.20193861066236"
"9","60","5","false","25","0","386","100","169.09937888198758"
"29","60","5","false","25","25","7","12.396694214876034","21.12676056338028"
"20","60","5","false","25","5","149","99.54086317722681","168.84735202492212"
"25","60","5","false","25","25","80","91.46005509641874","154.65838509316768"
"29","60","5","false","25","25","8","14.23324150596878","24.2566510172144"
"2","60","5","false","25","0","380","100","171.49606299212599"
"28","60","5","false","25","25","8","16.528925619834713","29.079159935379646"
"29","60","5","false","25","25","9","15.977961432506888","27.230046948356808"
"27","60","5","false","25","25","15","27.45638200183655","47.08661417322835"
"19","60","5","false","25","5","199","100","164.75037821482604"
"29","60","5","false","25","25","10","17.81450872359963","30.359937402190923"
"9","60","5","false","25","0","387","100","169.09937888198758"
"29","60","5","false","25","25","11","19.4674012855831","33.17683881064163"
"28","60","5","false","25","25","9","18.181818181818183","31.98707592891761"
"29","60","5","false","25","25","12","20.9366391184573","35.68075117370892"
"19","60","5","false","25","5","200","100","164.75037821482604"
"29","60","5","false","25","25","13","22.31404958677686","38.028169014084504"
"28","60","5","false","25","25","10","20.110192837465565","35.37964458804523"
"25","60","5","false","25","25","81","92.1028466483012","155.74534161490683"
"29","60","5","false","25","25","14","23.96694214876033","40.845070422535215"
"1","60","5","false","25","0","26","33.2415059687787","58.6709886547812"
"20","60","5","false","25","5","150","99.54086317722681","168.84735202492212"
"29","60","5","false","25","25","15","25.803489439853077","43.97496087636933"
"2","60","5","false","25","0","381","100","171.49606299212599"
"27","60","5","false","25","25","16","29.201101928374655","50.07874015748032"
"29","60","5","false","25","25","16","27.73186409550046","47.26134585289515"
"28","60","5","false","25","25","11","22.130394857667586","38.933764135702745"
"9","60","5","false","25","0","388","100","169.09937888198758"
"25","60","5","false","25","25","82","92.8374655647383","156.98757763975155"
"29","60","5","false","25","25","17","29.660238751147844","50.54773082942097"
"19","60","5","false","25","5","201","100","164.75037821482604"
"28","60","5","false","25","25","12","23.232323232323232","40.87237479806139"
"29","60","5","false","25","25","18","31.772268135904504","54.147104851330205"
"2","60","5","false","25","0","382","100","171.49606299212599"
"29","60","5","false","25","25","19","33.51698806244261","57.12050078247262"
"28","60","5","false","25","25","13","24.242424242424242","42.64943457189014"
"25","60","5","false","25","25","83","93.5720844811754","158.22981366459626"
"27","60","5","false","25","25","17","30.853994490358126","52.91338582677165"
"20","60","5","false","25","5","151","99.54086317722681","168.84735202492212"
"29","60","5","false","25","25","20","35.26170798898072","60.093896713615024"
"19","60","5","false","25","5","202","100","164.75037821482604"
"9","60","5","false","25","0","389","100","169.09937888198758"
"29","60","5","false","25","25","21","36.82277318640955","62.75430359937402"
"28","60","5","false","25","25","14","25.252525252525253","44.4264943457189"
"29","60","5","false","25","25","22","38.75114784205693","66.04068857589984"
"19","60","5","false","25","5","203","100","164.75037821482604"
"2","60","5","false","25","0","383","100","171.49606299212599"
"28","60","5","false","25","25","15","26.170798898071624","46.04200323101777"
"29","60","5","false","25","25","23","39.85307621671258","67.91862284820031"
"25","60","5","false","25","25","84","93.66391184573003","158.38509316770185"
"28","60","5","false","25","25","16","27.548209366391184","48.46526655896607"
"20","60","5","false","25","5","152","99.54086317722681","168.84735202492212"
"27","60","5","false","25","25","18","32.323232323232325","55.43307086614173"
"29","60","5","false","25","25","24","40.67952249770432","69.32707355242567"
"19","60","5","false","25","5","204","100","164.75037821482604"
"28","60","5","false","25","25","17","28.92561983471074","50.88852988691438"
"9","60","5","false","25","0","390","100","169.09937888198758"
"29","60","5","false","25","25","25","41.23048668503214","70.2660406885759"
"29","60","5","false","25","25","26","41.78145087235997","71.20500782472612"
"28","60","5","false","25","25","18","30.486685032139576","53.63489499192246"
"2","60","5","false","25","0","384","100","171.49606299212599"
"29","60","5","false","25","25","27","42.33241505968779","72.14397496087636"
"19","60","5","false","25","5","205","100","164.75037821482604"
"25","60","5","false","25","25","85","94.21487603305785","159.31677018633542"
"29","60","5","false","25","25","28","43.25068870523416","73.70892018779342"
"28","60","5","false","25","25","19","31.772268135904504","55.896607431340875"
"27","60","5","false","25","25","19","33.33333333333333","57.16535433070866"
"29","60","5","false","25","25","29","43.98530762167126","74.96087636932708"
"20","60","5","false","25","5","153","99.54086317722681","168.84735202492212"
"28","60","5","false","25","25","20","33.51698806244261","58.966074313408726"
"9","60","5","false","25","0","391","100","169.09937888198758"
"29","60","5","false","25","25","30","44.90358126721763","76.52582159624414"
"2","60","5","false","25","0","385","100","171.49606299212599"
"29","60","5","false","25","25","31","45.91368227731864","78.24726134585289"
"28","60","5","false","25","25","21","35.99632690541782","63.32794830371567"
"19","60","5","false","25","5","206","100","164.75037821482604"
"29","60","5","false","25","25","32","46.648301193755735","79.49921752738655"
"27","60","5","false","25","25","20","34.25160697887971","58.740157480314956"
"28","60","5","false","25","25","22","38.29201101928375","67.36672051696284"
"29","60","5","false","25","25","33","47.38292011019284","80.75117370892019"
"20","60","5","false","25","5","154","99.54086317722681","168.84735202492212"
"25","60","5","false","25","25","86","94.67401285583104","160.09316770186334"
"29","60","5","false","25","25","34","48.484848484848484","82.62910798122066"
"28","60","5","false","25","25","23","40.22038567493113","70.75928917609046"
"19","60","5","false","25","5","207","100","164.75037821482604"
"29","60","5","false","25","25","35","49.311294765840216","84.03755868544602"
"2","60","5","false","25","0","386","100","171.49606299212599"
"29","60","5","false","25","25","36","50.59687786960514","86.2284820031299"
"9","60","5","false","25","0","392","100","169.09937888198758"
"27","60","5","false","25","25","21","35.16988062442608","60.31496062992125"
"28","60","5","false","25","25","24","41.8732782369146","73.66720516962843"
"29","60","5","false","25","25","37","51.69880624426079","88.10641627543035"
"19","60","5","false","25","5","208","100","164.75037821482604"
"25","60","5","false","25","25","87","94.76584022038568","160.24844720496893"
"20","60","5","false","25","5","155","99.54086317722681","168.84735202492212"
"29","60","5","false","25","25","38","53.627180899908176","91.39280125195619"
"28","60","5","false","25","25","25","43.34251606978879","76.25201938610662"
"19","60","5","false","25","5","209","100","164.75037821482604"
"29","60","5","false","25","25","39","56.014692378328746","95.46165884194053"
"9","60","5","false","25","0","393","100","169.09937888198758"
"2","60","5","false","25","0","387","100","171.49606299212599"
"28","60","5","false","25","25","26","44.44444444444444","78.19063004846527"
"27","60","5","false","25","25","22","35.62901744719926","61.102362204724415"
"29","60","5","false","25","25","40","58.21854912764004","99.21752738654148"
"20","60","5","false","25","5","156","99.54086317722681","168.84735202492212"
"19","60","5","false","25","5","210","100","164.75037821482604"
"25","60","5","false","25","25","88","95.31680440771349","161.1801242236025"
"29","60","5","false","25","25","41","60.14692378328742","102.50391236306729"
"9","60","5","false","25","0","394","100","169.09937888198758"
"28","60","5","false","25","25","27","45.821854912764","80.61389337641357"
"29","60","5","false","25","25","42","61.52433425160698","104.85133020344288"
"2","60","5","false","25","0","388","100","171.49606299212599"
"20","60","5","false","25","5","157","99.54086317722681","168.84735202492212"
"28","60","5","false","25","25","28","47.015610651974285","82.7140549273021"
"27","60","5","false","25","25","23","36.08815426997245","61.88976377952756"
"29","60","5","false","25","25","43","63.17722681359045","107.66823161189359"
"25","60","5","false","25","25","89","95.77594123048668","161.95652173913044"
"19","60","5","false","25","5","211","100","164.75037821482604"
"29","60","5","false","25","25","44","64.64646464646465","110.17214397496087"
"28","60","5","false","25","25","29","48.209366391184574","84.81421647819063"
"9","60","5","false","25","0","395","100","169.09937888198758"
"29","60","5","false","25","25","45","65.47291092745638","111.58059467918622"
"28","60","5","false","25","25","30","50.13774104683195","88.20678513731825"
"25","60","5","false","25","25","90","96.14325068870524","162.5776397515528"
"20","60","5","false","25","5","158","99.54086317722681","168.84735202492212"
"19","60","5","false","25","5","212","100","164.75037821482604"
"29","60","5","false","25","25","46","66.85032139577594","113.92801251956182"
"27","60","5","false","25","25","24","36.455463728191","62.519685039370074"
"2","60","5","false","25","0","389","100","171.49606299212599"
"29","60","5","false","25","25","47","68.2277318640955","116.27543035993739"
"28","60","5","false","25","25","31","51.790633608815426","91.11470113085622"
"25","60","5","false","25","25","91","96.41873278236915","163.04347826086956"
"29","60","5","false","25","25","48","69.51331496786042","118.46635367762129"
"19","60","5","false","25","5","213","100","164.75037821482604"
"28","60","5","false","25","25","32","53.07621671258035","93.37641357027464"
"29","60","5","false","25","25","49","70.33976124885216","119.87480438184663"
"9","60","5","false","25","0","396","100","169.09937888198758"
"27","60","5","false","25","25","25","36.82277318640955","63.1496062992126"
"28","60","5","false","25","25","33","54.36179981634527","95.63812600969305"
"29","60","5","false","25","25","50","71.34986225895317","121.59624413145539"
"25","60","5","false","25","25","92","96.60238751147841","163.35403726708074"
"2","60","5","false","25","0","390","100","171.49606299212599"
"20","60","5","false","25","5","159","99.54086317722681","168.84735202492212"
"28","60","5","false","25","25","34","56.10651974288338","98.70759289176091"
"19","60","5","false","25","5","214","100","164.75037821482604"
"29","60","5","false","25","25","51","72.1763085399449","123.00469483568075"
"28","60","5","false","25","25","35","57.759412304866856","101.61550888529887"
"29","60","5","false","25","25","52","72.910927456382","124.2566510172144"
"29","60","5","false","25","25","53","73.46189164370982","125.19561815336463"
"25","60","5","false","25","25","93","96.7860422405877","163.66459627329192"
"29","60","5","false","25","25","54","74.28833792470157","126.60406885759"
"9","60","5","false","25","0","397","100","169.09937888198758"
"27","60","5","false","25","25","26","37.37373737373738","64.09448818897637"
"19","60","5","false","25","5","215","100","164.75037821482604"
"28","60","5","false","25","25","36","58.8613406795225","103.55411954765752"
"29","60","5","false","25","25","55","75.1147842056933","128.01251956181534"
"2","60","5","false","25","0","391","100","171.49606299212599"
"20","60","5","false","25","5","160","99.54086317722681","168.84735202492212"
"29","60","5","false","25","25","56","75.75757575757575","129.10798122065728"
"25","60","5","false","25","25","94","96.7860422405877","163.66459627329192"
"29","60","5","false","25","25","57","76.67584940312213","130.67292644757433"
"9","60","5","false","25","0","398","100","169.09937888198758"
"19","60","5","false","25","5","216","100","164.75037821482604"
"28","60","5","false","25","25","37","59.41230486685032","104.52342487883683"
"29","60","5","false","25","25","58","77.41046831955923","131.92488262910797"
"29","60","5","false","25","25","59","77.8696051423324","132.7073552425665"
"27","60","5","false","25","25","27","38.10835629017447","65.35433070866141"
"25","60","5","false","25","25","95","96.7860422405877","163.66459627329192"
"29","60","5","false","25","25","60","78.87970615243343","134.42879499217528"
"2","60","5","false","25","0","392","100","171.49606299212599"
"28","60","5","false","25","25","38","59.77961432506888","105.16962843295639"
"9","60","5","false","25","0","399","100","169.09937888198758"
"20","60","5","false","25","5","161","99.54086317722681","168.84735202492212"
"19","60","5","false","25","5","217","100","164.75037821482604"
"27","60","5","false","25","25","28","38.84297520661157","66.61417322834644"
"29","60","5","false","25","25","61","80.0734618916437","136.46322378716744"
"28","60","5","false","25","25","39","59.96326905417815","105.49273021001615"
"29","60","5","false","25","25","62","80.99173553719008","138.0281690140845"
"25","60","5","false","25","25","96","96.87786960514234","163.8198757763975"
"9","60","5","false","25","0","400","100","169.09937888198758"
"29","60","5","false","25","25","63","81.72635445362718","139.28012519561815"
"28","60","5","false","25","25","40","60.14692378328742","105.81583198707594"
"19","60","5","false","25","5","218","100","164.75037821482604"
"2","60","5","false","25","0","393","100","171.49606299212599"
"27","60","5","false","25","25","29","40.12855831037649","68.81889763779527"
"20","60","5","false","25","5","162","99.54086317722681","168.84735202492212"
"29","60","5","false","25","25","64","83.19559228650138","141.78403755868544"
"25","60","5","false","25","25","97","96.87786960514234","163.8198757763975"
"29","60","5","false","25","25","65","84.11386593204774","143.34898278560252"
"28","60","5","false","25","25","41","60.14692378328742","105.81583198707594"
"19","60","5","false","25","5","219","100","164.75037821482604"
"29","60","5","false","25","25","66","84.75665748393021","144.44444444444443"
"27","60","5","false","25","25","30","41.59779614325069","71.33858267716535"
"9","60","5","false","25","0","401","100","169.09937888198758"
"29","60","5","false","25","25","67","85.39944903581267","145.53990610328637"
"30","60","5","false","25","25","0","1.6528925619834711","2.88"
"20","60","5","false","25","5","163","99.54086317722681","168.84735202492212"
"2","60","5","false","25","0","394","100","171.49606299212599"
"25","60","5","false","25","25","98","96.87786960514234","163.8198757763975"
"29","60","5","false","25","25","68","85.67493112947659","146.0093896713615"
"19","60","5","false","25","5","220","100","164.75037821482604"
"29","60","5","false","25","25","69","85.9504132231405","146.47887323943664"
"29","60","5","false","25","25","70","86.31772268135904","147.10485133020345"
"30","60","5","false","25","25","1","4.040404040404041","7.04"
"29","60","5","false","25","25","71","86.68503213957759","147.73082942097028"
"9","60","5","false","25","0","402","100","169.09937888198758"
"27","60","5","false","25","25","31","42.69972451790633","73.22834645669292"
"2","60","5","false","25","0","395","100","171.49606299212599"
"19","60","5","false","25","5","221","100","164.75037821482604"
"30","60","5","false","25","25","2","6.703397612488522","11.68"
"29","60","5","false","25","25","72","86.9605142332415","148.2003129890454"
"20","60","5","false","25","5","164","99.54086317722681","168.84735202492212"
"25","60","5","false","25","25","99","96.96969696969697","163.9751552795031"
"29","60","5","false","25","25","73","87.14416896235078","148.5133020344288"
"29","60","5","false","25","25","74","87.41965105601469","148.9827856025039"
"30","60","5","false","25","25","3","8.81542699724518","15.36"
"27","60","5","false","25","25","32","44.0771349862259","75.59055118110236"
"29","60","5","false","25","25","75","87.51147842056933","149.13928012519563"
"19","60","5","false","25","5","222","100","164.75037821482604"
"1","60","5","false","25","0","27","33.608815426997246","59.3192868719611"
"2","60","5","false","25","0","396","100","171.49606299212599"
"9","60","5","false","25","0","403","100","169.09937888198758"
"30","60","5","false","25","25","4","10.927456382001836","19.040000000000003"
"29","60","5","false","25","25","76","87.87878787878788","149.76525821596246"
"27","60","5","false","25","25","33","45.08723599632691","77.32283464566929"
"19","60","5","false","25","5","223","100","164.75037821482604"
"29","60","5","false","25","25","77","88.1542699724518","150.23474178403754"
"25","60","5","false","25","25","100","97.0615243342516","164.1304347826087"
"20","60","5","false","25","5","165","99.54086317722681","168.84735202492212"
"30","60","5","false","25","25","5","12.580348943985308","21.92"
"29","60","5","false","25","25","78","88.52157943067034","150.86071987480437"
"19","60","5","false","25","5","224","100","164.75037821482604"
"2","60","5","false","25","0","397","100","171.49606299212599"
"27","60","5","false","25","25","34","46.372819100091824","79.52755905511812"
"29","60","5","false","25","25","79","88.88888888888889","151.4866979655712"
"29","60","5","false","25","25","80","88.98071625344353","151.6431924882629"
"30","60","5","false","25","25","6","14.967860422405877","26.08"
"9","60","5","false","25","0","404","100","169.09937888198758"
"19","60","5","false","25","5","225","100","164.75037821482604"
"29","60","5","false","25","25","81","89.34802571166207","152.26917057902972"
"25","60","5","false","25","25","101","97.2451790633609","164.44099378881987"
"20","60","5","false","25","5","166","99.54086317722681","168.84735202492212"
"29","60","5","false","25","25","82","89.71533516988063","152.89514866979655"
"30","60","5","false","25","25","7","17.079889807162534","29.759999999999998"
"29","60","5","false","25","25","83","89.99081726354453","153.36463223787166"
"2","60","5","false","25","0","398","100","171.49606299212599"
"19","60","5","false","25","5","226","100","164.75037821482604"
"29","60","5","false","25","25","84","90.44995408631772","154.1471048513302"
"27","60","5","false","25","25","35","47.474747474747474","81.41732283464566"
"9","60","5","false","25","0","405","100","169.09937888198758"
"29","60","5","false","25","25","85","90.54178145087236","154.30359937402193"
"30","60","5","false","25","25","8","19.100091827364555","33.28"
"29","60","5","false","25","25","86","90.72543617998163","154.6165884194053"
"25","60","5","false","25","25","102","97.2451790633609","164.44099378881987"
"20","60","5","false","25","5","167","99.54086317722681","168.84735202492212"
"19","60","5","false","25","5","227","100","164.75037821482604"
"29","60","5","false","25","25","87","90.81726354453627","154.773082942097"
"30","60","5","false","25","25","9","20.110192837465565","35.04"
"29","60","5","false","25","25","88","91.18457300275482","155.39906103286384"
"2","60","5","false","25","0","399","100","171.49606299212599"
"29","60","5","false","25","25","89","91.82736455463728","156.49452269170578"
"19","60","5","false","25","5","228","100","164.75037821482604"
"30","60","5","false","25","25","10","21.30394857667585","37.12"
"9","60","5","false","25","0","406","100","169.09937888198758"
"27","60","5","false","25","25","36","48.484848484848484","83.14960629921259"
"25","60","5","false","25","25","103","97.2451790633609","164.44099378881987"
"29","60","5","false","25","25","90","92.1028466483012","156.96400625978092"
"30","60","5","false","25","25","11","22.405876951331496","39.04"
"20","60","5","false","25","5","168","99.54086317722681","168.84735202492212"
"29","60","5","false","25","25","91","92.19467401285583","157.12050078247262"
"29","60","5","false","25","25","92","92.3783287419651","157.43348982785602"
"2","60","5","false","25","0","400","100","171.49606299212599"
"30","60","5","false","25","25","12","23.507805325987142","40.96"
"27","60","5","false","25","25","37","49.586776859504134","85.03937007874016"
"19","60","5","false","25","5","229","100","164.75037821482604"
"9","60","5","false","25","0","407","100","169.09937888198758"
"29","60","5","false","25","25","93","92.74563820018365","158.05946791862283"
"25","60","5","false","25","25","104","97.2451790633609","164.44099378881987"
"30","60","5","false","25","25","13","24.609733700642792","42.88"
"29","60","5","false","25","25","94","93.29660238751147","158.9984350547731"
"20","60","5","false","25","5","169","99.63269054178146","169.0031152647975"
"2","60","5","false","25","0","401","100","171.49606299212599"
"29","60","5","false","25","25","95","94.21487603305785","160.56338028169014"
"30","60","5","false","25","25","14","26.078971533516988","45.440000000000005"
"19","60","5","false","25","5","230","100","164.75037821482604"
"29","60","5","false","25","25","96","94.5821854912764","161.18935837245695"
"27","60","5","false","25","25","38","50.872359963269055","87.24409448818898"
"25","60","5","false","25","25","105","97.33700642791551","164.59627329192548"
"30","60","5","false","25","25","15","27.45638200183655","47.839999999999996"
"29","60","5","false","25","25","97","95.0413223140496","161.9718309859155"
"9","60","5","false","25","0","408","100","169.09937888198758"
"20","60","5","false","25","5","170","99.63269054178146","169.0031152647975"
"2","60","5","false","25","0","402","100","171.49606299212599"
"29","60","5","false","25","25","98","95.59228650137742","162.91079812206573"
"30","60","5","false","25","25","16","28.833792470156105","50.239999999999995"
"19","60","5","false","25","5","231","100","164.75037821482604"
"29","60","5","false","25","25","99","95.95959595959596","163.53677621283256"
"27","60","5","false","25","25","39","52.52525252525253","90.07874015748033"
"20","60","5","false","25","5","171","99.63269054178146","169.0031152647975"
"30","60","5","false","25","25","17","30.39485766758494","52.959999999999994"
"9","60","5","false","25","0","409","100","169.09937888198758"
"29","60","5","false","25","25","100","96.05142332415059","163.69327073552427"
"2","60","5","false","25","0","403","100","171.49606299212599"
"19","60","5","false","25","5","232","100","164.75037821482604"
"29","60","5","false","25","25","101","96.32690541781452","164.16275430359937"
"30","60","5","false","25","25","18","31.588613406795226","55.04"
"29","60","5","false","25","25","102","96.51056014692378","164.47574334898277"
"27","60","5","false","25","25","40","53.90266299357208","92.44094488188976"
"19","60","5","false","25","5","233","100","164.75037821482604"
"20","60","5","false","25","5","172","99.63269054178146","169.0031152647975"
"30","60","5","false","25","25","19","33.057851239669425","57.599999999999994"
"9","60","5","false","25","0","410","100","169.09937888198758"
"2","60","5","false","25","0","404","100","171.49606299212599"
"29","60","5","false","25","25","103","96.96969696969697","165.2582159624413"
"27","60","5","false","25","25","41","55.371900826446286","94.96062992125984"
"30","60","5","false","25","25","20","34.80257116620753","60.64000000000001"
"29","60","5","false","25","25","104","97.15335169880625","165.57120500782472"
"19","60","5","false","25","5","234","100","164.75037821482604"
"9","60","5","false","25","0","411","100","169.09937888198758"
"20","60","5","false","25","5","173","99.72451790633609","169.1588785046729"
"29","60","5","false","25","25","105","97.52066115702479","166.19718309859155"
"2","60","5","false","25","0","405","100","171.49606299212599"
"30","60","5","false","25","25","21","36.455463728191","63.519999999999996"
"27","60","5","false","25","25","42","56.56565656565656","97.00787401574803"
"29","60","5","false","25","25","106","97.7961432506887","166.66666666666669"
"19","60","5","false","25","5","235","100","164.75037821482604"
"9","60","5","false","25","0","412","100","169.09937888198758"
"30","60","5","false","25","25","22","37.9247015610652","66.08000000000001"
"20","60","5","false","25","5","174","99.81634527089072","169.31464174454828"
"29","60","5","false","25","25","107","97.88797061524335","166.8231611893584"
"27","60","5","false","25","25","43","57.94306703397613","99.37007874015748"
"19","60","5","false","25","5","236","100","164.75037821482604"
"2","60","5","false","25","0","406","100","171.49606299212599"
"29","60","5","false","25","25","108","97.97979797979798","166.97965571205006"
"30","60","5","false","25","25","23","39.39393939393939","68.64"
"29","60","5","false","25","25","109","98.07162534435263","167.13615023474176"
"20","60","5","false","25","5","175","99.81634527089072","169.31464174454828"
"9","60","5","false","25","0","413","100","169.09937888198758"
"27","60","5","false","25","25","44","59.22865013774105","101.5748031496063"
"30","60","5","false","25","25","24","40.95500459136823","71.36"
"29","60","5","false","25","25","110","98.25528007346189","167.4491392801252"
"19","60","5","false","25","5","237","100","164.75037821482604"
"20","60","5","false","25","5","176","99.81634527089072","169.31464174454828"
"1","60","5","false","25","0","28","34.067952249770435","60.129659643435986"
"29","60","5","false","25","25","111","98.34710743801654","167.6056338028169"
"2","60","5","false","25","0","407","100","171.49606299212599"
"27","60","5","false","25","25","45","60.78971533516988","104.25196850393701"
"30","60","5","false","25","25","25","42.6078971533517","74.24"
"9","60","5","false","25","0","414","100","169.09937888198758"
"29","60","5","false","25","25","112","98.5307621671258","167.91862284820033"
"19","60","5","false","25","5","238","100","164.75037821482604"
"20","60","5","false","25","5","177","99.81634527089072","169.31464174454828"
"30","60","5","false","25","25","26","44.16896235078053","76.96"
"27","60","5","false","25","25","46","62.44260789715336","107.08661417322836"
"29","60","5","false","25","25","113","98.62258953168043","168.07511737089203"
"2","60","5","false","25","0","408","100","171.49606299212599"
"30","60","5","false","25","25","27","45.821854912764","79.84"
"9","60","5","false","25","0","415","100","169.09937888198758"
"29","60","5","false","25","25","114","98.71441689623508","168.23161189358373"
"29","60","5","false","25","25","115","98.80624426078971","168.38810641627543"
"19","60","5","false","25","5","239","100","164.75037821482604"
"20","60","5","false","25","5","178","99.90817263544535","169.47040498442368"
"30","60","5","false","25","25","28","46.92378328741965","81.76"
"2","60","5","false","25","0","409","100","171.49606299212599"
"29","60","5","false","25","25","116","98.89807162534436","168.54460093896714"
"27","60","5","false","25","25","47","64.18732782369146","110.07874015748031"
"9","60","5","false","25","0","416","100","169.09937888198758"
"29","60","5","false","25","25","117","98.98989898989899","168.70109546165884"
"30","60","5","false","25","25","29","47.842056932966024","83.36"
"20","60","5","false","25","5","179","99.90817263544535","169.47040498442368"
"19","60","5","false","25","5","240","100","164.75037821482604"
"30","60","5","false","25","25","30","48.301193755739206","84.16"
"29","60","5","false","25","25","118","98.98989898989899","168.70109546165884"
"9","60","5","false","25","0","417","100","169.09937888198758"
"29","60","5","false","25","25","119","98.98989898989899","168.70109546165884"
"2","60","5","false","25","0","410","100","171.49606299212599"
"27","60","5","false","25","25","48","66.20752984389348","113.54330708661418"
"30","60","5","false","25","25","31","48.760330578512395","84.96000000000001"
"29","60","5","false","25","25","120","99.08172635445362","168.85758998435054"
"20","60","5","false","25","5","180","99.90817263544535","169.47040498442368"
"19","60","5","false","25","5","241","100","164.75037821482604"
"9","60","5","false","25","0","418","100","169.09937888198758"
"29","60","5","false","25","25","121","99.08172635445362","168.85758998435054"
"30","60","5","false","25","25","32","49.127640036730945","85.6"
"29","60","5","false","25","25","122","99.08172635445362","168.85758998435054"
"2","60","5","false","25","0","411","100","171.49606299212599"
"27","60","5","false","25","25","49","67.95224977043158","116.53543307086613"
"19","60","5","false","25","5","242","100","164.75037821482604"
"30","60","5","false","25","25","33","49.67860422405877","86.56"
"20","60","5","false","25","5","181","99.90817263544535","169.47040498442368"
"9","60","5","false","25","0","419","100","169.09937888198758"
"29","60","5","false","25","25","123","99.08172635445362","168.85758998435054"
"29","60","5","false","25","25","124","99.08172635445362","168.85758998435054"
"27","60","5","false","25","25","50","69.9724517906336","120"
"19","60","5","false","25","5","243","100","164.75037821482604"
"30","60","5","false","25","25","34","50.321395775941234","87.68"
"2","60","5","false","25","0","412","100","171.49606299212599"
"29","60","5","false","25","25","125","99.17355371900827","169.01408450704224"
"20","60","5","false","25","5","182","99.90817263544535","169.47040498442368"
"9","60","5","false","25","0","420","100","169.09937888198758"
"27","60","5","false","25","25","51","72.35996326905418","124.09448818897637"
"30","60","5","false","25","25","35","50.964187327823694","88.8"
"29","60","5","false","25","25","126","99.17355371900827","169.01408450704224"
"20","60","5","false","25","5","183","99.90817263544535","169.47040498442368"
"19","60","5","false","25","5","244","100","164.75037821482604"
"30","60","5","false","25","25","36","51.88246097337006","90.4"
"9","60","5","false","25","0","421","100","169.09937888198758"
"29","60","5","false","25","25","127","99.2653810835629","169.17057902973397"
"2","60","5","false","25","0","413","100","171.49606299212599"
"27","60","5","false","25","25","52","74.19651056014692","127.24409448818899"
"30","60","5","false","25","25","37","52.708907254361804","91.84"
"29","60","5","false","25","25","128","99.2653810835629","169.17057902973397"
"20","60","5","false","25","5","184","99.90817263544535","169.47040498442368"
"19","60","5","false","25","5","245","100","164.75037821482604"
"9","60","5","false","25","0","422","100","169.09937888198758"
"29","60","5","false","25","25","129","99.2653810835629","169.17057902973397"
"30","60","5","false","25","25","38","53.90266299357208","93.92"
"27","60","5","false","25","25","53","76.03305785123968","130.39370078740157"
"2","60","5","false","25","0","414","100","171.49606299212599"
"29","60","5","false","25","25","130","99.2653810835629","169.17057902973397"
"9","60","5","false","25","0","423","100","169.09937888198758"
"20","60","5","false","25","5","185","99.90817263544535","169.47040498442368"
"30","60","5","false","25","25","39","54.82093663911846","95.52000000000001"
"19","60","5","false","25","5","246","100","164.75037821482604"
"29","60","5","false","25","25","131","99.2653810835629","169.17057902973397"
"27","60","5","false","25","25","54","77.50229568411386","132.91338582677164"
"30","60","5","false","25","25","40","55.371900826446286","96.48"
"2","60","5","false","25","0","415","100","171.49606299212599"
"9","60","5","false","25","0","424","100","169.09937888198758"
"29","60","5","false","25","25","132","99.2653810835629","169.17057902973397"
"19","60","5","false","25","5","247","100","164.75037821482604"
"20","60","5","false","25","5","186","99.90817263544535","169.47040498442368"
"27","60","5","false","25","25","55","78.97153351698806","135.43307086614175"
"29","60","5","false","25","25","133","99.2653810835629","169.17057902973397"
"2","60","5","false","25","0","416","100","171.49606299212599"
"19","60","5","false","25","5","248","100","164.75037821482604"
"29","60","5","false","25","25","134","99.2653810835629","169.17057902973397"
"30","60","5","false","25","25","41","56.38200183654729","98.24000000000001"
"20","60","5","false","25","5","187","99.90817263544535","169.47040498442368"
"9","60","5","false","25","0","425","100","169.09937888198758"
"29","60","5","false","25","25","135","99.2653810835629","169.17057902973397"
"30","60","5","false","25","25","42","57.48393021120294","100.16000000000001"
"29","60","5","false","25","25","136","99.2653810835629","169.17057902973397"
"19","60","5","false","25","5","249","100","164.75037821482604"
"29","60","5","false","25","25","137","99.2653810835629","169.17057902973397"
"30","60","5","false","25","25","43","58.76951331496786","102.4"
"27","60","5","false","25","25","56","80.71625344352617","138.4251968503937"
"2","60","5","false","25","0","417","100","171.49606299212599"
"29","60","5","false","25","25","138","99.2653810835629","169.17057902973397"
"20","60","5","false","25","5","188","99.90817263544535","169.47040498442368"
"30","60","5","false","25","25","44","59.68778696051423","104"
"29","60","5","false","25","25","139","99.35720844811755","169.32707355242567"
"9","60","5","false","25","0","426","100","169.09937888198758"
"19","60","5","false","25","5","250","100","164.75037821482604"
"29","60","5","false","25","25","140","99.35720844811755","169.32707355242567"
"19","60","5","false","25","5","251","100","164.75037821482604"
"29","60","5","false","25","25","141","99.44903581267218","169.48356807511738"
"20","60","5","false","25","5","189","99.90817263544535","169.47040498442368"
"30","60","5","false","25","25","45","60.78971533516988","105.91999999999999"
"29","60","5","false","25","25","142","99.54086317722681","169.64006259780908"
"27","60","5","false","25","25","57","82.18549127640037","140.94488188976376"
"2","60","5","false","25","0","418","100","171.49606299212599"
"30","60","5","false","25","25","46","61.61616161616161","107.36000000000001"
"29","60","5","false","25","25","143","99.54086317722681","169.64006259780908"
"9","60","5","false","25","0","427","100","169.09937888198758"
"19","60","5","false","25","5","252","100","164.75037821482604"
"29","60","5","false","25","25","144","99.54086317722681","169.64006259780908"
"29","60","5","false","25","25","145","99.54086317722681","169.64006259780908"
"29","60","5","false","25","25","146","99.54086317722681","169.64006259780908"
"20","60","5","false","25","5","190","99.90817263544535","169.47040498442368"
"9","60","5","false","25","0","428","100","169.09937888198758"
"19","60","5","false","25","5","253","100","164.75037821482604"
"30","60","5","false","25","25","47","62.16712580348944","108.32"
"2","60","5","false","25","0","419","100","171.49606299212599"
"29","60","5","false","25","25","147","99.54086317722681","169.64006259780908"
"27","60","5","false","25","25","58","83.10376492194675","142.51968503937007"
"29","60","5","false","25","25","148","99.72451790633609","169.9530516431925"
"9","60","5","false","25","0","429","100","169.09937888198758"
"30","60","5","false","25","25","48","62.71808999081726","109.28"
"29","60","5","false","25","25","149","99.72451790633609","169.9530516431925"
"19","60","5","false","25","5","254","100","164.75037821482604"
"20","60","5","false","25","5","191","99.90817263544535","169.47040498442368"
"30","60","5","false","25","25","49","63.36088154269972","110.4"
"29","60","5","false","25","25","150","99.72451790633609","169.9530516431925"
"27","60","5","false","25","25","59","83.19559228650138","142.6771653543307"
"2","60","5","false","25","0","420","100","171.49606299212599"
"19","60","5","false","25","5","255","100","164.75037821482604"
"9","60","5","false","25","0","430","100","169.09937888198758"
"29","60","5","false","25","25","151","99.81634527089072","170.10954616588418"
"30","60","5","false","25","25","50","63.91184573002755","111.35999999999999"
"29","60","5","false","25","25","152","99.81634527089072","170.10954616588418"
"30","60","5","false","25","25","51","64.73829201101928","112.79999999999998"
"20","60","5","false","25","5","192","99.90817263544535","169.47040498442368"
"29","60","5","false","25","25","153","99.81634527089072","170.10954616588418"
"2","60","5","false","25","0","421","100","171.49606299212599"
"19","60","5","false","25","5","256","100","164.75037821482604"
"9","60","5","false","25","0","431","100","169.09937888198758"
"30","60","5","false","25","25","52","66.20752984389348","115.36"
"1","60","5","false","25","0","29","34.52708907254362","60.94003241491086"
"27","60","5","false","25","25","60","83.83838383838383","143.7795275590551"
"29","60","5","false","25","25","154","99.81634527089072","170.10954616588418"
"29","60","5","false","25","25","155","99.90817263544535","170.26604068857588"
"19","60","5","false","25","5","257","100","164.75037821482604"
"30","60","5","false","25","25","53","67.58494031221304","117.75999999999999"
"29","60","5","false","25","25","156","99.90817263544535","170.26604068857588"
"2","60","5","false","25","0","422","100","171.49606299212599"
"30","60","5","false","25","25","54","68.77869605142332","119.83999999999999"
"29","60","5","false","25","25","157","100","170.4225352112676"
"19","60","5","false","25","5","258","100","164.75037821482604"
"20","60","5","false","25","5","193","99.90817263544535","169.47040498442368"
"30","60","5","false","25","25","55","69.9724517906336","121.92"
"9","60","5","false","25","0","432","100","169.09937888198758"
"27","60","5","false","25","25","61","84.38934802571167","144.7244094488189"
"29","60","5","false","25","25","158","100","170.4225352112676"
"2","60","5","false","25","0","423","100","171.49606299212599"
"30","60","5","false","25","25","56","71.07438016528926","123.83999999999999"
"29","60","5","false","25","25","159","100","170.4225352112676"
"20","60","5","false","25","5","194","99.90817263544535","169.47040498442368"
"30","60","5","false","25","25","57","72.26813590449954","125.92000000000002"
"19","60","5","false","25","5","259","100","164.75037821482604"
"29","60","5","false","25","25","160","100","170.4225352112676"
"9","60","5","false","25","0","433","100","169.09937888198758"
"30","60","5","false","25","25","58","73.37006427915519","127.84"
"25","60","5","false","25","25","106","97.61248852157944","165.06211180124225"
"29","60","5","false","25","25","161","100","170.4225352112676"
"19","60","5","false","25","5","260","100","164.75037821482604"
"30","60","5","false","25","25","59","74.47199265381084","129.76000000000002"
"29","60","5","false","25","25","162","100","170.4225352112676"
"2","60","5","false","25","0","424","100","171.49606299212599"
"27","60","5","false","25","25","62","84.66483011937558","145.19685039370077"
"29","60","5","false","25","25","163","100","170.4225352112676"
"30","60","5","false","25","25","60","75.66574839302112","131.84"
"29","60","5","false","25","25","164","100","170.4225352112676"
"9","60","5","false","25","0","434","100","169.09937888198758"
"20","60","5","false","25","5","195","99.90817263544535","169.47040498442368"
"29","60","5","false","25","25","165","100","170.4225352112676"
"25","60","5","false","25","25","107","97.70431588613407","165.2173913043478"
"30","60","5","false","25","25","61","76.85950413223141","133.92"
"19","60","5","false","25","5","261","100","164.75037821482604"
"29","60","5","false","25","25","166","100","170.4225352112676"
"30","60","5","false","25","25","62","78.42056932966024","136.64000000000001"
"27","60","5","false","25","25","63","85.12396694214877","145.98425196850394"
"2","60","5","false","25","0","425","100","171.49606299212599"
"29","60","5","false","25","25","167","100","170.4225352112676"
"30","60","5","false","25","25","63","80.0734618916437","139.52"
"25","60","5","false","25","25","108","97.7961432506887","165.3726708074534"
"19","60","5","false","25","5","262","100","164.75037821482604"
"29","60","5","false","25","25","168","100","170.4225352112676"
"30","60","5","false","25","25","64","82.46097337006428","143.68"
"29","60","5","false","25","25","169","100","170.4225352112676"
"20","60","5","false","25","5","196","99.90817263544535","169.47040498442368"
"29","60","5","false","25","25","170","100","170.4225352112676"
"25","60","5","false","25","25","109","97.97979797979798","165.68322981366458"
"30","60","5","false","25","25","65","84.84848484848484","147.84"
"27","60","5","false","25","25","64","85.39944903581267","146.45669291338584"
"2","60","5","false","25","0","426","100","171.49606299212599"
"29","60","5","false","25","25","171","100","170.4225352112676"
"30","60","5","false","25","25","66","86.86868686868688","151.36"
"20","60","5","false","25","5","197","99.90817263544535","169.47040498442368"
"19","60","5","false","25","5","263","100","164.75037821482604"
"9","60","5","false","25","0","435","100","169.09937888198758"
"29","60","5","false","25","25","172","100","170.4225352112676"
"30","60","5","false","25","25","67","88.06244260789715","153.44"
"29","60","5","false","25","25","173","100","170.4225352112676"
"27","60","5","false","25","25","65","85.49127640036731","146.61417322834646"
"29","60","5","false","25","25","174","100","170.4225352112676"
"25","60","5","false","25","25","110","97.97979797979798","165.68322981366458"
"20","60","5","false","25","5","198","99.90817263544535","169.47040498442368"
"29","60","5","false","25","25","175","100","170.4225352112676"
"2","60","5","false","25","0","427","100","171.49606299212599"
"30","60","5","false","25","25","68","88.88888888888889","154.88"
"19","60","5","false","25","5","264","100","164.75037821482604"
"27","60","5","false","25","25","66","85.49127640036731","146.61417322834646"
"9","60","5","false","25","0","436","100","169.09937888198758"
"29","60","5","false","25","25","176","100","170.4225352112676"
"29","60","5","false","25","25","177","100","170.4225352112676"
"30","60","5","false","25","25","69","89.62350780532599","156.16"
"19","60","5","false","25","5","265","100","164.75037821482604"
"20","60","5","false","25","5","199","99.90817263544535","169.47040498442368"
"29","60","5","false","25","25","178","100","170.4225352112676"
"25","60","5","false","25","25","111","97.97979797979798","165.68322981366458"
"29","60","5","false","25","25","179","100","170.4225352112676"
"27","60","5","false","25","25","67","85.58310376492194","146.77165354330708"
"2","60","5","false","25","0","428","100","171.49606299212599"
"30","60","5","false","25","25","70","90.17447199265382","157.12"
"29","60","5","false","25","25","180","100","170.4225352112676"
"9","60","5","false","25","0","437","100","169.09937888198758"
"29","60","5","false","25","25","181","100","170.4225352112676"
"29","60","5","false","25","25","182","100","170.4225352112676"
"25","60","5","false","25","25","112","97.97979797979798","165.68322981366458"
"19","60","5","false","25","5","266","100","164.75037821482604"
"20","60","5","false","25","5","200","99.90817263544535","169.47040498442368"
"27","60","5","false","25","25","68","85.9504132231405","147.40157480314963"
"9","60","5","false","25","0","438","100","169.09937888198758"
"29","60","5","false","25","25","183","100","170.4225352112676"
"30","60","5","false","25","25","71","90.26629935720845","157.28"
"2","60","5","false","25","0","429","100","171.49606299212599"
"29","60","5","false","25","25","184","100","170.4225352112676"
"25","60","5","false","25","25","113","97.97979797979798","165.68322981366458"
"19","60","5","false","25","5","267","100","164.75037821482604"
"29","60","5","false","25","25","185","100","170.4225352112676"
"27","60","5","false","25","25","69","85.9504132231405","147.40157480314963"
"30","60","5","false","25","25","72","90.44995408631772","157.6"
"29","60","5","false","25","25","186","100","170.4225352112676"
"9","60","5","false","25","0","439","100","169.09937888198758"
"20","60","5","false","25","5","201","99.90817263544535","169.47040498442368"
"30","60","5","false","25","25","73","90.81726354453627","158.24"
"2","60","5","false","25","0","430","100","171.49606299212599"
"29","60","5","false","25","25","187","100","170.4225352112676"
"30","60","5","false","25","25","74","90.9090909090909","158.4"
"19","60","5","false","25","5","268","100","164.75037821482604"
"25","60","5","false","25","25","114","98.16345270890724","165.9937888198758"
"29","60","5","false","25","25","188","100","170.4225352112676"
"27","60","5","false","25","25","70","85.9504132231405","147.40157480314963"
"30","60","5","false","25","25","75","91.27640036730946","159.04"
"9","60","5","false","25","0","440","100","169.09937888198758"
"29","60","5","false","25","25","189","100","170.4225352112676"
"30","60","5","false","25","25","76","91.27640036730946","159.04"
"19","60","5","false","25","5","269","100","164.75037821482604"
"20","60","5","false","25","5","202","99.90817263544535","169.47040498442368"
"2","60","5","false","25","0","431","100","171.49606299212599"
"27","60","5","false","25","25","71","86.04224058769513","147.55905511811022"
"29","60","5","false","25","25","190","100","170.4225352112676"
"29","60","5","false","25","25","191","100","170.4225352112676"
"25","60","5","false","25","25","115","98.16345270890724","165.9937888198758"
"29","60","5","false","25","25","192","100","170.4225352112676"
"30","60","5","false","25","25","77","91.3682277318641","159.20000000000002"
"29","60","5","false","25","25","193","100","170.4225352112676"
"9","60","5","false","25","0","441","100","169.09937888198758"
"2","60","5","false","25","0","432","100","171.49606299212599"
"19","60","5","false","25","5","270","100","164.75037821482604"
"30","60","5","false","25","25","78","91.3682277318641","159.20000000000002"
"29","60","5","false","25","25","194","100","170.4225352112676"
"27","60","5","false","25","25","72","86.22589531680441","147.8740157480315"
"29","60","5","false","25","25","195","100","170.4225352112676"
"25","60","5","false","25","25","116","98.25528007346189","166.14906832298138"
"29","60","5","false","25","25","196","100","170.4225352112676"
"20","60","5","false","25","5","203","99.90817263544535","169.47040498442368"
"9","60","5","false","25","0","442","100","169.09937888198758"
"2","60","5","false","25","0","433","100","171.49606299212599"
"29","60","5","false","25","25","197","100","170.4225352112676"
"30","60","5","false","25","25","79","91.3682277318641","159.20000000000002"
"19","60","5","false","25","5","271","100","164.75037821482604"
"30","60","5","false","25","25","80","91.55188246097336","159.51999999999998"
"29","60","5","false","25","25","198","100","170.4225352112676"
"27","60","5","false","25","25","73","86.40955004591369","148.18897637795277"
"9","60","5","false","25","0","443","100","169.09937888198758"
"25","60","5","false","25","25","117","98.25528007346189","166.14906832298138"
"29","60","5","false","25","25","199","100","170.4225352112676"
"20","60","5","false","25","5","204","99.90817263544535","169.47040498442368"
"2","60","5","false","25","0","434","100","171.49606299212599"
"30","60","5","false","25","25","81","92.1028466483012","160.48"
"29","60","5","false","25","25","200","100","170.4225352112676"
"19","60","5","false","25","5","272","100","164.75037821482604"
"9","60","5","false","25","0","444","100","169.09937888198758"
"30","60","5","false","25","25","82","92.28650137741047","160.8"
"29","60","5","false","25","25","201","100","170.4225352112676"
"27","60","5","false","25","25","74","86.86868686868688","148.9763779527559"
"29","60","5","false","25","25","202","100","170.4225352112676"
"1","60","5","false","25","0","30","34.9862258953168","61.750405186385734"
"30","60","5","false","25","25","83","92.56198347107438","161.28"
"20","60","5","false","25","5","205","99.90817263544535","169.47040498442368"
"19","60","5","false","25","5","273","100","164.75037821482604"
"25","60","5","false","25","25","118","98.34710743801654","166.30434782608697"
"30","60","5","false","25","25","84","92.65381083562902","161.44"
"29","60","5","false","25","25","203","100","170.4225352112676"
"27","60","5","false","25","25","75","87.23599632690542","149.60629921259843"
"9","60","5","false","25","0","445","100","169.09937888198758"
"2","60","5","false","25","0","435","100","171.49606299212599"
"29","60","5","false","25","25","204","100","170.4225352112676"
"30","60","5","false","25","25","85","92.8374655647383","161.76"
"29","60","5","false","25","25","205","100","170.4225352112676"
"25","60","5","false","25","25","119","98.62258953168043","166.77018633540374"
"20","60","5","false","25","5","206","99.90817263544535","169.47040498442368"
"30","60","5","false","25","25","86","93.02112029384757","162.08"
"19","60","5","false","25","5","274","100","164.75037821482604"
"27","60","5","false","25","25","76","87.51147842056933","150.0787401574803"
"29","60","5","false","25","25","206","100","170.4225352112676"
"29","60","5","false","25","25","207","100","170.4225352112676"
"2","60","5","false","25","0","436","100","171.49606299212599"
"9","60","5","false","25","0","446","100","169.09937888198758"
"29","60","5","false","25","25","208","100","170.4225352112676"
"30","60","5","false","25","25","87","93.20477502295684","162.4"
"29","60","5","false","25","25","209","100","170.4225352112676"
"25","60","5","false","25","25","120","98.62258953168043","166.77018633540374"
"20","60","5","false","25","5","207","99.90817263544535","169.47040498442368"
"30","60","5","false","25","25","88","93.38842975206612","162.72"
"2","60","5","false","25","0","437","100","171.49606299212599"
"29","60","5","false","25","25","210","100","170.4225352112676"
"19","60","5","false","25","5","275","100","164.75037821482604"
"27","60","5","false","25","25","77","87.60330578512396","150.23622047244095"
"29","60","5","false","25","25","211","100","170.4225352112676"
"9","60","5","false","25","0","447","100","169.09937888198758"
"30","60","5","false","25","25","89","93.66391184573003","163.2"
"29","60","5","false","25","25","212","100","170.4225352112676"
"25","60","5","false","25","25","121","98.71441689623508","166.92546583850933"
"29","60","5","false","25","25","213","100","170.4225352112676"
"2","60","5","false","25","0","438","100","171.49606299212599"
"30","60","5","false","25","25","90","94.21487603305785","164.16"
"20","60","5","false","25","5","208","99.90817263544535","169.47040498442368"
"19","60","5","false","25","5","276","100","164.75037821482604"
"29","60","5","false","25","25","214","100","170.4225352112676"
"27","60","5","false","25","25","78","88.06244260789715","151.0236220472441"
"29","60","5","false","25","25","215","100","170.4225352112676"
"30","60","5","false","25","25","91","94.3067033976125","164.32"
"29","60","5","false","25","25","216","100","170.4225352112676"
"9","60","5","false","25","0","448","100","169.09937888198758"
"29","60","5","false","25","25","217","100","170.4225352112676"
"25","60","5","false","25","25","122","98.71441689623508","166.92546583850933"
"29","60","5","false","25","25","218","100","170.4225352112676"
"19","60","5","false","25","5","277","100","164.75037821482604"
"30","60","5","false","25","25","92","94.67401285583104","164.96"
"29","60","5","false","25","25","219","100","170.4225352112676"
"20","60","5","false","25","5","209","99.90817263544535","169.47040498442368"
"27","60","5","false","25","25","79","88.33792470156106","151.49606299212599"
"29","60","5","false","25","25","220","100","170.4225352112676"
"2","60","5","false","25","0","439","100","171.49606299212599"
"19","60","5","false","25","5","278","100","164.75037821482604"
"30","60","5","false","25","25","93","94.8576675849403","165.28"
"29","60","5","false","25","25","221","100","170.4225352112676"
"9","60","5","false","25","0","449","100","169.09937888198758"
"25","60","5","false","25","25","123","98.80624426078971","167.0807453416149"
"20","60","5","false","25","5","210","99.90817263544535","169.47040498442368"
"29","60","5","false","25","25","222","100","170.4225352112676"
"27","60","5","false","25","25","80","88.61340679522498","151.96850393700788"
"19","60","5","false","25","5","279","100","164.75037821482604"
"30","60","5","false","25","25","94","95.22497704315886","165.92"
"2","60","5","false","25","0","440","100","171.49606299212599"
"29","60","5","false","25","25","223","100","170.4225352112676"
"29","60","5","false","25","25","224","100","170.4225352112676"
"30","60","5","false","25","25","95","95.50045913682277","166.4"
"29","60","5","false","25","25","225","100","170.4225352112676"
"25","60","5","false","25","25","124","98.80624426078971","167.0807453416149"
"29","60","5","false","25","25","226","100","170.4225352112676"
"30","60","5","false","25","25","96","95.68411386593205","166.72"
"29","60","5","false","25","25","227","100","170.4225352112676"
"20","60","5","false","25","5","211","99.90817263544535","169.47040498442368"
"9","60","5","false","25","0","450","100","169.09937888198758"
"30","60","5","false","25","25","97","95.95959595959596","167.2"
"29","60","5","false","25","25","228","100","170.4225352112676"
"19","60","5","false","25","5","280","100","164.75037821482604"
"27","60","5","false","25","25","81","88.88888888888889","152.44094488188978"
"30","60","5","false","25","25","98","96.23507805325987","167.68"
"2","60","5","false","25","0","441","100","171.49606299212599"
"29","60","5","false","25","25","229","100","170.4225352112676"
"25","60","5","false","25","25","125","99.17355371900827","167.70186335403727"
"29","60","5","false","25","25","230","100","170.4225352112676"
"29","60","5","false","25","25","231","100","170.4225352112676"
"30","60","5","false","25","25","99","96.41873278236915","168"
"29","60","5","false","25","25","232","100","170.4225352112676"
"20","60","5","false","25","5","212","99.90817263544535","169.47040498442368"
"29","60","5","false","25","25","233","100","170.4225352112676"
"30","60","5","false","25","25","100","96.60238751147841","168.32"
"27","60","5","false","25","25","82","89.07254361799816","152.75590551181102"
"29","60","5","false","25","25","234","100","170.4225352112676"
"25","60","5","false","25","25","126","99.17355371900827","167.70186335403727"
"30","60","5","false","25","25","101","96.96969696969697","168.96"
"19","60","5","false","25","5","281","100","164.75037821482604"
"29","60","5","false","25","25","235","100","170.4225352112676"
"9","60","5","false","25","0","451","100","169.09937888198758"
"29","60","5","false","25","25","236","100","170.4225352112676"
"30","60","5","false","25","25","102","97.15335169880625","169.28"
"29","60","5","false","25","25","237","100","170.4225352112676"
"2","60","5","false","25","0","442","100","171.49606299212599"
"29","60","5","false","25","25","238","100","170.4225352112676"
"30","60","5","false","25","25","103","97.33700642791551","169.6"
"29","60","5","false","25","25","239","100","170.4225352112676"
"20","60","5","false","25","5","213","99.90817263544535","169.47040498442368"
"29","60","5","false","25","25","240","100","170.4225352112676"
"25","60","5","false","25","25","127","99.2653810835629","167.85714285714286"
"30","60","5","false","25","25","104","97.52066115702479","169.92000000000002"
"29","60","5","false","25","25","241","100","170.4225352112676"
"19","60","5","false","25","5","282","100","164.75037821482604"
"27","60","5","false","25","25","83","89.25619834710744","153.0708661417323"
"29","60","5","false","25","25","242","100","170.4225352112676"
"29","60","5","false","25","25","243","100","170.4225352112676"
"9","60","5","false","25","0","452","100","169.09937888198758"
"29","60","5","false","25","25","244","100","170.4225352112676"
"30","60","5","false","25","25","105","97.52066115702479","169.92000000000002"
"29","60","5","false","25","25","245","100","170.4225352112676"
"25","60","5","false","25","25","128","99.44903581267218","168.16770186335404"
"29","60","5","false","25","25","246","100","170.4225352112676"
"2","60","5","false","25","0","443","100","171.49606299212599"
"19","60","5","false","25","5","283","100","164.75037821482604"
"30","60","5","false","25","25","106","97.52066115702479","169.92000000000002"
"20","60","5","false","25","5","214","99.90817263544535","169.47040498442368"
"29","60","5","false","25","25","247","100","170.4225352112676"
"27","60","5","false","25","25","84","89.53168044077135","153.54330708661416"
"30","60","5","false","25","25","107","97.52066115702479","169.92000000000002"
"25","60","5","false","25","25","129","99.54086317722681","168.32298136645963"
"1","60","5","false","25","0","31","35.62901744719926","62.88492706645057"
"19","60","5","false","25","5","284","100","164.75037821482604"
"9","60","5","false","25","0","453","100","169.09937888198758"
"30","60","5","false","25","25","108","97.61248852157944","170.08"
"2","60","5","false","25","0","444","100","171.49606299212599"
"29","60","5","false","25","25","248","100","170.4225352112676"
"30","60","5","false","25","25","109","97.70431588613407","170.23999999999998"
"29","60","5","false","25","25","249","100","170.4225352112676"
"20","60","5","false","25","5","215","99.90817263544535","169.47040498442368"
"25","60","5","false","25","25","130","99.72451790633609","168.6335403726708"
"30","60","5","false","25","25","110","97.70431588613407","170.23999999999998"
"19","60","5","false","25","5","285","100","164.75037821482604"
"29","60","5","false","25","25","250","100","170.4225352112676"
"27","60","5","false","25","25","85","89.99081726354453","154.3307086614173"
"30","60","5","false","25","25","111","97.88797061524335","170.56"
"29","60","5","false","25","25","251","100","170.4225352112676"
"9","60","5","false","25","0","454","100","169.09937888198758"
"29","60","5","false","25","25","252","100","170.4225352112676"
"29","60","5","false","25","25","253","100","170.4225352112676"
"30","60","5","false","25","25","112","98.07162534435263","170.88"
"25","60","5","false","25","25","131","99.72451790633609","168.6335403726708"
"2","60","5","false","25","0","445","100","171.49606299212599"
"30","60","5","false","25","25","113","98.25528007346189","171.2"
"29","60","5","false","25","25","254","100","170.4225352112676"
"20","60","5","false","25","5","216","99.90817263544535","169.47040498442368"
"30","60","5","false","25","25","114","98.34710743801654","171.36"
"29","60","5","false","25","25","255","100","170.4225352112676"
"19","60","5","false","25","5","286","100","164.75037821482604"
"27","60","5","false","25","25","86","90.35812672176309","154.96062992125985"
"29","60","5","false","25","25","256","100","170.4225352112676"
"30","60","5","false","25","25","115","98.71441689623508","172"
"9","60","5","false","25","0","455","100","169.09937888198758"
"30","60","5","false","25","25","116","98.89807162534436","172.32"
"29","60","5","false","25","25","257","100","170.4225352112676"
"25","60","5","false","25","25","132","99.81634527089072","168.7888198757764"
"29","60","5","false","25","25","258","100","170.4225352112676"
"19","60","5","false","25","5","287","100","164.75037821482604"
"29","60","5","false","25","25","259","100","170.4225352112676"
"2","60","5","false","25","0","446","100","171.49606299212599"
"29","60","5","false","25","25","260","100","170.4225352112676"
"30","60","5","false","25","25","117","98.98989898989899","172.48000000000002"
"20","60","5","false","25","5","217","99.90817263544535","169.47040498442368"
"30","60","5","false","25","25","118","98.98989898989899","172.48000000000002"
"27","60","5","false","25","25","87","91.09274563820018","156.2204724409449"
"29","60","5","false","25","25","261","100","170.4225352112676"
"25","60","5","false","25","25","133","99.81634527089072","168.7888198757764"
"29","60","5","false","25","25","262","100","170.4225352112676"
"19","60","5","false","25","5","288","100","164.75037821482604"
"29","60","5","false","25","25","263","100","170.4225352112676"
"9","60","5","false","25","0","456","100","169.09937888198758"
"29","60","5","false","25","25","264","100","170.4225352112676"
"30","60","5","false","25","25","119","98.98989898989899","172.48000000000002"
"2","60","5","false","25","0","447","100","171.49606299212599"
"25","60","5","false","25","25","134","99.81634527089072","168.7888198757764"
"29","60","5","false","25","25","265","100","170.4225352112676"
"27","60","5","false","25","25","88","91.27640036730946","156.53543307086613"
"9","60","5","false","25","0","457","100","169.09937888198758"
"30","60","5","false","25","25","120","98.98989898989899","172.48000000000002"
"29","60","5","false","25","25","266","100","170.4225352112676"
"20","60","5","false","25","5","218","99.90817263544535","169.47040498442368"
"19","60","5","false","25","5","289","100","164.75037821482604"
"29","60","5","false","25","25","267","100","170.4225352112676"
"30","60","5","false","25","25","121","98.98989898989899","172.48000000000002"
"2","60","5","false","25","0","448","100","171.49606299212599"
"25","60","5","false","25","25","135","99.81634527089072","168.7888198757764"
"29","60","5","false","25","25","268","100","170.4225352112676"
"30","60","5","false","25","25","122","98.98989898989899","172.48000000000002"
"29","60","5","false","25","25","269","100","170.4225352112676"
"29","60","5","false","25","25","270","100","170.4225352112676"
"9","60","5","false","25","0","458","100","169.09937888198758"
"30","60","5","false","25","25","123","99.08172635445362","172.64"
"29","60","5","false","25","25","271","100","170.4225352112676"
"27","60","5","false","25","25","89","92.01101928374655","157.79527559055117"
"20","60","5","false","25","5","219","99.90817263544535","169.47040498442368"
"19","60","5","false","25","5","290","100","164.75037821482604"
"29","60","5","false","25","25","272","100","170.4225352112676"
"25","60","5","false","25","25","136","99.81634527089072","168.7888198757764"
"29","60","5","false","25","25","273","100","170.4225352112676"
"9","60","5","false","25","0","459","100","169.09937888198758"
"2","60","5","false","25","0","449","100","171.49606299212599"
"30","60","5","false","25","25","124","99.08172635445362","172.64"
"29","60","5","false","25","25","274","100","170.4225352112676"
"20","60","5","false","25","5","220","99.90817263544535","169.47040498442368"
"29","60","5","false","25","25","275","100","170.4225352112676"
"30","60","5","false","25","25","125","99.08172635445362","172.64"
"25","60","5","false","25","25","137","99.81634527089072","168.7888198757764"
"27","60","5","false","25","25","90","92.65381083562902","158.89763779527559"
"30","60","5","false","25","25","126","99.08172635445362","172.64"
"29","60","5","false","25","25","276","100","170.4225352112676"
"19","60","5","false","25","5","291","100","164.75037821482604"
"29","60","5","false","25","25","277","100","170.4225352112676"
"30","60","5","false","25","25","127","99.08172635445362","172.64"
"29","60","5","false","25","25","278","100","170.4225352112676"
"9","60","5","false","25","0","460","100","169.09937888198758"
"2","60","5","false","25","0","450","100","171.49606299212599"
"29","60","5","false","25","25","279","100","170.4225352112676"
"25","60","5","false","25","25","138","99.81634527089072","168.7888198757764"
"20","60","5","false","25","5","221","99.90817263544535","169.47040498442368"
"30","60","5","false","25","25","128","99.08172635445362","172.64"
"29","60","5","false","25","25","280","100","170.4225352112676"
"19","60","5","false","25","5","292","100","164.75037821482604"
"29","60","5","false","25","25","281","100","170.4225352112676"
"29","60","5","false","25","25","282","100","170.4225352112676"
"30","60","5","false","25","25","129","99.08172635445362","172.64"
"29","60","5","false","25","25","283","100","170.4225352112676"
"9","60","5","false","25","0","461","100","169.09937888198758"
"27","60","5","false","25","25","91","92.92929292929293","159.37007874015748"
"29","60","5","false","25","25","284","100","170.4225352112676"
"30","60","5","false","25","25","130","99.08172635445362","172.64"
"25","60","5","false","25","25","139","99.81634527089072","168.7888198757764"
"19","60","5","false","25","5","293","100","164.75037821482604"
"2","60","5","false","25","0","451","100","171.49606299212599"
"30","60","5","false","25","25","131","99.08172635445362","172.64"
"31","60","5","false","25","50","0","1.7447199265381086","3.0206677265500796"
"31","60","5","false","25","50","1","3.3976124885215793","5.88235294117647"
"20","60","5","false","25","5","222","100","169.62616822429905"
"9","60","5","false","25","0","462","100","169.09937888198758"
"31","60","5","false","25","50","2","5.142332415059688","8.90302066772655"
"30","60","5","false","25","25","132","99.08172635445362","172.64"
"19","60","5","false","25","5","294","100","164.75037821482604"
"25","60","5","false","25","25","140","99.81634527089072","168.7888198757764"
"31","60","5","false","25","50","3","7.162534435261708","12.400635930047695"
"27","60","5","false","25","25","92","93.20477502295684","159.84251968503938"
"31","60","5","false","25","50","4","9.182736455463727","15.89825119236884"
"30","60","5","false","25","25","133","99.08172635445362","172.64"
"31","60","5","false","25","50","5","11.11111111111111","19.236883942766294"
"19","60","5","false","25","5","295","100","164.75037821482604"
"30","60","5","false","25","25","134","99.08172635445362","172.64"
"31","60","5","false","25","50","6","12.764003673094582","22.098569157392685"
"25","60","5","false","25","25","141","99.81634527089072","168.7888198757764"
"31","60","5","false","25","50","7","14.049586776859504","24.324324324324326"
"31","60","5","false","25","50","8","15.426997245179063","26.70906200317965"
"2","60","5","false","25","0","452","100","171.49606299212599"
"30","60","5","false","25","25","135","99.17355371900827","172.8"
"31","60","5","false","25","50","9","16.988062442607895","29.411764705882355"
"31","60","5","false","25","50","10","18.089990817263544","31.319554848966614"
"27","60","5","false","25","25","93","93.20477502295684","159.84251968503938"
"19","60","5","false","25","5","296","100","164.75037821482604"
"30","60","5","false","25","25","136","99.17355371900827","172.8"
"20","60","5","false","25","5","223","100","169.62616822429905"
"31","60","5","false","25","50","11","19.4674012855831","33.70429252782194"
"31","60","5","false","25","50","12","21.028466483011936","36.40699523052464"
"25","60","5","false","25","25","142","99.90817263544535","168.944099378882"
"31","60","5","false","25","50","13","22.865013774104685","39.58664546899841"
"30","60","5","false","25","25","137","99.17355371900827","172.8"
"31","60","5","false","25","50","14","24.426078971533517","42.289348171701114"
"9","60","5","false","25","0","463","100","169.09937888198758"
"31","60","5","false","25","50","15","25.71166207529844","44.51510333863275"
"19","60","5","false","25","5","297","100","164.75037821482604"
"31","60","5","false","25","50","16","27.180899908172634","47.05882352941176"
"30","60","5","false","25","25","138","99.17355371900827","172.8"
"31","60","5","false","25","50","17","28.650137741046834","49.60254372019078"
"9","60","5","false","25","0","464","100","169.09937888198758"
"2","60","5","false","25","0","453","100","171.49606299212599"
"30","60","5","false","25","25","139","99.17355371900827","172.8"
"31","60","5","false","25","50","18","30.21120293847567","52.30524642289348"
"25","60","5","false","25","25","143","99.90817263544535","168.944099378882"
"19","60","5","false","25","5","298","100","164.75037821482604"
"27","60","5","false","25","25","94","93.5720844811754","160.4724409448819"
"31","60","5","false","25","50","19","32.047750229568415","55.484896661367245"
"20","60","5","false","25","5","224","100","169.62616822429905"
"30","60","5","false","25","25","140","99.17355371900827","172.8"
"31","60","5","false","25","50","20","34.067952249770435","58.9825119236884"
"9","60","5","false","25","0","465","100","169.09937888198758"
"19","60","5","false","25","5","299","100","164.75037821482604"
"31","60","5","false","25","50","21","35.99632690541782","62.32114467408585"
"30","60","5","false","25","25","141","99.17355371900827","172.8"
"25","60","5","false","25","25","144","99.90817263544535","168.944099378882"
"27","60","5","false","25","25","95","93.75573921028466","160.78740157480317"
"31","60","5","false","25","50","22","38.10835629017447","65.97774244833067"
"20","60","5","false","25","5","225","100","169.62616822429905"
"2","60","5","false","25","0","454","100","171.49606299212599"
"19","60","5","false","25","5","300","100","164.75037821482604"
"30","60","5","false","25","25","142","99.17355371900827","172.8"
"31","60","5","false","25","50","23","40.03673094582185","69.31637519872814"
"9","60","5","false","25","0","466","100","169.09937888198758"
"31","60","5","false","25","50","24","42.05693296602387","72.81399046104929"
"25","60","5","false","25","25","145","99.90817263544535","168.944099378882"
"27","60","5","false","25","25","96","94.39853076216713","161.88976377952756"
"19","60","5","false","25","5","301","100","164.75037821482604"
"30","60","5","false","25","25","143","99.2653810835629","172.96"
"25","60","5","false","25","25","146","99.90817263544535","168.944099378882"
"19","60","5","false","25","5","302","100","164.75037821482604"
"31","60","5","false","25","50","25","43.80165289256198","75.83465818759937"
"2","60","5","false","25","0","455","100","171.49606299212599"
"9","60","5","false","25","0","467","100","169.09937888198758"
"20","60","5","false","25","5","226","100","169.62616822429905"
"30","60","5","false","25","25","144","99.2653810835629","172.96"
"27","60","5","false","25","25","97","94.5821854912764","162.20472440944883"
"31","60","5","false","25","50","26","45.27089072543618","78.37837837837837"
"25","60","5","false","25","25","147","99.90817263544535","168.944099378882"
"19","60","5","false","25","5","303","100","164.75037821482604"
"31","60","5","false","25","50","27","46.464646464646464","80.44515103338632"
"30","60","5","false","25","25","145","99.35720844811755","173.12"
"31","60","5","false","25","50","28","47.658402203856745","82.51192368839428"
"31","60","5","false","25","50","29","48.668503213957756","84.26073131955485"
"30","60","5","false","25","25","146","99.44903581267218","173.28"
"20","60","5","false","25","5","227","100","169.62616822429905"
"31","60","5","false","25","50","30","49.95408631772268","86.48648648648648"
"9","60","5","false","25","0","468","100","169.09937888198758"
"25","60","5","false","25","25","148","99.90817263544535","168.944099378882"
"30","60","5","false","25","25","147","99.54086317722681","173.44"
"1","60","5","false","25","0","32","36.455463728191","64.34359805510535"
"2","60","5","false","25","0","456","100","171.49606299212599"
"27","60","5","false","25","25","98","94.8576675849403","162.6771653543307"
"30","60","5","false","25","25","148","99.63269054178146","173.6"
"31","60","5","false","25","50","31","50.688705234159784","87.75834658187598"
"31","60","5","false","25","50","32","51.331496786042244","88.87122416534181"
"30","60","5","false","25","25","149","99.63269054178146","173.6"
"19","60","5","false","25","5","304","100","164.75037821482604"
"31","60","5","false","25","50","33","51.790633608815426","89.66613672496025"
"25","60","5","false","25","25","149","99.90817263544535","168.944099378882"
"30","60","5","false","25","25","150","99.72451790633609","173.76"
"9","60","5","false","25","0","469","100","169.09937888198758"
"20","60","5","false","25","5","228","100","169.62616822429905"
"31","60","5","false","25","50","34","52.52525252525253","90.93799682034977"
"30","60","5","false","25","25","151","99.81634527089072","173.92000000000002"
"31","60","5","false","25","50","35","53.351698806244265","92.36883942766295"
"31","60","5","false","25","50","36","53.90266299357208","93.32273449920508"
"30","60","5","false","25","25","152","99.81634527089072","173.92000000000002"
"27","60","5","false","25","25","99","95.22497704315886","163.30708661417324"
"31","60","5","false","25","50","37","54.45362718089991","94.27662957074722"
"25","60","5","false","25","25","150","99.90817263544535","168.944099378882"
"2","60","5","false","25","0","457","100","171.49606299212599"
"30","60","5","false","25","25","153","99.81634527089072","173.92000000000002"
"9","60","5","false","25","0","470","100","169.09937888198758"
"19","60","5","false","25","5","305","100","164.75037821482604"
"31","60","5","false","25","50","38","55.09641873278237","95.38950715421304"
"20","60","5","false","25","5","229","100","169.62616822429905"
"27","60","5","false","25","25","100","95.40863177226814","163.6220472440945"
"31","60","5","false","25","50","39","55.64738292011019","96.34340222575517"
"25","60","5","false","25","25","151","99.90817263544535","168.944099378882"
"30","60","5","false","25","25","154","99.81634527089072","173.92000000000002"
"9","60","5","false","25","0","471","100","169.09937888198758"
"31","60","5","false","25","50","40","56.29017447199265","97.45627980922097"
"19","60","5","false","25","5","306","100","164.75037821482604"
"30","60","5","false","25","25","155","99.81634527089072","173.92000000000002"
"25","60","5","false","25","25","152","99.90817263544535","168.944099378882"
"31","60","5","false","25","50","41","57.30027548209367","99.20508744038156"
"2","60","5","false","25","0","458","100","171.49606299212599"
"27","60","5","false","25","25","101","95.50045913682277","163.7795275590551"
"20","60","5","false","25","5","230","100","169.62616822429905"
"30","60","5","false","25","25","156","99.81634527089072","173.92000000000002"
"31","60","5","false","25","50","42","58.1267217630854","100.63593004769476"
"19","60","5","false","25","5","307","100","164.75037821482604"
"9","60","5","false","25","0","472","100","169.09937888198758"
"30","60","5","false","25","25","157","99.81634527089072","173.92000000000002"
"31","60","5","false","25","50","43","58.95316804407713","102.06677265500794"
"2","60","5","false","25","0","459","100","171.49606299212599"
"27","60","5","false","25","25","102","95.59228650137742","163.93700787401576"
"9","60","5","false","25","0","473","100","169.09937888198758"
"31","60","5","false","25","50","44","59.77961432506888","103.49761526232115"
"25","60","5","false","25","25","153","99.90817263544535","168.944099378882"
"19","60","5","false","25","5","308","100","164.75037821482604"
"20","60","5","false","25","5","231","100","169.62616822429905"
"31","60","5","false","25","50","45","60.60606060606061","104.92845786963434"
"30","60","5","false","25","25","158","99.90817263544535","174.07999999999998"
"31","60","5","false","25","50","46","61.52433425160698","106.51828298887122"
"2","60","5","false","25","0","460","100","171.49606299212599"
"31","60","5","false","25","50","47","62.44260789715336","108.10810810810811"
"27","60","5","false","25","25","103","95.77594123048668","164.251968503937"
"31","60","5","false","25","50","48","63.26905417814509","109.53895071542131"
"19","60","5","false","25","5","309","100","164.75037821482604"
"30","60","5","false","25","25","159","99.90817263544535","174.07999999999998"
"9","60","5","false","25","0","474","100","169.09937888198758"
"31","60","5","false","25","50","49","63.91184573002755","110.65182829888711"
"25","60","5","false","25","25","154","99.90817263544535","168.944099378882"
"31","60","5","false","25","50","50","64.92194674012856","112.4006359300477"
"27","60","5","false","25","25","104","96.05142332415059","164.7244094488189"
"20","60","5","false","25","5","232","100","169.62616822429905"
"30","60","5","false","25","25","160","99.90817263544535","174.07999999999998"
"31","60","5","false","25","50","51","65.47291092745638","113.35453100158983"
"2","60","5","false","25","0","461","100","171.49606299212599"
"31","60","5","false","25","50","52","66.85032139577594","115.73926868044515"
"9","60","5","false","25","0","475","100","169.09937888198758"
"19","60","5","false","25","5","310","100","164.75037821482604"
"30","60","5","false","25","25","161","99.90817263544535","174.07999999999998"
"25","60","5","false","25","25","155","99.90817263544535","168.944099378882"
"31","60","5","false","25","50","53","67.86042240587695","117.48807631160571"
"31","60","5","false","25","50","54","68.77869605142332","119.0779014308426"
"27","60","5","false","25","25","105","96.41873278236915","165.35433070866142"
"30","60","5","false","25","25","162","99.90817263544535","174.07999999999998"
"31","60","5","false","25","50","55","70.06427915518825","121.30365659777425"
"2","60","5","false","25","0","462","100","171.49606299212599"
"30","60","5","false","25","25","163","99.90817263544535","174.07999999999998"
"31","60","5","false","25","50","56","71.53351698806244","123.84737678855326"
"19","60","5","false","25","5","311","100","164.75037821482604"
"31","60","5","false","25","50","57","73.27823691460054","126.86804451510334"
"20","60","5","false","25","5","233","100","169.62616822429905"
"9","60","5","false","25","0","476","100","169.09937888198758"
"30","60","5","false","25","25","164","99.90817263544535","174.07999999999998"
"31","60","5","false","25","50","58","74.28833792470157","128.6168521462639"
"25","60","5","false","25","25","156","99.90817263544535","168.944099378882"
"27","60","5","false","25","25","106","96.60238751147841","165.66929133858267"
"31","60","5","false","25","50","59","75.75757575757575","131.16057233704294"
"31","60","5","false","25","50","60","76.85950413223141","133.06836248012718"
"30","60","5","false","25","25","165","99.90817263544535","174.07999999999998"
"31","60","5","false","25","50","61","78.32874196510559","135.6120826709062"
"19","60","5","false","25","5","312","100","164.75037821482604"
"30","60","5","false","25","25","166","99.90817263544535","174.07999999999998"
"31","60","5","false","25","50","62","79.33884297520662","137.36089030206676"
"30","60","5","false","25","25","167","99.90817263544535","174.07999999999998"
"9","60","5","false","25","0","477","100","169.09937888198758"
"2","60","5","false","25","0","463","100","171.49606299212599"
"27","60","5","false","25","25","107","97.0615243342516","166.45669291338584"
"25","60","5","false","25","25","157","99.90817263544535","168.944099378882"
"20","60","5","false","25","5","234","100","169.62616822429905"
"19","60","5","false","25","5","313","100","164.75037821482604"
"31","60","5","false","25","50","63","80.8080808080808","139.9046104928458"
"31","60","5","false","25","50","64","82.46097337006428","142.76629570747218"
"31","60","5","false","25","50","65","83.83838383838383","145.1510333863275"
"30","60","5","false","25","25","168","99.90817263544535","174.07999999999998"
"9","60","5","false","25","0","478","100","169.09937888198758"
"31","60","5","false","25","50","66","85.85858585858585","148.64864864864865"
"19","60","5","false","25","5","314","100","164.75037821482604"
"30","60","5","false","25","25","169","99.90817263544535","174.07999999999998"
"31","60","5","false","25","50","67","87.23599632690542","151.033386327504"
"20","60","5","false","25","5","235","100","169.62616822429905"
"25","60","5","false","25","25","158","99.90817263544535","168.944099378882"
"27","60","5","false","25","25","108","97.61248852157944","167.4015748031496"
"31","60","5","false","25","50","68","88.33792470156106","152.94117647058823"
"2","60","5","false","25","0","464","100","171.49606299212599"
"30","60","5","false","25","25","170","99.90817263544535","174.07999999999998"
"9","60","5","false","25","0","479","100","169.09937888198758"
"31","60","5","false","25","50","69","89.1643709825528","154.37201907790143"
"31","60","5","false","25","50","70","89.8989898989899","155.64387917329094"
"27","60","5","false","25","25","109","97.88797061524335","167.8740157480315"
"19","60","5","false","25","5","315","100","164.75037821482604"
"25","60","5","false","25","25","159","100","169.09937888198758"
"30","60","5","false","25","25","171","99.90817263544535","174.07999999999998"
"31","60","5","false","25","50","71","90.35812672176309","156.43879173290938"
"20","60","5","false","25","5","236","100","169.62616822429905"
"31","60","5","false","25","50","72","90.9090909090909","157.3926868044515"
"30","60","5","false","25","25","172","99.90817263544535","174.07999999999998"
"31","60","5","false","25","50","73","91.27640036730946","158.02861685214626"
"9","60","5","false","25","0","480","100","169.09937888198758"
"2","60","5","false","25","0","465","100","171.49606299212599"
"19","60","5","false","25","5","316","100","164.75037821482604"
"30","60","5","false","25","25","173","99.90817263544535","174.07999999999998"
"25","60","5","false","25","25","160","100","169.09937888198758"
"31","60","5","false","25","50","74","91.46005509641874","158.34658187599365"
"27","60","5","false","25","25","110","98.07162534435263","168.18897637795277"
"31","60","5","false","25","50","75","91.55188246097336","158.50556438791733"
"31","60","5","false","25","50","76","91.91919191919192","159.14149443561206"
"9","60","5","false","25","0","481","100","169.09937888198758"
"20","60","5","false","25","5","237","100","169.62616822429905"
"2","60","5","false","25","0","466","100","171.49606299212599"
"30","60","5","false","25","25","174","99.90817263544535","174.07999999999998"
"31","60","5","false","25","50","77","92.1028466483012","159.45945945945945"
"19","60","5","false","25","5","317","100","164.75037821482604"
"31","60","5","false","25","50","78","92.3783287419651","159.93640699523053"
"27","60","5","false","25","25","111","98.25528007346189","168.50393700787401"
"20","60","5","false","25","5","238","100","169.62616822429905"
"9","60","5","false","25","0","482","100","169.09937888198758"
"25","60","5","false","25","25","161","100","169.09937888198758"
"30","60","5","false","25","25","175","99.90817263544535","174.07999999999998"
"31","60","5","false","25","50","79","92.56198347107438","160.25437201907792"
"2","60","5","false","25","0","467","100","171.49606299212599"
"19","60","5","false","25","5","318","100","164.75037821482604"
"31","60","5","false","25","50","80","92.65381083562902","160.41335453100157"
"19","60","5","false","25","5","319","100","164.75037821482604"
"30","60","5","false","25","25","176","99.90817263544535","174.07999999999998"
"9","60","5","false","25","0","483","100","169.09937888198758"
"27","60","5","false","25","25","112","98.80624426078971","169.44881889763778"
"30","60","5","false","25","25","177","99.90817263544535","174.07999999999998"
"31","60","5","false","25","50","81","92.65381083562902","160.41335453100157"
"2","60","5","false","25","0","468","100","171.49606299212599"
"20","60","5","false","25","5","239","100","169.62616822429905"
"25","60","5","false","25","25","162","100","169.09937888198758"
"19","60","5","false","25","5","320","100","164.75037821482604"
"9","60","5","false","25","0","484","100","169.09937888198758"
"31","60","5","false","25","50","82","92.74563820018365","160.57233704292528"
"27","60","5","false","25","25","113","98.80624426078971","169.44881889763778"
"30","60","5","false","25","25","178","99.90817263544535","174.07999999999998"
"19","60","5","false","25","5","321","100","164.75037821482604"
"31","60","5","false","25","50","83","92.8374655647383","160.73131955484897"
"31","60","5","false","25","50","84","93.1129476584022","161.20826709062004"
"30","60","5","false","25","25","179","99.90817263544535","174.07999999999998"
"1","60","5","false","25","0","33","37.37373737373738","65.96434359805511"
"9","60","5","false","25","0","485","100","169.09937888198758"
"25","60","5","false","25","25","163","100","169.09937888198758"
"20","60","5","false","25","5","240","100","169.62616822429905"
"2","60","5","false","25","0","469","100","171.49606299212599"
"31","60","5","false","25","50","85","93.38842975206612","161.6852146263911"
"30","60","5","false","25","25","180","99.90817263544535","174.07999999999998"
"19","60","5","false","25","5","322","100","164.75037821482604"
"31","60","5","false","25","50","86","93.48025711662076","161.8441971383148"
"27","60","5","false","25","25","114","98.80624426078971","169.44881889763778"
"31","60","5","false","25","50","87","93.5720844811754","162.00317965023848"
"30","60","5","false","25","25","181","99.90817263544535","174.07999999999998"
"19","60","5","false","25","5","323","100","164.75037821482604"
"31","60","5","false","25","50","88","93.5720844811754","162.00317965023848"
"20","60","5","false","25","5","241","100","169.62616822429905"
"9","60","5","false","25","0","486","100","169.09937888198758"
"2","60","5","false","25","0","470","100","171.49606299212599"
"25","60","5","false","25","25","164","100","169.09937888198758"
"31","60","5","false","25","50","89","93.5720844811754","162.00317965023848"
"27","60","5","false","25","25","115","98.89807162534436","169.60629921259843"
"19","60","5","false","25","5","324","100","164.75037821482604"
"30","60","5","false","25","25","182","99.90817263544535","174.07999999999998"
"31","60","5","false","25","50","90","93.66391184573003","162.16216216216216"
"2","60","5","false","25","0","471","100","171.49606299212599"
"20","60","5","false","25","5","242","100","169.62616822429905"
"9","60","5","false","25","0","487","100","169.09937888198758"
"30","60","5","false","25","25","183","99.90817263544535","174.07999999999998"
"25","60","5","false","25","25","165","100","169.09937888198758"
"31","60","5","false","25","50","91","93.66391184573003","162.16216216216216"
"31","60","5","false","25","50","92","93.66391184573003","162.16216216216216"
"30","60","5","false","25","25","184","99.90817263544535","174.07999999999998"
"31","60","5","false","25","50","93","93.66391184573003","162.16216216216216"
"27","60","5","false","25","25","116","98.89807162534436","169.60629921259843"
"19","60","5","false","25","5","325","100","164.75037821482604"
"31","60","5","false","25","50","94","93.66391184573003","162.16216216216216"
"30","60","5","false","25","25","185","99.90817263544535","174.07999999999998"
"31","60","5","false","25","50","95","93.93939393939394","162.63910969793324"
"2","60","5","false","25","0","472","100","171.49606299212599"
"20","60","5","false","25","5","243","100","169.62616822429905"
"25","60","5","false","25","25","166","100","169.09937888198758"
"9","60","5","false","25","0","488","100","169.09937888198758"
"31","60","5","false","25","50","96","94.12304866850322","162.9570747217806"
"27","60","5","false","25","25","117","98.98989898989899","169.76377952755905"
"19","60","5","false","25","5","326","100","164.75037821482604"
"31","60","5","false","25","50","97","94.21487603305785","163.1160572337043"
"9","60","5","false","25","0","489","100","169.09937888198758"
"2","60","5","false","25","0","473","100","171.49606299212599"
"25","60","5","false","25","25","167","100","169.09937888198758"
"20","60","5","false","25","5","244","100","169.62616822429905"
"31","60","5","false","25","50","98","94.21487603305785","163.1160572337043"
"32","60","5","false","25","50","0","1.6528925619834711","2.8346456692913384"
"27","60","5","false","25","25","118","98.98989898989899","169.76377952755905"
"19","60","5","false","25","5","327","100","164.75037821482604"
"31","60","5","false","25","50","99","94.39853076216713","163.43402225755165"
"2","60","5","false","25","0","474","100","171.49606299212599"
"9","60","5","false","25","0","490","100","169.09937888198758"
"25","60","5","false","25","25","168","100","169.09937888198758"
"31","60","5","false","25","50","100","94.49035812672176","163.59300476947536"
"32","60","5","false","25","50","1","4.040404040404041","6.929133858267717"
"19","60","5","false","25","5","328","100","164.75037821482604"
"31","60","5","false","25","50","101","94.67401285583104","163.91096979332275"
"20","60","5","false","25","5","245","100","169.62616822429905"
"32","60","5","false","25","50","2","6.7952249770431585","11.653543307086615"
"2","60","5","false","25","0","475","100","171.49606299212599"
"27","60","5","false","25","25","119","98.98989898989899","169.76377952755905"
"31","60","5","false","25","50","102","94.8576675849403","164.2289348171701"
"25","60","5","false","25","25","169","100","169.09937888198758"
"9","60","5","false","25","0","491","100","169.09937888198758"
"32","60","5","false","25","50","3","9.45821854912764","16.22047244094488"
"19","60","5","false","25","5","329","100","164.75037821482604"
"31","60","5","false","25","50","103","94.8576675849403","164.2289348171701"
"32","60","5","false","25","50","4","12.396694214876034","21.25984251968504"
"31","60","5","false","25","50","104","94.8576675849403","164.2289348171701"
"32","60","5","false","25","50","5","14.967860422405877","25.669291338582678"
"27","60","5","false","25","25","120","98.98989898989899","169.76377952755905"
"25","60","5","false","25","25","170","100","169.09937888198758"
"19","60","5","false","25","5","330","100","164.75037821482604"
"31","60","5","false","25","50","105","94.94949494949495","164.3879173290938"
"2","60","5","false","25","0","476","100","171.49606299212599"
"20","60","5","false","25","5","246","100","169.62616822429905"
"9","60","5","false","25","0","492","100","169.09937888198758"
"31","60","5","false","25","50","106","95.13314967860423","164.70588235294116"
"32","60","5","false","25","50","6","17.17171717171717","29.448818897637796"
"19","60","5","false","25","5","331","100","164.75037821482604"
"31","60","5","false","25","50","107","95.22497704315886","164.86486486486487"
"32","60","5","false","25","50","7","18.91643709825528","32.44094488188976"
"27","60","5","false","25","25","121","98.98989898989899","169.76377952755905"
"25","60","5","false","25","25","171","100","169.09937888198758"
"9","60","5","false","25","0","493","100","169.09937888198758"
"31","60","5","false","25","50","108","95.31680440771349","165.02384737678855"
"20","60","5","false","25","5","247","100","169.62616822429905"
"2","60","5","false","25","0","477","100","171.49606299212599"
"31","60","5","false","25","50","109","95.31680440771349","165.02384737678855"
"32","60","5","false","25","50","8","20.752984389348025","35.59055118110236"
"19","60","5","false","25","5","332","100","164.75037821482604"
"27","60","5","false","25","25","122","98.98989898989899","169.76377952755905"
"31","60","5","false","25","50","110","95.50045913682277","165.34181240063592"
"9","60","5","false","25","0","494","100","169.09937888198758"
"32","60","5","false","25","50","9","23.048668503213957","39.52755905511811"
"25","60","5","false","25","25","172","100","169.09937888198758"
"2","60","5","false","25","0","478","100","171.49606299212599"
"31","60","5","false","25","50","111","95.86776859504133","165.97774244833067"
"20","60","5","false","25","5","248","100","169.62616822429905"
"31","60","5","false","25","50","112","95.95959595959596","166.13672496025438"
"27","60","5","false","25","25","123","98.98989898989899","169.76377952755905"
"32","60","5","false","25","50","10","24.97704315886134","42.83464566929134"
"9","60","5","false","25","0","495","100","169.09937888198758"
"19","60","5","false","25","5","333","100","164.75037821482604"
"25","60","5","false","25","25","173","100","169.09937888198758"
"31","60","5","false","25","50","113","96.23507805325987","166.61367249602543"
"32","60","5","false","25","50","11","26.72176308539945","45.82677165354331"
"31","60","5","false","25","50","114","96.32690541781452","166.77265500794914"
"27","60","5","false","25","25","124","98.98989898989899","169.76377952755905"
"19","60","5","false","25","5","334","100","164.75037821482604"
"20","60","5","false","25","5","249","100","169.62616822429905"
"2","60","5","false","25","0","479","100","171.49606299212599"
"31","60","5","false","25","50","115","96.60238751147841","167.2496025437202"
"25","60","5","false","25","25","174","100","169.09937888198758"
"9","60","5","false","25","0","496","100","169.09937888198758"
"31","60","5","false","25","50","116","96.96969696969697","167.88553259141494"
"32","60","5","false","25","50","12","28.28282828282828","48.503937007874015"
"27","60","5","false","25","25","125","98.98989898989899","169.76377952755905"
"20","60","5","false","25","5","250","100","169.62616822429905"
"31","60","5","false","25","50","117","97.33700642791551","168.5214626391097"
"19","60","5","false","25","5","335","100","164.75037821482604"
"32","60","5","false","25","50","13","30.303030303030305","51.96850393700787"
"25","60","5","false","25","25","175","100","169.09937888198758"
"31","60","5","false","25","50","118","97.42883379247016","168.68044515103338"
"2","60","5","false","25","0","480","100","171.49606299212599"
"9","60","5","false","25","0","497","100","169.09937888198758"
"20","60","5","false","25","5","251","100","169.62616822429905"
"32","60","5","false","25","50","14","32.415059687786965","55.59055118110236"
"27","60","5","false","25","25","126","98.98989898989899","169.76377952755905"
"31","60","5","false","25","50","119","97.70431588613407","169.15739268680446"
"19","60","5","false","25","5","336","100","164.75037821482604"
"31","60","5","false","25","50","120","97.70431588613407","169.15739268680446"
"25","60","5","false","25","25","176","100","169.09937888198758"
"32","60","5","false","25","50","15","34.43526170798898","59.055118110236215"
"9","60","5","false","25","0","498","100","169.09937888198758"
"31","60","5","false","25","50","121","98.07162534435263","169.7933227344992"
"2","60","5","false","25","0","481","100","171.49606299212599"
"27","60","5","false","25","25","127","98.98989898989899","169.76377952755905"
"33","60","5","false","25","50","0","1.6528925619834711","2.8346456692913384"
"19","60","5","false","25","5","337","100","164.75037821482604"
"31","60","5","false","25","50","122","98.5307621671258","170.58823529411765"
"32","60","5","false","25","50","16","35.81267217630854","61.417322834645674"
"25","60","5","false","25","25","177","100","169.09937888198758"
"31","60","5","false","25","50","123","99.08172635445362","171.54213036565977"
"32","60","5","false","25","50","17","36.91460055096419","63.30708661417322"
"9","60","5","false","25","0","499","100","169.09937888198758"
"33","60","5","false","25","50","1","3.8567493112947657","6.6141732283464565"
"27","60","5","false","25","25","128","99.08172635445362","169.9212598425197"
"31","60","5","false","25","50","124","99.44903581267218","172.17806041335453"
"2","60","5","false","25","0","482","100","171.49606299212599"
"19","60","5","false","25","5","338","100","164.75037821482604"
"32","60","5","false","25","50","18","37.83287419651056","64.88188976377953"
"25","60","5","false","25","25","178","100","169.09937888198758"
"9","60","5","false","25","0","500","100","169.09937888198758"
"31","60","5","false","25","50","125","99.72451790633609","172.6550079491256"
"32","60","5","false","25","50","19","38.56749311294766","66.14173228346458"
"27","60","5","false","25","25","129","99.17355371900827","170.07874015748033"
"33","60","5","false","25","50","2","6.0606060606060606","10.393700787401574"
"31","60","5","false","25","50","126","99.81634527089072","172.8139904610493"
"19","60","5","false","25","5","339","100","164.75037821482604"
"32","60","5","false","25","50","20","39.21028466483012","67.24409448818898"
"25","60","5","false","25","25","179","100","169.09937888198758"
"31","60","5","false","25","50","127","99.81634527089072","172.8139904610493"
"1","60","5","false","25","0","34","38.29201101928375","67.58508914100486"
"27","60","5","false","25","25","130","99.17355371900827","170.07874015748033"
"2","60","5","false","25","0","483","100","171.49606299212599"
"31","60","5","false","25","50","128","99.81634527089072","172.8139904610493"
"9","60","5","false","25","0","501","100","169.09937888198758"
"33","60","5","false","25","50","3","8.264462809917356","14.173228346456693"
"32","60","5","false","25","50","21","40.12855831037649","68.81889763779527"
"25","60","5","false","25","25","180","100","169.09937888198758"
"19","60","5","false","25","5","340","100","164.75037821482604"
"31","60","5","false","25","50","129","99.81634527089072","172.8139904610493"
"31","60","5","false","25","50","130","99.81634527089072","172.8139904610493"
"32","60","5","false","25","50","22","41.04683195592286","70.39370078740157"
"27","60","5","false","25","25","131","99.2653810835629","170.23622047244095"
"9","60","5","false","25","0","502","100","169.09937888198758"
"2","60","5","false","25","0","484","100","171.49606299212599"
"32","60","5","false","25","50","23","41.78145087235997","71.65354330708661"
"19","60","5","false","25","5","341","100","164.75037821482604"
"33","60","5","false","25","50","4","10.192837465564738","17.480314960629922"
"31","60","5","false","25","50","131","99.81634527089072","172.8139904610493"
"25","60","5","false","25","25","181","100","169.09937888198758"
"32","60","5","false","25","50","24","42.42424242424242","72.75590551181102"
"31","60","5","false","25","50","132","99.81634527089072","172.8139904610493"
"19","60","5","false","25","5","342","100","164.75037821482604"
"9","60","5","false","25","0","503","100","169.09937888198758"
"27","60","5","false","25","25","132","99.2653810835629","170.23622047244095"
"31","60","5","false","25","50","133","99.81634527089072","172.8139904610493"
"2","60","5","false","25","0","485","100","171.49606299212599"
"32","60","5","false","25","50","25","43.15886134067952","74.01574803149606"
"33","60","5","false","25","50","5","11.84573002754821","20.31496062992126"
"25","60","5","false","25","25","182","100","169.09937888198758"
"31","60","5","false","25","50","134","100","173.13195548489665"
"32","60","5","false","25","50","26","43.80165289256198","75.11811023622047"
"19","60","5","false","25","5","343","100","164.75037821482604"
"27","60","5","false","25","25","133","99.2653810835629","170.23622047244095"
"9","60","5","false","25","0","504","100","169.09937888198758"
"33","60","5","false","25","50","6","13.498622589531681","23.1496062992126"
"31","60","5","false","25","50","135","100","173.13195548489665"
"25","60","5","false","25","25","183","100","169.09937888198758"
"32","60","5","false","25","50","27","43.98530762167126","75.43307086614173"
"2","60","5","false","25","0","486","100","171.49606299212599"
"31","60","5","false","25","50","136","100","173.13195548489665"
"19","60","5","false","25","5","344","100","164.75037821482604"
"27","60","5","false","25","25","134","99.2653810835629","170.23622047244095"
"32","60","5","false","25","50","28","44.352617079889804","76.06299212598425"
"33","60","5","false","25","50","7","14.87603305785124","25.511811023622048"
"9","60","5","false","25","0","505","100","169.09937888198758"
"2","60","5","false","25","0","487","100","171.49606299212599"
"31","60","5","false","25","50","137","100","173.13195548489665"
"25","60","5","false","25","25","184","100","169.09937888198758"
"32","60","5","false","25","50","29","44.90358126721763","77.00787401574803"
"19","60","5","false","25","5","345","100","164.75037821482604"
"31","60","5","false","25","50","138","100","173.13195548489665"
"27","60","5","false","25","25","135","99.2653810835629","170.23622047244095"
"2","60","5","false","25","0","488","100","171.49606299212599"
"9","60","5","false","25","0","506","100","169.09937888198758"
"25","60","5","false","25","25","185","100","169.09937888198758"
"31","60","5","false","25","50","139","100","173.13195548489665"
"32","60","5","false","25","50","30","45.63820018365473","78.26771653543307"
"33","60","5","false","25","50","8","15.886134067952252","27.244094488188974"
"27","60","5","false","25","25","136","99.35720844811755","170.39370078740157"
"31","60","5","false","25","50","140","100","173.13195548489665"
"32","60","5","false","25","50","31","46.372819100091824","79.52755905511812"
"31","60","5","false","25","50","141","100","173.13195548489665"
"19","60","5","false","25","5","346","100","164.75037821482604"
"31","60","5","false","25","50","142","100","173.13195548489665"
"9","60","5","false","25","0","507","100","169.09937888198758"
"31","60","5","false","25","50","143","100","173.13195548489665"
"32","60","5","false","25","50","32","47.658402203856745","81.73228346456692"
"2","60","5","false","25","0","489","100","171.49606299212599"
"25","60","5","false","25","25","186","100","169.09937888198758"
"33","60","5","false","25","50","9","16.62075298438935","28.503937007874015"
"27","60","5","false","25","25","137","99.35720844811755","170.39370078740157"
"19","60","5","false","25","5","347","100","164.75037821482604"
"32","60","5","false","25","50","33","48.94398530762167","83.93700787401575"
"31","60","5","false","25","50","144","100","173.13195548489665"
"31","60","5","false","25","50","145","100","173.13195548489665"
"32","60","5","false","25","50","34","50.505050505050505","86.61417322834646"
"9","60","5","false","25","0","508","100","169.09937888198758"
"33","60","5","false","25","50","10","17.63085399449036","30.236220472440944"
"31","60","5","false","25","50","146","100","173.13195548489665"
"32","60","5","false","25","50","35","52.34159779614325","89.76377952755905"
"25","60","5","false","25","25","187","100","169.09937888198758"
"31","60","5","false","25","50","147","100","173.13195548489665"
"27","60","5","false","25","25","138","99.35720844811755","170.39370078740157"
"19","60","5","false","25","5","348","100","164.75037821482604"
"2","60","5","false","25","0","490","100","171.49606299212599"
"31","60","5","false","25","50","148","100","173.13195548489665"
"9","60","5","false","25","0","509","100","169.09937888198758"
"32","60","5","false","25","50","36","54.54545454545454","93.54330708661416"
"33","60","5","false","25","50","11","18.91643709825528","32.44094488188976"
"31","60","5","false","25","50","149","100","173.13195548489665"
"27","60","5","false","25","25","139","99.35720844811755","170.39370078740157"
"19","60","5","false","25","5","349","100","164.75037821482604"
"9","60","5","false","25","0","510","100","169.09937888198758"
"25","60","5","false","25","25","188","100","169.09937888198758"
"31","60","5","false","25","50","150","100","173.13195548489665"
"32","60","5","false","25","50","37","57.02479338842975","97.79527559055119"
"31","60","5","false","25","50","151","100","173.13195548489665"
"19","60","5","false","25","5","350","100","164.75037821482604"
"2","60","5","false","25","0","491","100","171.49606299212599"
"32","60","5","false","25","50","38","59.50413223140496","102.04724409448819"
"31","60","5","false","25","50","152","100","173.13195548489665"
"27","60","5","false","25","25","140","99.35720844811755","170.39370078740157"
"9","60","5","false","25","0","511","100","169.09937888198758"
"33","60","5","false","25","50","12","20.66115702479339","35.43307086614173"
"32","60","5","false","25","50","39","61.34067952249771","105.19685039370079"
"31","60","5","false","25","50","153","100","173.13195548489665"
"25","60","5","false","25","25","189","100","169.09937888198758"
"32","60","5","false","25","50","40","63.36088154269972","108.66141732283465"
"19","60","5","false","25","5","351","100","164.75037821482604"
"27","60","5","false","25","25","141","99.35720844811755","170.39370078740157"
"31","60","5","false","25","50","154","100","173.13195548489665"
"2","60","5","false","25","0","492","100","171.49606299212599"
"32","60","5","false","25","50","41","64.92194674012856","111.33858267716536"
"31","60","5","false","25","50","155","100","173.13195548489665"
"33","60","5","false","25","50","13","22.58953168044077","38.74015748031496"
"9","60","5","false","25","0","512","100","169.09937888198758"
"32","60","5","false","25","50","42","65.84022038567493","112.91338582677166"
"25","60","5","false","25","25","190","100","169.09937888198758"
"31","60","5","false","25","50","156","100","173.13195548489665"
"32","60","5","false","25","50","43","66.29935720844811","113.70078740157481"
"2","60","5","false","25","0","493","100","171.49606299212599"
"27","60","5","false","25","25","142","99.35720844811755","170.39370078740157"
"31","60","5","false","25","50","157","100","173.13195548489665"
"19","60","5","false","25","5","352","100","164.75037821482604"
"31","60","5","false","25","50","158","100","173.13195548489665"
"32","60","5","false","25","50","44","66.4830119375574","114.01574803149606"
"9","60","5","false","25","0","513","100","169.09937888198758"
"31","60","5","false","25","50","159","100","173.13195548489665"
"25","60","5","false","25","25","191","100","169.09937888198758"
"2","60","5","false","25","0","494","100","171.49606299212599"
"33","60","5","false","25","50","14","24.242424242424242","41.574803149606296"
"32","60","5","false","25","50","45","66.66666666666666","114.33070866141732"
"31","60","5","false","25","50","160","100","173.13195548489665"
"9","60","5","false","25","0","514","100","169.09937888198758"
"32","60","5","false","25","50","46","66.7584940312213","114.48818897637796"
"27","60","5","false","25","25","143","99.44903581267218","170.5511811023622"
"19","60","5","false","25","5","353","100","164.75037821482604"
"32","60","5","false","25","50","47","66.85032139577594","114.64566929133859"
"31","60","5","false","25","50","161","100","173.13195548489665"
"25","60","5","false","25","25","192","100","169.09937888198758"
"31","60","5","false","25","50","162","100","173.13195548489665"
"9","60","5","false","25","0","515","100","169.09937888198758"
"32","60","5","false","25","50","48","66.85032139577594","114.64566929133859"
"31","60","5","false","25","50","163","100","173.13195548489665"
"31","60","5","false","25","50","164","100","173.13195548489665"
"2","60","5","false","25","0","495","100","171.49606299212599"
"33","60","5","false","25","50","15","25.987144168962352","44.56692913385827"
"32","60","5","false","25","50","49","66.94214876033058","114.8031496062992"
"19","60","5","false","25","5","354","100","164.75037821482604"
"31","60","5","false","25","50","165","100","173.13195548489665"
"32","60","5","false","25","50","50","67.03397612488521","114.96062992125984"
"31","60","5","false","25","50","166","100","173.13195548489665"
"32","60","5","false","25","50","51","67.30945821854912","115.43307086614175"
"27","60","5","false","25","25","144","99.72451790633609","171.0236220472441"
"31","60","5","false","25","50","167","100","173.13195548489665"
"19","60","5","false","25","5","355","100","164.75037821482604"
"31","60","5","false","25","50","168","100","173.13195548489665"
"25","60","5","false","25","25","193","100","169.09937888198758"
"32","60","5","false","25","50","52","68.04407713498622","116.69291338582677"
"9","60","5","false","25","0","516","100","169.09937888198758"
"31","60","5","false","25","50","169","100","173.13195548489665"
"32","60","5","false","25","50","53","68.41138659320477","117.32283464566929"
"31","60","5","false","25","50","170","100","173.13195548489665"
"31","60","5","false","25","50","171","100","173.13195548489665"
"33","60","5","false","25","50","16","28.28282828282828","48.503937007874015"
"19","60","5","false","25","5","356","100","164.75037821482604"
"32","60","5","false","25","50","54","69.05417814508723","118.4251968503937"
"2","60","5","false","25","0","496","100","171.49606299212599"
"27","60","5","false","25","25","145","99.72451790633609","171.0236220472441"
"31","60","5","false","25","50","172","100","173.13195548489665"
"31","60","5","false","25","50","173","100","173.13195548489665"
"32","60","5","false","25","50","55","69.88062442607898","119.84251968503936"
"9","60","5","false","25","0","517","100","169.09937888198758"
"25","60","5","false","25","25","194","100","169.09937888198758"
"19","60","5","false","25","5","357","100","164.75037821482604"
"27","60","5","false","25","25","146","99.72451790633609","171.0236220472441"
"31","60","5","false","25","50","174","100","173.13195548489665"
"32","60","5","false","25","50","56","71.16620752984389","122.04724409448819"
"31","60","5","false","25","50","175","100","173.13195548489665"
"32","60","5","false","25","50","57","72.72727272727273","124.7244094488189"
"33","60","5","false","25","50","17","30.670339761248854","52.59842519685039"
"31","60","5","false","25","50","176","100","173.13195548489665"
"32","60","5","false","25","50","58","74.10468319559229","127.08661417322836"
"9","60","5","false","25","0","518","100","169.09937888198758"
"2","60","5","false","25","0","497","100","171.49606299212599"
"19","60","5","false","25","5","358","100","164.75037821482604"
"25","60","5","false","25","25","195","100","169.09937888198758"
"32","60","5","false","25","50","59","75.29843893480258","129.13385826771653"
"1","60","5","false","25","0","35","39.11845730027548","69.04376012965965"
"27","60","5","false","25","25","147","99.72451790633609","171.0236220472441"
"32","60","5","false","25","50","60","76.21671258034894","130.70866141732282"
"31","60","5","false","25","50","177","100","173.13195548489665"
"25","60","5","false","25","25","196","100","169.09937888198758"
"32","60","5","false","25","50","61","77.77777777777779","133.38582677165354"
"33","60","5","false","25","50","18","32.87419651056015","56.37795275590551"
"19","60","5","false","25","5","359","100","164.75037821482604"
"31","60","5","false","25","50","178","100","173.13195548489665"
"32","60","5","false","25","50","62","78.69605142332415","134.96062992125982"
"9","60","5","false","25","0","519","100","169.09937888198758"
"2","60","5","false","25","0","498","100","171.49606299212599"
"31","60","5","false","25","50","179","100","173.13195548489665"
"27","60","5","false","25","25","148","99.72451790633609","171.0236220472441"
"32","60","5","false","25","50","63","80.44077134986226","137.95275590551182"
"19","60","5","false","25","5","360","100","164.75037821482604"
"31","60","5","false","25","50","180","100","173.13195548489665"
"32","60","5","false","25","50","64","82.09366391184572","140.78740157480314"
"33","60","5","false","25","50","19","35.07805325987144","60.15748031496063"
"25","60","5","false","25","25","197","100","169.09937888198758"
"31","60","5","false","25","50","181","100","173.13195548489665"
"27","60","5","false","25","25","149","99.72451790633609","171.0236220472441"
"32","60","5","false","25","50","65","83.37924701561064","142.99212598425197"
"9","60","5","false","25","0","520","100","169.09937888198758"
"19","60","5","false","25","5","361","100","164.75037821482604"
"32","60","5","false","25","50","66","84.66483011937558","145.19685039370077"
"31","60","5","false","25","50","182","100","173.13195548489665"
"2","60","5","false","25","0","499","100","171.49606299212599"
"32","60","5","false","25","50","67","85.76675849403122","147.08661417322836"
"32","60","5","false","25","50","68","86.86868686868688","148.9763779527559"
"31","60","5","false","25","50","183","100","173.13195548489665"
"9","60","5","false","25","0","521","100","169.09937888198758"
"25","60","5","false","25","25","198","100","169.09937888198758"
"32","60","5","false","25","50","69","87.32782369146005","149.76377952755905"
"31","60","5","false","25","50","184","100","173.13195548489665"
"19","60","5","false","25","5","362","100","164.75037821482604"
"27","60","5","false","25","25","150","99.72451790633609","171.0236220472441"
"33","60","5","false","25","50","20","37.28191000918273","63.93700787401575"
"32","60","5","false","25","50","70","87.78696051423324","150.55118110236222"
"31","60","5","false","25","50","185","100","173.13195548489665"
"2","60","5","false","25","0","500","100","171.49606299212599"
"9","60","5","false","25","0","522","100","169.09937888198758"
"25","60","5","false","25","25","199","100","169.09937888198758"
"32","60","5","false","25","50","71","88.42975206611571","151.65354330708664"
"31","60","5","false","25","50","186","100","173.13195548489665"
"32","60","5","false","25","50","72","89.07254361799816","152.75590551181102"
"19","60","5","false","25","5","363","100","164.75037821482604"
"31","60","5","false","25","50","187","100","173.13195548489665"
"27","60","5","false","25","25","151","99.72451790633609","171.0236220472441"
"31","60","5","false","25","50","188","100","173.13195548489665"
"32","60","5","false","25","50","73","89.53168044077135","153.54330708661416"
"9","60","5","false","25","0","523","100","169.09937888198758"
"19","60","5","false","25","5","364","100","164.75037821482604"
"33","60","5","false","25","50","21","39.39393939393939","67.55905511811024"
"2","60","5","false","25","0","501","100","171.49606299212599"
"32","60","5","false","25","50","74","90.08264462809917","154.48818897637796"
"31","60","5","false","25","50","189","100","173.13195548489665"
"27","60","5","false","25","25","152","99.72451790633609","171.0236220472441"
"25","60","5","false","25","25","200","100","169.09937888198758"
"32","60","5","false","25","50","75","90.9090909090909","155.90551181102362"
"31","60","5","false","25","50","190","100","173.13195548489665"
"9","60","5","false","25","0","524","100","169.09937888198758"
"19","60","5","false","25","5","365","100","164.75037821482604"
"33","60","5","false","25","50","22","41.32231404958678","70.86614173228347"
"32","60","5","false","25","50","76","91.27640036730946","156.53543307086613"
"25","60","5","false","25","25","201","100","169.09937888198758"
"32","60","5","false","25","50","77","91.73553719008265","157.3228346456693"
"31","60","5","false","25","50","191","100","173.13195548489665"
"19","60","5","false","25","5","366","100","164.75037821482604"
"31","60","5","false","25","50","192","100","173.13195548489665"
"27","60","5","false","25","25","153","99.72451790633609","171.0236220472441"
"32","60","5","false","25","50","78","92.19467401285583","158.11023622047244"
"2","60","5","false","25","0","502","100","171.49606299212599"
"32","60","5","false","25","50","79","92.28650137741047","158.26771653543307"
"9","60","5","false","25","0","525","100","169.09937888198758"
"32","60","5","false","25","50","80","92.56198347107438","158.74015748031496"
"31","60","5","false","25","50","193","100","173.13195548489665"
"19","60","5","false","25","5","367","100","164.75037821482604"
"32","60","5","false","25","50","81","92.8374655647383","159.21259842519686"
"25","60","5","false","25","25","202","100","169.09937888198758"
"32","60","5","false","25","50","82","92.92929292929293","159.37007874015748"
"31","60","5","false","25","50","194","100","173.13195548489665"
"31","60","5","false","25","50","195","100","173.13195548489665"
"33","60","5","false","25","50","23","43.52617079889807","74.64566929133858"
"32","60","5","false","25","50","83","93.20477502295684","159.84251968503938"
"19","60","5","false","25","5","368","100","164.75037821482604"
"27","60","5","false","25","25","154","99.72451790633609","171.0236220472441"
"31","60","5","false","25","50","196","100","173.13195548489665"
"9","60","5","false","25","0","526","100","169.09937888198758"
"2","60","5","false","25","0","503","100","171.49606299212599"
"32","60","5","false","25","50","84","93.29660238751147","160"
"31","60","5","false","25","50","197","100","173.13195548489665"
"32","60","5","false","25","50","85","93.66391184573003","160.62992125984252"
"25","60","5","false","25","25","203","100","169.09937888198758"
"33","60","5","false","25","50","24","45.45454545454545","77.95275590551181"
"19","60","5","false","25","5","369","100","164.75037821482604"
"31","60","5","false","25","50","198","100","173.13195548489665"
"32","60","5","false","25","50","86","93.75573921028466","160.78740157480317"
"27","60","5","false","25","25","155","99.72451790633609","171.0236220472441"
"9","60","5","false","25","0","527","100","169.09937888198758"
"31","60","5","false","25","50","199","100","173.13195548489665"
"32","60","5","false","25","50","87","93.93939393939394","161.10236220472441"
"25","60","5","false","25","25","204","100","169.09937888198758"
"31","60","5","false","25","50","200","100","173.13195548489665"
"2","60","5","false","25","0","504","100","171.49606299212599"
"19","60","5","false","25","5","370","100","164.75037821482604"
"27","60","5","false","25","25","156","99.72451790633609","171.0236220472441"
"32","60","5","false","25","50","88","94.12304866850322","161.41732283464566"
"31","60","5","false","25","50","201","100","173.13195548489665"
"33","60","5","false","25","50","25","47.19926538108356","80.94488188976378"
"9","60","5","false","25","0","528","100","169.09937888198758"
"19","60","5","false","25","5","371","100","164.75037821482604"
"32","60","5","false","25","50","89","94.12304866850322","161.41732283464566"
"25","60","5","false","25","25","205","100","169.09937888198758"
"31","60","5","false","25","50","202","100","173.13195548489665"
"27","60","5","false","25","25","157","99.72451790633609","171.0236220472441"
"31","60","5","false","25","50","203","100","173.13195548489665"
"32","60","5","false","25","50","90","94.21487603305785","161.5748031496063"
"33","60","5","false","25","50","26","48.484848484848484","83.14960629921259"
"31","60","5","false","25","50","204","100","173.13195548489665"
"9","60","5","false","25","0","529","100","169.09937888198758"
"19","60","5","false","25","5","372","100","164.75037821482604"
"2","60","5","false","25","0","505","100","171.49606299212599"
"32","60","5","false","25","50","91","94.49035812672176","162.04724409448818"
"27","60","5","false","25","25","158","99.72451790633609","171.0236220472441"
"25","60","5","false","25","25","206","100","169.09937888198758"
"33","60","5","false","25","50","27","49.770431588613405","85.35433070866142"
"19","60","5","false","25","5","373","100","164.75037821482604"
"31","60","5","false","25","50","205","100","173.13195548489665"
"32","60","5","false","25","50","92","94.5821854912764","162.20472440944883"
"31","60","5","false","25","50","206","100","173.13195548489665"
"9","60","5","false","25","0","530","100","169.09937888198758"
"25","60","5","false","25","25","207","100","169.09937888198758"
"32","60","5","false","25","50","93","94.5821854912764","162.20472440944883"
"2","60","5","false","25","0","506","100","171.49606299212599"
"27","60","5","false","25","25","159","99.81634527089072","171.1811023622047"
"31","60","5","false","25","50","207","100","173.13195548489665"
"19","60","5","false","25","5","374","100","164.75037821482604"
"9","60","5","false","25","0","531","100","169.09937888198758"
"32","60","5","false","25","50","94","94.5821854912764","162.20472440944883"
"31","60","5","false","25","50","208","100","173.13195548489665"
"33","60","5","false","25","50","28","50.78053259871441","87.08661417322836"
"32","60","5","false","25","50","95","94.5821854912764","162.20472440944883"
"19","60","5","false","25","5","375","100","164.75037821482604"
"31","60","5","false","25","50","209","100","173.13195548489665"
"25","60","5","false","25","25","208","100","169.09937888198758"
"32","60","5","false","25","50","96","94.5821854912764","162.20472440944883"
"31","60","5","false","25","50","210","100","173.13195548489665"
"27","60","5","false","25","25","160","99.81634527089072","171.1811023622047"
"31","60","5","false","25","50","211","100","173.13195548489665"
"2","60","5","false","25","0","507","100","171.49606299212599"
"19","60","5","false","25","5","376","100","164.75037821482604"
"32","60","5","false","25","50","97","94.8576675849403","162.6771653543307"
"31","60","5","false","25","50","212","100","173.13195548489665"
"9","60","5","false","25","0","532","100","169.09937888198758"
"33","60","5","false","25","50","29","52.066115702479344","89.29133858267716"
"31","60","5","false","25","50","213","100","173.13195548489665"
"25","60","5","false","25","25","209","100","169.09937888198758"
"32","60","5","false","25","50","98","95.0413223140496","162.99212598425197"
"19","60","5","false","25","5","377","100","164.75037821482604"
"31","60","5","false","25","50","214","100","173.13195548489665"
"27","60","5","false","25","25","161","99.81634527089072","171.1811023622047"
"31","60","5","false","25","50","215","100","173.13195548489665"
"32","60","5","false","25","50","99","95.0413223140496","162.99212598425197"
"33","60","5","false","25","50","30","53.351698806244265","91.49606299212599"
"31","60","5","false","25","50","216","100","173.13195548489665"
"19","60","5","false","25","5","378","100","164.75037821482604"
"32","60","5","false","25","50","100","95.0413223140496","162.99212598425197"
"31","60","5","false","25","50","217","100","173.13195548489665"
"9","60","5","false","25","0","533","100","169.09937888198758"
"31","60","5","false","25","50","218","100","173.13195548489665"
"32","60","5","false","25","50","101","95.0413223140496","162.99212598425197"
"27","60","5","false","25","25","162","99.81634527089072","171.1811023622047"
"32","60","5","false","25","50","102","95.0413223140496","162.99212598425197"
"31","60","5","false","25","50","219","100","173.13195548489665"
"25","60","5","false","25","25","210","100","169.09937888198758"
"32","60","5","false","25","50","103","95.0413223140496","162.99212598425197"
"34","60","5","false","25","50","0","1.6528925619834711","2.773497688751926"
"31","60","5","false","25","50","220","100","173.13195548489665"
"33","60","5","false","25","50","31","54.82093663911846","94.01574803149606"
"32","60","5","false","25","50","104","95.22497704315886","163.30708661417324"
"31","60","5","false","25","50","221","100","173.13195548489665"
"31","60","5","false","25","50","222","100","173.13195548489665"
"32","60","5","false","25","50","105","95.22497704315886","163.30708661417324"
"9","60","5","false","25","0","534","100","169.09937888198758"
"27","60","5","false","25","25","163","99.81634527089072","171.1811023622047"
"32","60","5","false","25","50","106","95.31680440771349","163.46456692913384"
"19","60","5","false","25","5","379","100","164.75037821482604"
"31","60","5","false","25","50","223","100","173.13195548489665"
"32","60","5","false","25","50","107","95.40863177226814","163.6220472440945"
"25","60","5","false","25","25","211","100","169.09937888198758"
"33","60","5","false","25","50","32","55.9228650137741","95.90551181102363"
"32","60","5","false","25","50","108","95.59228650137742","163.93700787401576"
"31","60","5","false","25","50","224","100","173.13195548489665"
"34","60","5","false","25","50","1","3.489439853076217","5.855161787365177"
"9","60","5","false","25","0","535","100","169.09937888198758"
"31","60","5","false","25","50","225","100","173.13195548489665"
"32","60","5","false","25","50","109","95.59228650137742","163.93700787401576"
"27","60","5","false","25","25","164","99.81634527089072","171.1811023622047"
"31","60","5","false","25","50","226","100","173.13195548489665"
"25","60","5","false","25","25","212","100","169.09937888198758"
"19","60","5","false","25","5","380","100","164.75037821482604"
"32","60","5","false","25","50","110","96.05142332415059","164.7244094488189"
"31","60","5","false","25","50","227","100","173.13195548489665"
"32","60","5","false","25","50","111","96.23507805325987","165.03937007874018"
"1","60","5","false","25","0","36","40.03673094582185","70.66450567260941"
"9","60","5","false","25","0","536","100","169.09937888198758"
"33","60","5","false","25","50","33","57.3921028466483","98.4251968503937"
"31","60","5","false","25","50","228","100","173.13195548489665"
"34","60","5","false","25","50","2","4.958677685950414","8.320493066255779"
"32","60","5","false","25","50","112","96.32690541781452","165.19685039370077"
"19","60","5","false","25","5","381","100","164.75037821482604"
"32","60","5","false","25","50","113","96.41873278236915","165.35433070866142"
"31","60","5","false","25","50","229","100","173.13195548489665"
"27","60","5","false","25","25","165","99.81634527089072","171.1811023622047"
"32","60","5","false","25","50","114","96.69421487603306","165.82677165354332"
"25","60","5","false","25","25","213","100","169.09937888198758"
"31","60","5","false","25","50","230","100","173.13195548489665"
"9","60","5","false","25","0","537","100","169.09937888198758"
"31","60","5","false","25","50","231","100","173.13195548489665"
"32","60","5","false","25","50","115","96.96969696969697","166.29921259842519"
"32","60","5","false","25","50","116","97.15335169880625","166.61417322834646"
"31","60","5","false","25","50","232","100","173.13195548489665"
"19","60","5","false","25","5","382","100","164.75037821482604"
"33","60","5","false","25","50","34","58.1267217630854","99.68503937007874"
"25","60","5","false","25","25","214","100","169.09937888198758"
"32","60","5","false","25","50","117","97.33700642791551","166.9291338582677"
"34","60","5","false","25","50","3","6.703397612488522","11.248073959938367"
"31","60","5","false","25","50","233","100","173.13195548489665"
"27","60","5","false","25","25","166","99.81634527089072","171.1811023622047"
"32","60","5","false","25","50","118","97.61248852157944","167.4015748031496"
"9","60","5","false","25","0","538","100","169.09937888198758"
"31","60","5","false","25","50","234","100","173.13195548489665"
"25","60","5","false","25","25","215","100","169.09937888198758"
"19","60","5","false","25","5","383","100","164.75037821482604"
"32","60","5","false","25","50","119","97.70431588613407","167.55905511811025"
"31","60","5","false","25","50","235","100","173.13195548489665"
"32","60","5","false","25","50","120","97.7961432506887","167.71653543307085"
"33","60","5","false","25","50","35","58.58585858585859","100.47244094488188"
"34","60","5","false","25","50","4","8.723599632690542","14.637904468412943"
"27","60","5","false","25","25","167","99.81634527089072","171.1811023622047"
"19","60","5","false","25","5","384","100","164.75037821482604"
"32","60","5","false","25","50","121","97.97979797979798","168.03149606299212"
"31","60","5","false","25","50","236","100","173.13195548489665"
"9","60","5","false","25","0","539","100","169.09937888198758"
"25","60","5","false","25","25","216","100","169.09937888198758"
"31","60","5","false","25","50","237","100","173.13195548489665"
"32","60","5","false","25","50","122","97.97979797979798","168.03149606299212"
"32","60","5","false","25","50","123","98.16345270890724","168.3464566929134"
"31","60","5","false","25","50","238","100","173.13195548489665"
"32","60","5","false","25","50","124","98.43893480257117","168.81889763779526"
"31","60","5","false","25","50","239","100","173.13195548489665"
"32","60","5","false","25","50","125","98.62258953168043","169.13385826771653"
"31","60","5","false","25","50","240","100","173.13195548489665"
"32","60","5","false","25","50","126","98.89807162534436","169.60629921259843"
"19","60","5","false","25","5","385","100","164.75037821482604"
"27","60","5","false","25","25","168","99.81634527089072","171.1811023622047"
"32","60","5","false","25","50","127","99.17355371900827","170.07874015748033"
"31","60","5","false","25","50","241","100","173.13195548489665"
"25","60","5","false","25","25","217","100","169.09937888198758"
"32","60","5","false","25","50","128","99.54086317722681","170.70866141732284"
"31","60","5","false","25","50","242","100","173.13195548489665"
"33","60","5","false","25","50","36","59.04499540863177","101.25984251968505"
"9","60","5","false","25","0","540","100","169.09937888198758"
"34","60","5","false","25","50","5","10.46831955922865","17.565485362095533"
"32","60","5","false","25","50","129","99.63269054178146","170.86614173228347"
"31","60","5","false","25","50","243","100","173.13195548489665"
"32","60","5","false","25","50","130","99.63269054178146","170.86614173228347"
"31","60","5","false","25","50","244","100","173.13195548489665"
"32","60","5","false","25","50","131","99.63269054178146","170.86614173228347"
"31","60","5","false","25","50","245","100","173.13195548489665"
"32","60","5","false","25","50","132","99.63269054178146","170.86614173228347"
"9","60","5","false","25","0","541","100","169.09937888198758"
"31","60","5","false","25","50","246","100","173.13195548489665"
"27","60","5","false","25","25","169","99.81634527089072","171.1811023622047"
"19","60","5","false","25","5","386","100","164.75037821482604"
"32","60","5","false","25","50","133","99.63269054178146","170.86614173228347"
"31","60","5","false","25","50","247","100","173.13195548489665"
"31","60","5","false","25","50","248","100","173.13195548489665"
"32","60","5","false","25","50","134","99.63269054178146","170.86614173228347"
"31","60","5","false","25","50","249","100","173.13195548489665"
"34","60","5","false","25","50","6","12.304866850321396","20.647149460708782"
"25","60","5","false","25","25","218","100","169.09937888198758"
"32","60","5","false","25","50","135","99.63269054178146","170.86614173228347"
"31","60","5","false","25","50","250","100","173.13195548489665"
"9","60","5","false","25","0","542","100","169.09937888198758"
"33","60","5","false","25","50","37","59.41230486685032","101.88976377952757"
"31","60","5","false","25","50","251","100","173.13195548489665"
"32","60","5","false","25","50","136","99.63269054178146","170.86614173228347"
"19","60","5","false","25","5","387","100","164.75037821482604"
"31","60","5","false","25","50","252","100","173.13195548489665"
"32","60","5","false","25","50","137","99.72451790633609","171.0236220472441"
"31","60","5","false","25","50","253","100","173.13195548489665"
"27","60","5","false","25","25","170","99.81634527089072","171.1811023622047"
"32","60","5","false","25","50","138","99.72451790633609","171.0236220472441"
"34","60","5","false","25","50","7","14.508723599632692","24.345146379044685"
"31","60","5","false","25","50","254","100","173.13195548489665"
"19","60","5","false","25","5","388","100","164.75037821482604"
"9","60","5","false","25","0","543","100","169.09937888198758"
"25","60","5","false","25","25","219","100","169.09937888198758"
"27","60","5","false","25","25","171","99.81634527089072","171.1811023622047"
"33","60","5","false","25","50","38","59.87144168962351","102.67716535433071"
"32","60","5","false","25","50","139","99.72451790633609","171.0236220472441"
"31","60","5","false","25","50","255","100","173.13195548489665"
"31","60","5","false","25","50","256","100","173.13195548489665"
"34","60","5","false","25","50","8","16.161616161616163","27.11864406779661"
"27","60","5","false","25","25","172","99.81634527089072","171.1811023622047"
"32","60","5","false","25","50","140","99.72451790633609","171.0236220472441"
"19","60","5","false","25","5","389","100","164.75037821482604"
"31","60","5","false","25","50","257","100","173.13195548489665"
"32","60","5","false","25","50","141","99.81634527089072","171.1811023622047"
"25","60","5","false","25","25","220","100","169.09937888198758"
"9","60","5","false","25","0","544","100","169.09937888198758"
"31","60","5","false","25","50","258","100","173.13195548489665"
"33","60","5","false","25","50","39","59.96326905417815","102.83464566929135"
"31","60","5","false","25","50","259","100","173.13195548489665"
"19","60","5","false","25","5","390","100","164.75037821482604"
"32","60","5","false","25","50","142","99.81634527089072","171.1811023622047"
"31","60","5","false","25","50","260","100","173.13195548489665"
"27","60","5","false","25","25","173","99.81634527089072","171.1811023622047"
"34","60","5","false","25","50","9","17.90633608815427","30.0462249614792"
"32","60","5","false","25","50","143","99.81634527089072","171.1811023622047"
"32","60","5","false","25","50","144","99.81634527089072","171.1811023622047"
"31","60","5","false","25","50","261","100","173.13195548489665"
"25","60","5","false","25","25","221","100","169.09937888198758"
"9","60","5","false","25","0","545","100","169.09937888198758"
"31","60","5","false","25","50","262","100","173.13195548489665"
"19","60","5","false","25","5","391","100","164.75037821482604"
"31","60","5","false","25","50","263","100","173.13195548489665"
"32","60","5","false","25","50","145","99.81634527089072","171.1811023622047"
"31","60","5","false","25","50","264","100","173.13195548489665"
"34","60","5","false","25","50","10","19.19191919191919","32.20338983050847"
"19","60","5","false","25","5","392","100","164.75037821482604"
"31","60","5","false","25","50","265","100","173.13195548489665"
"32","60","5","false","25","50","146","99.81634527089072","171.1811023622047"
"33","60","5","false","25","50","40","60.05509641873278","102.99212598425196"
"27","60","5","false","25","25","174","99.81634527089072","171.1811023622047"
"9","60","5","false","25","0","546","100","169.09937888198758"
"31","60","5","false","25","50","266","100","173.13195548489665"
"25","60","5","false","25","25","222","100","169.09937888198758"
"19","60","5","false","25","5","393","100","164.75037821482604"
"31","60","5","false","25","50","267","100","173.13195548489665"
"32","60","5","false","25","50","147","99.81634527089072","171.1811023622047"
"32","60","5","false","25","50","148","99.81634527089072","171.1811023622047"
"31","60","5","false","25","50","268","100","173.13195548489665"
"34","60","5","false","25","50","11","20.385674931129476","34.20647149460709"
"33","60","5","false","25","50","41","60.14692378328742","103.14960629921259"
"31","60","5","false","25","50","269","100","173.13195548489665"
"27","60","5","false","25","25","175","99.81634527089072","171.1811023622047"
"32","60","5","false","25","50","149","99.81634527089072","171.1811023622047"
"31","60","5","false","25","50","270","100","173.13195548489665"
"9","60","5","false","25","0","547","100","169.09937888198758"
"19","60","5","false","25","5","394","100","164.75037821482604"
"32","60","5","false","25","50","150","99.81634527089072","171.1811023622047"
"31","60","5","false","25","50","271","100","173.13195548489665"
"27","60","5","false","25","25","176","99.81634527089072","171.1811023622047"
"25","60","5","false","25","25","223","100","169.09937888198758"
"32","60","5","false","25","50","151","99.81634527089072","171.1811023622047"
"19","60","5","false","25","5","395","100","164.75037821482604"
"33","60","5","false","25","50","42","60.23875114784206","103.30708661417323"
"31","60","5","false","25","50","272","100","173.13195548489665"
"34","60","5","false","25","50","12","21.57943067033976","36.209553158705695"
"32","60","5","false","25","50","152","99.81634527089072","171.1811023622047"
"31","60","5","false","25","50","273","100","173.13195548489665"
"32","60","5","false","25","50","153","99.81634527089072","171.1811023622047"
"9","60","5","false","25","0","548","100","169.09937888198758"
"27","60","5","false","25","25","177","99.81634527089072","171.1811023622047"
"31","60","5","false","25","50","274","100","173.13195548489665"
"31","60","5","false","25","50","275","100","173.13195548489665"
"33","60","5","false","25","50","43","60.51423324150596","103.77952755905513"
"25","60","5","false","25","25","224","100","169.09937888198758"
"32","60","5","false","25","50","154","99.81634527089072","171.1811023622047"
"19","60","5","false","25","5","396","100","164.75037821482604"
"34","60","5","false","25","50","13","22.22222222222222","37.28813559322034"
"9","60","5","false","25","0","549","100","169.09937888198758"
"31","60","5","false","25","50","276","100","173.13195548489665"
"32","60","5","false","25","50","155","99.81634527089072","171.1811023622047"
"27","60","5","false","25","25","178","99.81634527089072","171.1811023622047"
"31","60","5","false","25","50","277","100","173.13195548489665"
"33","60","5","false","25","50","44","60.88154269972452","104.40944881889764"
"31","60","5","false","25","50","278","100","173.13195548489665"
"32","60","5","false","25","50","156","99.81634527089072","171.1811023622047"
"19","60","5","false","25","5","397","100","164.75037821482604"
"31","60","5","false","25","50","279","100","173.13195548489665"
"32","60","5","false","25","50","157","99.81634527089072","171.1811023622047"
"25","60","5","false","25","25","225","100","169.09937888198758"
"9","60","5","false","25","0","550","100","169.09937888198758"
"27","60","5","false","25","25","179","99.81634527089072","171.1811023622047"
"34","60","5","false","25","50","14","22.681359044995407","38.058551617873654"
"31","60","5","false","25","50","280","100","173.13195548489665"
"32","60","5","false","25","50","158","99.81634527089072","171.1811023622047"
"32","60","5","false","25","50","159","99.81634527089072","171.1811023622047"
"31","60","5","false","25","50","281","100","173.13195548489665"
"33","60","5","false","25","50","45","61.52433425160698","105.51181102362204"
"32","60","5","false","25","50","160","99.81634527089072","171.1811023622047"
"19","60","5","false","25","5","398","100","164.75037821482604"
"31","60","5","false","25","50","282","100","173.13195548489665"
"25","60","5","false","25","25","226","100","169.09937888198758"
"9","60","5","false","25","0","551","100","169.09937888198758"
"34","60","5","false","25","50","15","23.415977961432507","39.29121725731895"
"27","60","5","false","25","25","180","99.81634527089072","171.1811023622047"
"32","60","5","false","25","50","161","99.81634527089072","171.1811023622047"
"19","60","5","false","25","5","399","100","164.75037821482604"
"31","60","5","false","25","50","283","100","173.13195548489665"
"32","60","5","false","25","50","162","99.81634527089072","171.1811023622047"
"31","60","5","false","25","50","284","100","173.13195548489665"
"9","60","5","false","25","0","552","100","169.09937888198758"
"25","60","5","false","25","25","227","100","169.09937888198758"
"32","60","5","false","25","50","163","99.81634527089072","171.1811023622047"
"34","60","5","false","25","50","16","24.426078971533517","40.98613251155624"
"19","60","5","false","25","5","400","100","164.75037821482604"
"33","60","5","false","25","50","46","62.0752984389348","106.45669291338582"
"31","60","5","false","25","50","285","100","173.13195548489665"
"27","60","5","false","25","25","181","99.81634527089072","171.1811023622047"
"31","60","5","false","25","50","286","100","173.13195548489665"
"31","60","5","false","25","50","287","100","173.13195548489665"
"32","60","5","false","25","50","164","99.81634527089072","171.1811023622047"
"1","60","5","false","25","0","37","41.1386593204775","72.6094003241491"
"9","60","5","false","25","0","553","100","169.09937888198758"
"27","60","5","false","25","25","182","99.81634527089072","171.1811023622047"
"19","60","5","false","25","5","401","100","164.75037821482604"
"32","60","5","false","25","50","165","99.81634527089072","171.1811023622047"
"31","60","5","false","25","50","288","100","173.13195548489665"
"32","60","5","false","25","50","166","99.81634527089072","171.1811023622047"
"34","60","5","false","25","50","17","25.71166207529844","43.143297380585516"
"32","60","5","false","25","50","167","99.81634527089072","171.1811023622047"
"25","60","5","false","25","25","228","100","169.09937888198758"
"19","60","5","false","25","5","402","100","164.75037821482604"
"33","60","5","false","25","50","47","62.53443526170799","107.24409448818896"
"31","60","5","false","25","50","289","100","173.13195548489665"
"9","60","5","false","25","0","554","100","169.09937888198758"
"32","60","5","false","25","50","168","99.81634527089072","171.1811023622047"
"32","60","5","false","25","50","169","99.81634527089072","171.1811023622047"
"27","60","5","false","25","25","183","99.81634527089072","171.1811023622047"
"32","60","5","false","25","50","170","99.81634527089072","171.1811023622047"
"31","60","5","false","25","50","290","100","173.13195548489665"
"31","60","5","false","25","50","291","100","173.13195548489665"
"32","60","5","false","25","50","171","99.90817263544535","171.33858267716536"
"25","60","5","false","25","25","229","100","169.09937888198758"
"34","60","5","false","25","50","18","27.27272727272727","45.76271186440678"
"19","60","5","false","25","5","403","100","164.75037821482604"
"31","60","5","false","25","50","292","100","173.13195548489665"
"27","60","5","false","25","25","184","99.81634527089072","171.1811023622047"
"32","60","5","false","25","50","172","99.90817263544535","171.33858267716536"
"9","60","5","false","25","0","555","100","169.09937888198758"
"31","60","5","false","25","50","293","100","173.13195548489665"
"33","60","5","false","25","50","48","62.99357208448117","108.03149606299212"
"32","60","5","false","25","50","173","100","171.49606299212599"
"19","60","5","false","25","5","404","100","164.75037821482604"
"34","60","5","false","25","50","19","28.558310376492198","47.919876733436055"
"31","60","5","false","25","50","294","100","173.13195548489665"
"32","60","5","false","25","50","174","100","171.49606299212599"
"27","60","5","false","25","25","185","99.81634527089072","171.1811023622047"
"9","60","5","false","25","0","556","100","169.09937888198758"
"25","60","5","false","25","25","230","100","169.09937888198758"
"31","60","5","false","25","50","295","100","173.13195548489665"
"32","60","5","false","25","50","175","100","171.49606299212599"
"33","60","5","false","25","50","49","63.63636363636363","109.13385826771653"
"19","60","5","false","25","5","405","100","164.75037821482604"
"31","60","5","false","25","50","296","100","173.13195548489665"
"32","60","5","false","25","50","176","100","171.49606299212599"
"27","60","5","false","25","25","186","99.81634527089072","171.1811023622047"
"31","60","5","false","25","50","297","100","173.13195548489665"
"34","60","5","false","25","50","20","30.02754820936639","50.38520801232666"
"9","60","5","false","25","0","557","100","169.09937888198758"
"32","60","5","false","25","50","177","100","171.49606299212599"
"31","60","5","false","25","50","298","100","173.13195548489665"
"19","60","5","false","25","5","406","100","164.75037821482604"
"25","60","5","false","25","25","231","100","169.09937888198758"
"32","60","5","false","25","50","178","100","171.49606299212599"
"31","60","5","false","25","50","299","100","173.13195548489665"
"27","60","5","false","25","25","187","99.81634527089072","171.1811023622047"
"33","60","5","false","25","50","50","64.00367309458218","109.76377952755905"
"9","60","5","false","25","0","558","100","169.09937888198758"
"32","60","5","false","25","50","179","100","171.49606299212599"
"31","60","5","false","25","50","300","100","173.13195548489665"
"19","60","5","false","25","5","407","100","164.75037821482604"
"31","60","5","false","25","50","301","100","173.13195548489665"
"34","60","5","false","25","50","21","32.047750229568415","53.77503852080123"
"25","60","5","false","25","25","232","100","169.09937888198758"
"32","60","5","false","25","50","180","100","171.49606299212599"
"31","60","5","false","25","50","302","100","173.13195548489665"
"32","60","5","false","25","50","181","100","171.49606299212599"
"31","60","5","false","25","50","303","100","173.13195548489665"
"27","60","5","false","25","25","188","99.81634527089072","171.1811023622047"
"19","60","5","false","25","5","408","100","164.75037821482604"
"31","60","5","false","25","50","304","100","173.13195548489665"
"9","60","5","false","25","0","559","100","169.09937888198758"
"33","60","5","false","25","50","51","64.37098255280074","110.39370078740158"
"32","60","5","false","25","50","182","100","171.49606299212599"
"31","60","5","false","25","50","305","100","173.13195548489665"
"32","60","5","false","25","50","183","100","171.49606299212599"
"31","60","5","false","25","50","306","100","173.13195548489665"
"25","60","5","false","25","25","233","100","169.09937888198758"
"34","60","5","false","25","50","22","33.700642791551886","56.548536209553156"
"32","60","5","false","25","50","184","100","171.49606299212599"
"31","60","5","false","25","50","307","100","173.13195548489665"
"27","60","5","false","25","25","189","99.81634527089072","171.1811023622047"
"9","60","5","false","25","0","560","100","169.09937888198758"
"19","60","5","false","25","5","409","100","164.75037821482604"
"32","60","5","false","25","50","185","100","171.49606299212599"
"31","60","5","false","25","50","308","100","173.13195548489665"
"33","60","5","false","25","50","52","64.55463728191","110.70866141732283"
"25","60","5","false","25","25","234","100","169.09937888198758"
"32","60","5","false","25","50","186","100","171.49606299212599"
"31","60","5","false","25","50","309","100","173.13195548489665"
"27","60","5","false","25","25","190","99.81634527089072","171.1811023622047"
"32","60","5","false","25","50","187","100","171.49606299212599"
"34","60","5","false","25","50","23","34.9862258953168","58.705701078582436"
"31","60","5","false","25","50","310","100","173.13195548489665"
"9","60","5","false","25","0","561","100","169.09937888198758"
"19","60","5","false","25","5","410","100","164.75037821482604"
"32","60","5","false","25","50","188","100","171.49606299212599"
"25","60","5","false","25","25","235","100","169.09937888198758"
"31","60","5","false","25","50","311","100","173.13195548489665"
"32","60","5","false","25","50","189","100","171.49606299212599"
"31","60","5","false","25","50","312","100","173.13195548489665"
"33","60","5","false","25","50","53","64.83011937557393","111.18110236220473"
"19","60","5","false","25","5","411","100","164.75037821482604"
"9","60","5","false","25","0","562","100","169.09937888198758"
"32","60","5","false","25","50","190","100","171.49606299212599"
"27","60","5","false","25","25","191","99.81634527089072","171.1811023622047"
"31","60","5","false","25","50","313","100","173.13195548489665"
"32","60","5","false","25","50","191","100","171.49606299212599"
"31","60","5","false","25","50","314","100","173.13195548489665"
"34","60","5","false","25","50","24","36.63911845730027","61.47919876733437"
"25","60","5","false","25","25","236","100","169.09937888198758"
"31","60","5","false","25","50","315","100","173.13195548489665"
"33","60","5","false","25","50","54","65.0137741046832","111.49606299212597"
"31","60","5","false","25","50","316","100","173.13195548489665"
"19","60","5","false","25","5","412","100","164.75037821482604"
"32","60","5","false","25","50","192","100","171.49606299212599"
"27","60","5","false","25","25","192","99.81634527089072","171.1811023622047"
"31","60","5","false","25","50","317","100","173.13195548489665"
"9","60","5","false","25","0","563","100","169.09937888198758"
"25","60","5","false","25","25","237","100","169.09937888198758"
"31","60","5","false","25","50","318","100","173.13195548489665"
"32","60","5","false","25","50","193","100","171.49606299212599"
"31","60","5","false","25","50","319","100","173.13195548489665"
"27","60","5","false","25","25","193","99.81634527089072","171.1811023622047"
"33","60","5","false","25","50","55","65.47291092745638","112.28346456692913"
"19","60","5","false","25","5","413","100","164.75037821482604"
"31","60","5","false","25","50","320","100","173.13195548489665"
"32","60","5","false","25","50","194","100","171.49606299212599"
"25","60","5","false","25","25","238","100","169.09937888198758"
"34","60","5","false","25","50","25","38.20018365472911","64.09861325115563"
"19","60","5","false","25","5","414","100","164.75037821482604"
"9","60","5","false","25","0","564","100","169.09937888198758"
"32","60","5","false","25","50","195","100","171.49606299212599"
"31","60","5","false","25","50","321","100","173.13195548489665"
"25","60","5","false","25","25","239","100","169.09937888198758"
"19","60","5","false","25","5","415","100","164.75037821482604"
"31","60","5","false","25","50","322","100","173.13195548489665"
"32","60","5","false","25","50","196","100","171.49606299212599"
"27","60","5","false","25","25","194","99.81634527089072","171.1811023622047"
"34","60","5","false","25","50","26","39.66942148760331","66.56394453004623"
"9","60","5","false","25","0","565","100","169.09937888198758"
"33","60","5","false","25","50","56","66.20752984389348","113.54330708661418"
"31","60","5","false","25","50","323","100","173.13195548489665"
"32","60","5","false","25","50","197","100","171.49606299212599"
"25","60","5","false","25","25","240","100","169.09937888198758"
"19","60","5","false","25","5","416","100","164.75037821482604"
"31","60","5","false","25","50","324","100","173.13195548489665"
"32","60","5","false","25","50","198","100","171.49606299212599"
"27","60","5","false","25","25","195","99.81634527089072","171.1811023622047"
"9","60","5","false","25","0","566","100","169.09937888198758"
"33","60","5","false","25","50","57","67.30945821854912","115.43307086614175"
"32","60","5","false","25","50","199","100","171.49606299212599"
"31","60","5","false","25","50","325","100","173.13195548489665"
"25","60","5","false","25","25","241","100","169.09937888198758"
"34","60","5","false","25","50","27","41.41414141414141","69.49152542372882"
"32","60","5","false","25","50","200","100","171.49606299212599"
"27","60","5","false","25","25","196","99.81634527089072","171.1811023622047"
"31","60","5","false","25","50","326","100","173.13195548489665"
"19","60","5","false","25","5","417","100","164.75037821482604"
"32","60","5","false","25","50","201","100","171.49606299212599"
"9","60","5","false","25","0","567","100","169.09937888198758"
"31","60","5","false","25","50","327","100","173.13195548489665"
"32","60","5","false","25","50","202","100","171.49606299212599"
"33","60","5","false","25","50","58","68.2277318640955","117.00787401574803"
"34","60","5","false","25","50","28","42.88337924701561","71.9568567026194"
"19","60","5","false","25","5","418","100","164.75037821482604"
"27","60","5","false","25","25","197","99.90817263544535","171.33858267716536"
"31","60","5","false","25","50","328","100","173.13195548489665"
"25","60","5","false","25","25","242","100","169.09937888198758"
"32","60","5","false","25","50","203","100","171.49606299212599"
"9","60","5","false","25","0","568","100","169.09937888198758"
"31","60","5","false","25","50","329","100","173.13195548489665"
"32","60","5","false","25","50","204","100","171.49606299212599"
"33","60","5","false","25","50","59","69.14600550964187","118.58267716535434"
"34","60","5","false","25","50","29","44.44444444444444","74.57627118644068"
"31","60","5","false","25","50","330","100","173.13195548489665"
"19","60","5","false","25","5","419","100","164.75037821482604"
"32","60","5","false","25","50","205","100","171.49606299212599"
"31","60","5","false","25","50","331","100","173.13195548489665"
"27","60","5","false","25","25","198","99.90817263544535","171.33858267716536"
"9","60","5","false","25","0","569","100","169.09937888198758"
"33","60","5","false","25","50","60","70.79889807162535","121.41732283464567"
"32","60","5","false","25","50","206","100","171.49606299212599"
"25","60","5","false","25","25","243","100","169.09937888198758"
"31","60","5","false","25","50","332","100","173.13195548489665"
"19","60","5","false","25","5","420","100","164.75037821482604"
"32","60","5","false","25","50","207","100","171.49606299212599"
"34","60","5","false","25","50","30","46.28099173553719","77.65793528505392"
"31","60","5","false","25","50","333","100","173.13195548489665"
"32","60","5","false","25","50","208","100","171.49606299212599"
"19","60","5","false","25","5","421","100","164.75037821482604"
"31","60","5","false","25","50","334","100","173.13195548489665"
"27","60","5","false","25","25","199","99.90817263544535","171.33858267716536"
"33","60","5","false","25","50","61","71.900826446281","123.30708661417322"
"9","60","5","false","25","0","570","100","169.09937888198758"
"32","60","5","false","25","50","209","100","171.49606299212599"
"25","60","5","false","25","25","244","100","169.09937888198758"
"31","60","5","false","25","50","335","100","173.13195548489665"
"19","60","5","false","25","5","422","100","164.75037821482604"
"32","60","5","false","25","50","210","100","171.49606299212599"
"31","60","5","false","25","50","336","100","173.13195548489665"
"32","60","5","false","25","50","211","100","171.49606299212599"
"31","60","5","false","25","50","337","100","173.13195548489665"
"34","60","5","false","25","50","31","48.301193755739206","81.0477657935285"
"27","60","5","false","25","25","200","100","171.49606299212599"
"19","60","5","false","25","5","423","100","164.75037821482604"
"32","60","5","false","25","50","212","100","171.49606299212599"
"31","60","5","false","25","50","338","100","173.13195548489665"
"25","60","5","false","25","25","245","100","169.09937888198758"
"9","60","5","false","25","0","571","100","169.09937888198758"
"33","60","5","false","25","50","62","73.46189164370982","125.98425196850394"
"31","60","5","false","25","50","339","100","173.13195548489665"
"31","60","5","false","25","50","340","100","173.13195548489665"
"32","60","5","false","25","50","213","100","171.49606299212599"
"1","60","5","false","25","0","38","42.79155188246097","75.52674230145867"
"27","60","5","false","25","25","201","100","171.49606299212599"
"31","60","5","false","25","50","341","100","173.13195548489665"
"32","60","5","false","25","50","214","100","171.49606299212599"
"34","60","5","false","25","50","32","49.95408631772268","83.82126348228043"
"19","60","5","false","25","5","424","100","164.75037821482604"
"31","60","5","false","25","50","342","100","173.13195548489665"
"9","60","5","false","25","0","572","100","169.09937888198758"
"33","60","5","false","25","50","63","75.1147842056933","128.8188976377953"
"31","60","5","false","25","50","343","100","173.13195548489665"
"32","60","5","false","25","50","215","100","171.49606299212599"
"25","60","5","false","25","25","246","100","169.09937888198758"
"31","60","5","false","25","50","344","100","173.13195548489665"
"32","60","5","false","25","50","216","100","171.49606299212599"
"27","60","5","false","25","25","202","100","171.49606299212599"
"31","60","5","false","25","50","345","100","173.13195548489665"
"9","60","5","false","25","0","573","100","169.09937888198758"
"19","60","5","false","25","5","425","100","164.75037821482604"
"32","60","5","false","25","50","217","100","171.49606299212599"
"34","60","5","false","25","50","33","51.42332415059688","86.28659476117103"
"31","60","5","false","25","50","346","100","173.13195548489665"
"32","60","5","false","25","50","218","100","171.49606299212599"
"31","60","5","false","25","50","347","100","173.13195548489665"
"32","60","5","false","25","50","219","100","171.49606299212599"
"32","60","5","false","25","50","220","100","171.49606299212599"
"33","60","5","false","25","50","64","76.40036730945822","131.0236220472441"
"31","60","5","false","25","50","348","100","173.13195548489665"
"27","60","5","false","25","25","203","100","171.49606299212599"
"25","60","5","false","25","25","247","100","169.09937888198758"
"32","60","5","false","25","50","221","100","171.49606299212599"
"19","60","5","false","25","5","426","100","164.75037821482604"
"9","60","5","false","25","0","574","100","169.09937888198758"
"34","60","5","false","25","50","34","53.07621671258035","89.06009244992296"
"31","60","5","false","25","50","349","100","173.13195548489665"
"32","60","5","false","25","50","222","100","171.49606299212599"
"31","60","5","false","25","50","350","100","173.13195548489665"
"19","60","5","false","25","5","427","100","164.75037821482604"
"31","60","5","false","25","50","351","100","173.13195548489665"
"25","60","5","false","25","25","248","100","169.09937888198758"
"32","60","5","false","25","50","223","100","171.49606299212599"
"31","60","5","false","25","50","352","100","173.13195548489665"
"27","60","5","false","25","25","204","100","171.49606299212599"
"19","60","5","false","25","5","428","100","164.75037821482604"
"9","60","5","false","25","0","575","100","169.09937888198758"
"32","60","5","false","25","50","224","100","171.49606299212599"
"31","60","5","false","25","50","353","100","173.13195548489665"
"34","60","5","false","25","50","35","54.729109274563825","91.83359013867488"
"33","60","5","false","25","50","65","77.77777777777779","133.38582677165354"
"25","60","5","false","25","25","249","100","169.09937888198758"
"32","60","5","false","25","50","225","100","171.49606299212599"
"31","60","5","false","25","50","354","100","173.13195548489665"
"31","60","5","false","25","50","355","100","173.13195548489665"
"19","60","5","false","25","5","429","100","164.75037821482604"
"31","60","5","false","25","50","356","100","173.13195548489665"
"32","60","5","false","25","50","226","100","171.49606299212599"
"32","60","5","false","25","50","227","100","171.49606299212599"
"27","60","5","false","25","25","205","100","171.49606299212599"
"9","60","5","false","25","0","576","100","169.09937888198758"
"25","60","5","false","25","25","250","100","169.09937888198758"
"31","60","5","false","25","50","357","100","173.13195548489665"
"32","60","5","false","25","50","228","100","171.49606299212599"
"19","60","5","false","25","5","430","100","164.75037821482604"
"31","60","5","false","25","50","358","100","173.13195548489665"
"31","60","5","false","25","50","359","100","173.13195548489665"
"32","60","5","false","25","50","229","100","171.49606299212599"
"31","60","5","false","25","50","360","100","173.13195548489665"
"33","60","5","false","25","50","66","79.7979797979798","136.8503937007874"
"34","60","5","false","25","50","36","56.65748393021121","95.0693374422188"
"32","60","5","false","25","50","230","100","171.49606299212599"
"31","60","5","false","25","50","361","100","173.13195548489665"
"9","60","5","false","25","0","577","100","169.09937888198758"
"31","60","5","false","25","50","362","100","173.13195548489665"
"25","60","5","false","25","25","251","100","169.09937888198758"
"19","60","5","false","25","5","431","100","164.75037821482604"
"32","60","5","false","25","50","231","100","171.49606299212599"
"27","60","5","false","25","25","206","100","171.49606299212599"
"32","60","5","false","25","50","232","100","171.49606299212599"
"33","60","5","false","25","50","67","81.45087235996327","139.68503937007875"
"31","60","5","false","25","50","363","100","173.13195548489665"
"32","60","5","false","25","50","233","100","171.49606299212599"
"31","60","5","false","25","50","364","100","173.13195548489665"
"34","60","5","false","25","50","37","58.58585858585859","98.30508474576271"
"27","60","5","false","25","25","207","100","171.49606299212599"
"19","60","5","false","25","5","432","100","164.75037821482604"
"25","60","5","false","25","25","252","100","169.09937888198758"
"9","60","5","false","25","0","578","100","169.09937888198758"
"32","60","5","false","25","50","234","100","171.49606299212599"
"31","60","5","false","25","50","365","100","173.13195548489665"
"33","60","5","false","25","50","68","83.28741965105601","142.83464566929135"
"32","60","5","false","25","50","235","100","171.49606299212599"
"31","60","5","false","25","50","366","100","173.13195548489665"
"31","60","5","false","25","50","367","100","173.13195548489665"
"19","60","5","false","25","5","433","100","164.75037821482604"
"32","60","5","false","25","50","236","100","171.49606299212599"
"25","60","5","false","25","25","253","100","169.09937888198758"
"27","60","5","false","25","25","208","100","171.49606299212599"
"34","60","5","false","25","50","38","59.87144168962351","100.462249614792"
"9","60","5","false","25","0","579","100","169.09937888198758"
"19","60","5","false","25","5","434","100","164.75037821482604"
"32","60","5","false","25","50","237","100","171.49606299212599"
"33","60","5","false","25","50","69","84.48117539026629","144.88188976377953"
"31","60","5","false","25","50","368","100","173.13195548489665"
"27","60","5","false","25","25","209","100","171.49606299212599"
"32","60","5","false","25","50","238","100","171.49606299212599"
"31","60","5","false","25","50","369","100","173.13195548489665"
"9","60","5","false","25","0","580","100","169.09937888198758"
"19","60","5","false","25","5","435","100","164.75037821482604"
"31","60","5","false","25","50","370","100","173.13195548489665"
"32","60","5","false","25","50","239","100","171.49606299212599"
"33","60","5","false","25","50","70","85.76675849403122","147.08661417322836"
"34","60","5","false","25","50","39","61.52433425160698","103.23574730354392"
"25","60","5","false","25","25","254","100","169.09937888198758"
"9","60","5","false","25","0","581","100","169.09937888198758"
"31","60","5","false","25","50","371","100","173.13195548489665"
"32","60","5","false","25","50","240","100","171.49606299212599"
"19","60","5","false","25","5","436","100","164.75037821482604"
"27","60","5","false","25","25","210","100","171.49606299212599"
"32","60","5","false","25","50","241","100","171.49606299212599"
"31","60","5","false","25","50","372","100","173.13195548489665"
"33","60","5","false","25","50","71","87.14416896235078","149.44881889763778"
"19","60","5","false","25","5","437","100","164.75037821482604"
"31","60","5","false","25","50","373","100","173.13195548489665"
"27","60","5","false","25","25","211","100","171.49606299212599"
"32","60","5","false","25","50","242","100","171.49606299212599"
"25","60","5","false","25","25","255","100","169.09937888198758"
"9","60","5","false","25","0","582","100","169.09937888198758"
"34","60","5","false","25","50","40","63.17722681359045","106.00924499229585"
"19","60","5","false","25","5","438","100","164.75037821482604"
"32","60","5","false","25","50","243","100","171.49606299212599"
"33","60","5","false","25","50","72","88.61340679522498","151.96850393700788"
"31","60","5","false","25","50","374","100","173.13195548489665"
"27","60","5","false","25","25","212","100","171.49606299212599"
"32","60","5","false","25","50","244","100","171.49606299212599"
"9","60","5","false","25","0","583","100","169.09937888198758"
"31","60","5","false","25","50","375","100","173.13195548489665"
"25","60","5","false","25","25","256","100","169.09937888198758"
"19","60","5","false","25","5","439","100","164.75037821482604"
"32","60","5","false","25","50","245","100","171.49606299212599"
"33","60","5","false","25","50","73","89.99081726354453","154.3307086614173"
"27","60","5","false","25","25","213","100","171.49606299212599"
"31","60","5","false","25","50","376","100","173.13195548489665"
"19","60","5","false","25","5","440","100","164.75037821482604"
"34","60","5","false","25","50","41","64.64646464646465","108.47457627118644"
"32","60","5","false","25","50","246","100","171.49606299212599"
"31","60","5","false","25","50","377","100","173.13195548489665"
"25","60","5","false","25","25","257","100","169.09937888198758"
"33","60","5","false","25","50","74","90.81726354453627","155.748031496063"
"32","60","5","false","25","50","247","100","171.49606299212599"
"9","60","5","false","25","0","584","100","169.09937888198758"
"31","60","5","false","25","50","378","100","173.13195548489665"
"27","60","5","false","25","25","214","100","171.49606299212599"
"19","60","5","false","25","5","441","100","164.75037821482604"
"34","60","5","false","25","50","42","66.20752984389348","111.0939907550077"
"31","60","5","false","25","50","379","100","173.13195548489665"
"32","60","5","false","25","50","248","100","171.49606299212599"
"25","60","5","false","25","25","258","100","169.09937888198758"
"31","60","5","false","25","50","380","100","173.13195548489665"
"19","60","5","false","25","5","442","100","164.75037821482604"
"34","60","5","false","25","50","43","67.58494031221304","113.40523882896764"
"31","60","5","false","25","50","381","100","173.13195548489665"
"9","60","5","false","25","0","585","100","169.09937888198758"
"33","60","5","false","25","50","75","91.73553719008265","157.3228346456693"
"27","60","5","false","25","25","215","100","171.49606299212599"
"19","60","5","false","25","5","443","100","164.75037821482604"
"25","60","5","false","25","25","259","100","169.09937888198758"
"31","60","5","false","25","50","382","100","173.13195548489665"
"35","60","5","false","25","50","0","1.8365472910927456","3.205128205128205"
"9","60","5","false","25","0","586","100","169.09937888198758"
"19","60","5","false","25","5","444","100","164.75037821482604"
"34","60","5","false","25","50","44","68.77869605142332","115.40832049306627"
"35","60","5","false","25","50","1","4.499540863177227","7.852564102564102"
"31","60","5","false","25","50","383","100","173.13195548489665"
"27","60","5","false","25","25","216","100","171.49606299212599"
"33","60","5","false","25","50","76","92.1028466483012","157.95275590551182"
"35","60","5","false","25","50","2","7.43801652892562","12.980769230769232"
"31","60","5","false","25","50","384","100","173.13195548489665"
"19","60","5","false","25","5","445","100","164.75037821482604"
"25","60","5","false","25","25","260","100","169.09937888198758"
"35","60","5","false","25","50","3","9.45821854912764","16.506410256410255"
"9","60","5","false","25","0","587","100","169.09937888198758"
"31","60","5","false","25","50","385","100","173.13195548489665"
"19","60","5","false","25","5","446","100","164.75037821482604"
"35","60","5","false","25","50","4","11.202938475665748","19.55128205128205"
"31","60","5","false","25","50","386","100","173.13195548489665"
"34","60","5","false","25","50","45","69.88062442607898","117.25731895223421"
"35","60","5","false","25","50","5","12.672176308539946","22.115384615384613"
"27","60","5","false","25","25","217","100","171.49606299212599"
"25","60","5","false","25","25","261","100","169.09937888198758"
"19","60","5","false","25","5","447","100","164.75037821482604"
"31","60","5","false","25","50","387","100","173.13195548489665"
"9","60","5","false","25","0","588","100","169.09937888198758"
"33","60","5","false","25","50","77","92.65381083562902","158.89763779527559"
"35","60","5","false","25","50","6","13.86593204775023","24.19871794871795"
"31","60","5","false","25","50","388","100","173.13195548489665"
"35","60","5","false","25","50","7","14.967860422405877","26.121794871794872"
"34","60","5","false","25","50","46","70.61524334251607","118.4899845916795"
"31","60","5","false","25","50","389","100","173.13195548489665"
"35","60","5","false","25","50","8","16.161616161616163","28.205128205128204"
"9","60","5","false","25","0","589","100","169.09937888198758"
"31","60","5","false","25","50","390","100","173.13195548489665"
"19","60","5","false","25","5","448","100","164.75037821482604"
"27","60","5","false","25","25","218","100","171.49606299212599"
"35","60","5","false","25","50","9","16.988062442607895","29.647435897435898"
"33","60","5","false","25","50","78","93.1129476584022","159.68503937007875"
"25","60","5","false","25","25","262","100","169.09937888198758"
"31","60","5","false","25","50","391","100","173.13195548489665"
"35","60","5","false","25","50","10","17.53902662993572","30.60897435897436"
"19","60","5","false","25","5","449","100","164.75037821482604"
"35","60","5","false","25","50","11","18.089990817263544","31.570512820512818"
"31","60","5","false","25","50","392","100","173.13195548489665"
"34","60","5","false","25","50","47","71.25803489439852","119.56856702619415"
"35","60","5","false","25","50","12","18.732782369146005","32.69230769230769"
"35","60","5","false","25","50","13","19.375573921028465","33.81410256410257"
"9","60","5","false","25","0","590","100","169.09937888198758"
"31","60","5","false","25","50","393","100","173.13195548489665"
"35","60","5","false","25","50","14","19.92653810835629","34.77564102564102"
"19","60","5","false","25","5","450","100","164.75037821482604"
"35","60","5","false","25","50","15","20.477502295684115","35.73717948717949"
"31","60","5","false","25","50","394","100","173.13195548489665"
"25","60","5","false","25","25","263","100","169.09937888198758"
"35","60","5","false","25","50","16","21.21212121212121","37.019230769230774"
"31","60","5","false","25","50","395","100","173.13195548489665"
"35","60","5","false","25","50","17","21.94674012855831","38.30128205128205"
"19","60","5","false","25","5","451","100","164.75037821482604"
"27","60","5","false","25","25","219","100","171.49606299212599"
"31","60","5","false","25","50","396","100","173.13195548489665"
"35","60","5","false","25","50","18","22.95684113865932","40.06410256410257"
"33","60","5","false","25","50","79","93.5720844811754","160.4724409448819"
"31","60","5","false","25","50","397","100","173.13195548489665"
"25","60","5","false","25","25","264","100","169.09937888198758"
"34","60","5","false","25","50","48","71.62534435261708","120.1848998459168"
"9","60","5","false","25","0","591","100","169.09937888198758"
"35","60","5","false","25","50","19","24.058769513314967","41.98717948717949"
"19","60","5","false","25","5","452","100","164.75037821482604"
"31","60","5","false","25","50","398","100","173.13195548489665"
"35","60","5","false","25","50","20","25.160697887970617","43.91025641025641"
"33","60","5","false","25","50","80","93.8475665748393","160.94488188976376"
"31","60","5","false","25","50","399","100","173.13195548489665"
"19","60","5","false","25","5","453","100","164.75037821482604"
"27","60","5","false","25","25","220","100","171.49606299212599"
"35","60","5","false","25","50","21","26.078971533516988","45.51282051282051"
"31","60","5","false","25","50","400","100","173.13195548489665"
"35","60","5","false","25","50","22","26.538108356290174","46.31410256410257"
"9","60","5","false","25","0","592","100","169.09937888198758"
"25","60","5","false","25","25","265","100","169.09937888198758"
"35","60","5","false","25","50","23","27.27272727272727","47.59615384615385"
"34","60","5","false","25","50","49","72.26813590449954","121.26348228043142"
"31","60","5","false","25","50","401","100","173.13195548489665"
"35","60","5","false","25","50","24","28.28282828282828","49.358974358974365"
"19","60","5","false","25","5","454","100","164.75037821482604"
"31","60","5","false","25","50","402","100","173.13195548489665"
"27","60","5","false","25","25","221","100","171.49606299212599"
"35","60","5","false","25","50","25","29.017447199265384","50.641025641025635"
"31","60","5","false","25","50","403","100","173.13195548489665"
"33","60","5","false","25","50","81","94.21487603305785","161.5748031496063"
"31","60","5","false","25","50","404","100","173.13195548489665"
"1","60","5","false","25","0","39","44.44444444444444","78.44408427876823"
"25","60","5","false","25","25","266","100","169.09937888198758"
"9","60","5","false","25","0","593","100","169.09937888198758"
"27","60","5","false","25","25","222","100","171.49606299212599"
"34","60","5","false","25","50","50","73.09458218549128","122.65023112480739"
"31","60","5","false","25","50","405","100","173.13195548489665"
"19","60","5","false","25","5","455","100","164.75037821482604"
"35","60","5","false","25","50","26","29.292929292929294","51.12179487179487"
"31","60","5","false","25","50","406","100","173.13195548489665"
"35","60","5","false","25","50","27","29.843893480257115","52.083333333333336"
"31","60","5","false","25","50","407","100","173.13195548489665"
"35","60","5","false","25","50","28","30.57851239669421","53.36538461538461"
"33","60","5","false","25","50","82","94.49035812672176","162.04724409448818"
"19","60","5","false","25","5","456","100","164.75037821482604"
"35","60","5","false","25","50","29","31.313131313131315","54.64743589743589"
"31","60","5","false","25","50","408","100","173.13195548489665"
"35","60","5","false","25","50","30","32.231404958677686","56.25"
"25","60","5","false","25","25","267","100","169.09937888198758"
"19","60","5","false","25","5","457","100","164.75037821482604"
"31","60","5","false","25","50","409","100","173.13195548489665"
"9","60","5","false","25","0","594","100","169.09937888198758"
"27","60","5","false","25","25","223","100","171.49606299212599"
"35","60","5","false","25","50","31","33.51698806244261","58.493589743589745"
"31","60","5","false","25","50","410","100","173.13195548489665"
"34","60","5","false","25","50","51","73.82920110192838","123.8828967642527"
"31","60","5","false","25","50","411","100","173.13195548489665"
"19","60","5","false","25","5","458","100","164.75037821482604"
"35","60","5","false","25","50","32","35.53719008264463","62.019230769230774"
"31","60","5","false","25","50","412","100","173.13195548489665"
"31","60","5","false","25","50","413","100","173.13195548489665"
"35","60","5","false","25","50","33","37.46556473829201","65.38461538461539"
"33","60","5","false","25","50","83","94.5821854912764","162.20472440944883"
"35","60","5","false","25","50","34","38.9348025711662","67.94871794871796"
"31","60","5","false","25","50","414","100","173.13195548489665"
"19","60","5","false","25","5","459","100","164.75037821482604"
"25","60","5","false","25","25","268","100","169.09937888198758"
"35","60","5","false","25","50","35","40.12855831037649","70.03205128205127"
"31","60","5","false","25","50","415","100","173.13195548489665"
"9","60","5","false","25","0","595","100","169.09937888198758"
"27","60","5","false","25","25","224","100","171.49606299212599"
"31","60","5","false","25","50","416","100","173.13195548489665"
"35","60","5","false","25","50","36","41.32231404958678","72.11538461538461"
"19","60","5","false","25","5","460","100","164.75037821482604"
"31","60","5","false","25","50","417","100","173.13195548489665"
"35","60","5","false","25","50","37","42.69972451790633","74.51923076923077"
"34","60","5","false","25","50","52","74.47199265381084","124.96147919876735"
"31","60","5","false","25","50","418","100","173.13195548489665"
"25","60","5","false","25","25","269","100","169.09937888198758"
"31","60","5","false","25","50","419","100","173.13195548489665"
"35","60","5","false","25","50","38","44.352617079889804","77.40384615384616"
"35","60","5","false","25","50","39","45.91368227731864","80.12820512820514"
"31","60","5","false","25","50","420","100","173.13195548489665"
"9","60","5","false","25","0","596","100","169.09937888198758"
"33","60","5","false","25","50","84","94.67401285583104","162.36220472440945"
"27","60","5","false","25","25","225","100","171.49606299212599"
"35","60","5","false","25","50","40","47.750229568411385","83.33333333333334"
"31","60","5","false","25","50","421","100","173.13195548489665"
"35","60","5","false","25","50","41","49.95408631772268","87.17948717948718"
"19","60","5","false","25","5","461","100","164.75037821482604"
"25","60","5","false","25","25","270","100","169.09937888198758"
"31","60","5","false","25","50","422","100","173.13195548489665"
"35","60","5","false","25","50","42","52.249770431588615","91.18589743589743"
"19","60","5","false","25","5","462","100","164.75037821482604"
"31","60","5","false","25","50","423","100","173.13195548489665"
"34","60","5","false","25","50","53","75.48209366391184","126.65639445300462"
"35","60","5","false","25","50","43","54.82093663911846","95.67307692307693"
"9","60","5","false","25","0","597","100","169.09937888198758"
"35","60","5","false","25","50","44","57.3921028466483","100.16025641025641"
"19","60","5","false","25","5","463","100","164.75037821482604"
"25","60","5","false","25","25","271","100","169.09937888198758"
"31","60","5","false","25","50","424","100","173.13195548489665"
"35","60","5","false","25","50","45","60.33057851239669","105.28846153846155"
"27","60","5","false","25","25","226","100","171.49606299212599"
"35","60","5","false","25","50","46","62.71808999081726","109.45512820512822"
"33","60","5","false","25","50","85","95.0413223140496","162.99212598425197"
"31","60","5","false","25","50","425","100","173.13195548489665"
"35","60","5","false","25","50","47","63.91184573002755","111.53846153846155"
"19","60","5","false","25","5","464","100","164.75037821482604"
"9","60","5","false","25","0","598","100","169.09937888198758"
"34","60","5","false","25","50","54","76.03305785123968","127.58089368258861"
"25","60","5","false","25","25","272","100","169.09937888198758"
"35","60","5","false","25","50","48","65.65656565656566","114.58333333333333"
"31","60","5","false","25","50","426","100","173.13195548489665"
"19","60","5","false","25","5","465","100","164.75037821482604"
"35","60","5","false","25","50","49","67.40128558310377","117.62820512820514"
"27","60","5","false","25","25","227","100","171.49606299212599"
"9","60","5","false","25","0","599","100","169.09937888198758"
"33","60","5","false","25","50","86","95.0413223140496","162.99212598425197"
"34","60","5","false","25","50","55","76.76767676767676","128.81355932203388"
"19","60","5","false","25","5","466","100","164.75037821482604"
"31","60","5","false","25","50","427","100","173.13195548489665"
"35","60","5","false","25","50","50","69.6969696969697","121.63461538461537"
"25","60","5","false","25","25","273","100","169.09937888198758"
"35","60","5","false","25","50","51","71.62534435261708","125"
"19","60","5","false","25","5","467","100","164.75037821482604"
"31","60","5","false","25","50","428","100","173.13195548489665"
"35","60","5","false","25","50","52","74.10468319559229","129.3269230769231"
"19","60","5","false","25","5","468","100","164.75037821482604"
"31","60","5","false","25","50","429","100","173.13195548489665"
"35","60","5","false","25","50","53","75.75757575757575","132.21153846153845"
"9","60","5","false","25","0","600","100","169.09937888198758"
"36","60","5","false","25","50","0","1.3774104683195594","2.3622047244094486"
"35","60","5","false","25","50","54","76.30853994490359","133.1730769230769"
"34","60","5","false","25","50","56","77.50229568411386","130.0462249614792"
"25","60","5","false","25","25","274","100","169.09937888198758"
"31","60","5","false","25","50","430","100","173.13195548489665"
"35","60","5","false","25","50","55","76.5840220385675","133.65384615384613"
"33","60","5","false","25","50","87","95.13314967860423","163.1496062992126"
"19","60","5","false","25","5","469","100","164.75037821482604"
"31","60","5","false","25","50","431","100","173.13195548489665"
"35","60","5","false","25","50","56","77.04315886134067","134.4551282051282"
"35","60","5","false","25","50","57","77.50229568411386","135.25641025641028"
"36","60","5","false","25","50","1","3.213957759412305","5.511811023622047"
"9","60","5","false","25","0","601","100","169.09937888198758"
"25","60","5","false","25","25","275","100","169.09937888198758"
"19","60","5","false","25","5","470","100","164.75037821482604"
"31","60","5","false","25","50","432","100","173.13195548489665"
"35","60","5","false","25","50","58","77.96143250688705","136.05769230769232"
"34","60","5","false","25","50","57","78.32874196510559","131.43297380585517"
"31","60","5","false","25","50","433","100","173.13195548489665"
"19","60","5","false","25","5","471","100","164.75037821482604"
"31","60","5","false","25","50","434","100","173.13195548489665"
"31","60","5","false","25","50","435","100","173.13195548489665"
"31","60","5","false","25","50","436","100","173.13195548489665"
"33","60","5","false","25","50","88","95.22497704315886","163.30708661417324"
"19","60","5","false","25","5","472","100","164.75037821482604"
"35","60","5","false","25","50","59","78.60422405876952","137.17948717948718"
"25","60","5","false","25","25","276","100","169.09937888198758"
"31","60","5","false","25","50","437","100","173.13195548489665"
"36","60","5","false","25","50","2","5.5096418732782375","9.448818897637794"
"35","60","5","false","25","50","60","79.98163452708907","139.58333333333331"
"31","60","5","false","25","50","438","100","173.13195548489665"
"9","60","5","false","25","0","602","100","169.09937888198758"
"35","60","5","false","25","50","61","80.8080808080808","141.02564102564102"
"19","60","5","false","25","5","473","100","164.75037821482604"
"34","60","5","false","25","50","58","79.06336088154269","132.66563944530046"
"31","60","5","false","25","50","439","100","173.13195548489665"
"35","60","5","false","25","50","62","80.99173553719008","141.34615384615387"
"19","60","5","false","25","5","474","100","164.75037821482604"
"9","60","5","false","25","0","603","100","169.09937888198758"
"25","60","5","false","25","25","277","100","169.09937888198758"
"35","60","5","false","25","50","63","81.35904499540864","141.9871794871795"
"19","60","5","false","25","5","475","100","164.75037821482604"
"33","60","5","false","25","50","89","95.22497704315886","163.30708661417324"
"35","60","5","false","25","50","64","82.46097337006428","143.9102564102564"
"31","60","5","false","25","50","440","100","173.13195548489665"
"36","60","5","false","25","50","3","8.44811753902663","14.488188976377952"
"34","60","5","false","25","50","59","79.88980716253444","134.05238828967643"
"19","60","5","false","25","5","476","100","164.75037821482604"
"35","60","5","false","25","50","65","83.10376492194675","145.03205128205127"
"31","60","5","false","25","50","441","100","173.13195548489665"
"31","60","5","false","25","50","442","100","173.13195548489665"
"35","60","5","false","25","50","66","83.93021120293848","146.47435897435898"
"19","60","5","false","25","5","477","100","164.75037821482604"
"9","60","5","false","25","0","604","100","169.09937888198758"
"31","60","5","false","25","50","443","100","173.13195548489665"
"35","60","5","false","25","50","67","84.48117539026629","147.43589743589746"
"25","60","5","false","25","25","278","100","169.09937888198758"
"19","60","5","false","25","5","478","100","164.75037821482604"
"31","60","5","false","25","50","444","100","173.13195548489665"
"35","60","5","false","25","50","68","84.94031221303948","148.2371794871795"
"31","60","5","false","25","50","445","100","173.13195548489665"
"1","60","5","false","25","0","40","45.821854912764","80.87520259319288"
"33","60","5","false","25","50","90","95.31680440771349","163.46456692913384"
"36","60","5","false","25","50","4","10.46831955922865","17.95275590551181"
"35","60","5","false","25","50","69","85.03213957759412","148.3974358974359"
"34","60","5","false","25","50","60","80.89990817263545","135.74730354391372"
"31","60","5","false","25","50","446","100","173.13195548489665"
"35","60","5","false","25","50","70","85.49127640036731","149.19871794871796"
"25","60","5","false","25","25","279","100","169.09937888198758"
"31","60","5","false","25","50","447","100","173.13195548489665"
"9","60","5","false","25","0","605","100","169.09937888198758"
"36","60","5","false","25","50","5","12.48852157943067","21.41732283464567"
"31","60","5","false","25","50","448","100","173.13195548489665"
"35","60","5","false","25","50","71","85.85858585858585","149.8397435897436"
"31","60","5","false","25","50","449","100","173.13195548489665"
"35","60","5","false","25","50","72","86.22589531680441","150.48076923076923"
"31","60","5","false","25","50","450","100","173.13195548489665"
"35","60","5","false","25","50","73","86.68503213957759","151.28205128205127"
"34","60","5","false","25","50","61","81.81818181818183","137.28813559322032"
"25","60","5","false","25","25","280","100","169.09937888198758"
"31","60","5","false","25","50","451","100","173.13195548489665"
"9","60","5","false","25","0","606","100","169.09937888198758"
"33","60","5","false","25","50","91","95.31680440771349","163.46456692913384"
"35","60","5","false","25","50","74","86.9605142332415","151.7628205128205"
"31","60","5","false","25","50","452","100","173.13195548489665"
"35","60","5","false","25","50","75","87.23599632690542","152.24358974358972"
"31","60","5","false","25","50","453","100","173.13195548489665"
"35","60","5","false","25","50","76","87.69513314967861","153.0448717948718"
"36","60","5","false","25","50","6","14.600550964187327","25.03937007874016"
"31","60","5","false","25","50","454","100","173.13195548489665"
"35","60","5","false","25","50","77","88.06244260789715","153.68589743589746"
"31","60","5","false","25","50","455","100","173.13195548489665"
"31","60","5","false","25","50","456","100","173.13195548489665"
"35","60","5","false","25","50","78","88.70523415977961","154.80769230769232"
"25","60","5","false","25","25","281","100","169.09937888198758"
"35","60","5","false","25","50","79","89.25619834710744","155.76923076923077"
"9","60","5","false","25","0","607","100","169.09937888198758"
"34","60","5","false","25","50","62","82.277318640955","138.05855161787366"
"31","60","5","false","25","50","457","100","173.13195548489665"
"33","60","5","false","25","50","92","95.31680440771349","163.46456692913384"
"31","60","5","false","25","50","458","100","173.13195548489665"
"36","60","5","false","25","50","7","16.161616161616163","27.716535433070867"
"35","60","5","false","25","50","80","89.53168044077135","156.25"
"25","60","5","false","25","25","282","100","169.09937888198758"
"35","60","5","false","25","50","81","89.80716253443526","156.73076923076923"
"31","60","5","false","25","50","459","100","173.13195548489665"
"9","60","5","false","25","0","608","100","169.09937888198758"
"33","60","5","false","25","50","93","95.31680440771349","163.46456692913384"
"34","60","5","false","25","50","63","83.10376492194675","139.4453004622496"
"35","60","5","false","25","50","82","90.08264462809917","157.21153846153845"
"31","60","5","false","25","50","460","100","173.13195548489665"
"31","60","5","false","25","50","461","100","173.13195548489665"
"35","60","5","false","25","50","83","90.26629935720845","157.53205128205127"
"36","60","5","false","25","50","8","17.53902662993572","30.078740157480315"
"25","60","5","false","25","25","283","100","169.09937888198758"
"35","60","5","false","25","50","84","90.54178145087236","158.0128205128205"
"35","60","5","false","25","50","85","90.9090909090909","158.65384615384613"
"34","60","5","false","25","50","64","83.7465564738292","140.52388289676426"
"31","60","5","false","25","50","462","100","173.13195548489665"
"9","60","5","false","25","0","609","100","169.09937888198758"
"33","60","5","false","25","50","94","95.31680440771349","163.46456692913384"
"35","60","5","false","25","50","86","91.55188246097336","159.77564102564102"
"25","60","5","false","25","25","284","100","169.09937888198758"
"36","60","5","false","25","50","9","19.28374655647383","33.07086614173229"
"31","60","5","false","25","50","463","100","173.13195548489665"
"35","60","5","false","25","50","87","91.91919191919192","160.41666666666669"
"31","60","5","false","25","50","464","100","173.13195548489665"
"9","60","5","false","25","0","610","100","169.09937888198758"
"34","60","5","false","25","50","65","84.20569329660239","141.29429892141755"
"35","60","5","false","25","50","88","92.65381083562902","161.69871794871796"
"25","60","5","false","25","25","285","100","169.09937888198758"
"33","60","5","false","25","50","95","95.31680440771349","163.46456692913384"
"31","60","5","false","25","50","465","100","173.13195548489665"
"35","60","5","false","25","50","89","93.1129476584022","162.5"
"36","60","5","false","25","50","10","21.30394857667585","36.53543307086614"
"35","60","5","false","25","50","90","93.29660238751147","162.82051282051282"
"31","60","5","false","25","50","466","100","173.13195548489665"
"31","60","5","false","25","50","467","100","173.13195548489665"
"25","60","5","false","25","25","286","100","169.09937888198758"
"35","60","5","false","25","50","91","93.5720844811754","163.30128205128204"
"9","60","5","false","25","0","611","100","169.09937888198758"
"31","60","5","false","25","50","468","100","173.13195548489665"
"34","60","5","false","25","50","66","84.94031221303948","142.52696456086287"
"33","60","5","false","25","50","96","95.40863177226814","163.6220472440945"
"35","60","5","false","25","50","92","93.8475665748393","163.78205128205127"
"36","60","5","false","25","50","11","22.95684113865932","39.37007874015748"
"31","60","5","false","25","50","469","100","173.13195548489665"
"9","60","5","false","25","0","612","100","169.09937888198758"
"25","60","5","false","25","25","287","100","169.09937888198758"
"35","60","5","false","25","50","93","93.8475665748393","163.78205128205127"
"31","60","5","false","25","50","470","100","173.13195548489665"
"35","60","5","false","25","50","94","93.93939393939394","163.94230769230768"
"34","60","5","false","25","50","67","85.9504132231405","144.22187981510015"
"9","60","5","false","25","0","613","100","169.09937888198758"
"36","60","5","false","25","50","12","24.97704315886134","42.83464566929134"
"33","60","5","false","25","50","97","95.40863177226814","163.6220472440945"
"35","60","5","false","25","50","95","93.93939393939394","163.94230769230768"
"31","60","5","false","25","50","471","100","173.13195548489665"
"36","60","5","false","25","50","13","27.364554637281913","46.92913385826772"
"34","60","5","false","25","50","68","86.77685950413223","145.60862865947612"
"35","60","5","false","25","50","96","94.03122130394857","164.1025641025641"
"9","60","5","false","25","0","614","100","169.09937888198758"
"31","60","5","false","25","50","472","100","173.13195548489665"
"37","60","5","false","25","50","0","1.5610651974288337","2.599388379204893"
"31","60","5","false","25","50","473","100","173.13195548489665"
"35","60","5","false","25","50","97","94.3067033976125","164.58333333333331"
"33","60","5","false","25","50","98","95.40863177226814","163.6220472440945"
"36","60","5","false","25","50","14","29.201101928374655","50.07874015748032"
"35","60","5","false","25","50","98","94.39853076216713","164.74358974358972"
"9","60","5","false","25","0","615","100","169.09937888198758"
"34","60","5","false","25","50","69","87.60330578512396","146.99537750385207"
"31","60","5","false","25","50","474","100","173.13195548489665"
"35","60","5","false","25","50","99","94.67401285583104","165.22435897435898"
"31","60","5","false","25","50","475","100","173.13195548489665"
"36","60","5","false","25","50","15","30.76216712580349","52.75590551181102"
"37","60","5","false","25","50","1","3.581267217630854","5.963302752293578"
"34","60","5","false","25","50","70","88.42975206611571","148.38212634822804"
"9","60","5","false","25","0","616","100","169.09937888198758"
"35","60","5","false","25","50","100","94.94949494949495","165.7051282051282"
"31","60","5","false","25","50","476","100","173.13195548489665"
"35","60","5","false","25","50","101","95.31680440771349","166.34615384615387"
"38","60","5","false","25","50","0","1.3774104683195594","2.3734177215189876"
"31","60","5","false","25","50","477","100","173.13195548489665"
"37","60","5","false","25","50","2","5.876951331496786","9.785932721712538"
"36","60","5","false","25","50","16","32.598714416896236","55.90551181102362"
"35","60","5","false","25","50","102","95.77594123048668","167.1474358974359"
"9","60","5","false","25","0","617","100","169.09937888198758"
"35","60","5","false","25","50","103","96.32690541781452","168.10897435897436"
"31","60","5","false","25","50","478","100","173.13195548489665"
"34","60","5","false","25","50","71","88.79706152433425","148.9984591679507"
"35","60","5","false","25","50","104","96.51056014692378","168.42948717948718"
"31","60","5","false","25","50","479","100","173.13195548489665"
"35","60","5","false","25","50","105","96.96969696969697","169.23076923076923"
"38","60","5","false","25","50","1","3.0303030303030303","5.2215189873417724"
"35","60","5","false","25","50","106","97.15335169880625","169.55128205128204"
"37","60","5","false","25","50","3","7.7134986225895315","12.844036697247708"
"36","60","5","false","25","50","17","33.79247015610652","57.95275590551181"
"9","60","5","false","25","0","618","100","169.09937888198758"
"35","60","5","false","25","50","107","97.33700642791551","169.87179487179486"
"31","60","5","false","25","50","480","100","173.13195548489665"
"35","60","5","false","25","50","108","97.33700642791551","169.87179487179486"
"31","60","5","false","25","50","481","100","173.13195548489665"
"34","60","5","false","25","50","72","89.1643709825528","149.61479198767333"
"35","60","5","false","25","50","109","97.52066115702479","170.19230769230768"
"31","60","5","false","25","50","482","100","173.13195548489665"
"9","60","5","false","25","0","619","100","169.09937888198758"
"37","60","5","false","25","50","4","9.274563820018365","15.443425076452598"
"36","60","5","false","25","50","18","35.44536271808999","60.78740157480315"
"38","60","5","false","25","50","2","4.866850321395775","8.38607594936709"
"35","60","5","false","25","50","110","97.61248852157944","170.3525641025641"
"31","60","5","false","25","50","483","100","173.13195548489665"
"35","60","5","false","25","50","111","97.70431588613407","170.5128205128205"
"34","60","5","false","25","50","73","89.71533516988063","150.5392912172573"
"35","60","5","false","25","50","112","97.70431588613407","170.5128205128205"
"38","60","5","false","25","50","3","6.6115702479338845","11.39240506329114"
"37","60","5","false","25","50","5","10.835629017447198","18.04281345565749"
"9","60","5","false","25","0","620","100","169.09937888198758"
"36","60","5","false","25","50","19","36.63911845730027","62.83464566929133"
"31","60","5","false","25","50","484","100","173.13195548489665"
"35","60","5","false","25","50","113","97.7961432506887","170.6730769230769"
"31","60","5","false","25","50","485","100","173.13195548489665"
"31","60","5","false","25","50","486","100","173.13195548489665"
"9","60","5","false","25","0","621","100","169.09937888198758"
"37","60","5","false","25","50","6","12.947658402203857","21.55963302752294"
"35","60","5","false","25","50","114","97.97979797979798","170.99358974358972"
"36","60","5","false","25","50","20","38.10835629017447","65.35433070866141"
"38","60","5","false","25","50","4","8.631772268135904","14.873417721518987"
"34","60","5","false","25","50","74","90.08264462809917","151.15562403698"
"31","60","5","false","25","50","487","100","173.13195548489665"
"35","60","5","false","25","50","115","98.16345270890724","171.31410256410254"
"31","60","5","false","25","50","488","100","173.13195548489665"
"9","60","5","false","25","0","622","100","169.09937888198758"
"35","60","5","false","25","50","116","98.34710743801654","171.6346153846154"
"31","60","5","false","25","50","489","100","173.13195548489665"
"37","60","5","false","25","50","7","14.692378328741965","24.464831804281346"
"38","60","5","false","25","50","5","10.284664830119375","17.72151898734177"
"36","60","5","false","25","50","21","39.48576675849403","67.71653543307087"
"35","60","5","false","25","50","117","98.43893480257117","171.7948717948718"
"31","60","5","false","25","50","490","100","173.13195548489665"
"34","60","5","false","25","50","75","90.44995408631772","151.77195685670262"
"31","60","5","false","25","50","491","100","173.13195548489665"
"9","60","5","false","25","0","623","100","169.09937888198758"
"35","60","5","false","25","50","118","98.43893480257117","171.7948717948718"
"36","60","5","false","25","50","22","40.31221303948577","69.13385826771653"
"37","60","5","false","25","50","8","16.2534435261708","27.06422018348624"
"35","60","5","false","25","50","119","98.43893480257117","171.7948717948718"
"38","60","5","false","25","50","6","12.396694214876034","21.360759493670887"
"31","60","5","false","25","50","492","100","173.13195548489665"
"34","60","5","false","25","50","76","90.81726354453627","152.38828967642525"
"31","60","5","false","25","50","493","100","173.13195548489665"
"37","60","5","false","25","50","9","17.99816345270891","29.96941896024465"
"35","60","5","false","25","50","120","98.43893480257117","171.7948717948718"
"9","60","5","false","25","0","624","100","169.09937888198758"
"35","60","5","false","25","50","121","98.5307621671258","171.9551282051282"
"31","60","5","false","25","50","494","100","173.13195548489665"
"35","60","5","false","25","50","122","98.62258953168043","172.1153846153846"
"36","60","5","false","25","50","23","41.04683195592286","70.39370078740157"
"1","60","5","false","25","0","41","47.2910927456382","83.46839546191248"
"34","60","5","false","25","50","77","91.3682277318641","153.31278890600925"
"38","60","5","false","25","50","7","14.14141414141414","24.367088607594937"
"35","60","5","false","25","50","123","98.62258953168043","172.1153846153846"
"31","60","5","false","25","50","495","100","173.13195548489665"
"37","60","5","false","25","50","10","19.55922865013774","32.56880733944954"
"9","60","5","false","25","0","625","100","169.09937888198758"
"35","60","5","false","25","50","124","98.62258953168043","172.1153846153846"
"31","60","5","false","25","50","496","100","173.13195548489665"
"36","60","5","false","25","50","24","42.51606978879706","72.91338582677164"
"35","60","5","false","25","50","125","98.80624426078971","172.43589743589746"
"34","60","5","false","25","50","78","91.82736455463728","154.08320493066256"
"37","60","5","false","25","50","11","21.028466483011936","35.015290519877674"
"38","60","5","false","25","50","8","15.702479338842975","27.056962025316455"
"35","60","5","false","25","50","126","98.89807162534436","172.59615384615387"
"9","60","5","false","25","0","626","100","169.09937888198758"
"31","60","5","false","25","50","497","100","173.13195548489665"
"36","60","5","false","25","50","25","43.89348025711662","75.27559055118111"
"31","60","5","false","25","50","498","100","173.13195548489665"
"35","60","5","false","25","50","127","98.89807162534436","172.59615384615387"
"37","60","5","false","25","50","12","22.405876951331496","37.308868501529055"
"31","60","5","false","25","50","499","100","173.13195548489665"
"38","60","5","false","25","50","9","16.988062442607895","29.27215189873418"
"34","60","5","false","25","50","79","92.19467401285583","154.69953775038522"
"35","60","5","false","25","50","128","98.98989898989899","172.75641025641028"
"9","60","5","false","25","0","627","100","169.09937888198758"
"36","60","5","false","25","50","26","45.08723599632691","77.32283464566929"
"31","60","5","false","25","50","500","100","173.13195548489665"
"35","60","5","false","25","50","129","98.98989898989899","172.75641025641028"
"37","60","5","false","25","50","13","24.242424242424242","40.36697247706422"
"31","60","5","false","25","50","501","100","173.13195548489665"
"35","60","5","false","25","50","130","99.08172635445362","172.91666666666669"
"38","60","5","false","25","50","10","18.54912764003673","31.962025316455694"
"35","60","5","false","25","50","131","99.08172635445362","172.91666666666669"
"31","60","5","false","25","50","502","100","173.13195548489665"
"34","60","5","false","25","50","80","92.65381083562902","155.4699537750385"
"9","60","5","false","25","0","628","100","169.09937888198758"
"31","60","5","false","25","50","503","100","173.13195548489665"
"35","60","5","false","25","50","132","99.08172635445362","172.91666666666669"
"37","60","5","false","25","50","14","25.987144168962352","43.27217125382263"
"36","60","5","false","25","50","27","46.464646464646464","79.68503937007874"
"31","60","5","false","25","50","504","100","173.13195548489665"
"9","60","5","false","25","0","629","100","169.09937888198758"
"35","60","5","false","25","50","133","99.08172635445362","172.91666666666669"
"38","60","5","false","25","50","11","19.65105601469238","33.860759493670884"
"37","60","5","false","25","50","15","27.73186409550046","46.17737003058104"
"34","60","5","false","25","50","81","92.8374655647383","155.77812018489985"
"31","60","5","false","25","50","505","100","173.13195548489665"
"35","60","5","false","25","50","134","99.08172635445362","172.91666666666669"
"31","60","5","false","25","50","506","100","173.13195548489665"
"36","60","5","false","25","50","28","48.39302112029385","82.99212598425197"
"35","60","5","false","25","50","135","99.08172635445362","172.91666666666669"
"31","60","5","false","25","50","507","100","173.13195548489665"
"9","60","5","false","25","0","630","100","169.09937888198758"
"35","60","5","false","25","50","136","99.17355371900827","173.0769230769231"
"37","60","5","false","25","50","16","29.660238751147844","49.38837920489297"
"38","60","5","false","25","50","12","20.752984389348025","35.75949367088608"
"34","60","5","false","25","50","82","93.1129476584022","156.24036979969182"
"35","60","5","false","25","50","137","99.2653810835629","173.2371794871795"
"31","60","5","false","25","50","508","100","173.13195548489665"
"35","60","5","false","25","50","138","99.2653810835629","173.2371794871795"
"31","60","5","false","25","50","509","100","173.13195548489665"
"31","60","5","false","25","50","510","100","173.13195548489665"
"35","60","5","false","25","50","139","99.2653810835629","173.2371794871795"
"36","60","5","false","25","50","29","50.04591368227732","85.8267716535433"
"37","60","5","false","25","50","17","30.945821854912765","51.52905198776758"
"31","60","5","false","25","50","511","100","173.13195548489665"
"35","60","5","false","25","50","140","99.2653810835629","173.2371794871795"
"9","60","5","false","25","0","631","100","169.09937888198758"
"35","60","5","false","25","50","141","99.2653810835629","173.2371794871795"
"38","60","5","false","25","50","13","22.03856749311295","37.9746835443038"
"31","60","5","false","25","50","512","100","173.13195548489665"
"35","60","5","false","25","50","142","99.2653810835629","173.2371794871795"
"37","60","5","false","25","50","18","32.323232323232325","53.822629969418955"
"34","60","5","false","25","50","83","93.48025711662076","156.85670261941448"
"31","60","5","false","25","50","513","100","173.13195548489665"
"36","60","5","false","25","50","30","51.331496786042244","88.03149606299212"
"35","60","5","false","25","50","143","99.35720844811755","173.3974358974359"
"9","60","5","false","25","0","632","100","169.09937888198758"
"37","60","5","false","25","50","19","33.88429752066116","56.42201834862385"
"38","60","5","false","25","50","14","23.324150596877868","40.189873417721515"
"36","60","5","false","25","50","31","52.61707988980716","90.23622047244095"
"35","60","5","false","25","50","144","99.35720844811755","173.3974358974359"
"31","60","5","false","25","50","514","100","173.13195548489665"
"34","60","5","false","25","50","84","93.75573921028466","157.31895223420648"
"9","60","5","false","25","0","633","100","169.09937888198758"
"37","60","5","false","25","50","20","35.35353535353536","58.86850152905198"
"35","60","5","false","25","50","145","99.35720844811755","173.3974358974359"
"31","60","5","false","25","50","515","100","173.13195548489665"
"35","60","5","false","25","50","146","99.35720844811755","173.3974358974359"
"31","60","5","false","25","50","516","100","173.13195548489665"
"19","60","5","false","25","5","479","100","164.75037821482604"
"38","60","5","false","25","50","15","24.334251606978878","41.93037974683544"
"37","60","5","false","25","50","21","37.1900826446281","61.92660550458715"
"36","60","5","false","25","50","32","53.994490358126725","92.5984251968504"
"9","60","5","false","25","0","634","100","169.09937888198758"
"34","60","5","false","25","50","85","94.3067033976125","158.24345146379045"
"35","60","5","false","25","50","147","99.44903581267218","173.55769230769232"
"19","60","5","false","25","5","480","100","164.75037821482604"
"31","60","5","false","25","50","517","100","173.13195548489665"
"31","60","5","false","25","50","518","100","173.13195548489665"
"36","60","5","false","25","50","33","54.82093663911846","94.01574803149606"
"35","60","5","false","25","50","148","99.44903581267218","173.55769230769232"
"19","60","5","false","25","5","481","100","164.75037821482604"
"31","60","5","false","25","50","519","100","173.13195548489665"
"9","60","5","false","25","0","635","100","169.09937888198758"
"35","60","5","false","25","50","149","99.44903581267218","173.55769230769232"
"37","60","5","false","25","50","22","39.02662993572085","64.98470948012233"
"19","60","5","false","25","5","482","100","164.75037821482604"
"19","60","5","false","25","5","483","100","164.75037821482604"
"31","60","5","false","25","50","520","100","173.13195548489665"
"35","60","5","false","25","50","150","99.63269054178146","173.87820512820514"
"34","60","5","false","25","50","86","94.67401285583104","158.8597842835131"
"38","60","5","false","25","50","16","25.528007346189163","43.9873417721519"
"36","60","5","false","25","50","34","55.28007346189165","94.80314960629921"
"31","60","5","false","25","50","521","100","173.13195548489665"
"19","60","5","false","25","5","484","100","164.75037821482604"
"37","60","5","false","25","50","23","40.67952249770432","67.73700305810397"
"35","60","5","false","25","50","151","99.72451790633609","174.03846153846155"
"9","60","5","false","25","0","636","100","169.09937888198758"
"35","60","5","false","25","50","152","99.72451790633609","174.03846153846155"
"19","60","5","false","25","5","485","100","164.75037821482604"
"31","60","5","false","25","50","522","100","173.13195548489665"
"34","60","5","false","25","50","87","95.13314967860423","159.63020030816642"
"38","60","5","false","25","50","17","26.72176308539945","46.04430379746836"
"36","60","5","false","25","50","35","55.55555555555556","95.2755905511811"
"37","60","5","false","25","50","24","42.14876033057851","70.18348623853211"
"19","60","5","false","25","5","486","100","164.75037821482604"
"35","60","5","false","25","50","153","99.72451790633609","174.03846153846155"
"31","60","5","false","25","50","523","100","173.13195548489665"
"9","60","5","false","25","0","637","100","169.09937888198758"
"35","60","5","false","25","50","154","99.81634527089072","174.19871794871796"
"19","60","5","false","25","5","487","100","164.75037821482604"
"31","60","5","false","25","50","524","100","173.13195548489665"
"19","60","5","false","25","5","488","100","164.75037821482604"
"35","60","5","false","25","50","155","99.81634527089072","174.19871794871796"
"9","60","5","false","25","0","638","100","169.09937888198758"
"37","60","5","false","25","50","25","43.61799816345271","72.62996941896024"
"34","60","5","false","25","50","88","95.13314967860423","159.63020030816642"
"31","60","5","false","25","50","525","100","173.13195548489665"
"38","60","5","false","25","50","18","28.191000918273645","48.575949367088604"
"19","60","5","false","25","5","489","100","164.75037821482604"
"35","60","5","false","25","50","156","99.81634527089072","174.19871794871796"
"36","60","5","false","25","50","36","55.73921028466483","95.59055118110236"
"31","60","5","false","25","50","526","100","173.13195548489665"
"37","60","5","false","25","50","26","45.27089072543618","75.38226299694189"
"19","60","5","false","25","5","490","100","164.75037821482604"
"35","60","5","false","25","50","157","99.81634527089072","174.19871794871796"
"31","60","5","false","25","50","527","100","173.13195548489665"
"35","60","5","false","25","50","158","99.81634527089072","174.19871794871796"
"9","60","5","false","25","0","639","100","169.09937888198758"
"38","60","5","false","25","50","19","29.75206611570248","51.26582278481012"
"35","60","5","false","25","50","159","99.81634527089072","174.19871794871796"
"19","60","5","false","25","5","491","100","164.75037821482604"
"36","60","5","false","25","50","37","56.014692378328746","96.06299212598425"
"31","60","5","false","25","50","528","100","173.13195548489665"
"35","60","5","false","25","50","160","99.81634527089072","174.19871794871796"
"37","60","5","false","25","50","27","47.107438016528924","78.44036697247707"
"34","60","5","false","25","50","89","95.31680440771349","159.93836671802774"
"19","60","5","false","25","5","492","100","164.75037821482604"
"35","60","5","false","25","50","161","99.90817263544535","174.35897435897436"
"31","60","5","false","25","50","529","100","173.13195548489665"
"19","60","5","false","25","5","493","100","164.75037821482604"
"35","60","5","false","25","50","162","99.90817263544535","174.35897435897436"
"9","60","5","false","25","0","640","100","169.09937888198758"
"37","60","5","false","25","50","28","49.219467401285584","81.9571865443425"
"38","60","5","false","25","50","20","30.853994490358126","53.16455696202531"
"31","60","5","false","25","50","530","100","173.13195548489665"
"35","60","5","false","25","50","163","99.90817263544535","174.35897435897436"
"36","60","5","false","25","50","38","56.29017447199265","96.53543307086613"
"34","60","5","false","25","50","90","95.50045913682277","160.24653312788905"
"19","60","5","false","25","5","494","100","164.75037821482604"
"31","60","5","false","25","50","531","100","173.13195548489665"
"35","60","5","false","25","50","164","99.90817263544535","174.35897435897436"
"37","60","5","false","25","50","29","51.2396694214876","85.3211009174312"
"35","60","5","false","25","50","165","99.90817263544535","174.35897435897436"
"31","60","5","false","25","50","532","100","173.13195548489665"
"19","60","5","false","25","5","495","100","164.75037821482604"
"9","60","5","false","25","0","641","100","169.09937888198758"
"31","60","5","false","25","50","533","100","173.13195548489665"
"35","60","5","false","25","50","166","99.90817263544535","174.35897435897436"
"38","60","5","false","25","50","21","32.323232323232325","55.69620253164557"
"35","60","5","false","25","50","167","99.90817263544535","174.35897435897436"
"34","60","5","false","25","50","91","95.59228650137742","160.4006163328197"
"31","60","5","false","25","50","534","100","173.13195548489665"
"36","60","5","false","25","50","39","56.65748393021121","97.16535433070867"
"19","60","5","false","25","5","496","100","164.75037821482604"
"35","60","5","false","25","50","168","99.90817263544535","174.35897435897436"
"31","60","5","false","25","50","535","100","173.13195548489665"
"37","60","5","false","25","50","30","53.351698806244265","88.83792048929664"
"9","60","5","false","25","0","642","100","169.09937888198758"
"38","60","5","false","25","50","22","33.42516069788797","57.59493670886076"
"19","60","5","false","25","5","497","100","164.75037821482604"
"35","60","5","false","25","50","169","99.90817263544535","174.35897435897436"
"31","60","5","false","25","50","536","100","173.13195548489665"
"36","60","5","false","25","50","40","57.116620752984396","97.95275590551181"
"35","60","5","false","25","50","170","99.90817263544535","174.35897435897436"
"34","60","5","false","25","50","92","95.59228650137742","160.4006163328197"
"9","60","5","false","25","0","643","100","169.09937888198758"
"37","60","5","false","25","50","31","55.00459136822773","91.59021406727828"
"31","60","5","false","25","50","537","100","173.13195548489665"
"19","60","5","false","25","5","498","100","164.75037821482604"
"38","60","5","false","25","50","23","34.710743801652896","59.81012658227848"
"35","60","5","false","25","50","171","99.90817263544535","174.35897435897436"
"19","60","5","false","25","5","499","100","164.75037821482604"
"31","60","5","false","25","50","538","100","173.13195548489665"
"35","60","5","false","25","50","172","99.90817263544535","174.35897435897436"
"9","60","5","false","25","0","644","100","169.09937888198758"
"36","60","5","false","25","50","41","57.66758494031221","98.8976377952756"
"37","60","5","false","25","50","32","56.473829201101935","94.03669724770643"
"19","60","5","false","25","5","500","100","164.75037821482604"
"31","60","5","false","25","50","539","100","173.13195548489665"
"34","60","5","false","25","50","93","95.77594123048668","160.70878274268105"
"35","60","5","false","25","50","173","99.90817263544535","174.35897435897436"
"31","60","5","false","25","50","540","100","173.13195548489665"
"38","60","5","false","25","50","24","35.90449954086318","61.86708860759494"
"36","60","5","false","25","50","42","57.94306703397613","99.37007874015748"
"9","60","5","false","25","0","645","100","169.09937888198758"
"19","60","5","false","25","5","501","100","164.75037821482604"
"35","60","5","false","25","50","174","99.90817263544535","174.35897435897436"
"19","60","5","false","25","5","502","100","164.75037821482604"
"31","60","5","false","25","50","541","100","173.13195548489665"
"35","60","5","false","25","50","175","99.90817263544535","174.35897435897436"
"37","60","5","false","25","50","33","57.759412304866856","96.17737003058105"
"31","60","5","false","25","50","542","100","173.13195548489665"
"35","60","5","false","25","50","176","99.90817263544535","174.35897435897436"
"31","60","5","false","25","50","543","100","173.13195548489665"
"19","60","5","false","25","5","503","100","164.75037821482604"
"35","60","5","false","25","50","177","100","174.51923076923077"
"34","60","5","false","25","50","94","96.14325068870524","161.3251155624037"
"37","60","5","false","25","50","34","58.8613406795225","98.01223241590215"
"36","60","5","false","25","50","43","58.31037649219467","100"
"38","60","5","false","25","50","25","36.82277318640955","63.4493670886076"
"9","60","5","false","25","0","646","100","169.09937888198758"
"31","60","5","false","25","50","544","100","173.13195548489665"
"35","60","5","false","25","50","178","100","174.51923076923077"
"19","60","5","false","25","5","504","100","164.75037821482604"
"31","60","5","false","25","50","545","100","173.13195548489665"
"35","60","5","false","25","50","179","100","174.51923076923077"
"35","60","5","false","25","50","180","100","174.51923076923077"
"19","60","5","false","25","5","505","100","164.75037821482604"
"31","60","5","false","25","50","546","100","173.13195548489665"
"35","60","5","false","25","50","181","100","174.51923076923077"
"31","60","5","false","25","50","547","100","173.13195548489665"
"35","60","5","false","25","50","182","100","174.51923076923077"
"31","60","5","false","25","50","548","100","173.13195548489665"
"9","60","5","false","25","0","647","100","169.09937888198758"
"37","60","5","false","25","50","35","60.14692378328742","100.15290519877675"
"35","60","5","false","25","50","183","100","174.51923076923077"
"19","60","5","false","25","5","506","100","164.75037821482604"
"31","60","5","false","25","50","549","100","173.13195548489665"
"34","60","5","false","25","50","95","96.41873278236915","161.7873651771957"
"35","60","5","false","25","50","184","100","174.51923076923077"
"31","60","5","false","25","50","550","100","173.13195548489665"
"36","60","5","false","25","50","44","58.67768595041323","100.62992125984252"
"19","60","5","false","25","5","507","100","164.75037821482604"
"31","60","5","false","25","50","551","100","173.13195548489665"
"35","60","5","false","25","50","185","100","174.51923076923077"
"38","60","5","false","25","50","26","37.9247015610652","65.34810126582279"
"31","60","5","false","25","50","552","100","173.13195548489665"
"37","60","5","false","25","50","36","61.89164370982553","103.05810397553516"
"9","60","5","false","25","0","648","100","169.09937888198758"
"19","60","5","false","25","5","508","100","164.75037821482604"
"35","60","5","false","25","50","186","100","174.51923076923077"
"31","60","5","false","25","50","553","100","173.13195548489665"
"1","60","5","false","25","0","42","49.03581267217631","86.54781199351702"
"34","60","5","false","25","50","96","96.87786960514234","162.557781201849"
"37","60","5","false","25","50","37","63.36088154269972","105.50458715596329"
"35","60","5","false","25","50","187","100","174.51923076923077"
"9","60","5","false","25","0","649","100","169.09937888198758"
"19","60","5","false","25","5","509","100","164.75037821482604"
"31","60","5","false","25","50","554","100","173.13195548489665"
"36","60","5","false","25","50","45","58.8613406795225","100.94488188976378"
"31","60","5","false","25","50","555","100","173.13195548489665"
"38","60","5","false","25","50","27","39.39393939393939","67.87974683544303"
"31","60","5","false","25","50","556","100","173.13195548489665"
"19","60","5","false","25","5","510","100","164.75037821482604"
"35","60","5","false","25","50","188","100","174.51923076923077"
"37","60","5","false","25","50","38","64.83011937557393","107.95107033639144"
"34","60","5","false","25","50","97","97.0615243342516","162.8659476117103"
"31","60","5","false","25","50","557","100","173.13195548489665"
"35","60","5","false","25","50","189","100","174.51923076923077"
"19","60","5","false","25","5","511","100","164.75037821482604"
"36","60","5","false","25","50","46","59.13682277318642","101.41732283464566"
"31","60","5","false","25","50","558","100","173.13195548489665"
"9","60","5","false","25","0","650","100","169.09937888198758"
"19","60","5","false","25","5","512","100","164.75037821482604"
"31","60","5","false","25","50","559","100","173.13195548489665"
"35","60","5","false","25","50","190","100","174.51923076923077"
"31","60","5","false","25","50","560","100","173.13195548489665"
"35","60","5","false","25","50","191","100","174.51923076923077"
"34","60","5","false","25","50","98","97.2451790633609","163.17411402157165"
"37","60","5","false","25","50","39","65.7483930211203","109.48012232415903"
"38","60","5","false","25","50","28","40.49586776859504","69.77848101265823"
"9","60","5","false","25","0","651","100","169.09937888198758"
"19","60","5","false","25","5","513","100","164.75037821482604"
"31","60","5","false","25","50","561","100","173.13195548489665"
"36","60","5","false","25","50","47","59.50413223140496","102.04724409448819"
"35","60","5","false","25","50","192","100","174.51923076923077"
"19","60","5","false","25","5","514","100","164.75037821482604"
"31","60","5","false","25","50","562","100","173.13195548489665"
"34","60","5","false","25","50","99","97.52066115702479","163.63636363636365"
"35","60","5","false","25","50","193","100","174.51923076923077"
"31","60","5","false","25","50","563","100","173.13195548489665"
"19","60","5","false","25","5","515","100","164.75037821482604"
"37","60","5","false","25","50","40","66.39118457300276","110.55045871559632"
"36","60","5","false","25","50","48","59.96326905417815","102.83464566929135"
"31","60","5","false","25","50","564","100","173.13195548489665"
"31","60","5","false","25","50","565","100","173.13195548489665"
"35","60","5","false","25","50","194","100","174.51923076923077"
"19","60","5","false","25","5","516","100","164.75037821482604"
"9","60","5","false","25","0","652","100","169.09937888198758"
"38","60","5","false","25","50","29","41.41414141414141","71.36075949367088"
"31","60","5","false","25","50","566","100","173.13195548489665"
"35","60","5","false","25","50","195","100","174.51923076923077"
"37","60","5","false","25","50","41","66.85032139577594","111.31498470948011"
"19","60","5","false","25","5","517","100","164.75037821482604"
"36","60","5","false","25","50","49","60.51423324150596","103.77952755905513"
"34","60","5","false","25","50","100","97.70431588613407","163.94453004622497"
"35","60","5","false","25","50","196","100","174.51923076923077"
"31","60","5","false","25","50","567","100","173.13195548489665"
"19","60","5","false","25","5","518","100","164.75037821482604"
"9","60","5","false","25","0","653","100","169.09937888198758"
"38","60","5","false","25","50","30","42.51606978879706","73.25949367088607"
"37","60","5","false","25","50","42","67.12580348943985","111.7737003058104"
"31","60","5","false","25","50","568","100","173.13195548489665"
"35","60","5","false","25","50","197","100","174.51923076923077"
"19","60","5","false","25","5","519","100","164.75037821482604"
"35","60","5","false","25","50","198","100","174.51923076923077"
"19","60","5","false","25","5","520","100","164.75037821482604"
"35","60","5","false","25","50","199","100","174.51923076923077"
"39","60","5","false","25","50","0","2.0202020202020203","3.4482758620689653"
"37","60","5","false","25","50","43","67.4931129476584","112.38532110091744"
"36","60","5","false","25","50","50","61.0651974288338","104.72440944881889"
"39","60","5","false","25","50","1","4.775022956841139","8.150470219435736"
"9","60","5","false","25","0","654","100","169.09937888198758"
"35","60","5","false","25","50","200","100","174.51923076923077"
"19","60","5","false","25","5","521","100","164.75037821482604"
"39","60","5","false","25","50","2","7.07070707070707","12.068965517241379"
"35","60","5","false","25","50","201","100","174.51923076923077"
"39","60","5","false","25","50","3","8.81542699724518","15.047021943573668"
"19","60","5","false","25","5","522","100","164.75037821482604"
"39","60","5","false","25","50","4","10.376492194674013","17.711598746081506"
"37","60","5","false","25","50","44","67.95224977043158","113.14984709480123"
"35","60","5","false","25","50","202","100","174.51923076923077"
"39","60","5","false","25","50","5","12.121212121212121","20.689655172413794"
"34","60","5","false","25","50","101","97.88797061524335","164.25269645608628"
"19","60","5","false","25","5","523","100","164.75037821482604"
"38","60","5","false","25","50","31","43.80165289256198","75.4746835443038"
"35","60","5","false","25","50","203","100","174.51923076923077"
"39","60","5","false","25","50","6","14.23324150596878","24.294670846394983"
"19","60","5","false","25","5","524","100","164.75037821482604"
"39","60","5","false","25","50","7","16.437098255280073","28.056426332288403"
"37","60","5","false","25","50","45","68.31955922865014","113.76146788990826"
"9","60","5","false","25","0","655","100","169.09937888198758"
"36","60","5","false","25","50","51","61.98347107438017","106.29921259842521"
"35","60","5","false","25","50","204","100","174.51923076923077"
"19","60","5","false","25","5","525","100","164.75037821482604"
"39","60","5","false","25","50","8","19.00826446280992","32.445141065830725"
"35","60","5","false","25","50","205","100","174.51923076923077"
"36","60","5","false","25","50","52","62.8099173553719","107.71653543307087"
"38","60","5","false","25","50","32","44.352617079889804","76.42405063291139"
"19","60","5","false","25","5","526","100","164.75037821482604"
"34","60","5","false","25","50","102","97.88797061524335","164.25269645608628"
"37","60","5","false","25","50","46","68.59504132231406","114.22018348623853"
"35","60","5","false","25","50","206","100","174.51923076923077"
"39","60","5","false","25","50","9","22.130394857667586","37.774294670846395"
"19","60","5","false","25","5","527","100","164.75037821482604"
"39","60","5","false","25","50","10","24.793388429752067","42.31974921630094"
"19","60","5","false","25","5","528","100","164.75037821482604"
"9","60","5","false","25","0","656","100","169.09937888198758"
"35","60","5","false","25","50","207","100","174.51923076923077"
"39","60","5","false","25","50","11","26.538108356290174","45.29780564263323"
"38","60","5","false","25","50","33","44.995408631772264","77.53164556962025"
"19","60","5","false","25","5","529","100","164.75037821482604"
"36","60","5","false","25","50","53","63.36088154269972","108.66141732283465"
"39","60","5","false","25","50","12","27.915518824609737","47.64890282131661"
"35","60","5","false","25","50","208","100","174.51923076923077"
"34","60","5","false","25","50","103","98.07162534435263","164.56086286594763"
"9","60","5","false","25","0","657","100","169.09937888198758"
"19","60","5","false","25","5","530","100","164.75037821482604"
"37","60","5","false","25","50","47","69.32966023875115","115.4434250764526"
"36","60","5","false","25","50","54","63.820018365472905","109.4488188976378"
"39","60","5","false","25","50","13","29.38475665748393","50.15673981191222"
"38","60","5","false","25","50","34","45.45454545454545","78.32278481012658"
"35","60","5","false","25","50","209","100","174.51923076923077"
"19","60","5","false","25","5","531","100","164.75037821482604"
"39","60","5","false","25","50","14","30.670339761248854","52.35109717868338"
"37","60","5","false","25","50","48","70.24793388429752","116.97247706422019"
"35","60","5","false","25","50","210","100","174.51923076923077"
"34","60","5","false","25","50","104","98.16345270890724","164.71494607087826"
"9","60","5","false","25","0","658","100","169.09937888198758"
"19","60","5","false","25","5","532","100","164.75037821482604"
"39","60","5","false","25","50","15","31.496786042240586","53.76175548589342"
"35","60","5","false","25","50","211","100","174.51923076923077"
"39","60","5","false","25","50","16","32.323232323232325","55.172413793103445"
"37","60","5","false","25","50","49","71.16620752984389","118.50152905198776"
"36","60","5","false","25","50","55","64.46280991735537","110.5511811023622"
"38","60","5","false","25","50","35","46.18916437098255","79.58860759493672"
"35","60","5","false","25","50","212","100","174.51923076923077"
"19","60","5","false","25","5","533","100","164.75037821482604"
"39","60","5","false","25","50","17","33.2415059687787","56.739811912225704"
"19","60","5","false","25","5","534","100","164.75037821482604"
"35","60","5","false","25","50","213","100","174.51923076923077"
"9","60","5","false","25","0","659","100","169.09937888198758"
"34","60","5","false","25","50","105","98.16345270890724","164.71494607087826"
"36","60","5","false","25","50","56","65.93204775022957","113.07086614173227"
"39","60","5","false","25","50","18","33.88429752066116","57.83699059561128"
"37","60","5","false","25","50","50","71.71717171717171","119.4189602446483"
"19","60","5","false","25","5","535","100","164.75037821482604"
"19","60","5","false","25","5","536","100","164.75037821482604"
"35","60","5","false","25","50","214","100","174.51923076923077"
"39","60","5","false","25","50","19","34.710743801652896","59.24764890282132"
"19","60","5","false","25","5","537","100","164.75037821482604"
"34","60","5","false","25","50","106","98.25528007346189","164.86902927580894"
"35","60","5","false","25","50","215","100","174.51923076923077"
"38","60","5","false","25","50","36","47.015610651974285","81.0126582278481"
"36","60","5","false","25","50","57","67.40128558310377","115.59055118110236"
"9","60","5","false","25","0","660","100","169.09937888198758"
"37","60","5","false","25","50","51","72.63544536271809","120.94801223241589"
"39","60","5","false","25","50","20","35.90449954086318","61.28526645768025"
"19","60","5","false","25","5","538","100","164.75037821482604"
"35","60","5","false","25","50","216","100","174.51923076923077"
"34","60","5","false","25","50","107","98.25528007346189","164.86902927580894"
"39","60","5","false","25","50","21","36.63911845730027","62.539184952978054"
"37","60","5","false","25","50","52","73.27823691460054","122.01834862385321"
"38","60","5","false","25","50","37","47.93388429752066","82.59493670886076"
"19","60","5","false","25","5","539","100","164.75037821482604"
"36","60","5","false","25","50","58","68.77869605142332","117.95275590551182"
"35","60","5","false","25","50","217","100","174.51923076923077"
"39","60","5","false","25","50","22","37.28191000918273","63.63636363636363"
"9","60","5","false","25","0","661","100","169.09937888198758"
"19","60","5","false","25","5","540","100","164.75037821482604"
"35","60","5","false","25","50","218","100","174.51923076923077"
"36","60","5","false","25","50","59","70.43158861340679","120.78740157480314"
"39","60","5","false","25","50","23","37.9247015610652","64.73354231974922"
"34","60","5","false","25","50","108","98.25528007346189","164.86902927580894"
"37","60","5","false","25","50","53","73.73737373737373","122.78287461773701"
"19","60","5","false","25","5","541","100","164.75037821482604"
"39","60","5","false","25","50","24","38.6593204775023","65.98746081504702"
"35","60","5","false","25","50","219","100","174.51923076923077"
"38","60","5","false","25","50","38","49.127640036730945","84.65189873417721"
"34","60","5","false","25","50","109","98.34710743801654","165.0231124807396"
"9","60","5","false","25","0","662","100","169.09937888198758"
"19","60","5","false","25","5","542","100","164.75037821482604"
"37","60","5","false","25","50","54","74.47199265381084","124.00611620795108"
"39","60","5","false","25","50","25","39.30211202938476","67.0846394984326"
"35","60","5","false","25","50","220","100","174.51923076923077"
"39","60","5","false","25","50","26","40.22038567493113","68.65203761755487"
"19","60","5","false","25","5","543","100","164.75037821482604"
"36","60","5","false","25","50","60","72.1763085399449","123.77952755905513"
"35","60","5","false","25","50","221","100","174.51923076923077"
"39","60","5","false","25","50","27","41.23048668503214","70.37617554858933"
"19","60","5","false","25","5","544","100","164.75037821482604"
"39","60","5","false","25","50","28","42.14876033057851","71.9435736677116"
"37","60","5","false","25","50","55","75.39026629935721","125.53516819571865"
"1","60","5","false","25","0","43","50.964187327823694","89.9513776337115"
"9","60","5","false","25","0","663","100","169.09937888198758"
"34","60","5","false","25","50","110","98.5307621671258","165.33127889060094"
"35","60","5","false","25","50","222","100","174.51923076923077"
"36","60","5","false","25","50","61","74.56382001836546","127.8740157480315"
"38","60","5","false","25","50","39","50.59687786960514","87.18354430379746"
"19","60","5","false","25","5","545","100","164.75037821482604"
"39","60","5","false","25","50","29","43.15886134067952","73.66771159874608"
"37","60","5","false","25","50","56","76.21671258034894","126.91131498470949"
"35","60","5","false","25","50","223","100","174.51923076923077"
"39","60","5","false","25","50","30","44.53627180899908","76.01880877742947"
"19","60","5","false","25","5","546","100","164.75037821482604"
"35","60","5","false","25","50","224","100","174.51923076923077"
"36","60","5","false","25","50","62","77.41046831955923","132.75590551181102"
"37","60","5","false","25","50","57","76.76767676767676","127.82874617737004"
"39","60","5","false","25","50","31","46.28099173553719","78.99686520376176"
"19","60","5","false","25","5","547","100","164.75037821482604"
"35","60","5","false","25","50","225","100","174.51923076923077"
"9","60","5","false","25","0","664","100","169.09937888198758"
"34","60","5","false","25","50","111","98.71441689623508","165.63944530046223"
"38","60","5","false","25","50","40","52.43342516069789","90.34810126582279"
"39","60","5","false","25","50","32","48.484848484848484","82.75862068965517"
"19","60","5","false","25","5","548","100","164.75037821482604"
"36","60","5","false","25","50","63","79.70615243342516","136.69291338582676"
"35","60","5","false","25","50","226","100","174.51923076923077"
"37","60","5","false","25","50","58","77.04315886134067","128.2874617737003"
"39","60","5","false","25","50","33","50.59687786960514","86.36363636363636"
"39","60","5","false","25","50","34","52.43342516069789","89.49843260188088"
"19","60","5","false","25","5","549","100","164.75037821482604"
"39","60","5","false","25","50","35","53.994490358126725","92.16300940438872"
"35","60","5","false","25","50","227","100","174.51923076923077"
"34","60","5","false","25","50","112","98.89807162534436","165.94761171032357"
"38","60","5","false","25","50","41","53.994490358126725","93.0379746835443"
"9","60","5","false","25","0","665","100","169.09937888198758"
"35","60","5","false","25","50","228","100","174.51923076923077"
"39","60","5","false","25","50","36","55.55555555555556","94.82758620689656"
"37","60","5","false","25","50","59","77.8696051423324","129.66360856269114"
"19","60","5","false","25","5","550","100","164.75037821482604"
"36","60","5","false","25","50","64","82.09366391184572","140.78740157480314"
"35","60","5","false","25","50","229","100","174.51923076923077"
"39","60","5","false","25","50","37","57.02479338842975","97.33542319749216"
"9","60","5","false","25","0","666","100","169.09937888198758"
"37","60","5","false","25","50","60","78.78787878787878","131.1926605504587"
"19","60","5","false","25","5","551","100","164.75037821482604"
"34","60","5","false","25","50","113","98.89807162534436","165.94761171032357"
"38","60","5","false","25","50","42","55.28007346189165","95.25316455696202"
"39","60","5","false","25","50","38","58.1267217630854","99.21630094043887"
"19","60","5","false","25","5","552","100","164.75037821482604"
"35","60","5","false","25","50","230","100","174.51923076923077"
"39","60","5","false","25","50","39","59.59595959595959","101.72413793103448"
"9","60","5","false","25","0","667","100","169.09937888198758"
"36","60","5","false","25","50","65","84.29752066115702","144.56692913385828"
"35","60","5","false","25","50","231","100","174.51923076923077"
"39","60","5","false","25","50","40","60.51423324150596","103.29153605015674"
"37","60","5","false","25","50","61","79.52249770431588","132.41590214067278"
"19","60","5","false","25","5","553","100","164.75037821482604"
"34","60","5","false","25","50","114","98.98989898989899","166.10169491525423"
"39","60","5","false","25","50","41","61.43250688705234","104.85893416927901"
"9","60","5","false","25","0","668","100","169.09937888198758"
"35","60","5","false","25","50","232","100","174.51923076923077"
"38","60","5","false","25","50","43","56.29017447199265","96.99367088607595"
"36","60","5","false","25","50","66","86.40955004591369","148.18897637795277"
"37","60","5","false","25","50","62","80.16528925619835","133.4862385321101"
"39","60","5","false","25","50","42","62.62626262626263","106.89655172413792"
"34","60","5","false","25","50","115","98.98989898989899","166.10169491525423"
"35","60","5","false","25","50","233","100","174.51923076923077"
"38","60","5","false","25","50","44","57.02479338842975","98.25949367088607"
"36","60","5","false","25","50","67","87.97061524334252","150.86614173228347"
"35","60","5","false","25","50","234","100","174.51923076923077"
"39","60","5","false","25","50","43","63.91184573002755","109.09090909090908"
"40","60","5","false","25","50","0","1.4692378328741964","2.5559105431309903"
"37","60","5","false","25","50","63","80.44077134986226","133.94495412844037"
"9","60","5","false","25","0","669","100","169.09937888198758"
"39","60","5","false","25","50","44","64.73829201101928","110.50156739811912"
"34","60","5","false","25","50","116","98.98989898989899","166.10169491525423"
"35","60","5","false","25","50","235","100","174.51923076923077"
"40","60","5","false","25","50","1","2.846648301193756","4.952076677316294"
"38","60","5","false","25","50","45","57.48393021120294","99.0506329113924"
"36","60","5","false","25","50","68","89.62350780532599","153.70078740157481"
"39","60","5","false","25","50","45","65.65656565656566","112.06896551724137"
"40","60","5","false","25","50","2","4.775022956841139","8.30670926517572"
"37","60","5","false","25","50","64","81.08356290174473","135.01529051987768"
"35","60","5","false","25","50","236","100","174.51923076923077"
"39","60","5","false","25","50","46","66.57483930211203","113.63636363636364"
"9","60","5","false","25","0","670","100","169.09937888198758"
"40","60","5","false","25","50","3","6.7952249770431585","11.821086261980831"
"38","60","5","false","25","50","46","57.759412304866856","99.5253164556962"
"39","60","5","false","25","50","47","67.67676767676768","115.51724137931035"
"35","60","5","false","25","50","237","100","174.51923076923077"
"37","60","5","false","25","50","65","81.91000918273646","136.3914373088685"
"34","60","5","false","25","50","117","99.08172635445362","166.2557781201849"
"39","60","5","false","25","50","48","68.59504132231406","117.0846394984326"
"36","60","5","false","25","50","69","90.81726354453627","155.748031496063"
"40","60","5","false","25","50","4","8.356290174471992","14.536741214057509"
"35","60","5","false","25","50","238","100","174.51923076923077"
"39","60","5","false","25","50","49","69.51331496786042","118.65203761755485"
"37","60","5","false","25","50","66","82.55280073461891","137.4617737003058"
"40","60","5","false","25","50","5","9.641873278236915","16.773162939297126"
"9","60","5","false","25","0","671","100","169.09937888198758"
"36","60","5","false","25","50","70","91.82736455463728","157.48031496062993"
"39","60","5","false","25","50","50","70.70707070707071","120.6896551724138"
"35","60","5","false","25","50","239","100","174.51923076923077"
"37","60","5","false","25","50","67","83.0119375573921","138.2262996941896"
"40","60","5","false","25","50","6","11.202938475665748","19.488817891373802"
"38","60","5","false","25","50","47","57.94306703397613","99.84177215189874"
"34","60","5","false","25","50","118","99.08172635445362","166.2557781201849"
"39","60","5","false","25","50","51","71.44168962350781","121.9435736677116"
"40","60","5","false","25","50","7","13.314967860422405","23.162939297124602"
"35","60","5","false","25","50","240","100","174.51923076923077"
"37","60","5","false","25","50","68","83.47107438016529","138.9908256880734"
"40","60","5","false","25","50","8","15.977961432506888","27.79552715654952"
"9","60","5","false","25","0","672","100","169.09937888198758"
"39","60","5","false","25","50","52","71.900826446281","122.72727272727273"
"38","60","5","false","25","50","48","58.03489439853077","100"
"36","60","5","false","25","50","71","92.47015610651974","158.5826771653543"
"39","60","5","false","25","50","53","72.45179063360881","123.66771159874608"
"35","60","5","false","25","50","241","100","174.51923076923077"
"40","60","5","false","25","50","9","18.457300275482094","32.108626198083066"
"37","60","5","false","25","50","69","84.11386593204774","140.0611620795107"
"34","60","5","false","25","50","119","99.08172635445362","166.2557781201849"
"39","60","5","false","25","50","54","73.18640955004592","124.92163009404389"
"40","60","5","false","25","50","10","21.120293847566572","36.74121405750799"
"35","60","5","false","25","50","242","100","174.51923076923077"
"9","60","5","false","25","0","673","100","169.09937888198758"
"38","60","5","false","25","50","49","58.40220385674931","100.63291139240506"
"39","60","5","false","25","50","55","73.6455463728191","125.70532915360502"
"37","60","5","false","25","50","70","84.94031221303948","141.43730886850153"
"36","60","5","false","25","50","72","93.1129476584022","159.68503937007875"
"40","60","5","false","25","50","11","23.507805325987142","40.894568690095845"
"39","60","5","false","25","50","56","74.19651056014692","126.64576802507837"
"35","60","5","false","25","50","243","100","174.51923076923077"
"40","60","5","false","25","50","12","25.6198347107438","44.56869009584665"
"9","60","5","false","25","0","674","100","169.09937888198758"
"37","60","5","false","25","50","71","85.12396694214877","141.74311926605506"
"34","60","5","false","25","50","120","99.17355371900827","166.40986132511557"
"39","60","5","false","25","50","57","75.29843893480258","128.52664576802508"
"40","60","5","false","25","50","13","27.823691460055095","48.402555910543136"
"35","60","5","false","25","50","244","100","174.51923076923077"
"36","60","5","false","25","50","73","93.48025711662076","160.31496062992125"
"38","60","5","false","25","50","50","58.76951331496786","101.26582278481013"
"37","60","5","false","25","50","72","85.58310376492194","142.50764525993884"
"39","60","5","false","25","50","58","75.8494031221304","129.46708463949844"
"35","60","5","false","25","50","245","100","174.51923076923077"
"40","60","5","false","25","50","14","30.21120293847567","52.55591054313099"
"34","60","5","false","25","50","121","99.17355371900827","166.40986132511557"
"39","60","5","false","25","50","59","76.5840220385675","130.72100313479623"
"40","60","5","false","25","50","15","32.69054178145087","56.86900958466453"
"35","60","5","false","25","50","246","100","174.51923076923077"
"37","60","5","false","25","50","73","86.04224058769513","143.27217125382262"
"36","60","5","false","25","50","74","93.66391184573003","160.62992125984252"
"39","60","5","false","25","50","60","77.41046831955923","132.13166144200628"
"35","60","5","false","25","50","247","100","174.51923076923077"
"37","60","5","false","25","50","74","86.50137741046832","144.03669724770643"
"39","60","5","false","25","50","61","78.0532598714417","133.22884012539186"
"38","60","5","false","25","50","51","58.95316804407713","101.58227848101266"
"39","60","5","false","25","50","62","78.69605142332415","134.32601880877743"
"40","60","5","false","25","50","16","35.44536271808999","61.66134185303515"
"39","60","5","false","25","50","63","79.24701561065197","135.2664576802508"
"35","60","5","false","25","50","248","100","174.51923076923077"
"34","60","5","false","25","50","122","99.2653810835629","166.56394453004623"
"40","60","5","false","25","50","17","37.74104683195592","65.65495207667732"
"39","60","5","false","25","50","64","79.70615243342516","136.0501567398119"
"35","60","5","false","25","50","249","100","174.51923076923077"
"37","60","5","false","25","50","75","86.86868686868688","144.64831804281346"
"35","60","5","false","25","50","250","100","174.51923076923077"
"36","60","5","false","25","50","75","93.75573921028466","160.78740157480317"
"39","60","5","false","25","50","65","80.44077134986226","137.30407523510974"
"40","60","5","false","25","50","18","39.76124885215794","69.16932907348243"
"37","60","5","false","25","50","76","87.32782369146005","145.41284403669727"
"35","60","5","false","25","50","251","100","174.51923076923077"
"40","60","5","false","25","50","19","41.68962350780532","72.52396166134186"
"39","60","5","false","25","50","66","81.08356290174473","138.40125391849529"
"36","60","5","false","25","50","76","94.3067033976125","161.73228346456693"
"34","60","5","false","25","50","123","99.35720844811755","166.71802773497689"
"38","60","5","false","25","50","52","59.32047750229569","102.21518987341771"
"40","60","5","false","25","50","20","43.43434343434344","75.5591054313099"
"35","60","5","false","25","50","252","100","174.51923076923077"
"37","60","5","false","25","50","77","87.60330578512396","145.87155963302752"
"41","60","5","false","25","100","0","1.7447199265381086","2.9641185647425896"
"39","60","5","false","25","50","67","81.72635445362718","139.4984326018809"
"35","60","5","false","25","50","253","100","174.51923076923077"
"40","60","5","false","25","50","21","45.27089072543618","78.75399361022363"
"39","60","5","false","25","50","68","82.46097337006428","140.75235109717866"
"36","60","5","false","25","50","77","94.76584022038568","162.51968503937007"
"38","60","5","false","25","50","53","59.59595959595959","102.68987341772151"
"37","60","5","false","25","50","78","87.97061524334252","146.48318042813455"
"35","60","5","false","25","50","254","100","174.51923076923077"
"34","60","5","false","25","50","124","99.44903581267218","166.87211093990754"
"39","60","5","false","25","50","69","83.10376492194675","141.84952978056427"
"40","60","5","false","25","50","22","46.92378328741965","81.629392971246"
"41","60","5","false","25","100","1","3.948576675849403","6.708268330733229"
"35","60","5","false","25","50","255","100","174.51923076923077"
"36","60","5","false","25","50","78","94.76584022038568","162.51968503937007"
"35","60","5","false","25","50","256","100","174.51923076923077"
"39","60","5","false","25","50","70","83.83838383838383","143.10344827586206"
"40","60","5","false","25","50","23","48.852157943067034","84.98402555910543"
"37","60","5","false","25","50","79","88.06244260789715","146.6360856269113"
"41","60","5","false","25","100","2","6.244260789715335","10.60842433697348"
"38","60","5","false","25","50","54","60.69788797061524","104.58860759493672"
"35","60","5","false","25","50","257","100","174.51923076923077"
"39","60","5","false","25","50","71","84.11386593204774","143.57366771159874"
"40","60","5","false","25","50","24","50.13774104683195","87.22044728434504"
"35","60","5","false","25","50","258","100","174.51923076923077"
"39","60","5","false","25","50","72","84.57300275482093","144.35736677115986"
"34","60","5","false","25","50","125","99.54086317722681","167.0261941448382"
"37","60","5","false","25","50","80","88.52157943067034","147.4006116207951"
"39","60","5","false","25","50","73","85.2157943067034","145.45454545454547"
"35","60","5","false","25","50","259","100","174.51923076923077"
"36","60","5","false","25","50","79","94.94949494949495","162.83464566929132"
"39","60","5","false","25","50","74","85.9504132231405","146.70846394984326"
"40","60","5","false","25","50","25","50.59687786960514","88.01916932907349"
"37","60","5","false","25","50","81","88.88888888888889","148.01223241590213"
"35","60","5","false","25","50","260","100","174.51923076923077"
"38","60","5","false","25","50","55","62.0752984389348","106.9620253164557"
"39","60","5","false","25","50","75","86.50137741046832","147.64890282131663"
"40","60","5","false","25","50","26","51.2396694214876","89.1373801916933"
"37","60","5","false","25","50","82","89.4398530762167","148.9296636085627"
"35","60","5","false","25","50","261","100","174.51923076923077"
"39","60","5","false","25","50","76","87.69513314967861","149.68652037617557"
"34","60","5","false","25","50","126","99.54086317722681","167.0261941448382"
"36","60","5","false","25","50","80","95.0413223140496","162.99212598425197"
"40","60","5","false","25","50","27","51.790633608815426","90.09584664536742"
"41","60","5","false","25","100","3","8.264462809917356","14.040561622464898"
"35","60","5","false","25","50","262","100","174.51923076923077"
"38","60","5","false","25","50","56","63.91184573002755","110.12658227848102"
"39","60","5","false","25","50","77","88.61340679522498","151.25391849529782"
"37","60","5","false","25","50","83","90.08264462809917","150"
"39","60","5","false","25","50","78","89.25619834710744","152.35109717868337"
"40","60","5","false","25","50","28","52.066115702479344","90.57507987220448"
"36","60","5","false","25","50","81","95.22497704315886","163.30708661417324"
"37","60","5","false","25","50","84","90.72543617998163","151.0703363914373"
"39","60","5","false","25","50","79","89.62350780532599","152.97805642633227"
"34","60","5","false","25","50","127","99.54086317722681","167.0261941448382"
"41","60","5","false","25","100","4","10.284664830119375","17.472698907956318"
"35","60","5","false","25","50","263","100","174.51923076923077"
"1","60","5","false","25","0","44","53.4435261707989","94.32739059967585"
"40","60","5","false","25","50","29","52.157943067033976","90.73482428115017"
"37","60","5","false","25","50","85","91.3682277318641","152.14067278287462"
"39","60","5","false","25","50","80","90.44995408631772","154.38871473354232"
"35","60","5","false","25","50","264","100","174.51923076923077"
"41","60","5","false","25","100","5","12.672176308539946","21.528861154446176"
"40","60","5","false","25","50","30","52.157943067033976","90.73482428115017"
"36","60","5","false","25","50","82","95.31680440771349","163.46456692913384"
"39","60","5","false","25","50","81","90.81726354453627","155.0156739811912"
"34","60","5","false","25","50","128","99.54086317722681","167.0261941448382"
"38","60","5","false","25","50","57","65.47291092745638","112.81645569620254"
"35","60","5","false","25","50","265","100","174.51923076923077"
"37","60","5","false","25","50","86","91.73553719008265","152.75229357798165"
"41","60","5","false","25","100","6","15.426997245179063","26.209048361934478"
"39","60","5","false","25","50","82","91.643709825528","156.42633228840126"
"35","60","5","false","25","50","266","100","174.51923076923077"
"42","60","5","false","25","100","0","1.4692378328741964","2.511773940345369"
"35","60","5","false","25","50","267","100","174.51923076923077"
"42","60","5","false","25","100","1","3.213957759412305","5.4945054945054945"
"39","60","5","false","25","50","83","92.3783287419651","157.68025078369905"
"36","60","5","false","25","50","83","95.40863177226814","163.6220472440945"
"34","60","5","false","25","50","129","99.63269054178146","167.1802773497689"
"37","60","5","false","25","50","87","93.02112029384757","154.89296636085626"
"35","60","5","false","25","50","268","100","174.51923076923077"
"38","60","5","false","25","50","58","67.03397612488521","115.50632911392404"
"41","60","5","false","25","100","7","18.27364554637282","31.045241809672387"
"42","60","5","false","25","100","2","6.0606060606060606","10.361067503924646"
"39","60","5","false","25","50","84","93.1129476584022","158.93416927899688"
"37","60","5","false","25","50","88","94.03122130394857","156.5749235474006"
"35","60","5","false","25","50","269","100","174.51923076923077"
"42","60","5","false","25","100","3","8.539944903581267","14.599686028257459"
"39","60","5","false","25","50","85","93.5720844811754","159.717868338558"
"36","60","5","false","25","50","84","95.40863177226814","163.6220472440945"
"39","60","5","false","25","50","86","94.03122130394857","160.5015673981191"
"35","60","5","false","25","50","270","100","174.51923076923077"
"37","60","5","false","25","50","89","94.5821854912764","157.49235474006116"
"38","60","5","false","25","50","59","68.68686868686868","118.35443037974684"
"41","60","5","false","25","100","8","21.028466483011936","35.725429017160685"
"42","60","5","false","25","100","4","10.376492194674013","17.739403453689167"
"34","60","5","false","25","50","130","99.72451790633609","167.33436055469954"
"35","60","5","false","25","50","271","100","174.51923076923077"
"39","60","5","false","25","50","87","94.03122130394857","160.5015673981191"
"42","60","5","false","25","100","5","12.304866850321396","21.036106750392463"
"37","60","5","false","25","50","90","95.13314967860423","158.4097859327217"
"38","60","5","false","25","50","60","70.79889807162535","121.99367088607596"
"35","60","5","false","25","50","272","100","174.51923076923077"
"39","60","5","false","25","50","88","94.21487603305785","160.81504702194357"
"36","60","5","false","25","50","85","95.40863177226814","163.6220472440945"
"42","60","5","false","25","100","6","14.325068870523417","24.489795918367346"
"41","60","5","false","25","100","9","23.324150596877868","39.62558502340094"
"34","60","5","false","25","50","131","99.81634527089072","167.4884437596302"
"37","60","5","false","25","50","91","95.50045913682277","159.02140672782875"
"39","60","5","false","25","50","89","94.49035812672176","161.28526645768025"
"42","60","5","false","25","100","7","16.069788797061523","27.472527472527474"
"35","60","5","false","25","50","273","100","174.51923076923077"
"41","60","5","false","25","100","10","25.987144168962352","44.14976599063963"
"39","60","5","false","25","50","90","94.67401285583104","161.59874608150471"
"38","60","5","false","25","50","61","73.27823691460054","126.26582278481013"
"42","60","5","false","25","100","8","17.81450872359963","30.4552590266876"
"37","60","5","false","25","50","92","95.77594123048668","159.48012232415903"
"35","60","5","false","25","50","274","100","174.51923076923077"
"34","60","5","false","25","50","132","99.81634527089072","167.4884437596302"
"39","60","5","false","25","50","91","94.67401285583104","161.59874608150471"
"42","60","5","false","25","100","9","19.65105601469238","33.594976452119305"
"35","60","5","false","25","50","275","100","174.51923076923077"
"41","60","5","false","25","100","11","28.37465564738292","48.205928237129484"
"43","60","5","false","25","100","0","1.7447199265381086","3.015873015873016"
"38","60","5","false","25","50","62","75.20661157024794","129.58860759493672"
"37","60","5","false","25","50","93","95.77594123048668","159.48012232415903"
"42","60","5","false","25","100","10","21.57943067033976","36.891679748822604"
"39","60","5","false","25","50","92","94.76584022038568","161.75548589341693"
"34","60","5","false","25","50","133","99.81634527089072","167.4884437596302"
"35","60","5","false","25","50","276","100","174.51923076923077"
"42","60","5","false","25","100","11","23.140495867768596","39.56043956043956"
"37","60","5","false","25","50","94","95.77594123048668","159.48012232415903"
"39","60","5","false","25","50","93","94.94949494949495","162.06896551724137"
"35","60","5","false","25","50","277","100","174.51923076923077"
"42","60","5","false","25","100","12","24.426078971533517","41.75824175824176"
"39","60","5","false","25","50","94","95.77594123048668","163.4796238244514"
"41","60","5","false","25","100","12","30.39485766758494","51.6380655226209"
"38","60","5","false","25","50","63","77.04315886134067","132.75316455696202"
"42","60","5","false","25","100","13","25.803489439853077","44.11302982731554"
"39","60","5","false","25","50","95","96.14325068870524","164.1065830721003"
"43","60","5","false","25","100","1","3.489439853076217","6.031746031746032"
"35","60","5","false","25","50","278","100","174.51923076923077"
"37","60","5","false","25","50","95","96.14325068870524","160.09174311926606"
"39","60","5","false","25","50","96","96.32690541781452","164.42006269592477"
"34","60","5","false","25","50","134","99.81634527089072","167.4884437596302"
"42","60","5","false","25","100","14","27.640036730945823","47.25274725274725"
"37","60","5","false","25","50","96","96.14325068870524","160.09174311926606"
"35","60","5","false","25","50","279","100","174.51923076923077"
"39","60","5","false","25","50","97","96.41873278236915","164.576802507837"
"41","60","5","false","25","100","13","32.323232323232325","54.91419656786272"
"43","60","5","false","25","100","2","5.785123966942149","10"
"39","60","5","false","25","50","98","96.41873278236915","164.576802507837"
"42","60","5","false","25","100","15","29.017447199265384","49.60753532182103"
"38","60","5","false","25","50","64","79.06336088154269","136.23417721518987"
"35","60","5","false","25","50","280","100","174.51923076923077"
"42","60","5","false","25","100","16","31.129476584022036","53.218210361067506"
"37","60","5","false","25","50","97","96.32690541781452","160.39755351681956"
"34","60","5","false","25","50","135","99.90817263544535","167.64252696456086"
"35","60","5","false","25","50","281","100","174.51923076923077"
"43","60","5","false","25","100","3","8.539944903581267","14.761904761904763"
"39","60","5","false","25","50","99","96.69421487603306","165.04702194357367"
"42","60","5","false","25","100","17","33.33333333333333","56.98587127158555"
"41","60","5","false","25","100","14","34.34343434343434","58.34633385335414"
"35","60","5","false","25","50","282","100","174.51923076923077"
"37","60","5","false","25","50","98","96.51056014692378","160.70336391437309"
"38","60","5","false","25","50","65","80.34894398530761","138.4493670886076"
"39","60","5","false","25","50","100","96.7860422405877","165.2037617554859"
"43","60","5","false","25","100","4","11.294765840220386","19.523809523809526"
"35","60","5","false","25","50","283","100","174.51923076923077"
"42","60","5","false","25","100","18","35.44536271808999","60.596546310832025"
"39","60","5","false","25","50","101","96.7860422405877","165.2037617554859"
"37","60","5","false","25","50","99","96.69421487603306","161.0091743119266"
"42","60","5","false","25","100","19","36.82277318640955","62.95133437990581"
"34","60","5","false","25","50","136","99.90817263544535","167.64252696456086"
"41","60","5","false","25","100","15","36.27180899908173","61.62246489859594"
"35","60","5","false","25","50","284","100","174.51923076923077"
"39","60","5","false","25","50","102","96.87786960514234","165.36050156739813"
"38","60","5","false","25","50","66","82.00183654729109","141.29746835443038"
"42","60","5","false","25","100","20","38.38383838383838","65.62009419152275"
"37","60","5","false","25","50","100","96.96969696969697","161.4678899082569"
"42","60","5","false","25","100","21","40.12855831037649","68.60282574568289"
"43","60","5","false","25","100","5","13.498622589531681","23.333333333333332"
"39","60","5","false","25","50","103","96.96969696969697","165.51724137931035"
"35","60","5","false","25","50","285","100","174.51923076923077"
"39","60","5","false","25","50","104","96.96969696969697","165.51724137931035"
"34","60","5","false","25","50","137","99.90817263544535","167.64252696456086"
"42","60","5","false","25","100","22","41.68962350780532","71.27158555729984"
"39","60","5","false","25","50","105","96.96969696969697","165.51724137931035"
"38","60","5","false","25","50","67","83.10376492194675","143.19620253164558"
"42","60","5","false","25","100","23","43.06703397612488","73.62637362637363"
"35","60","5","false","25","50","286","100","174.51923076923077"
"41","60","5","false","25","100","16","38.84297520661157","65.99063962558502"
"37","60","5","false","25","50","101","97.15335169880625","161.7737003058104"
"43","60","5","false","25","100","6","15.794306703397613","27.3015873015873"
"42","60","5","false","25","100","24","44.0771349862259","75.35321821036108"
"39","60","5","false","25","50","106","96.96969696969697","165.51724137931035"
"35","60","5","false","25","50","287","100","174.51923076923077"
"34","60","5","false","25","50","138","99.90817263544535","167.64252696456086"
"37","60","5","false","25","50","102","97.52066115702479","162.38532110091742"
"42","60","5","false","25","100","25","45.08723599632691","77.08006279434852"
"39","60","5","false","25","50","107","97.0615243342516","165.67398119122257"
"43","60","5","false","25","100","7","18.089990817263544","31.26984126984127"
"35","60","5","false","25","50","288","100","174.51923076923077"
"39","60","5","false","25","50","108","97.15335169880625","165.8307210031348"
"42","60","5","false","25","100","26","46.464646464646464","79.43485086342228"
"38","60","5","false","25","50","68","84.48117539026629","145.56962025316454"
"37","60","5","false","25","50","103","98.16345270890724","163.45565749235473"
"34","60","5","false","25","50","139","99.90817263544535","167.64252696456086"
"41","60","5","false","25","100","17","41.04683195592286","69.73478939157566"
"42","60","5","false","25","100","27","47.474747474747474","81.16169544740973"
"39","60","5","false","25","50","109","97.15335169880625","165.8307210031348"
"35","60","5","false","25","50","289","100","174.51923076923077"
"43","60","5","false","25","100","8","20.56932966023875","35.55555555555556"
"39","60","5","false","25","50","110","97.15335169880625","165.8307210031348"
"38","60","5","false","25","50","69","86.04224058769513","148.25949367088606"
"42","60","5","false","25","100","28","48.39302112029385","82.73155416012558"
"41","60","5","false","25","100","18","43.70982552800734","74.25897035881435"
"37","60","5","false","25","50","104","98.43893480257117","163.914373088685"
"35","60","5","false","25","50","290","100","174.51923076923077"
"34","60","5","false","25","50","140","99.90817263544535","167.64252696456086"
"42","60","5","false","25","100","29","49.494949494949495","84.61538461538461"
"39","60","5","false","25","50","111","97.33700642791551","166.14420062695925"
"37","60","5","false","25","50","105","98.43893480257117","163.914373088685"
"43","60","5","false","25","100","9","23.140495867768596","40"
"39","60","5","false","25","50","112","97.33700642791551","166.14420062695925"
"35","60","5","false","25","50","291","100","174.51923076923077"
"42","60","5","false","25","100","30","50.413223140495866","86.18524332810047"
"41","60","5","false","25","100","19","45.54637281910009","77.37909516380655"
"38","60","5","false","25","50","70","87.51147842056933","150.79113924050634"
"39","60","5","false","25","50","113","97.33700642791551","166.14420062695925"
"42","60","5","false","25","100","31","51.05601469237833","87.28414442700158"
"34","60","5","false","25","50","141","99.90817263544535","167.64252696456086"
"35","60","5","false","25","50","292","100","174.51923076923077"
"43","60","5","false","25","100","10","25.528007346189163","44.12698412698413"
"37","60","5","false","25","50","106","98.43893480257117","163.914373088685"
"39","60","5","false","25","50","114","97.42883379247016","166.30094043887146"
"42","60","5","false","25","100","32","51.69880624426079","88.38304552590267"
"35","60","5","false","25","50","293","100","174.51923076923077"
"41","60","5","false","25","100","20","47.474747474747474","80.65522620904837"
"38","60","5","false","25","50","71","88.79706152433425","153.00632911392404"
"39","60","5","false","25","50","115","97.42883379247016","166.30094043887146"
"34","60","5","false","25","50","142","99.90817263544535","167.64252696456086"
"37","60","5","false","25","50","107","98.62258953168043","164.2201834862385"
"43","60","5","false","25","100","11","28.28282828282828","48.888888888888886"
"35","60","5","false","25","50","294","100","174.51923076923077"
"39","60","5","false","25","50","116","97.42883379247016","166.30094043887146"
"41","60","5","false","25","100","21","49.127640036730945","83.46333853354135"
"35","60","5","false","25","50","295","100","174.51923076923077"
"42","60","5","false","25","100","33","52.52525252525253","89.79591836734694"
"39","60","5","false","25","50","117","97.42883379247016","166.30094043887146"
"37","60","5","false","25","50","108","98.80624426078971","164.52599388379207"
"35","60","5","false","25","50","296","100","174.51923076923077"
"42","60","5","false","25","100","34","53.168044077134994","90.89481946624804"
"41","60","5","false","25","100","22","50.505050505050505","85.8034321372855"
"39","60","5","false","25","50","118","97.42883379247016","166.30094043887146"
"38","60","5","false","25","50","72","89.80716253443526","154.74683544303798"
"43","60","5","false","25","100","12","29.660238751147844","51.269841269841265"
"35","60","5","false","25","50","297","100","174.51923076923077"
"34","60","5","false","25","50","143","99.90817263544535","167.64252696456086"
"42","60","5","false","25","100","35","53.81083562901745","91.99372056514915"
"39","60","5","false","25","50","119","97.42883379247016","166.30094043887146"
"37","60","5","false","25","50","109","98.80624426078971","164.52599388379207"
"42","60","5","false","25","100","36","54.36179981634527","92.93563579277865"
"35","60","5","false","25","50","298","100","174.51923076923077"
"41","60","5","false","25","100","23","51.69880624426079","87.83151326053043"
"38","60","5","false","25","50","73","91.18457300275482","157.12025316455694"
"39","60","5","false","25","50","120","97.42883379247016","166.30094043887146"
"43","60","5","false","25","100","13","31.22130394857668","53.96825396825397"
"35","60","5","false","25","50","299","100","174.51923076923077"
"34","60","5","false","25","50","144","99.90817263544535","167.64252696456086"
"42","60","5","false","25","100","37","55.00459136822773","94.03453689167975"
"39","60","5","false","25","50","121","97.52066115702479","166.45768025078368"
"37","60","5","false","25","50","110","98.89807162534436","164.67889908256882"
"35","60","5","false","25","50","300","100","174.51923076923077"
"39","60","5","false","25","50","122","97.52066115702479","166.45768025078368"
"42","60","5","false","25","100","38","55.73921028466483","95.29042386185243"
"41","60","5","false","25","100","24","52.98438934802571","90.01560062402496"
"35","60","5","false","25","50","301","100","174.51923076923077"
"38","60","5","false","25","50","74","91.82736455463728","158.22784810126583"
"39","60","5","false","25","50","123","97.52066115702479","166.45768025078368"
"37","60","5","false","25","50","111","98.89807162534436","164.67889908256882"
"42","60","5","false","25","100","39","56.29017447199265","96.23233908948194"
"43","60","5","false","25","100","14","33.2415059687787","57.460317460317455"
"35","60","5","false","25","50","302","100","174.51923076923077"
"42","60","5","false","25","100","40","56.93296602387512","97.33124018838305"
"39","60","5","false","25","50","124","97.52066115702479","166.45768025078368"
"34","60","5","false","25","50","145","99.90817263544535","167.64252696456086"
"41","60","5","false","25","100","25","54.45362718089991","92.51170046801872"
"39","60","5","false","25","50","125","97.52066115702479","166.45768025078368"
"37","60","5","false","25","50","112","98.89807162534436","164.67889908256882"
"35","60","5","false","25","50","303","100","174.51923076923077"
"42","60","5","false","25","100","41","57.94306703397613","99.05808477237049"
"35","60","5","false","25","50","304","100","174.51923076923077"
"1","60","5","false","25","0","45","56.29017447199265","99.3517017828201"
"38","60","5","false","25","50","75","92.19467401285583","158.86075949367088"
"39","60","5","false","25","50","126","97.61248852157944","166.61442006269593"
"42","60","5","false","25","100","42","58.49403122130394","100"
"35","60","5","false","25","50","305","100","174.51923076923077"
"37","60","5","false","25","50","113","98.98989898989899","164.83180428134557"
"41","60","5","false","25","100","26","55.09641873278237","93.60374414976599"
"43","60","5","false","25","100","15","34.9862258953168","60.476190476190474"
"39","60","5","false","25","50","127","97.70431588613407","166.77115987460814"
"34","60","5","false","25","50","146","99.90817263544535","167.64252696456086"
"39","60","5","false","25","50","128","97.7961432506887","166.92789968652036"
"35","60","5","false","25","50","306","100","174.51923076923077"
"42","60","5","false","25","100","43","59.13682277318642","101.0989010989011"
"37","60","5","false","25","50","114","98.98989898989899","164.83180428134557"
"35","60","5","false","25","50","307","100","174.51923076923077"
"39","60","5","false","25","50","129","97.97979797979798","167.24137931034483"
"35","60","5","false","25","50","308","100","174.51923076923077"
"42","60","5","false","25","100","44","59.50413223140496","101.72684458398744"
"38","60","5","false","25","50","76","92.65381083562902","159.65189873417722"
"41","60","5","false","25","100","27","55.9228650137741","95.00780031201248"
"37","60","5","false","25","50","115","99.08172635445362","164.98470948012232"
"35","60","5","false","25","50","309","100","174.51923076923077"
"39","60","5","false","25","50","130","97.97979797979798","167.24137931034483"
"42","60","5","false","25","100","45","60.14692378328742","102.82574568288854"
"34","60","5","false","25","50","147","99.90817263544535","167.64252696456086"
"43","60","5","false","25","100","16","36.36363636363637","62.857142857142854"
"39","60","5","false","25","50","131","97.97979797979798","167.24137931034483"
"35","60","5","false","25","50","310","100","174.51923076923077"
"42","60","5","false","25","100","46","60.60606060606061","103.61067503924646"
"37","60","5","false","25","50","116","99.08172635445362","164.98470948012232"
"39","60","5","false","25","50","132","98.16345270890724","167.5548589341693"
"35","60","5","false","25","50","311","100","174.51923076923077"
"42","60","5","false","25","100","47","61.61616161616161","105.3375196232339"
"41","60","5","false","25","100","28","56.65748393021121","96.25585023400937"
"38","60","5","false","25","50","77","92.92929292929293","160.126582278481"
"37","60","5","false","25","50","117","99.08172635445362","164.98470948012232"
"39","60","5","false","25","50","133","98.25528007346189","167.7115987460815"
"42","60","5","false","25","100","48","62.25895316804407","106.43642072213501"
"35","60","5","false","25","50","312","100","174.51923076923077"
"43","60","5","false","25","100","17","37.9247015610652","65.55555555555556"
"38","60","5","false","25","50","78","93.29660238751147","160.75949367088606"
"34","60","5","false","25","50","148","99.90817263544535","167.64252696456086"
"37","60","5","false","25","50","118","99.17355371900827","165.1376146788991"
"39","60","5","false","25","50","134","98.43893480257117","168.02507836990597"
"42","60","5","false","25","100","49","62.8099173553719","107.37833594976452"
"41","60","5","false","25","100","29","57.30027548209367","97.34789391575663"
"35","60","5","false","25","50","313","100","174.51923076923077"
"39","60","5","false","25","50","135","98.62258953168043","168.3385579937304"
"42","60","5","false","25","100","50","63.26905417814509","108.16326530612245"
"35","60","5","false","25","50","314","100","174.51923076923077"
"39","60","5","false","25","50","136","98.71441689623508","168.49529780564262"
"37","60","5","false","25","50","119","99.17355371900827","165.1376146788991"
"42","60","5","false","25","100","51","63.63636363636363","108.79120879120879"
"41","60","5","false","25","100","30","57.759412304866856","98.12792511700468"
"43","60","5","false","25","100","18","39.11845730027548","67.61904761904762"
"38","60","5","false","25","50","79","93.48025711662076","161.0759493670886"
"39","60","5","false","25","50","137","98.71441689623508","168.49529780564262"
"35","60","5","false","25","50","315","100","174.51923076923077"
"37","60","5","false","25","50","120","99.17355371900827","165.1376146788991"
"39","60","5","false","25","50","138","98.98989898989899","168.9655172413793"
"42","60","5","false","25","100","52","63.72819100091828","108.94819466248038"
"35","60","5","false","25","50","316","100","174.51923076923077"
"34","60","5","false","25","50","149","99.90817263544535","167.64252696456086"
"39","60","5","false","25","50","139","98.98989898989899","168.9655172413793"
"42","60","5","false","25","100","53","63.820018365472905","109.10518053375196"
"38","60","5","false","25","50","80","93.5720844811754","161.23417721518987"
"35","60","5","false","25","50","317","100","174.51923076923077"
"43","60","5","false","25","100","19","39.94490358126722","69.04761904761905"
"39","60","5","false","25","50","140","98.98989898989899","168.9655172413793"
"42","60","5","false","25","100","54","63.91184573002755","109.26216640502355"
"37","60","5","false","25","50","121","99.17355371900827","165.1376146788991"
"41","60","5","false","25","100","31","57.94306703397613","98.4399375975039"
"35","60","5","false","25","50","318","100","174.51923076923077"
"34","60","5","false","25","50","150","99.90817263544535","167.64252696456086"
"38","60","5","false","25","50","81","93.5720844811754","161.23417721518987"
"39","60","5","false","25","50","141","99.17355371900827","169.27899686520377"
"42","60","5","false","25","100","55","63.91184573002755","109.26216640502355"
"39","60","5","false","25","50","142","99.2653810835629","169.43573667711598"
"37","60","5","false","25","50","122","99.17355371900827","165.1376146788991"
"35","60","5","false","25","50","319","100","174.51923076923077"
"43","60","5","false","25","100","20","40.86317722681359","70.63492063492063"
"42","60","5","false","25","100","56","64.2791551882461","109.8901098901099"
"35","60","5","false","25","50","320","100","174.51923076923077"
"41","60","5","false","25","100","32","58.03489439853077","98.59594383775351"
"39","60","5","false","25","50","143","99.2653810835629","169.43573667711598"
"37","60","5","false","25","50","123","99.17355371900827","165.1376146788991"
"35","60","5","false","25","50","321","100","174.51923076923077"
"34","60","5","false","25","50","151","100","167.79661016949152"
"38","60","5","false","25","50","82","93.5720844811754","161.23417721518987"
"39","60","5","false","25","50","144","99.35720844811755","169.59247648902823"
"41","60","5","false","25","100","33","58.31037649219467","99.06396255850234"
"42","60","5","false","25","100","57","64.83011937557393","110.83202511773939"
"37","60","5","false","25","50","124","99.17355371900827","165.1376146788991"
"35","60","5","false","25","50","322","100","174.51923076923077"
"43","60","5","false","25","100","21","41.59779614325069","71.9047619047619"
"39","60","5","false","25","50","145","99.54086317722681","169.90595611285266"
"42","60","5","false","25","100","58","65.28925619834712","111.61695447409734"
"35","60","5","false","25","50","323","100","174.51923076923077"
"39","60","5","false","25","50","146","99.63269054178146","170.06269592476488"
"42","60","5","false","25","100","59","66.20752984389348","113.18681318681318"
"37","60","5","false","25","50","125","99.17355371900827","165.1376146788991"
"34","60","5","false","25","50","152","100","167.79661016949152"
"42","60","5","false","25","100","60","66.94214876033058","114.44270015698588"
"35","60","5","false","25","50","324","100","174.51923076923077"
"39","60","5","false","25","50","147","99.72451790633609","170.2194357366771"
"41","60","5","false","25","100","34","58.40220385674931","99.21996879875195"
"38","60","5","false","25","50","83","93.5720844811754","161.23417721518987"
"43","60","5","false","25","100","22","42.6078971533517","73.65079365079366"
"42","60","5","false","25","100","61","67.86042240587695","116.01255886970172"
"34","60","5","false","25","50","153","100","167.79661016949152"
"37","60","5","false","25","50","126","99.17355371900827","165.1376146788991"
"39","60","5","false","25","50","148","99.81634527089072","170.37617554858934"
"35","60","5","false","25","50","325","100","174.51923076923077"
"42","60","5","false","25","100","62","69.05417814508723","118.05337519623234"
"39","60","5","false","25","50","149","99.81634527089072","170.37617554858934"
"41","60","5","false","25","100","35","58.49403122130394","99.37597503900156"
"35","60","5","false","25","50","326","100","174.51923076923077"
"42","60","5","false","25","100","63","70.15610651974288","119.93720565149137"
"37","60","5","false","25","50","127","99.17355371900827","165.1376146788991"
"38","60","5","false","25","50","84","93.75573921028466","161.5506329113924"
"43","60","5","false","25","100","23","43.15886134067952","74.60317460317461"
"39","60","5","false","25","50","150","99.81634527089072","170.37617554858934"
"35","60","5","false","25","50","327","100","174.51923076923077"
"41","60","5","false","25","100","36","58.58585858585859","99.53198127925117"
"34","60","5","false","25","50","154","100","167.79661016949152"
"42","60","5","false","25","100","64","71.16620752984389","121.66405023547881"
"37","60","5","false","25","50","128","99.17355371900827","165.1376146788991"
"39","60","5","false","25","50","151","99.81634527089072","170.37617554858934"
"42","60","5","false","25","100","65","72.63544536271809","124.17582417582418"
"35","60","5","false","25","50","328","100","174.51923076923077"
"41","60","5","false","25","100","37","58.76951331496786","99.84399375975039"
"39","60","5","false","25","50","152","99.81634527089072","170.37617554858934"
"42","60","5","false","25","100","66","74.3801652892562","127.15855572998429"
"43","60","5","false","25","100","24","43.61799816345271","75.39682539682539"
"38","60","5","false","25","50","85","94.12304866850322","162.18354430379748"
"35","60","5","false","25","50","329","100","174.51923076923077"
"34","60","5","false","25","50","155","100","167.79661016949152"
"39","60","5","false","25","50","153","99.81634527089072","170.37617554858934"
"37","60","5","false","25","50","129","99.17355371900827","165.1376146788991"
"42","60","5","false","25","100","67","76.03305785123968","129.98430141287284"
"39","60","5","false","25","50","154","99.81634527089072","170.37617554858934"
"41","60","5","false","25","100","38","58.76951331496786","99.84399375975039"
"35","60","5","false","25","50","330","100","174.51923076923077"
"37","60","5","false","25","50","130","99.17355371900827","165.1376146788991"
"42","60","5","false","25","100","68","77.59412304866851","132.6530612244898"
"39","60","5","false","25","50","155","99.81634527089072","170.37617554858934"
"43","60","5","false","25","100","25","43.98530762167126","76.03174603174602"
"37","60","5","false","25","50","131","99.35720844811755","165.4434250764526"
"42","60","5","false","25","100","69","78.78787878787878","134.6938775510204"
"35","60","5","false","25","50","331","100","174.51923076923077"
"34","60","5","false","25","50","156","100","167.79661016949152"
"38","60","5","false","25","50","86","94.3067033976125","162.5"
"39","60","5","false","25","50","156","99.81634527089072","170.37617554858934"
"44","60","5","false","25","100","0","1.6528925619834711","2.9079159935379644"
"43","60","5","false","25","100","26","44.53627180899908","76.98412698412699"
"35","60","5","false","25","50","332","100","174.51923076923077"
"37","60","5","false","25","50","132","99.35720844811755","165.4434250764526"
"39","60","5","false","25","50","157","99.81634527089072","170.37617554858934"
"42","60","5","false","25","100","70","80.62442607897154","137.8335949764521"
"34","60","5","false","25","50","157","100","167.79661016949152"
"44","60","5","false","25","100","1","3.7649219467401287","6.623586429725363"
"35","60","5","false","25","50","333","100","174.51923076923077"
"37","60","5","false","25","50","133","99.54086317722681","165.7492354740061"
"42","60","5","false","25","100","71","81.5426997245179","139.40345368916797"
"43","60","5","false","25","100","27","45.27089072543618","78.25396825396825"
"45","60","5","false","25","100","0","1.5610651974288337","2.6033690658499236"
"35","60","5","false","25","50","334","100","174.51923076923077"
"38","60","5","false","25","50","87","94.3067033976125","162.5"
"42","60","5","false","25","100","72","82.73645546372819","141.44427001569858"
"44","60","5","false","25","100","2","6.244260789715335","10.98546042003231"
"34","60","5","false","25","50","158","100","167.79661016949152"
"37","60","5","false","25","50","134","99.54086317722681","165.7492354740061"
"45","60","5","false","25","100","1","3.3976124885215793","5.66615620214395"
"43","60","5","false","25","100","28","45.63820018365473","78.88888888888889"
"35","60","5","false","25","50","335","100","174.51923076923077"
"45","60","5","false","25","100","2","5.5096418732782375","9.188361408882082"
"44","60","5","false","25","100","3","8.907254361799815","15.670436187399032"
"37","60","5","false","25","50","135","99.54086317722681","165.7492354740061"
"38","60","5","false","25","50","88","94.67401285583104","163.13291139240508"
"42","60","5","false","25","100","73","83.7465564738292","143.17111459968604"
"35","60","5","false","25","50","336","100","174.51923076923077"
"45","60","5","false","25","100","3","7.07070707070707","11.791730474732006"
"37","60","5","false","25","50","136","99.72451790633609","166.05504587155963"
"43","60","5","false","25","100","29","46.005509641873275","79.52380952380952"
"34","60","5","false","25","50","159","100","167.79661016949152"
"42","60","5","false","25","100","74","85.2157943067034","145.6828885400314"
"44","60","5","false","25","100","4","11.11111111111111","19.547657512116317"
"45","60","5","false","25","100","4","8.81542699724518","14.701378254211333"
"35","60","5","false","25","50","337","100","174.51923076923077"
"37","60","5","false","25","50","137","99.72451790633609","166.05504587155963"
"42","60","5","false","25","100","75","87.23599632690542","149.13657770800629"
"45","60","5","false","25","100","5","10.560146923783286","17.611026033690656"
"43","60","5","false","25","100","30","46.372819100091824","80.15873015873017"
"38","60","5","false","25","50","89","94.67401285583104","163.13291139240508"
"44","60","5","false","25","100","5","13.223140495867769","23.263327948303715"
"37","60","5","false","25","50","138","99.72451790633609","166.05504587155963"
"35","60","5","false","25","50","338","100","174.51923076923077"
"42","60","5","false","25","100","76","89.07254361799816","152.276295133438"
"45","60","5","false","25","100","6","12.48852157943067","20.82695252679939"
"37","60","5","false","25","50","139","99.81634527089072","166.20795107033638"
"34","60","5","false","25","50","160","100","167.79661016949152"
"45","60","5","false","25","100","7","14.23324150596878","23.736600306278714"
"35","60","5","false","25","50","339","100","174.51923076923077"
"42","60","5","false","25","100","77","90.9090909090909","155.4160125588697"
"45","60","5","false","25","100","8","15.886134067952252","26.493108728943337"
"35","60","5","false","25","50","340","100","174.51923076923077"
"43","60","5","false","25","100","31","46.648301193755735","80.63492063492063"
"38","60","5","false","25","50","90","94.67401285583104","163.13291139240508"
"37","60","5","false","25","50","140","99.81634527089072","166.20795107033638"
"44","60","5","false","25","100","6","15.151515151515152","26.65589660743134"
"42","60","5","false","25","100","78","92.28650137741047","157.7708006279435"
"45","60","5","false","25","100","9","17.17171717171717","28.637059724349157"
"35","60","5","false","25","50","341","100","174.51923076923077"
"34","60","5","false","25","50","161","100","167.79661016949152"
"45","60","5","false","25","100","10","18.181818181818183","30.321592649310876"
"43","60","5","false","25","100","32","47.015610651974285","81.26984126984127"
"37","60","5","false","25","50","141","99.81634527089072","166.20795107033638"
"35","60","5","false","25","50","342","100","174.51923076923077"
"42","60","5","false","25","100","79","93.38842975206612","159.6546310832025"
"45","60","5","false","25","100","11","19.28374655647383","32.159264931087286"
"44","60","5","false","25","100","7","17.079889807162534","30.048465266558967"
"38","60","5","false","25","50","91","94.76584022038568","163.29113924050634"
"45","60","5","false","25","100","12","20.752984389348025","34.60949464012251"
"34","60","5","false","25","50","162","100","167.79661016949152"
"43","60","5","false","25","100","33","47.56657483930211","82.22222222222221"
"35","60","5","false","25","50","343","100","174.51923076923077"
"37","60","5","false","25","50","142","99.81634527089072","166.20795107033638"
"45","60","5","false","25","100","13","22.58953168044077","37.67228177641654"
"42","60","5","false","25","100","80","93.66391184573003","160.12558869701726"
"35","60","5","false","25","50","344","100","174.51923076923077"
"45","60","5","false","25","100","14","24.058769513314967","40.12251148545176"
"44","60","5","false","25","100","8","18.732782369146005","32.956381260096926"
"42","60","5","false","25","100","81","94.12304866850322","160.9105180533752"
"45","60","5","false","25","100","15","25.71166207529844","42.87901990811638"
"37","60","5","false","25","50","143","99.81634527089072","166.20795107033638"
"43","60","5","false","25","100","34","48.117539026629935","83.17460317460318"
"38","60","5","false","25","50","92","94.8576675849403","163.4493670886076"
"35","60","5","false","25","50","345","100","174.51923076923077"
"42","60","5","false","25","100","82","94.39853076216713","161.38147566718993"
"34","60","5","false","25","50","163","100","167.79661016949152"
"45","60","5","false","25","100","16","27.364554637281913","45.635528330781014"
"37","60","5","false","25","50","144","99.81634527089072","166.20795107033638"
"44","60","5","false","25","100","9","20.66115702479339","36.34894991922455"
"35","60","5","false","25","50","346","100","174.51923076923077"
"42","60","5","false","25","100","83","94.67401285583104","161.85243328100472"
"45","60","5","false","25","100","17","28.833792470156105","48.085758039816234"
"1","60","5","false","25","0","46","59.32047750229569","104.7001620745543"
"34","60","5","false","25","50","164","100","167.79661016949152"
"35","60","5","false","25","50","347","100","174.51923076923077"
"37","60","5","false","25","50","145","99.81634527089072","166.20795107033638"
"42","60","5","false","25","100","84","95.0413223140496","162.48037676609107"
"45","60","5","false","25","100","18","30.11937557392103","50.22970903522205"
"43","60","5","false","25","100","35","48.760330578512395","84.28571428571429"
"44","60","5","false","25","100","10","22.865013774104685","40.22617124394184"
"45","60","5","false","25","100","19","31.772268135904504","52.986217457886674"
"38","60","5","false","25","50","93","94.94949494949495","163.60759493670886"
"42","60","5","false","25","100","85","95.13314967860423","162.63736263736263"
"37","60","5","false","25","50","146","99.81634527089072","166.20795107033638"
"45","60","5","false","25","100","20","33.608815426997246","56.04900459418071"
"35","60","5","false","25","50","348","100","174.51923076923077"
"44","60","5","false","25","100","11","24.701561065197428","43.45718901453958"
"42","60","5","false","25","100","86","95.59228650137742","163.42229199372056"
"43","60","5","false","25","100","36","49.862258953168045","86.19047619047619"
"34","60","5","false","25","50","165","100","167.79661016949152"
"35","60","5","false","25","50","349","100","174.51923076923077"
"45","60","5","false","25","100","21","35.35353535353536","58.95865237366002"
"37","60","5","false","25","50","147","99.81634527089072","166.20795107033638"
"42","60","5","false","25","100","87","95.68411386593205","163.57927786499215"
"38","60","5","false","25","50","94","95.13314967860423","163.9240506329114"
"44","60","5","false","25","100","12","26.262626262626267","46.203554119547654"
"35","60","5","false","25","50","350","100","174.51923076923077"
"43","60","5","false","25","100","37","51.331496786042244","88.73015873015872"
"45","60","5","false","25","100","22","37.00642791551883","61.71516079632465"
"37","60","5","false","25","50","148","99.81634527089072","166.20795107033638"
"35","60","5","false","25","50","351","100","174.51923076923077"
"42","60","5","false","25","100","88","95.86776859504133","163.89324960753532"
"44","60","5","false","25","100","13","27.548209366391184","48.46526655896607"
"34","60","5","false","25","50","166","100","167.79661016949152"
"45","60","5","false","25","100","23","38.29201101928375","63.85911179173047"
"35","60","5","false","25","50","352","100","174.51923076923077"
"38","60","5","false","25","50","95","95.40863177226814","164.3987341772152"
"42","60","5","false","25","100","89","95.95959595959596","164.0502354788069"
"37","60","5","false","25","50","149","99.81634527089072","166.20795107033638"
"45","60","5","false","25","100","24","39.94490358126722","66.6156202143951"
"35","60","5","false","25","50","353","100","174.51923076923077"
"44","60","5","false","25","100","14","29.10927456382002","51.21163166397415"
"43","60","5","false","25","100","38","52.80073461891644","91.26984126984127"
"34","60","5","false","25","50","167","100","167.79661016949152"
"42","60","5","false","25","100","90","95.95959595959596","164.0502354788069"
"45","60","5","false","25","100","25","41.8732782369146","69.83154670750383"
"35","60","5","false","25","50","354","100","174.51923076923077"
"37","60","5","false","25","50","150","99.81634527089072","166.20795107033638"
"43","60","5","false","25","100","39","54.82093663911846","94.76190476190476"
"35","60","5","false","25","50","355","100","174.51923076923077"
"42","60","5","false","25","100","91","95.95959595959596","164.0502354788069"
"44","60","5","false","25","100","15","30.57851239669421","53.79644588045234"
"45","60","5","false","25","100","26","43.52617079889807","72.58805513016846"
"37","60","5","false","25","50","151","99.81634527089072","166.20795107033638"
"34","60","5","false","25","50","168","100","167.79661016949152"
"35","60","5","false","25","50","356","100","174.51923076923077"
"42","60","5","false","25","100","92","96.05142332415059","164.2072213500785"
"38","60","5","false","25","50","96","95.59228650137742","164.7151898734177"
"45","60","5","false","25","100","27","45.08723599632691","75.19142419601837"
"35","60","5","false","25","50","357","100","174.51923076923077"
"37","60","5","false","25","50","152","99.81634527089072","166.20795107033638"
"45","60","5","false","25","100","28","46.5564738292011","77.6416539050536"
"42","60","5","false","25","100","93","96.05142332415059","164.2072213500785"
"44","60","5","false","25","100","16","31.86409550045914","56.058158319870756"
"43","60","5","false","25","100","40","56.84113865932048","98.25396825396825"
"34","60","5","false","25","50","169","100","167.79661016949152"
"35","60","5","false","25","50","358","100","174.51923076923077"
"45","60","5","false","25","100","29","47.38292011019284","79.0199081163859"
"38","60","5","false","25","50","97","95.86776859504133","165.18987341772151"
"37","60","5","false","25","50","153","99.81634527089072","166.20795107033638"
"35","60","5","false","25","50","359","100","174.51923076923077"
"45","60","5","false","25","100","30","48.484848484848484","80.85758039816233"
"42","60","5","false","25","100","94","96.14325068870524","164.36420722135009"
"34","60","5","false","25","50","170","100","167.79661016949152"
"44","60","5","false","25","100","17","33.057851239669425","58.15831987075929"
"43","60","5","false","25","100","41","59.04499540863177","102.06349206349205"
"35","60","5","false","25","50","360","100","174.51923076923077"
"42","60","5","false","25","100","95","96.14325068870524","164.36420722135009"
"45","60","5","false","25","100","31","49.403122130394856","82.38897396630934"
"37","60","5","false","25","50","154","99.81634527089072","166.20795107033638"
"38","60","5","false","25","50","98","96.05142332415059","165.50632911392404"
"35","60","5","false","25","50","361","100","174.51923076923077"
"34","60","5","false","25","50","171","100","167.79661016949152"
"43","60","5","false","25","100","42","60.78971533516988","105.07936507936509"
"45","60","5","false","25","100","32","50.04591368227732","83.46094946401224"
"42","60","5","false","25","100","96","96.23507805325987","164.52119309262164"
"44","60","5","false","25","100","18","34.067952249770435","59.935379644588046"
"35","60","5","false","25","50","362","100","174.51923076923077"
"37","60","5","false","25","50","155","99.81634527089072","166.20795107033638"
"42","60","5","false","25","100","97","96.23507805325987","164.52119309262164"
"35","60","5","false","25","50","363","100","174.51923076923077"
"43","60","5","false","25","100","43","62.16712580348944","107.46031746031746"
"38","60","5","false","25","50","99","96.23507805325987","165.82278481012656"
"45","60","5","false","25","100","33","50.688705234159784","84.53292496171517"
"44","60","5","false","25","100","19","35.07805325987144","61.7124394184168"
"37","60","5","false","25","50","156","99.81634527089072","166.20795107033638"
"34","60","5","false","25","50","172","100","167.79661016949152"
"35","60","5","false","25","50","364","100","174.51923076923077"
"42","60","5","false","25","100","98","96.23507805325987","164.52119309262164"
"43","60","5","false","25","100","44","63.45270890725436","109.6825396825397"
"45","60","5","false","25","100","34","51.42332415059688","85.75803981623277"
"44","60","5","false","25","100","20","36.73094582185491","64.62035541195476"
"35","60","5","false","25","50","365","100","174.51923076923077"
"37","60","5","false","25","50","157","99.81634527089072","166.20795107033638"
"38","60","5","false","25","50","100","96.41873278236915","166.13924050632912"
"45","60","5","false","25","100","35","52.066115702479344","86.83001531393569"
"35","60","5","false","25","50","366","100","174.51923076923077"
"43","60","5","false","25","100","45","64.83011937557393","112.06349206349206"
"45","60","5","false","25","100","36","52.80073461891644","88.05513016845329"
"44","60","5","false","25","100","21","37.37373737373738","65.75121163166398"
"37","60","5","false","25","50","158","99.81634527089072","166.20795107033638"
"34","60","5","false","25","50","173","100","167.79661016949152"
"38","60","5","false","25","50","101","96.60238751147841","166.45569620253164"
"35","60","5","false","25","50","367","100","174.51923076923077"
"46","60","5","false","25","100","0","1.1937557392102847","1.9938650306748467"
"45","60","5","false","25","100","37","53.71900826446281","89.58652373660031"
"37","60","5","false","25","50","159","99.81634527089072","166.20795107033638"
"46","60","5","false","25","100","1","2.846648301193756","4.754601226993866"
"35","60","5","false","25","50","368","100","174.51923076923077"
"45","60","5","false","25","100","38","54.637281910009186","91.11791730474732"
"44","60","5","false","25","100","22","38.29201101928375","67.36672051696284"
"43","60","5","false","25","100","46","66.11570247933885","114.28571428571428"
"46","60","5","false","25","100","2","4.775022956841139","7.975460122699387"
"35","60","5","false","25","50","369","100","174.51923076923077"
"45","60","5","false","25","100","39","55.28007346189165","92.18989280245023"
"38","60","5","false","25","50","102","96.7860422405877","166.77215189873417"
"34","60","5","false","25","50","174","100","167.79661016949152"
"37","60","5","false","25","50","160","99.81634527089072","166.20795107033638"
"44","60","5","false","25","100","23","38.9348025711662","68.49757673667204"
"45","60","5","false","25","100","40","56.014692378328746","93.41500765696784"
"35","60","5","false","25","50","370","100","174.51923076923077"
"46","60","5","false","25","100","3","6.336088154269973","10.582822085889571"
"43","60","5","false","25","100","47","67.21763085399449","116.1904761904762"
"45","60","5","false","25","100","41","56.84113865932048","94.79326186830015"
"35","60","5","false","25","50","371","100","174.51923076923077"
"37","60","5","false","25","50","161","99.81634527089072","166.20795107033638"
"46","60","5","false","25","100","4","8.356290174471992","13.957055214723926"
"44","60","5","false","25","100","24","39.39393939393939","69.30533117932148"
"45","60","5","false","25","100","42","58.03489439853077","96.78407350689126"
"34","60","5","false","25","50","175","100","167.79661016949152"
"43","60","5","false","25","100","48","67.95224977043158","117.46031746031747"
"38","60","5","false","25","50","103","96.87786960514234","166.93037974683546"
"46","60","5","false","25","100","5","10.743801652892563","17.94478527607362"
"35","60","5","false","25","50","372","100","174.51923076923077"
"37","60","5","false","25","50","162","99.81634527089072","166.20795107033638"
"45","60","5","false","25","100","43","58.95316804407713","98.31546707503828"
"46","60","5","false","25","100","6","12.85583103764922","21.472392638036812"
"45","60","5","false","25","100","44","60.33057851239669","100.6125574272588"
"35","60","5","false","25","50","373","100","174.51923076923077"
"43","60","5","false","25","100","49","69.05417814508723","119.36507936507937"
"46","60","5","false","25","100","7","14.967860422405877","25"
"34","60","5","false","25","50","176","100","167.79661016949152"
"38","60","5","false","25","50","104","96.96969696969697","167.08860759493672"
"37","60","5","false","25","50","163","99.81634527089072","166.20795107033638"
"35","60","5","false","25","50","374","100","174.51923076923077"
"44","60","5","false","25","100","25","39.94490358126722","70.27463651050081"
"46","60","5","false","25","100","8","16.62075298438935","27.76073619631902"
"43","60","5","false","25","100","50","70.33976124885216","121.58730158730158"
"45","60","5","false","25","100","45","62.0752984389348","103.52220520673814"
"37","60","5","false","25","50","164","99.81634527089072","166.20795107033638"
"35","60","5","false","25","50","375","100","174.51923076923077"
"38","60","5","false","25","50","105","97.15335169880625","167.40506329113924"
"34","60","5","false","25","50","177","100","167.79661016949152"
"43","60","5","false","25","100","51","71.44168962350781","123.4920634920635"
"46","60","5","false","25","100","9","18.089990817263544","30.214723926380366"
"37","60","5","false","25","50","165","99.81634527089072","166.20795107033638"
"35","60","5","false","25","50","376","100","174.51923076923077"
"44","60","5","false","25","100","26","40.86317722681359","71.89014539579968"
"45","60","5","false","25","100","46","64.09550045913683","106.89127105666157"
"46","60","5","false","25","100","10","19.742883379247015","32.97546012269939"
"45","60","5","false","25","100","47","65.84022038567493","109.8009188361409"
"35","60","5","false","25","50","377","100","174.51923076923077"
"34","60","5","false","25","50","178","100","167.79661016949152"
"46","60","5","false","25","100","11","21.21212121212121","35.42944785276074"
"37","60","5","false","25","50","166","99.81634527089072","166.20795107033638"
"45","60","5","false","25","100","48","67.86042240587695","113.16998468606431"
"38","60","5","false","25","50","106","97.33700642791551","167.72151898734177"
"35","60","5","false","25","50","378","100","174.51923076923077"
"43","60","5","false","25","100","52","72.81910009182737","125.87301587301587"
"46","60","5","false","25","100","12","22.681359044995407","37.88343558282208"
"44","60","5","false","25","100","27","41.50596877869605","73.02100161550888"
"45","60","5","false","25","100","49","69.6969696969697","116.23277182235834"
"37","60","5","false","25","50","167","99.81634527089072","166.20795107033638"
"46","60","5","false","25","100","13","24.334251606978878","40.644171779141104"
"35","60","5","false","25","50","379","100","174.51923076923077"
"45","60","5","false","25","100","50","71.25803489439852","118.83614088820826"
"34","60","5","false","25","50","179","100","167.79661016949152"
"43","60","5","false","25","100","53","74.56382001836546","128.88888888888889"
"38","60","5","false","25","50","107","97.33700642791551","167.72151898734177"
"46","60","5","false","25","100","14","26.72176308539945","44.6319018404908"
"35","60","5","false","25","50","380","100","174.51923076923077"
"45","60","5","false","25","100","51","72.72727272727273","121.2863705972435"
"44","60","5","false","25","100","28","42.05693296602387","73.99030694668821"
"47","60","5","false","25","100","0","1.5610651974288337","2.7070063694267517"
"46","60","5","false","25","100","15","28.74196510560147","48.00613496932515"
"45","60","5","false","25","100","52","73.92102846648301","123.27718223583462"
"35","60","5","false","25","50","381","100","174.51923076923077"
"46","60","5","false","25","100","16","31.313131313131315","52.30061349693251"
"47","60","5","false","25","100","1","2.846648301193756","4.936305732484077"
"34","60","5","false","25","50","180","100","167.79661016949152"
"43","60","5","false","25","100","54","76.12488521579431","131.5873015873016"
"35","60","5","false","25","50","382","100","174.51923076923077"
"45","60","5","false","25","100","53","75.20661157024794","125.42113323124042"
"46","60","5","false","25","100","17","34.25160697887971","57.20858895705522"
"38","60","5","false","25","50","108","97.42883379247016","167.87974683544306"
"44","60","5","false","25","100","29","42.97520661157025","75.60581583198707"
"45","60","5","false","25","100","54","76.21671258034894","127.10566615620213"
"47","60","5","false","25","100","2","4.499540863177227","7.802547770700636"
"43","60","5","false","25","100","55","77.8696051423324","134.6031746031746"
"35","60","5","false","25","50","383","100","174.51923076923077"
"46","60","5","false","25","100","18","37.55739210284665","62.73006134969326"
"34","60","5","false","25","50","181","100","167.79661016949152"
"44","60","5","false","25","100","30","44.0771349862259","77.54442649434571"
"45","60","5","false","25","100","55","77.22681359044995","128.79019908116388"
"35","60","5","false","25","50","384","100","174.51923076923077"
"46","60","5","false","25","100","19","40.77134986225895","68.09815950920245"
"47","60","5","false","25","100","3","6.336088154269973","10.987261146496815"
"43","60","5","false","25","100","56","79.24701561065197","136.984126984127"
"44","60","5","false","25","100","31","45.54637281910009","80.12924071082391"
"46","60","5","false","25","100","20","43.52617079889807","72.69938650306749"
"38","60","5","false","25","50","109","97.61248852157944","168.19620253164558"
"35","60","5","false","25","50","385","100","174.51923076923077"
"45","60","5","false","25","100","56","78.32874196510559","130.62787136294028"
"47","60","5","false","25","100","4","8.264462809917356","14.331210191082802"
"34","60","5","false","25","50","182","100","167.79661016949152"
"46","60","5","false","25","100","21","45.91368227731864","76.68711656441718"
"35","60","5","false","25","50","386","100","174.51923076923077"
"45","60","5","false","25","100","57","79.43067033976125","132.4655436447167"
"46","60","5","false","25","100","22","48.576675849403124","81.13496932515338"
"38","60","5","false","25","50","110","97.7961432506887","168.5126582278481"
"47","60","5","false","25","100","5","9.73370064279155","16.878980891719745"
"43","60","5","false","25","100","57","80.53259871441689","139.2063492063492"
"35","60","5","false","25","50","387","100","174.51923076923077"
"45","60","5","false","25","100","58","80.89990817263545","134.91577335375192"
"44","60","5","false","25","100","32","46.74012855831038","82.22940226171244"
"35","60","5","false","25","50","388","100","174.51923076923077"
"46","60","5","false","25","100","23","50.505050505050505","84.3558282208589"
"45","60","5","false","25","100","59","81.91000918273646","136.60030627871362"
"46","60","5","false","25","100","24","52.34159779614325","87.42331288343557"
"45","60","5","false","25","100","60","83.28741965105601","138.89739663093414"
"34","60","5","false","25","50","183","100","167.79661016949152"
"35","60","5","false","25","50","389","100","174.51923076923077"
"43","60","5","false","25","100","58","81.63452708907253","141.11111111111111"
"47","60","5","false","25","100","6","11.11111111111111","19.26751592356688"
"45","60","5","false","25","100","61","84.66483011937558","141.19448698315466"
"35","60","5","false","25","50","390","100","174.51923076923077"
"46","60","5","false","25","100","25","53.71900826446281","89.7239263803681"
"44","60","5","false","25","100","33","47.474747474747474","83.52180936995154"
"45","60","5","false","25","100","62","85.9504132231405","143.3384379785605"
"38","60","5","false","25","50","111","98.07162534435263","168.9873417721519"
"35","60","5","false","25","50","391","100","174.51923076923077"
"45","60","5","false","25","100","63","87.05234159779614","145.1761102603369"
"35","60","5","false","25","50","392","100","174.51923076923077"
"45","60","5","false","25","100","64","87.78696051423324","146.40122511485453"
"35","60","5","false","25","50","393","100","174.51923076923077"
"45","60","5","false","25","100","65","88.42975206611571","147.47320061255743"
"44","60","5","false","25","100","34","48.209366391184574","84.81421647819063"
"43","60","5","false","25","100","59","82.64462809917356","142.85714285714286"
"47","60","5","false","25","100","7","12.764003673094582","22.13375796178344"
"35","60","5","false","25","50","394","100","174.51923076923077"
"1","60","5","false","25","0","47","62.44260789715336","110.21069692058347"
"45","60","5","false","25","100","66","89.1643709825528","148.69831546707505"
"38","60","5","false","25","50","112","98.07162534435263","168.9873417721519"
"34","60","5","false","25","50","184","100","167.79661016949152"
"46","60","5","false","25","100","26","55.28007346189165","92.33128834355828"
"35","60","5","false","25","50","395","100","174.51923076923077"
"47","60","5","false","25","100","8","14.600550964187327","25.318471337579616"
"45","60","5","false","25","100","67","89.99081726354453","150.07656967840734"
"44","60","5","false","25","100","35","48.94398530762167","86.10662358642972"
"45","60","5","false","25","100","68","90.9090909090909","151.60796324655436"
"43","60","5","false","25","100","60","83.37924701561064","144.12698412698413"
"35","60","5","false","25","50","396","100","174.51923076923077"
"35","60","5","false","25","50","397","100","174.51923076923077"
"45","60","5","false","25","100","69","91.46005509641874","152.52679938744257"
"35","60","5","false","25","50","398","100","174.51923076923077"
"47","60","5","false","25","100","9","16.712580348943984","28.980891719745223"
"44","60","5","false","25","100","36","49.862258953168045","87.7221324717286"
"46","60","5","false","25","100","27","56.473829201101935","94.32515337423312"
"45","60","5","false","25","100","70","91.46005509641874","152.52679938744257"
"38","60","5","false","25","50","113","98.34710743801654","169.46202531645568"
"35","60","5","false","25","50","399","100","174.51923076923077"
"46","60","5","false","25","100","28","57.3921028466483","95.85889570552148"
"34","60","5","false","25","50","185","100","167.79661016949152"
"43","60","5","false","25","100","61","83.83838383838383","144.9206349206349"
"45","60","5","false","25","100","71","91.55188246097336","152.67993874425727"
"35","60","5","false","25","50","400","100","174.51923076923077"
"46","60","5","false","25","100","29","58.1267217630854","97.08588957055214"
"47","60","5","false","25","100","10","18.54912764003673","32.1656050955414"
"35","60","5","false","25","50","401","100","174.51923076923077"
"44","60","5","false","25","100","37","50.688705234159784","89.17609046849758"
"45","60","5","false","25","100","72","91.643709825528","152.83307810107198"
"35","60","5","false","25","50","402","100","174.51923076923077"
"38","60","5","false","25","50","114","98.5307621671258","169.77848101265823"
"34","60","5","false","25","50","186","100","167.79661016949152"
"47","60","5","false","25","100","11","20.477502295684115","35.509554140127385"
"35","60","5","false","25","50","403","100","174.51923076923077"
"45","60","5","false","25","100","73","91.643709825528","152.83307810107198"
"43","60","5","false","25","100","62","84.75665748393021","146.5079365079365"
"46","60","5","false","25","100","30","58.58585858585859","97.85276073619632"
"35","60","5","false","25","50","404","100","174.51923076923077"
"46","60","5","false","25","100","31","58.58585858585859","97.85276073619632"
"44","60","5","false","25","100","38","51.606978879706155","90.79159935379644"
"47","60","5","false","25","100","12","21.85491276400367","37.898089171974526"
"35","60","5","false","25","50","405","100","174.51923076923077"
"38","60","5","false","25","50","115","98.80624426078971","170.25316455696202"
"45","60","5","false","25","100","74","91.643709825528","152.83307810107198"
"45","60","5","false","25","100","75","91.643709825528","152.83307810107198"
"35","60","5","false","25","50","406","100","174.51923076923077"
"45","60","5","false","25","100","76","91.643709825528","152.83307810107198"
"47","60","5","false","25","100","13","23.140495867768596","40.12738853503185"
"35","60","5","false","25","50","407","100","174.51923076923077"
"48","60","5","false","25","100","0","2.0202020202020203","3.353658536585366"
"34","60","5","false","25","50","187","100","167.79661016949152"
"45","60","5","false","25","100","77","91.73553719008265","152.98621745788668"
"35","60","5","false","25","50","408","100","174.51923076923077"
"45","60","5","false","25","100","78","91.82736455463728","153.1393568147014"
"35","60","5","false","25","50","409","100","174.51923076923077"
"38","60","5","false","25","50","116","98.80624426078971","170.25316455696202"
"43","60","5","false","25","100","63","85.30762167125803","147.46031746031747"
"45","60","5","false","25","100","79","91.91919191919192","153.2924961715161"
"48","60","5","false","25","100","1","4.683195592286501","7.774390243902439"
"44","60","5","false","25","100","39","52.892561983471076","93.05331179321486"
"35","60","5","false","25","50","410","100","174.51923076923077"
"47","60","5","false","25","100","14","24.793388429752067","42.99363057324841"
"45","60","5","false","25","100","80","92.1028466483012","153.59877488514547"
"48","60","5","false","25","100","2","6.887052341597796","11.432926829268293"
"35","60","5","false","25","50","411","100","174.51923076923077"
"43","60","5","false","25","100","64","85.85858585858585","148.41269841269843"
"45","60","5","false","25","100","81","92.28650137741047","153.90505359877488"
"35","60","5","false","25","50","412","100","174.51923076923077"
"44","60","5","false","25","100","40","54.178145087236","95.31502423263328"
"34","60","5","false","25","50","188","100","167.79661016949152"
"47","60","5","false","25","100","15","26.446280991735538","45.85987261146497"
"38","60","5","false","25","50","117","98.89807162534436","170.41139240506328"
"45","60","5","false","25","100","82","92.47015610651974","154.2113323124043"
"35","60","5","false","25","50","413","100","174.51923076923077"
"48","60","5","false","25","100","3","8.907254361799815","14.786585365853657"
"43","60","5","false","25","100","65","86.22589531680441","149.04761904761904"
"44","60","5","false","25","100","41","55.09641873278237","96.93053311793214"
"35","60","5","false","25","50","414","100","174.51923076923077"
"45","60","5","false","25","100","83","92.56198347107438","154.36447166921897"
"48","60","5","false","25","100","4","11.202938475665748","18.597560975609756"
"35","60","5","false","25","50","415","100","174.51923076923077"
"38","60","5","false","25","50","118","98.89807162534436","170.41139240506328"
"47","60","5","false","25","100","16","27.915518824609737","48.40764331210191"
"44","60","5","false","25","100","42","55.73921028466483","98.06138933764136"
"45","60","5","false","25","100","84","92.92929292929293","154.9770290964778"
"34","60","5","false","25","50","189","100","167.79661016949152"
"43","60","5","false","25","100","66","86.50137741046832","149.52380952380952"
"35","60","5","false","25","50","416","100","174.51923076923077"
"45","60","5","false","25","100","85","93.29660238751147","155.5895865237366"
"48","60","5","false","25","100","5","13.86593204775023","23.01829268292683"
"45","60","5","false","25","100","86","93.48025711662076","155.895865237366"
"43","60","5","false","25","100","67","86.9605142332415","150.3174603174603"
"44","60","5","false","25","100","43","56.19834710743802","98.86914378029078"
"35","60","5","false","25","50","417","100","174.51923076923077"
"38","60","5","false","25","50","119","98.89807162534436","170.41139240506328"
"48","60","5","false","25","100","6","16.528925619834713","27.439024390243905"
"45","60","5","false","25","100","87","93.66391184573003","156.2021439509954"
"34","60","5","false","25","50","190","100","167.79661016949152"
"47","60","5","false","25","100","17","28.92561983471074","50.15923566878981"
"48","60","5","false","25","100","7","19.100091827364555","31.70731707317073"
"35","60","5","false","25","50","418","100","174.51923076923077"
"43","60","5","false","25","100","68","87.23599632690542","150.79365079365078"
"45","60","5","false","25","100","88","93.93939393939394","156.6615620214395"
"44","60","5","false","25","100","44","56.473829201101935","99.35379644588045"
"48","60","5","false","25","100","8","22.130394857667586","36.73780487804878"
"45","60","5","false","25","100","89","94.3067033976125","157.27411944869831"
"35","60","5","false","25","50","419","100","174.51923076923077"
"34","60","5","false","25","50","191","100","167.79661016949152"
"43","60","5","false","25","100","69","87.41965105601469","151.11111111111111"
"48","60","5","false","25","100","9","24.793388429752067","41.15853658536585"
"47","60","5","false","25","100","18","29.660238751147844","51.433121019108285"
"35","60","5","false","25","50","420","100","174.51923076923077"
"38","60","5","false","25","50","120","98.89807162534436","170.41139240506328"
"45","60","5","false","25","100","90","94.76584022038568","158.0398162327718"
"35","60","5","false","25","50","421","100","174.51923076923077"
"47","60","5","false","25","100","19","30.670339761248854","53.18471337579618"
"44","60","5","false","25","100","45","56.74931129476584","99.83844911147011"
"45","60","5","false","25","100","91","94.94949494949495","158.34609494640122"
"43","60","5","false","25","100","70","87.87878787878788","151.9047619047619"
"48","60","5","false","25","100","10","27.45638200183655","45.579268292682926"
"47","60","5","false","25","100","20","31.86409550045914","55.254777070063696"
"35","60","5","false","25","50","422","100","174.51923076923077"
"45","60","5","false","25","100","92","95.40863177226814","159.11179173047475"
"44","60","5","false","25","100","46","57.20844811753902","100.64620355411955"
"34","60","5","false","25","50","192","100","167.79661016949152"
"45","60","5","false","25","100","93","95.50045913682277","159.26493108728943"
"38","60","5","false","25","50","121","98.89807162534436","170.41139240506328"
"48","60","5","false","25","100","11","30.486685032139576","50.609756097560975"
"35","60","5","false","25","50","423","100","174.51923076923077"
"44","60","5","false","25","100","47","57.57575757575758","101.2924071082391"
"45","60","5","false","25","100","94","95.59228650137742","159.41807044410413"
"43","60","5","false","25","100","71","88.24609733700642","152.53968253968253"
"45","60","5","false","25","100","95","95.77594123048668","159.72434915773354"
"48","60","5","false","25","100","12","33.608815426997246","55.79268292682927"
"35","60","5","false","25","50","424","100","174.51923076923077"
"34","60","5","false","25","50","193","100","167.79661016949152"
"47","60","5","false","25","100","21","33.14967860422406","57.484076433121025"
"48","60","5","false","25","100","13","36.36363636363637","60.36585365853659"
"38","60","5","false","25","50","122","98.89807162534436","170.41139240506328"
"45","60","5","false","25","100","96","96.05142332415059","160.18376722817763"
"35","60","5","false","25","50","425","100","174.51923076923077"
"44","60","5","false","25","100","48","58.03489439853077","102.10016155088853"
"48","60","5","false","25","100","14","38.75114784205693","64.32926829268293"
"35","60","5","false","25","50","426","100","174.51923076923077"
"34","60","5","false","25","50","194","100","167.79661016949152"
"45","60","5","false","25","100","97","96.32690541781452","160.64318529862175"
"48","60","5","false","25","100","15","40.67952249770432","67.53048780487805"
"35","60","5","false","25","50","427","100","174.51923076923077"
"44","60","5","false","25","100","49","58.58585858585859","103.06946688206786"
"47","60","5","false","25","100","22","34.61891643709826","60.031847133757964"
"48","60","5","false","25","100","16","42.42424242424242","70.42682926829268"
"45","60","5","false","25","100","98","96.41873278236915","160.79632465543645"
"35","60","5","false","25","50","428","100","174.51923076923077"
"45","60","5","false","25","100","99","96.51056014692378","160.94946401225116"
"48","60","5","false","25","100","17","43.98530762167126","73.01829268292683"
"47","60","5","false","25","100","23","35.62901744719926","61.78343949044586"
"35","60","5","false","25","50","429","100","174.51923076923077"
"43","60","5","false","25","100","72","88.52157943067034","153.015873015873"
"45","60","5","false","25","100","100","96.60238751147841","161.10260336906586"
"38","60","5","false","25","50","123","98.89807162534436","170.41139240506328"
"44","60","5","false","25","100","50","59.32047750229569","104.36187399030695"
"48","60","5","false","25","100","18","45.821854912764","76.0670731707317"
"34","60","5","false","25","50","195","100","167.79661016949152"
"47","60","5","false","25","100","24","36.455463728191","63.21656050955414"
"35","60","5","false","25","50","430","100","174.51923076923077"
"45","60","5","false","25","100","101","96.7860422405877","161.40888208269527"
"45","60","5","false","25","100","102","96.87786960514234","161.56202143950995"
"48","60","5","false","25","100","19","47.474747474747474","78.8109756097561"
"47","60","5","false","25","100","25","37.28191000918273","64.64968152866241"
"45","60","5","false","25","100","103","97.15335169880625","162.02143950995406"
"35","60","5","false","25","50","431","100","174.51923076923077"
"44","60","5","false","25","100","51","60.33057851239669","106.1389337641357"
"45","60","5","false","25","100","104","97.33700642791551","162.32771822358345"
"48","60","5","false","25","100","20","48.668503213957756","80.79268292682927"
"43","60","5","false","25","100","73","88.88888888888889","153.65079365079367"
"48","60","5","false","25","100","21","50.321395775941234","83.53658536585365"
"35","60","5","false","25","50","432","100","174.51923076923077"
"45","60","5","false","25","100","105","97.42883379247016","162.48085758039815"
"47","60","5","false","25","100","26","38.10835629017447","66.0828025477707"
"38","60","5","false","25","50","124","98.98989898989899","170.56962025316454"
"45","60","5","false","25","100","106","97.70431588613407","162.94027565084227"
"34","60","5","false","25","50","196","100","167.79661016949152"
"35","60","5","false","25","50","433","100","174.51923076923077"
"48","60","5","false","25","100","22","51.974288337924705","86.28048780487805"
"44","60","5","false","25","100","52","61.52433425160698","108.23909531502423"
"47","60","5","false","25","100","27","38.84297520661157","67.35668789808918"
"45","60","5","false","25","100","107","97.7961432506887","163.09341500765697"
"34","60","5","false","25","50","197","100","167.79661016949152"
"48","60","5","false","25","100","23","53.81083562901745","89.32926829268293"
"35","60","5","false","25","50","434","100","174.51923076923077"
"43","60","5","false","25","100","74","89.53168044077135","154.76190476190476"
"45","60","5","false","25","100","108","97.7961432506887","163.09341500765697"
"35","60","5","false","25","50","435","100","174.51923076923077"
"48","60","5","false","25","100","24","54.9127640036731","91.15853658536585"
"38","60","5","false","25","50","125","99.08172635445362","170.72784810126583"
"44","60","5","false","25","100","53","62.62626262626263","110.17770597738289"
"47","60","5","false","25","100","28","39.76124885215794","68.94904458598727"
"48","60","5","false","25","100","25","55.73921028466483","92.53048780487805"
"45","60","5","false","25","100","109","97.97979797979798","163.39969372128638"
"35","60","5","false","25","50","436","100","174.51923076923077"
"43","60","5","false","25","100","75","89.71533516988063","155.0793650793651"
"47","60","5","false","25","100","29","40.67952249770432","70.54140127388536"
"38","60","5","false","25","50","126","99.2653810835629","171.04430379746836"
"45","60","5","false","25","100","110","98.16345270890724","163.7059724349158"
"34","60","5","false","25","50","198","100","167.79661016949152"
"44","60","5","false","25","100","54","64.2791551882461","113.08562197092084"
"35","60","5","false","25","50","437","100","174.51923076923077"
"48","60","5","false","25","100","26","56.29017447199265","93.4451219512195"
"45","60","5","false","25","100","111","98.5307621671258","164.31852986217459"
"43","60","5","false","25","100","76","90.26629935720845","156.03174603174602"
"47","60","5","false","25","100","30","41.78145087235997","72.45222929936305"
"38","60","5","false","25","50","127","99.2653810835629","171.04430379746836"
"45","60","5","false","25","100","112","98.62258953168043","164.4716692189893"
"44","60","5","false","25","100","55","65.56473829201101","115.34733441033926"
"35","60","5","false","25","50","438","100","174.51923076923077"
"48","60","5","false","25","100","27","56.65748393021121","94.0548780487805"
"45","60","5","false","25","100","113","98.98989898989899","165.08422664624808"
"48","60","5","false","25","100","28","56.74931129476584","94.20731707317073"
"34","60","5","false","25","50","199","100","167.79661016949152"
"43","60","5","false","25","100","77","90.44995408631772","156.34920634920636"
"35","60","5","false","25","50","439","100","174.51923076923077"
"45","60","5","false","25","100","114","99.2653810835629","165.54364471669217"
"47","60","5","false","25","100","31","43.15886134067952","74.84076433121018"
"48","60","5","false","25","100","29","56.84113865932048","94.35975609756098"
"38","60","5","false","25","50","128","99.35720844811755","171.20253164556962"
"45","60","5","false","25","100","115","99.35720844811755","165.6967840735069"
"35","60","5","false","25","50","440","100","174.51923076923077"
"44","60","5","false","25","100","56","67.21763085399449","118.25525040387723"
"45","60","5","false","25","100","116","99.54086317722681","166.00306278713632"
"48","60","5","false","25","100","30","57.02479338842975","94.66463414634147"
"35","60","5","false","25","50","441","100","174.51923076923077"
"47","60","5","false","25","100","32","44.26078971533517","76.75159235668791"
"38","60","5","false","25","50","129","99.35720844811755","171.20253164556962"
"45","60","5","false","25","100","117","99.72451790633609","166.3093415007657"
"43","60","5","false","25","100","78","90.72543617998163","156.82539682539684"
"48","60","5","false","25","100","31","57.30027548209367","95.1219512195122"
"34","60","5","false","25","50","200","100","167.79661016949152"
"35","60","5","false","25","50","442","100","174.51923076923077"
"45","60","5","false","25","100","118","99.72451790633609","166.3093415007657"
"44","60","5","false","25","100","57","69.42148760330579","122.13247172859451"
"48","60","5","false","25","100","32","57.66758494031221","95.73170731707317"
"35","60","5","false","25","50","443","100","174.51923076923077"
"45","60","5","false","25","100","119","99.81634527089072","166.4624808575804"
"43","60","5","false","25","100","79","91.09274563820018","157.46031746031747"
"35","60","5","false","25","50","444","100","174.51923076923077"
"38","60","5","false","25","50","130","99.44903581267218","171.36075949367088"
"47","60","5","false","25","100","33","45.63820018365473","79.14012738853503"
"44","60","5","false","25","100","58","71.44168962350781","125.68659127625202"
"48","60","5","false","25","100","33","58.1267217630854","96.4939024390244"
"45","60","5","false","25","100","120","99.81634527089072","166.4624808575804"
"47","60","5","false","25","100","34","47.19926538108356","81.84713375796179"
"34","60","5","false","25","50","201","100","167.79661016949152"
"48","60","5","false","25","100","34","58.58585858585859","97.2560975609756"
"45","60","5","false","25","100","121","99.81634527089072","166.4624808575804"
"43","60","5","false","25","100","80","91.27640036730946","157.77777777777777"
"44","60","5","false","25","100","59","73.46189164370982","129.24071082390952"
"49","60","5","false","25","100","0","1.6528925619834711","2.731411229135053"
"38","60","5","false","25","50","131","99.44903581267218","171.36075949367088"
"47","60","5","false","25","100","35","49.219467401285584","85.35031847133759"
"49","60","5","false","25","100","1","3.7649219467401287","6.22154779969651"
"45","60","5","false","25","100","122","99.81634527089072","166.4624808575804"
"47","60","5","false","25","100","36","50.413223140495866","87.42038216560509"
"49","60","5","false","25","100","2","6.152433425160698","10.166919575113809"
"48","60","5","false","25","100","35","58.95316804407713","97.86585365853658"
"47","60","5","false","25","100","37","51.790633608815426","89.80891719745223"
"44","60","5","false","25","100","60","75.39026629935721","132.63327948303717"
"34","60","5","false","25","50","202","100","167.79661016949152"
"45","60","5","false","25","100","123","99.81634527089072","166.4624808575804"
"49","60","5","false","25","100","3","8.44811753902663","13.960546282245827"
"43","60","5","false","25","100","81","91.46005509641874","158.0952380952381"
"48","60","5","false","25","100","36","59.41230486685032","98.6280487804878"
"44","60","5","false","25","100","61","77.59412304866851","136.51050080775445"
"45","60","5","false","25","100","124","99.81634527089072","166.4624808575804"
"47","60","5","false","25","100","38","52.43342516069789","90.92356687898089"
"49","60","5","false","25","100","4","10.560146923783286","17.450682852807283"
"48","60","5","false","25","100","37","59.68778696051423","99.08536585365853"
"47","60","5","false","25","100","39","53.627180899908176","92.99363057324841"
"45","60","5","false","25","100","125","99.81634527089072","166.4624808575804"
"34","60","5","false","25","50","203","100","167.79661016949152"
"38","60","5","false","25","50","132","99.54086317722681","171.51898734177215"
"48","60","5","false","25","100","38","60.14692378328742","99.84756097560977"
"49","60","5","false","25","100","5","12.580348943985308","20.789074355083457"
"47","60","5","false","25","100","40","54.729109274563825","94.90445859872611"
"45","60","5","false","25","100","126","99.81634527089072","166.4624808575804"
"43","60","5","false","25","100","82","91.55188246097336","158.25396825396825"
"49","60","5","false","25","100","6","14.600550964187327","24.12746585735964"
"44","60","5","false","25","100","62","79.24701561065197","139.4184168012924"
"49","60","5","false","25","100","7","16.437098255280073","27.16236722306525"
"45","60","5","false","25","100","127","99.81634527089072","166.4624808575804"
"48","60","5","false","25","100","39","60.51423324150596","100.45731707317074"
"34","60","5","false","25","50","204","100","167.79661016949152"
"47","60","5","false","25","100","41","55.55555555555556","96.3375796178344"
"44","60","5","false","25","100","63","81.26721763085399","142.97253634894992"
"43","60","5","false","25","100","83","91.55188246097336","158.25396825396825"
"45","60","5","false","25","100","128","99.81634527089072","166.4624808575804"
"38","60","5","false","25","50","133","99.54086317722681","171.51898734177215"
"49","60","5","false","25","100","8","18.181818181818183","30.045523520485585"
"48","60","5","false","25","100","40","60.51423324150596","100.45731707317074"
"47","60","5","false","25","100","42","56.65748393021121","98.24840764331209"
"45","60","5","false","25","100","129","99.81634527089072","166.4624808575804"
"49","60","5","false","25","100","9","20.385674931129476","33.68740515933232"
"44","60","5","false","25","100","64","82.82828282828282","145.718901453958"
"45","60","5","false","25","100","130","99.81634527089072","166.4624808575804"
"49","60","5","false","25","100","10","22.497704315886132","37.177541729893775"
"47","60","5","false","25","100","43","58.03489439853077","100.63694267515923"
"34","60","5","false","25","50","205","100","167.79661016949152"
"44","60","5","false","25","100","65","84.84848484848484","149.2730210016155"
"45","60","5","false","25","100","131","99.81634527089072","166.4624808575804"
"50","60","5","false","25","100","0","1.285583103764922","2.1705426356589146"
"49","60","5","false","25","100","11","24.885215794306703","41.122913505311075"
"43","60","5","false","25","100","84","91.55188246097336","158.25396825396825"
"47","60","5","false","25","100","44","59.41230486685032","103.02547770700636"
"45","60","5","false","25","100","132","99.81634527089072","166.4624808575804"
"38","60","5","false","25","50","134","99.54086317722681","171.51898734177215"
"49","60","5","false","25","100","12","26.446280991735538","43.70257966616085"
"50","60","5","false","25","100","1","2.7548209366391188","4.651162790697675"
"45","60","5","false","25","100","133","99.81634527089072","166.4624808575804"
"49","60","5","false","25","100","13","28.28282828282828","46.737481031866466"
"34","60","5","false","25","50","206","100","167.79661016949152"
"47","60","5","false","25","100","45","60.60606060606061","105.09554140127389"
"44","60","5","false","25","100","66","86.04224058769513","151.37318255250406"
"50","60","5","false","25","100","2","4.775022956841139","8.062015503875969"
"45","60","5","false","25","100","134","99.81634527089072","166.4624808575804"
"49","60","5","false","25","100","14","30.11937557392103","49.77238239757208"
"50","60","5","false","25","100","3","6.7952249770431585","11.472868217054263"
"49","60","5","false","25","100","15","32.323232323232325","53.414264036418814"
"47","60","5","false","25","100","46","61.98347107438017","107.48407643312102"
"45","60","5","false","25","100","135","99.81634527089072","166.4624808575804"
"38","60","5","false","25","50","135","99.63269054178146","171.67721518987344"
"49","60","5","false","25","100","16","34.067952249770435","56.297420333839156"
"50","60","5","false","25","100","4","8.81542699724518","14.883720930232558"
"45","60","5","false","25","100","136","99.81634527089072","166.4624808575804"
"47","60","5","false","25","100","47","63.26905417814509","109.71337579617835"
"43","60","5","false","25","100","85","91.73553719008265","158.57142857142856"
"44","60","5","false","25","100","67","87.32782369146005","153.63489499192247"
"34","60","5","false","25","50","207","100","167.79661016949152"
"1","60","5","false","25","0","48","64.73829201101928","114.26256077795787"
"50","60","5","false","25","100","5","10.743801652892563","18.13953488372093"
"47","60","5","false","25","100","48","64.73829201101928","112.26114649681529"
"49","60","5","false","25","100","17","35.99632690541782","59.48406676783004"
"45","60","5","false","25","100","137","99.81634527089072","166.4624808575804"
"43","60","5","false","25","100","86","91.82736455463728","158.73015873015873"
"44","60","5","false","25","100","68","88.88888888888889","156.38126009693053"
"50","60","5","false","25","100","6","12.580348943985308","21.240310077519382"
"38","60","5","false","25","50","136","99.63269054178146","171.67721518987344"
"45","60","5","false","25","100","138","99.81634527089072","166.4624808575804"
"49","60","5","false","25","100","18","38.10835629017447","62.9742033383915"
"34","60","5","false","25","50","208","100","167.79661016949152"
"47","60","5","false","25","100","49","66.39118457300276","115.12738853503184"
"45","60","5","false","25","100","139","99.81634527089072","166.4624808575804"
"49","60","5","false","25","100","19","40.22038567493113","66.46433990895297"
"50","60","5","false","25","100","7","14.23324150596878","24.031007751937985"
"49","60","5","false","25","100","20","42.42424242424242","70.10622154779969"
"45","60","5","false","25","100","140","99.90817263544535","166.6156202143951"
"47","60","5","false","25","100","50","68.41138659320477","118.63057324840764"
"50","60","5","false","25","100","8","15.61065197428834","26.356589147286826"
"45","60","5","false","25","100","141","99.90817263544535","166.6156202143951"
"47","60","5","false","25","100","51","70.15610651974288","121.656050955414"
"49","60","5","false","25","100","21","44.81175390266299","74.05159332321699"
"44","60","5","false","25","100","69","89.71533516988063","157.83521809369952"
"43","60","5","false","25","100","87","92.01101928374655","159.04761904761904"
"34","60","5","false","25","50","209","100","167.79661016949152"
"50","60","5","false","25","100","9","17.53902662993572","29.612403100775193"
"49","60","5","false","25","100","22","46.648301193755735","77.08649468892261"
"38","60","5","false","25","50","137","99.63269054178146","171.67721518987344"
"47","60","5","false","25","100","52","71.71717171717171","124.36305732484077"
"45","60","5","false","25","100","142","99.90817263544535","166.6156202143951"
"49","60","5","false","25","100","23","47.750229568411385","78.90743550834598"
"44","60","5","false","25","100","70","90.17447199265382","158.64297253634896"
"49","60","5","false","25","100","24","48.484848484848484","80.12139605462822"
"43","60","5","false","25","100","88","92.28650137741047","159.52380952380955"
"47","60","5","false","25","100","53","73.18640955004592","126.91082802547771"
"49","60","5","false","25","100","25","49.219467401285584","81.33535660091047"
"45","60","5","false","25","100","143","99.90817263544535","166.6156202143951"
"50","60","5","false","25","100","10","19.55922865013774","33.02325581395349"
"49","60","5","false","25","100","26","49.95408631772268","82.54931714719271"
"45","60","5","false","25","100","144","99.90817263544535","166.6156202143951"
"44","60","5","false","25","100","71","90.44995408631772","159.12762520193863"
"38","60","5","false","25","50","138","99.63269054178146","171.67721518987344"
"50","60","5","false","25","100","11","21.763085399449036","36.74418604651163"
"47","60","5","false","25","100","54","74.28833792470157","128.82165605095543"
"49","60","5","false","25","100","27","51.331496786042244","84.82549317147192"
"45","60","5","false","25","100","145","99.90817263544535","166.6156202143951"
"49","60","5","false","25","100","28","52.80073461891644","87.25341426403642"
"47","60","5","false","25","100","55","75.66574839302112","131.21019108280254"
"45","60","5","false","25","100","146","99.90817263544535","166.6156202143951"
"34","60","5","false","25","50","210","100","167.79661016949152"
"43","60","5","false","25","100","89","92.74563820018365","160.31746031746033"
"50","60","5","false","25","100","12","24.150596877869603","40.775193798449614"
"49","60","5","false","25","100","29","54.178145087236","89.52959028831563"
"45","60","5","false","25","100","147","99.90817263544535","166.6156202143951"
"44","60","5","false","25","100","72","90.72543617998163","159.61227786752826"
"47","60","5","false","25","100","56","77.22681359044995","133.9171974522293"
"49","60","5","false","25","100","30","55.188246097337","91.19878603945372"
"38","60","5","false","25","50","139","99.63269054178146","171.67721518987344"
"45","60","5","false","25","100","148","99.90817263544535","166.6156202143951"
"50","60","5","false","25","100","13","25.895316804407713","43.72093023255814"
"45","60","5","false","25","100","149","100","166.7687595712098"
"49","60","5","false","25","100","31","56.10651974288338","92.71623672230652"
"45","60","5","false","25","100","150","100","166.7687595712098"
"49","60","5","false","25","100","32","56.84113865932048","93.93019726858877"
"44","60","5","false","25","100","73","91.09274563820018","160.25848142164782"
"45","60","5","false","25","100","151","100","166.7687595712098"
"50","60","5","false","25","100","14","27.73186409550046","46.821705426356594"
"45","60","5","false","25","100","152","100","166.7687595712098"
"43","60","5","false","25","100","90","93.20477502295684","161.11111111111111"
"47","60","5","false","25","100","57","79.06336088154269","137.10191082802547"
"44","60","5","false","25","100","74","91.3682277318641","160.74313408723748"
"34","60","5","false","25","50","211","100","167.79661016949152"
"49","60","5","false","25","100","33","57.66758494031221","95.2959028831563"
"45","60","5","false","25","100","153","100","166.7687595712098"
"47","60","5","false","25","100","58","81.17539026629935","140.76433121019107"
"43","60","5","false","25","100","91","93.8475665748393","162.22222222222223"
"38","60","5","false","25","50","140","99.63269054178146","171.67721518987344"
"45","60","5","false","25","100","154","100","166.7687595712098"
"49","60","5","false","25","100","34","58.49403122130394","96.66160849772383"
"50","60","5","false","25","100","15","29.56841138659321","49.92248062015504"
"44","60","5","false","25","100","75","91.46005509641874","160.90468497576737"
"47","60","5","false","25","100","59","82.36914600550963","142.8343949044586"
"45","60","5","false","25","100","155","100","166.7687595712098"
"43","60","5","false","25","100","92","94.39853076216713","163.17460317460316"
"38","60","5","false","25","50","141","99.63269054178146","171.67721518987344"
"49","60","5","false","25","100","35","59.50413223140496","98.33080424886191"
"34","60","5","false","25","50","212","100","167.79661016949152"
"50","60","5","false","25","100","16","31.313131313131315","52.86821705426357"
"44","60","5","false","25","100","76","91.643709825528","161.22778675282714"
"47","60","5","false","25","100","60","83.0119375573921","143.94904458598725"
"49","60","5","false","25","100","36","60.33057851239669","99.69650986342944"
"47","60","5","false","25","100","61","83.37924701561064","144.5859872611465"
"45","60","5","false","25","100","156","100","166.7687595712098"
"49","60","5","false","25","100","37","61.34067952249771","101.36570561456753"
"44","60","5","false","25","100","77","91.82736455463728","161.5508885298869"
"50","60","5","false","25","100","17","33.057851239669425","55.81395348837209"
"49","60","5","false","25","100","38","62.16712580348944","102.73141122913505"
"34","60","5","false","25","50","213","100","167.79661016949152"
"43","60","5","false","25","100","93","94.67401285583104","163.65079365079364"
"45","60","5","false","25","100","157","100","166.7687595712098"
"38","60","5","false","25","50","142","99.63269054178146","171.67721518987344"
"47","60","5","false","25","100","62","83.93021120293848","145.54140127388536"
"49","60","5","false","25","100","39","63.17722681359045","104.40060698027314"
"50","60","5","false","25","100","18","35.07805325987144","59.224806201550386"
"44","60","5","false","25","100","78","92.01101928374655","161.8739903069467"
"43","60","5","false","25","100","94","94.8576675849403","163.96825396825398"
"45","60","5","false","25","100","158","100","166.7687595712098"
"47","60","5","false","25","100","63","84.75665748393021","146.97452229299364"
"50","60","5","false","25","100","19","37.46556473829201","63.25581395348837"
"34","60","5","false","25","50","214","100","167.79661016949152"
"38","60","5","false","25","50","143","99.63269054178146","171.67721518987344"
"44","60","5","false","25","100","79","92.1028466483012","162.03554119547658"
"45","60","5","false","25","100","159","100","166.7687595712098"
"47","60","5","false","25","100","64","85.12396694214877","147.61146496815286"
"49","60","5","false","25","100","40","63.91184573002755","105.61456752655538"
"43","60","5","false","25","100","95","95.0413223140496","164.28571428571428"
"50","60","5","false","25","100","20","39.66942148760331","66.97674418604652"
"47","60","5","false","25","100","65","85.30762167125803","147.92993630573247"
"45","60","5","false","25","100","160","100","166.7687595712098"
"49","60","5","false","25","100","41","64.55463728191","106.67678300455235"
"44","60","5","false","25","100","80","92.28650137741047","162.35864297253636"
"47","60","5","false","25","100","66","85.58310376492194","148.4076433121019"
"50","60","5","false","25","100","21","41.8732782369146","70.69767441860465"
"45","60","5","false","25","100","161","100","166.7687595712098"
"49","60","5","false","25","100","42","65.0137741046832","107.43550834597875"
"47","60","5","false","25","100","67","86.13406795224977","149.36305732484075"
"43","60","5","false","25","100","96","95.50045913682277","165.07936507936506"
"38","60","5","false","25","50","144","99.63269054178146","171.67721518987344"
"34","60","5","false","25","50","215","100","167.79661016949152"
"45","60","5","false","25","100","162","100","166.7687595712098"
"50","60","5","false","25","100","22","44.16896235078053","74.57364341085271"
"44","60","5","false","25","100","81","92.3783287419651","162.52019386106625"
"47","60","5","false","25","100","68","86.77685950413223","150.47770700636943"
"50","60","5","false","25","100","23","46.648301193755735","78.75968992248062"
"47","60","5","false","25","100","69","87.60330578512396","151.9108280254777"
"43","60","5","false","25","100","97","95.59228650137742","165.23809523809524"
"49","60","5","false","25","100","43","65.47291092745638","108.19423368740514"
"50","60","5","false","25","100","24","48.760330578512395","82.32558139534883"
"45","60","5","false","25","100","163","100","166.7687595712098"
"34","60","5","false","25","50","216","100","167.79661016949152"
"49","60","5","false","25","100","44","66.0238751147842","109.10470409711684"
"45","60","5","false","25","100","164","100","166.7687595712098"
"44","60","5","false","25","100","82","92.65381083562902","163.0048465266559"
"47","60","5","false","25","100","70","88.1542699724518","152.86624203821657"
"50","60","5","false","25","100","25","51.05601469237833","86.20155038759691"
"38","60","5","false","25","50","145","99.63269054178146","171.67721518987344"
"43","60","5","false","25","100","98","95.68411386593205","165.3968253968254"
"45","60","5","false","25","100","165","100","166.7687595712098"
"49","60","5","false","25","100","45","66.4830119375574","109.86342943854324"
"44","60","5","false","25","100","83","93.02112029384757","163.65105008077546"
"47","60","5","false","25","100","71","88.61340679522498","153.6624203821656"
"45","60","5","false","25","100","166","100","166.7687595712098"
"50","60","5","false","25","100","26","52.61707988980716","88.83720930232558"
"49","60","5","false","25","100","46","66.7584940312213","110.3186646433991"
"44","60","5","false","25","100","84","93.1129476584022","163.81260096930532"
"45","60","5","false","25","100","167","100","166.7687595712098"
"34","60","5","false","25","50","217","100","167.79661016949152"
"47","60","5","false","25","100","72","88.98071625344353","154.29936305732483"
"38","60","5","false","25","50","146","99.63269054178146","171.67721518987344"
"50","60","5","false","25","100","27","53.4435261707989","90.23255813953487"
"49","60","5","false","25","100","47","67.21763085399449","111.0773899848255"
"44","60","5","false","25","100","85","93.1129476584022","163.81260096930532"
"45","60","5","false","25","100","168","100","166.7687595712098"
"50","60","5","false","25","100","28","54.36179981634527","91.7829457364341"
"47","60","5","false","25","100","73","89.4398530762167","155.0955414012739"
"45","60","5","false","25","100","169","100","166.7687595712098"
"43","60","5","false","25","100","99","95.95959595959596","165.87301587301587"
"49","60","5","false","25","100","48","67.4931129476584","111.53262518968134"
"45","60","5","false","25","100","170","100","166.7687595712098"
"38","60","5","false","25","50","147","99.63269054178146","171.67721518987344"
"44","60","5","false","25","100","86","93.29660238751147","164.1357027463651"
"34","60","5","false","25","50","218","100","167.79661016949152"
"50","60","5","false","25","100","29","55.09641873278237","93.02325581395348"
"45","60","5","false","25","100","171","100","166.7687595712098"
"47","60","5","false","25","100","74","89.53168044077135","155.2547770700637"
"49","60","5","false","25","100","49","67.86042240587695","112.13960546282247"
"43","60","5","false","25","100","100","96.32690541781452","166.5079365079365"
"45","60","5","false","25","100","172","100","166.7687595712098"
"50","60","5","false","25","100","30","55.831037649219475","94.26356589147287"
"47","60","5","false","25","100","75","89.62350780532599","155.4140127388535"
"49","60","5","false","25","100","50","68.41138659320477","113.05007587253415"
"44","60","5","false","25","100","87","93.48025711662076","164.45880452342487"
"45","60","5","false","25","100","173","100","166.7687595712098"
"34","60","5","false","25","50","219","100","167.79661016949152"
"50","60","5","false","25","100","31","56.84113865932048","95.96899224806201"
"38","60","5","false","25","50","148","99.63269054178146","171.67721518987344"
"45","60","5","false","25","100","174","100","166.7687595712098"
"49","60","5","false","25","100","51","68.77869605142332","113.65705614567527"
"47","60","5","false","25","100","76","89.8989898989899","155.89171974522293"
"44","60","5","false","25","100","88","93.8475665748393","165.10500807754443"
"45","60","5","false","25","100","175","100","166.7687595712098"
"49","60","5","false","25","100","52","69.51331496786042","114.87101669195752"
"43","60","5","false","25","100","101","96.69421487603306","167.14285714285714"
"50","60","5","false","25","100","32","57.48393021120294","97.05426356589147"
"44","60","5","false","25","100","89","94.03122130394857","165.4281098546042"
"47","60","5","false","25","100","77","90.17447199265382","156.36942675159236"
"34","60","5","false","25","50","220","100","167.79661016949152"
"49","60","5","false","25","100","53","69.9724517906336","115.62974203338392"
"45","60","5","false","25","100","176","100","166.7687595712098"
"50","60","5","false","25","100","33","58.03489439853077","97.98449612403101"
"47","60","5","false","25","100","78","90.26629935720845","156.52866242038218"
"44","60","5","false","25","100","90","94.12304866850322","165.5896607431341"
"38","60","5","false","25","50","149","99.63269054178146","171.67721518987344"
"49","60","5","false","25","100","54","70.43158861340679","116.38846737481032"
"45","60","5","false","25","100","177","100","166.7687595712098"
"50","60","5","false","25","100","34","58.58585858585859","98.91472868217053"
"43","60","5","false","25","100","102","96.87786960514234","167.46031746031747"
"47","60","5","false","25","100","79","90.81726354453627","157.484076433121"
"50","60","5","false","25","100","35","59.04499540863177","99.68992248062015"
"49","60","5","false","25","100","55","71.62534435261708","118.36115326251897"
"47","60","5","false","25","100","80","91.09274563820018","157.96178343949046"
"45","60","5","false","25","100","178","100","166.7687595712098"
"44","60","5","false","25","100","91","94.39853076216713","166.07431340872375"
"43","60","5","false","25","100","103","97.15335169880625","167.93650793650795"
"45","60","5","false","25","100","179","100","166.7687595712098"
"47","60","5","false","25","100","81","91.09274563820018","157.96178343949046"
"49","60","5","false","25","100","56","72.54361799816346","119.87860394537178"
"34","60","5","false","25","50","221","100","167.79661016949152"
"38","60","5","false","25","50","150","99.63269054178146","171.67721518987344"
"45","60","5","false","25","100","180","100","166.7687595712098"
"50","60","5","false","25","100","36","59.32047750229569","100.15503875968992"
"49","60","5","false","25","100","57","73.46189164370982","121.39605462822458"
"47","60","5","false","25","100","82","91.46005509641874","158.59872611464968"
"44","60","5","false","25","100","92","94.5821854912764","166.39741518578353"
"49","60","5","false","25","100","58","74.74747474747475","123.5204855842185"
"43","60","5","false","25","100","104","97.61248852157944","168.73015873015873"
"45","60","5","false","25","100","181","100","166.7687595712098"
"45","60","5","false","25","100","182","100","166.7687595712098"
"47","60","5","false","25","100","83","91.55188246097336","158.75796178343947"
"49","60","5","false","25","100","59","76.30853994490359","126.10015174506827"
"44","60","5","false","25","100","93","94.8576675849403","166.8820678513732"
"45","60","5","false","25","100","183","100","166.7687595712098"
"38","60","5","false","25","50","151","99.63269054178146","171.67721518987344"
"50","60","5","false","25","100","37","59.77961432506888","100.93023255813954"
"45","60","5","false","25","100","184","100","166.7687595712098"
"34","60","5","false","25","50","222","100","167.79661016949152"
"49","60","5","false","25","100","60","77.50229568411386","128.07283763277692"
"47","60","5","false","25","100","84","91.82736455463728","159.23566878980893"
"43","60","5","false","25","100","105","97.88797061524335","169.20634920634922"
"44","60","5","false","25","100","94","95.0413223140496","167.20516962843294"
"45","60","5","false","25","100","185","100","166.7687595712098"
"50","60","5","false","25","100","38","60.05509641873278","101.39534883720931"
"49","60","5","false","25","100","61","78.51239669421489","129.74203338391501"
"1","60","5","false","25","0","49","66.57483930211203","117.50405186385737"
"49","60","5","false","25","100","62","79.7979797979798","131.86646433990896"
"45","60","5","false","25","100","186","100","166.7687595712098"
"38","60","5","false","25","50","152","99.72451790633609","171.8354430379747"
"47","60","5","false","25","100","85","91.82736455463728","159.23566878980893"
"34","60","5","false","25","50","223","100","167.79661016949152"
"45","60","5","false","25","100","187","100","166.7687595712098"
"50","60","5","false","25","100","39","60.23875114784206","101.70542635658914"
"44","60","5","false","25","100","95","95.22497704315886","167.52827140549275"
"49","60","5","false","25","100","63","80.62442607897154","133.2321699544765"
"45","60","5","false","25","100","188","100","166.7687595712098"
"49","60","5","false","25","100","64","82.18549127640037","135.81183611532626"
"43","60","5","false","25","100","106","97.97979797979798","169.36507936507937"
"47","60","5","false","25","100","86","92.01101928374655","159.55414012738854"
"49","60","5","false","25","100","65","83.56290174471994","138.08801213960547"
"45","60","5","false","25","100","189","100","166.7687595712098"
"50","60","5","false","25","100","40","60.69788797061524","102.48062015503876"
"44","60","5","false","25","100","96","95.22497704315886","167.52827140549275"
"45","60","5","false","25","100","190","100","166.7687595712098"
"38","60","5","false","25","50","153","99.72451790633609","171.8354430379747"
"49","60","5","false","25","100","66","84.57300275482093","139.75720789074356"
"45","60","5","false","25","100","191","100","166.7687595712098"
"50","60","5","false","25","100","41","61.15702479338842","103.25581395348837"
"47","60","5","false","25","100","87","92.1028466483012","159.71337579617835"
"44","60","5","false","25","100","97","95.31680440771349","167.68982229402263"
"49","60","5","false","25","100","67","85.85858585858585","141.88163884673747"
"45","60","5","false","25","100","192","100","166.7687595712098"
"50","60","5","false","25","100","42","61.52433425160698","103.87596899224806"
"45","60","5","false","25","100","193","100","166.7687595712098"
"34","60","5","false","25","50","224","100","167.79661016949152"
"47","60","5","false","25","100","88","92.19467401285583","159.87261146496817"
"49","60","5","false","25","100","68","86.68503213957759","143.247344461305"
"45","60","5","false","25","100","194","100","166.7687595712098"
"50","60","5","false","25","100","43","61.52433425160698","103.87596899224806"
"49","60","5","false","25","100","69","87.60330578512396","144.7647951441578"
"44","60","5","false","25","100","98","95.31680440771349","167.68982229402263"
"43","60","5","false","25","100","107","98.07162534435263","169.52380952380952"
"50","60","5","false","25","100","44","61.70798898071625","104.18604651162791"
"47","60","5","false","25","100","89","92.19467401285583","159.87261146496817"
"49","60","5","false","25","100","70","88.79706152433425","146.73748103186645"
"45","60","5","false","25","100","195","100","166.7687595712098"
"38","60","5","false","25","50","154","99.72451790633609","171.8354430379747"
"45","60","5","false","25","100","196","100","166.7687595712098"
"34","60","5","false","25","50","225","100","167.79661016949152"
"49","60","5","false","25","100","71","89.62350780532599","148.10318664643398"
"47","60","5","false","25","100","90","92.28650137741047","160.03184713375796"
"45","60","5","false","25","100","197","100","166.7687595712098"
"44","60","5","false","25","100","99","95.31680440771349","167.68982229402263"
"45","60","5","false","25","100","198","100","166.7687595712098"
"50","60","5","false","25","100","45","62.0752984389348","104.8062015503876"
"47","60","5","false","25","100","91","92.56198347107438","160.5095541401274"
"43","60","5","false","25","100","108","98.16345270890724","169.68253968253967"
"45","60","5","false","25","100","199","100","166.7687595712098"
"34","60","5","false","25","50","226","100","167.79661016949152"
"50","60","5","false","25","100","46","62.35078053259871","105.27131782945736"
"47","60","5","false","25","100","92","92.92929292929293","161.14649681528664"
"49","60","5","false","25","100","72","90.08264462809917","148.8619119878604"
"38","60","5","false","25","50","155","99.72451790633609","171.8354430379747"
"44","60","5","false","25","100","100","95.31680440771349","167.68982229402263"
"45","60","5","false","25","100","200","100","166.7687595712098"
"49","60","5","false","25","100","73","90.44995408631772","149.4688922610015"
"50","60","5","false","25","100","47","62.62626262626263","105.73643410852713"
"47","60","5","false","25","100","93","93.02112029384757","161.30573248407643"
"49","60","5","false","25","100","74","90.81726354453627","150.07587253414266"
"45","60","5","false","25","100","201","100","166.7687595712098"
"49","60","5","false","25","100","75","91.91919191919192","151.89681335356602"
"50","60","5","false","25","100","48","63.17722681359045","106.66666666666667"
"43","60","5","false","25","100","109","98.43893480257117","170.15873015873015"
"45","60","5","false","25","100","202","100","166.7687595712098"
"44","60","5","false","25","100","101","95.31680440771349","167.68982229402263"
"34","60","5","false","25","50","227","100","167.79661016949152"
"49","60","5","false","25","100","76","92.74563820018365","153.26251896813355"
"50","60","5","false","25","100","49","63.72819100091828","107.5968992248062"
"45","60","5","false","25","100","203","100","166.7687595712098"
"38","60","5","false","25","50","156","99.72451790633609","171.8354430379747"
"47","60","5","false","25","100","94","93.20477502295684","161.62420382165607"
"44","60","5","false","25","100","102","95.50045913682277","168.01292407108238"
"50","60","5","false","25","100","50","64.46280991735537","108.83720930232559"
"49","60","5","false","25","100","77","93.38842975206612","154.32473444613052"
"43","60","5","false","25","100","110","98.62258953168043","170.47619047619048"
"45","60","5","false","25","100","204","100","166.7687595712098"
"50","60","5","false","25","100","51","65.56473829201101","110.69767441860465"
"49","60","5","false","25","100","78","93.66391184573003","154.77996965098635"
"47","60","5","false","25","100","95","93.38842975206612","161.94267515923565"
"50","60","5","false","25","100","52","66.4830119375574","112.24806201550388"
"34","60","5","false","25","50","228","100","167.79661016949152"
"45","60","5","false","25","100","205","100","166.7687595712098"
"44","60","5","false","25","100","103","95.77594123048668","168.49757673667204"
"49","60","5","false","25","100","79","93.75573921028466","154.93171471927164"
"50","60","5","false","25","100","53","67.67676767676768","114.26356589147287"
"47","60","5","false","25","100","96","93.38842975206612","161.94267515923565"
"38","60","5","false","25","50","157","99.72451790633609","171.8354430379747"
"49","60","5","false","25","100","80","94.12304866850322","155.53869499241276"
"43","60","5","false","25","100","111","98.71441689623508","170.63492063492063"
"49","60","5","false","25","100","81","94.3067033976125","155.84218512898332"
"50","60","5","false","25","100","54","68.59504132231406","115.81395348837209"
"47","60","5","false","25","100","97","93.48025711662076","162.10191082802547"
"45","60","5","false","25","100","206","100","166.7687595712098"
"47","60","5","false","25","100","98","93.5720844811754","162.2611464968153"
"44","60","5","false","25","100","104","95.95959595959596","168.82067851373182"
"49","60","5","false","25","100","82","94.49035812672176","156.14567526555388"
"50","60","5","false","25","100","55","69.88062442607898","117.98449612403101"
"43","60","5","false","25","100","112","98.71441689623508","170.63492063492063"
"45","60","5","false","25","100","207","100","166.7687595712098"
"50","60","5","false","25","100","56","71.16620752984389","120.15503875968992"
"34","60","5","false","25","50","229","100","167.79661016949152"
"47","60","5","false","25","100","99","93.66391184573003","162.4203821656051"
"49","60","5","false","25","100","83","94.5821854912764","156.29742033383914"
"50","60","5","false","25","100","57","72.26813590449954","122.015503875969"
"38","60","5","false","25","50","158","99.72451790633609","171.8354430379747"
"45","60","5","false","25","100","208","100","166.7687595712098"
"44","60","5","false","25","100","105","96.05142332415059","168.9822294022617"
"47","60","5","false","25","100","100","93.8475665748393","162.7388535031847"
"49","60","5","false","25","100","84","94.5821854912764","156.29742033383914"
"50","60","5","false","25","100","58","73.82920110192838","124.65116279069768"
"47","60","5","false","25","100","101","94.21487603305785","163.37579617834393"
"45","60","5","false","25","100","209","100","166.7687595712098"
"43","60","5","false","25","100","113","98.71441689623508","170.63492063492063"
"50","60","5","false","25","100","59","75.39026629935721","127.28682170542636"
"34","60","5","false","25","50","230","100","167.79661016949152"
"47","60","5","false","25","100","102","94.49035812672176","163.85350318471336"
"44","60","5","false","25","100","106","96.14325068870524","169.1437802907916"
"38","60","5","false","25","50","159","99.72451790633609","171.8354430379747"
"45","60","5","false","25","100","210","100","166.7687595712098"
"49","60","5","false","25","100","85","94.67401285583104","156.44916540212444"
"44","60","5","false","25","100","107","96.32690541781452","169.46688206785137"
"47","60","5","false","25","100","103","94.49035812672176","163.85350318471336"
"43","60","5","false","25","100","114","98.71441689623508","170.63492063492063"
"50","60","5","false","25","100","60","76.67584940312213","129.45736434108528"
"45","60","5","false","25","100","211","100","166.7687595712098"
"47","60","5","false","25","100","104","94.8576675849403","164.4904458598726"
"38","60","5","false","25","50","160","99.81634527089072","171.99367088607596"
"34","60","5","false","25","50","231","100","167.79661016949152"
"43","60","5","false","25","100","115","98.71441689623508","170.63492063492063"
"45","60","5","false","25","100","212","100","166.7687595712098"
"47","60","5","false","25","100","105","94.94949494949495","164.64968152866243"
"50","60","5","false","25","100","61","77.50229568411386","130.85271317829458"
"49","60","5","false","25","100","86","94.8576675849403","156.752655538695"
"44","60","5","false","25","100","108","96.32690541781452","169.46688206785137"
"47","60","5","false","25","100","106","95.40863177226814","165.44585987261146"
"50","60","5","false","25","100","62","78.97153351698806","133.33333333333331"
"45","60","5","false","25","100","213","100","166.7687595712098"
"43","60","5","false","25","100","116","98.80624426078971","170.79365079365078"
"49","60","5","false","25","100","87","95.13314967860423","157.20789074355085"
"38","60","5","false","25","50","161","99.81634527089072","171.99367088607596"
"50","60","5","false","25","100","63","80.62442607897154","136.12403100775194"
"44","60","5","false","25","100","109","96.51056014692378","169.78998384491115"
"47","60","5","false","25","100","107","95.68411386593205","165.9235668789809"
"49","60","5","false","25","100","88","95.22497704315886","157.3596358118361"
"45","60","5","false","25","100","214","100","166.7687595712098"
"34","60","5","false","25","50","232","100","167.79661016949152"
"44","60","5","false","25","100","110","96.60238751147841","169.95153473344104"
"50","60","5","false","25","100","64","81.81818181818183","138.13953488372093"
"38","60","5","false","25","50","162","99.81634527089072","171.99367088607596"
"45","60","5","false","25","100","215","100","166.7687595712098"
"49","60","5","false","25","100","89","95.31680440771349","157.5113808801214"
"44","60","5","false","25","100","111","96.69421487603306","170.11308562197092"
"43","60","5","false","25","100","117","98.89807162534436","170.95238095238093"
"50","60","5","false","25","100","65","84.11386593204774","142.015503875969"
"34","60","5","false","25","50","233","100","167.79661016949152"
"47","60","5","false","25","100","108","96.41873278236915","167.19745222929936"
"49","60","5","false","25","100","90","95.31680440771349","157.5113808801214"
"45","60","5","false","25","100","216","100","166.7687595712098"
"45","60","5","false","25","100","217","100","166.7687595712098"
"49","60","5","false","25","100","91","95.31680440771349","157.5113808801214"
"47","60","5","false","25","100","109","96.87786960514234","167.9936305732484"
"44","60","5","false","25","100","112","96.96969696969697","170.59773828756056"
"38","60","5","false","25","50","163","99.81634527089072","171.99367088607596"
"45","60","5","false","25","100","218","100","166.7687595712098"
"43","60","5","false","25","100","118","98.89807162534436","170.95238095238093"
"47","60","5","false","25","100","110","96.96969696969697","168.15286624203821"
"50","60","5","false","25","100","66","85.67493112947659","144.65116279069767"
"49","60","5","false","25","100","92","95.31680440771349","157.5113808801214"
"34","60","5","false","25","50","234","100","167.79661016949152"
"45","60","5","false","25","100","219","100","166.7687595712098"
"44","60","5","false","25","100","113","97.15335169880625","170.92084006462036"
"49","60","5","false","25","100","93","95.31680440771349","157.5113808801214"
"47","60","5","false","25","100","111","97.52066115702479","169.10828025477707"
"43","60","5","false","25","100","119","98.89807162534436","170.95238095238093"
"50","60","5","false","25","100","67","86.9605142332415","146.8217054263566"
"45","60","5","false","25","100","220","100","166.7687595712098"
"49","60","5","false","25","100","94","95.40863177226814","157.66312594840667"
"47","60","5","false","25","100","112","98.34710743801654","170.54140127388536"
"44","60","5","false","25","100","114","97.33700642791551","171.2439418416801"
"50","60","5","false","25","100","68","88.61340679522498","149.6124031007752"
"49","60","5","false","25","100","95","95.50045913682277","157.81487101669197"
"45","60","5","false","25","100","221","100","166.7687595712098"
"43","60","5","false","25","100","120","99.08172635445362","171.26984126984127"
"38","60","5","false","25","50","164","99.81634527089072","171.99367088607596"
"50","60","5","false","25","100","69","89.80716253443526","151.62790697674419"
"34","60","5","false","25","50","235","100","167.79661016949152"
"47","60","5","false","25","100","113","98.62258953168043","171.01910828025478"
"45","60","5","false","25","100","222","100","166.7687595712098"
"49","60","5","false","25","100","96","95.50045913682277","157.81487101669197"
"44","60","5","false","25","100","115","97.33700642791551","171.2439418416801"
"50","60","5","false","25","100","70","91.18457300275482","153.953488372093"
"43","60","5","false","25","100","121","99.17355371900827","171.42857142857142"
"38","60","5","false","25","50","165","99.81634527089072","171.99367088607596"
"47","60","5","false","25","100","114","98.62258953168043","171.01910828025478"
"45","60","5","false","25","100","223","100","166.7687595712098"
"49","60","5","false","25","100","97","95.59228650137742","157.96661608497723"
"50","60","5","false","25","100","71","92.1028466483012","155.50387596899225"
"49","60","5","false","25","100","98","95.59228650137742","157.96661608497723"
"45","60","5","false","25","100","224","100","166.7687595712098"
"34","60","5","false","25","50","236","100","167.79661016949152"
"47","60","5","false","25","100","115","98.71441689623508","171.17834394904457"
"44","60","5","false","25","100","116","97.42883379247016","171.40549273021003"
"38","60","5","false","25","50","166","99.81634527089072","171.99367088607596"
"49","60","5","false","25","100","99","95.68411386593205","158.11836115326253"
"50","60","5","false","25","100","72","92.8374655647383","156.74418604651163"
"43","60","5","false","25","100","122","99.17355371900827","171.42857142857142"
"47","60","5","false","25","100","116","98.71441689623508","171.17834394904457"
"45","60","5","false","25","100","225","100","166.7687595712098"
"49","60","5","false","25","100","100","95.77594123048668","158.2701062215478"
"50","60","5","false","25","100","73","93.29660238751147","157.51937984496124"
"47","60","5","false","25","100","117","98.71441689623508","171.17834394904457"
"45","60","5","false","25","100","226","100","166.7687595712098"
"34","60","5","false","25","50","237","100","167.79661016949152"
"43","60","5","false","25","100","123","99.17355371900827","171.42857142857142"
"38","60","5","false","25","50","167","99.81634527089072","171.99367088607596"
"49","60","5","false","25","100","101","95.95959595959596","158.57359635811835"
"44","60","5","false","25","100","117","97.42883379247016","171.40549273021003"
"50","60","5","false","25","100","74","93.38842975206612","157.67441860465118"
"45","60","5","false","25","100","227","100","166.7687595712098"
"47","60","5","false","25","100","118","98.71441689623508","171.17834394904457"
"50","60","5","false","25","100","75","93.5720844811754","157.984496124031"
"49","60","5","false","25","100","102","96.05142332415059","158.72534142640365"
"34","60","5","false","25","50","238","100","167.79661016949152"
"47","60","5","false","25","100","119","98.71441689623508","171.17834394904457"
"49","60","5","false","25","100","103","96.14325068870524","158.8770864946889"
"38","60","5","false","25","50","168","99.81634527089072","171.99367088607596"
"50","60","5","false","25","100","76","93.5720844811754","157.984496124031"
"45","60","5","false","25","100","228","100","166.7687595712098"
"44","60","5","false","25","100","118","97.70431588613407","171.89014539579966"
"43","60","5","false","25","100","124","99.17355371900827","171.42857142857142"
"47","60","5","false","25","100","120","98.71441689623508","171.17834394904457"
"49","60","5","false","25","100","104","96.14325068870524","158.8770864946889"
"50","60","5","false","25","100","77","93.5720844811754","157.984496124031"
"45","60","5","false","25","100","229","100","166.7687595712098"
"34","60","5","false","25","50","239","100","167.79661016949152"
"43","60","5","false","25","100","125","99.17355371900827","171.42857142857142"
"44","60","5","false","25","100","119","97.88797061524335","172.21324717285944"
"47","60","5","false","25","100","121","98.80624426078971","171.3375796178344"
"38","60","5","false","25","50","169","99.81634527089072","171.99367088607596"
"49","60","5","false","25","100","105","96.32690541781452","159.1805766312595"
"45","60","5","false","25","100","230","100","166.7687595712098"
"50","60","5","false","25","100","78","93.75573921028466","158.29457364341087"
"47","60","5","false","25","100","122","98.80624426078971","171.3375796178344"
"49","60","5","false","25","100","106","96.32690541781452","159.1805766312595"
"45","60","5","false","25","100","231","100","166.7687595712098"
"44","60","5","false","25","100","120","98.07162534435263","172.53634894991922"
"49","60","5","false","25","100","107","96.32690541781452","159.1805766312595"
"38","60","5","false","25","50","170","99.81634527089072","171.99367088607596"
"50","60","5","false","25","100","79","93.8475665748393","158.4496124031008"
"45","60","5","false","25","100","232","100","166.7687595712098"
"43","60","5","false","25","100","126","99.17355371900827","171.42857142857142"
"34","60","5","false","25","50","240","100","167.79661016949152"
"44","60","5","false","25","100","121","98.34710743801654","173.02100161550888"
"45","60","5","false","25","100","233","100","166.7687595712098"
"49","60","5","false","25","100","108","96.32690541781452","159.1805766312595"
"47","60","5","false","25","100","123","98.80624426078971","171.3375796178344"
"50","60","5","false","25","100","80","93.93939393939394","158.6046511627907"
"49","60","5","false","25","100","109","96.32690541781452","159.1805766312595"
"45","60","5","false","25","100","234","100","166.7687595712098"
"43","60","5","false","25","100","127","99.17355371900827","171.42857142857142"
"50","60","5","false","25","100","81","94.03122130394857","158.75968992248062"
"45","60","5","false","25","100","235","100","166.7687595712098"
"38","60","5","false","25","50","171","99.81634527089072","171.99367088607596"
"47","60","5","false","25","100","124","98.80624426078971","171.3375796178344"
"49","60","5","false","25","100","110","96.32690541781452","159.1805766312595"
"44","60","5","false","25","100","122","98.71441689623508","173.66720516962843"
"45","60","5","false","25","100","236","100","166.7687595712098"
"50","60","5","false","25","100","82","94.03122130394857","158.75968992248062"
"34","60","5","false","25","50","241","100","167.79661016949152"
"47","60","5","false","25","100","125","98.80624426078971","171.3375796178344"
"49","60","5","false","25","100","111","96.32690541781452","159.1805766312595"
"50","60","5","false","25","100","83","94.03122130394857","158.75968992248062"
"38","60","5","false","25","50","172","99.90817263544535","172.15189873417722"
"49","60","5","false","25","100","112","96.41873278236915","159.33232169954476"
"47","60","5","false","25","100","126","98.80624426078971","171.3375796178344"
"45","60","5","false","25","100","237","100","166.7687595712098"
"50","60","5","false","25","100","84","94.12304866850322","158.91472868217053"
"34","60","5","false","25","50","242","100","167.79661016949152"
"44","60","5","false","25","100","123","98.71441689623508","173.66720516962843"
"50","60","5","false","25","100","85","94.12304866850322","158.91472868217053"
"49","60","5","false","25","100","113","96.60238751147841","159.63581183611532"
"45","60","5","false","25","100","238","100","166.7687595712098"
"47","60","5","false","25","100","127","98.80624426078971","171.3375796178344"
"38","60","5","false","25","50","173","99.90817263544535","172.15189873417722"
"47","60","5","false","25","100","128","98.80624426078971","171.3375796178344"
"44","60","5","false","25","100","124","98.80624426078971","173.82875605815832"
"50","60","5","false","25","100","86","94.21487603305785","159.06976744186045"
"45","60","5","false","25","100","239","100","166.7687595712098"
"49","60","5","false","25","100","114","96.60238751147841","159.63581183611532"
"34","60","5","false","25","50","243","100","167.79661016949152"
"47","60","5","false","25","100","129","98.80624426078971","171.3375796178344"
"50","60","5","false","25","100","87","94.21487603305785","159.06976744186045"
"45","60","5","false","25","100","240","100","166.7687595712098"
"44","60","5","false","25","100","125","99.08172635445362","174.31340872374798"
"1","60","5","false","25","0","50","68.13590449954087","120.25931928687197"
"49","60","5","false","25","100","115","96.69421487603306","159.78755690440062"
"38","60","5","false","25","50","174","99.90817263544535","172.15189873417722"
"45","60","5","false","25","100","241","100","166.7687595712098"
"50","60","5","false","25","100","88","94.21487603305785","159.06976744186045"
"44","60","5","false","25","100","126","99.54086317722681","175.12116316639742"
"47","60","5","false","25","100","130","98.80624426078971","171.3375796178344"
"34","60","5","false","25","50","244","100","167.79661016949152"
"45","60","5","false","25","100","242","100","166.7687595712098"
"50","60","5","false","25","100","89","94.3067033976125","159.2248062015504"
"49","60","5","false","25","100","116","96.7860422405877","159.93930197268588"
"47","60","5","false","25","100","131","98.80624426078971","171.3375796178344"
"49","60","5","false","25","100","117","96.96969696969697","160.24279210925644"
"34","60","5","false","25","50","245","100","167.79661016949152"
"45","60","5","false","25","100","243","100","166.7687595712098"
"38","60","5","false","25","50","175","99.90817263544535","172.15189873417722"
"44","60","5","false","25","100","127","99.54086317722681","175.12116316639742"
"50","60","5","false","25","100","90","94.3067033976125","159.2248062015504"
"47","60","5","false","25","100","132","98.80624426078971","171.3375796178344"
"49","60","5","false","25","100","118","97.0615243342516","160.39453717754174"
"50","60","5","false","25","100","91","94.3067033976125","159.2248062015504"
"45","60","5","false","25","100","244","100","166.7687595712098"
"47","60","5","false","25","100","133","98.80624426078971","171.3375796178344"
"49","60","5","false","25","100","119","97.0615243342516","160.39453717754174"
"34","60","5","false","25","50","246","100","167.79661016949152"
"44","60","5","false","25","100","128","99.72451790633609","175.4442649434572"
"38","60","5","false","25","50","176","99.90817263544535","172.15189873417722"
"45","60","5","false","25","100","245","100","166.7687595712098"
"50","60","5","false","25","100","92","94.3067033976125","159.2248062015504"
"49","60","5","false","25","100","120","97.0615243342516","160.39453717754174"
"38","60","5","false","25","50","177","99.90817263544535","172.15189873417722"
"44","60","5","false","25","100","129","99.72451790633609","175.4442649434572"
"50","60","5","false","25","100","93","94.3067033976125","159.2248062015504"
"45","60","5","false","25","100","246","100","166.7687595712098"
"49","60","5","false","25","100","121","97.15335169880625","160.546282245827"
"34","60","5","false","25","50","247","100","167.79661016949152"
"45","60","5","false","25","100","247","100","166.7687595712098"
"38","60","5","false","25","50","178","99.90817263544535","172.15189873417722"
"49","60","5","false","25","100","122","97.33700642791551","160.84977238239756"
"50","60","5","false","25","100","94","94.3067033976125","159.2248062015504"
"44","60","5","false","25","100","130","99.72451790633609","175.4442649434572"
"34","60","5","false","25","50","248","100","167.79661016949152"
"45","60","5","false","25","100","248","100","166.7687595712098"
"49","60","5","false","25","100","123","97.42883379247016","161.00151745068285"
"38","60","5","false","25","50","179","99.90817263544535","172.15189873417722"
"49","60","5","false","25","100","124","97.70431588613407","161.4567526555387"
"44","60","5","false","25","100","131","99.72451790633609","175.4442649434572"
"34","60","5","false","25","50","249","100","167.79661016949152"
"45","60","5","false","25","100","249","100","166.7687595712098"
"49","60","5","false","25","100","125","97.70431588613407","161.4567526555387"
"44","60","5","false","25","100","132","99.72451790633609","175.4442649434572"
"45","60","5","false","25","100","250","100","166.7687595712098"
"49","60","5","false","25","100","126","97.97979797979798","161.91198786039453"
"38","60","5","false","25","50","180","99.90817263544535","172.15189873417722"
"34","60","5","false","25","50","250","100","167.79661016949152"
"45","60","5","false","25","100","251","100","166.7687595712098"
"44","60","5","false","25","100","133","99.81634527089072","175.60581583198706"
"38","60","5","false","25","50","181","99.90817263544535","172.15189873417722"
"34","60","5","false","25","50","251","100","167.79661016949152"
"45","60","5","false","25","100","252","100","166.7687595712098"
"49","60","5","false","25","100","127","98.5307621671258","162.8224582701062"
"44","60","5","false","25","100","134","99.81634527089072","175.60581583198706"
"45","60","5","false","25","100","253","100","166.7687595712098"
"49","60","5","false","25","100","128","98.89807162534436","163.42943854324733"
"49","60","5","false","25","100","129","99.08172635445362","163.7329286798179"
"34","60","5","false","25","50","252","100","167.79661016949152"
"38","60","5","false","25","50","182","99.90817263544535","172.15189873417722"
"45","60","5","false","25","100","254","100","166.7687595712098"
"44","60","5","false","25","100","135","99.81634527089072","175.60581583198706"
"49","60","5","false","25","100","130","99.35720844811755","164.18816388467374"
"45","60","5","false","25","100","255","100","166.7687595712098"
"44","60","5","false","25","100","136","99.81634527089072","175.60581583198706"
"38","60","5","false","25","50","183","99.90817263544535","172.15189873417722"
"34","60","5","false","25","50","253","100","167.79661016949152"
"49","60","5","false","25","100","131","99.44903581267218","164.33990895295904"
"45","60","5","false","25","100","256","100","166.7687595712098"
"44","60","5","false","25","100","137","99.81634527089072","175.60581583198706"
"38","60","5","false","25","50","184","99.90817263544535","172.15189873417722"
"45","60","5","false","25","100","257","100","166.7687595712098"
"49","60","5","false","25","100","132","99.44903581267218","164.33990895295904"
"34","60","5","false","25","50","254","100","167.79661016949152"
"45","60","5","false","25","100","258","100","166.7687595712098"
"49","60","5","false","25","100","133","99.54086317722681","164.4916540212443"
"44","60","5","false","25","100","138","99.81634527089072","175.60581583198706"
"34","60","5","false","25","50","255","100","167.79661016949152"
"49","60","5","false","25","100","134","99.54086317722681","164.4916540212443"
"45","60","5","false","25","100","259","100","166.7687595712098"
"38","60","5","false","25","50","185","99.90817263544535","172.15189873417722"
"44","60","5","false","25","100","139","99.90817263544535","175.76736672051695"
"49","60","5","false","25","100","135","99.54086317722681","164.4916540212443"
"34","60","5","false","25","50","256","100","167.79661016949152"
"45","60","5","false","25","100","260","100","166.7687595712098"
"38","60","5","false","25","50","186","99.90817263544535","172.15189873417722"
"49","60","5","false","25","100","136","99.54086317722681","164.4916540212443"
"45","60","5","false","25","100","261","100","166.7687595712098"
"34","60","5","false","25","50","257","100","167.79661016949152"
"49","60","5","false","25","100","137","99.54086317722681","164.4916540212443"
"44","60","5","false","25","100","140","99.90817263544535","175.76736672051695"
"45","60","5","false","25","100","262","100","166.7687595712098"
"49","60","5","false","25","100","138","99.63269054178146","164.6433990895296"
"38","60","5","false","25","50","187","99.90817263544535","172.15189873417722"
"45","60","5","false","25","100","263","100","166.7687595712098"
"44","60","5","false","25","100","141","99.90817263544535","175.76736672051695"
"34","60","5","false","25","50","258","100","167.79661016949152"
"45","60","5","false","25","100","264","100","166.7687595712098"
"44","60","5","false","25","100","142","99.90817263544535","175.76736672051695"
"38","60","5","false","25","50","188","99.90817263544535","172.15189873417722"
"49","60","5","false","25","100","139","99.63269054178146","164.6433990895296"
"34","60","5","false","25","50","259","100","167.79661016949152"
"45","60","5","false","25","100","265","100","166.7687595712098"
"44","60","5","false","25","100","143","99.90817263544535","175.76736672051695"
"49","60","5","false","25","100","140","99.63269054178146","164.6433990895296"
"45","60","5","false","25","100","266","100","166.7687595712098"
"34","60","5","false","25","50","260","100","167.79661016949152"
"38","60","5","false","25","50","189","99.90817263544535","172.15189873417722"
"44","60","5","false","25","100","144","99.90817263544535","175.76736672051695"
"49","60","5","false","25","100","141","99.63269054178146","164.6433990895296"
"45","60","5","false","25","100","267","100","166.7687595712098"
"44","60","5","false","25","100","145","99.90817263544535","175.76736672051695"
"49","60","5","false","25","100","142","99.63269054178146","164.6433990895296"
"45","60","5","false","25","100","268","100","166.7687595712098"
"34","60","5","false","25","50","261","100","167.79661016949152"
"44","60","5","false","25","100","146","99.90817263544535","175.76736672051695"
"38","60","5","false","25","50","190","99.90817263544535","172.15189873417722"
"45","60","5","false","25","100","269","100","166.7687595712098"
"49","60","5","false","25","100","143","99.63269054178146","164.6433990895296"
"34","60","5","false","25","50","262","100","167.79661016949152"
"44","60","5","false","25","100","147","99.90817263544535","175.76736672051695"
"49","60","5","false","25","100","144","99.63269054178146","164.6433990895296"
"45","60","5","false","25","100","270","100","166.7687595712098"
"38","60","5","false","25","50","191","99.90817263544535","172.15189873417722"
"34","60","5","false","25","50","263","100","167.79661016949152"
"45","60","5","false","25","100","271","100","166.7687595712098"
"44","60","5","false","25","100","148","99.90817263544535","175.76736672051695"
"49","60","5","false","25","100","145","99.63269054178146","164.6433990895296"
"45","60","5","false","25","100","272","100","166.7687595712098"
"34","60","5","false","25","50","264","100","167.79661016949152"
"38","60","5","false","25","50","192","99.90817263544535","172.15189873417722"
"49","60","5","false","25","100","146","99.63269054178146","164.6433990895296"
"45","60","5","false","25","100","273","100","166.7687595712098"
"49","60","5","false","25","100","147","99.63269054178146","164.6433990895296"
"44","60","5","false","25","100","149","99.90817263544535","175.76736672051695"
"45","60","5","false","25","100","274","100","166.7687595712098"
"38","60","5","false","25","50","193","99.90817263544535","172.15189873417722"
"49","60","5","false","25","100","148","99.63269054178146","164.6433990895296"
"44","60","5","false","25","100","150","99.90817263544535","175.76736672051695"
"34","60","5","false","25","50","265","100","167.79661016949152"
"45","60","5","false","25","100","275","100","166.7687595712098"
"38","60","5","false","25","50","194","99.90817263544535","172.15189873417722"
"49","60","5","false","25","100","149","99.63269054178146","164.6433990895296"
"44","60","5","false","25","100","151","100","175.92891760904686"
"45","60","5","false","25","100","276","100","166.7687595712098"
"34","60","5","false","25","50","266","100","167.79661016949152"
"49","60","5","false","25","100","150","99.63269054178146","164.6433990895296"
"38","60","5","false","25","50","195","99.90817263544535","172.15189873417722"
"45","60","5","false","25","100","277","100","166.7687595712098"
"44","60","5","false","25","100","152","100","175.92891760904686"
"49","60","5","false","25","100","151","99.63269054178146","164.6433990895296"
"34","60","5","false","25","50","267","100","167.79661016949152"
"45","60","5","false","25","100","278","100","166.7687595712098"
"49","60","5","false","25","100","152","99.63269054178146","164.6433990895296"
"38","60","5","false","25","50","196","99.90817263544535","172.15189873417722"
"44","60","5","false","25","100","153","100","175.92891760904686"
"45","60","5","false","25","100","279","100","166.7687595712098"
"34","60","5","false","25","50","268","100","167.79661016949152"
"34","60","5","false","25","50","269","100","167.79661016949152"
"45","60","5","false","25","100","280","100","166.7687595712098"
"38","60","5","false","25","50","197","99.90817263544535","172.15189873417722"
"34","60","5","false","25","50","270","100","167.79661016949152"
"44","60","5","false","25","100","154","100","175.92891760904686"
"45","60","5","false","25","100","281","100","166.7687595712098"
"34","60","5","false","25","50","271","100","167.79661016949152"
"44","60","5","false","25","100","155","100","175.92891760904686"
"45","60","5","false","25","100","282","100","166.7687595712098"
"38","60","5","false","25","50","198","99.90817263544535","172.15189873417722"
"34","60","5","false","25","50","272","100","167.79661016949152"
"44","60","5","false","25","100","156","100","175.92891760904686"
"45","60","5","false","25","100","283","100","166.7687595712098"
"38","60","5","false","25","50","199","99.90817263544535","172.15189873417722"
"44","60","5","false","25","100","157","100","175.92891760904686"
"45","60","5","false","25","100","284","100","166.7687595712098"
"38","60","5","false","25","50","200","99.90817263544535","172.15189873417722"
"34","60","5","false","25","50","273","100","167.79661016949152"
"45","60","5","false","25","100","285","100","166.7687595712098"
"38","60","5","false","25","50","201","99.90817263544535","172.15189873417722"
"44","60","5","false","25","100","158","100","175.92891760904686"
"45","60","5","false","25","100","286","100","166.7687595712098"
"34","60","5","false","25","50","274","100","167.79661016949152"
"38","60","5","false","25","50","202","99.90817263544535","172.15189873417722"
"44","60","5","false","25","100","159","100","175.92891760904686"
"45","60","5","false","25","100","287","100","166.7687595712098"
"34","60","5","false","25","50","275","100","167.79661016949152"
"45","60","5","false","25","100","288","100","166.7687595712098"
"38","60","5","false","25","50","203","99.90817263544535","172.15189873417722"
"44","60","5","false","25","100","160","100","175.92891760904686"
"34","60","5","false","25","50","276","100","167.79661016949152"
"45","60","5","false","25","100","289","100","166.7687595712098"
"44","60","5","false","25","100","161","100","175.92891760904686"
"38","60","5","false","25","50","204","99.90817263544535","172.15189873417722"
"45","60","5","false","25","100","290","100","166.7687595712098"
"34","60","5","false","25","50","277","100","167.79661016949152"
"1","60","5","false","25","0","51","69.6969696969697","123.01458670988654"
"44","60","5","false","25","100","162","100","175.92891760904686"
"34","60","5","false","25","50","278","100","167.79661016949152"
"45","60","5","false","25","100","291","100","166.7687595712098"
"38","60","5","false","25","50","205","99.90817263544535","172.15189873417722"
"44","60","5","false","25","100","163","100","175.92891760904686"
"34","60","5","false","25","50","279","100","167.79661016949152"
"45","60","5","false","25","100","292","100","166.7687595712098"
"34","60","5","false","25","50","280","100","167.79661016949152"
"44","60","5","false","25","100","164","100","175.92891760904686"
"38","60","5","false","25","50","206","99.90817263544535","172.15189873417722"
"45","60","5","false","25","100","293","100","166.7687595712098"
"44","60","5","false","25","100","165","100","175.92891760904686"
"34","60","5","false","25","50","281","100","167.79661016949152"
"45","60","5","false","25","100","294","100","166.7687595712098"
"38","60","5","false","25","50","207","99.90817263544535","172.15189873417722"
"44","60","5","false","25","100","166","100","175.92891760904686"
"45","60","5","false","25","100","295","100","166.7687595712098"
"34","60","5","false","25","50","282","100","167.79661016949152"
"44","60","5","false","25","100","167","100","175.92891760904686"
"45","60","5","false","25","100","296","100","166.7687595712098"
"38","60","5","false","25","50","208","99.90817263544535","172.15189873417722"
"44","60","5","false","25","100","168","100","175.92891760904686"
"34","60","5","false","25","50","283","100","167.79661016949152"
"45","60","5","false","25","100","297","100","166.7687595712098"
"38","60","5","false","25","50","209","99.90817263544535","172.15189873417722"
"45","60","5","false","25","100","298","100","166.7687595712098"
"44","60","5","false","25","100","169","100","175.92891760904686"
"34","60","5","false","25","50","284","100","167.79661016949152"
"45","60","5","false","25","100","299","100","166.7687595712098"
"38","60","5","false","25","50","210","99.90817263544535","172.15189873417722"
"34","60","5","false","25","50","285","100","167.79661016949152"
"44","60","5","false","25","100","170","100","175.92891760904686"
"45","60","5","false","25","100","300","100","166.7687595712098"
"44","60","5","false","25","100","171","100","175.92891760904686"
"38","60","5","false","25","50","211","100","172.31012658227849"
"34","60","5","false","25","50","286","100","167.79661016949152"
"45","60","5","false","25","100","301","100","166.7687595712098"
"44","60","5","false","25","100","172","100","175.92891760904686"
"44","60","5","false","25","100","173","100","175.92891760904686"
"34","60","5","false","25","50","287","100","167.79661016949152"
"45","60","5","false","25","100","302","100","166.7687595712098"
"44","60","5","false","25","100","174","100","175.92891760904686"
"38","60","5","false","25","50","212","100","172.31012658227849"
"45","60","5","false","25","100","303","100","166.7687595712098"
"34","60","5","false","25","50","288","100","167.79661016949152"
"44","60","5","false","25","100","175","100","175.92891760904686"
"45","60","5","false","25","100","304","100","166.7687595712098"
"38","60","5","false","25","50","213","100","172.31012658227849"
"34","60","5","false","25","50","289","100","167.79661016949152"
"45","60","5","false","25","100","305","100","166.7687595712098"
"44","60","5","false","25","100","176","100","175.92891760904686"
"38","60","5","false","25","50","214","100","172.31012658227849"
"44","60","5","false","25","100","177","100","175.92891760904686"
"45","60","5","false","25","100","306","100","166.7687595712098"
"34","60","5","false","25","50","290","100","167.79661016949152"
"45","60","5","false","25","100","307","100","166.7687595712098"
"44","60","5","false","25","100","178","100","175.92891760904686"
"45","60","5","false","25","100","308","100","166.7687595712098"
"38","60","5","false","25","50","215","100","172.31012658227849"
"45","60","5","false","25","100","309","100","166.7687595712098"
"44","60","5","false","25","100","179","100","175.92891760904686"
"34","60","5","false","25","50","291","100","167.79661016949152"
"45","60","5","false","25","100","310","100","166.7687595712098"
"45","60","5","false","25","100","311","100","166.7687595712098"
"44","60","5","false","25","100","180","100","175.92891760904686"
"34","60","5","false","25","50","292","100","167.79661016949152"
"38","60","5","false","25","50","216","100","172.31012658227849"
"44","60","5","false","25","100","181","100","175.92891760904686"
"45","60","5","false","25","100","312","100","166.7687595712098"
"45","60","5","false","25","100","313","100","166.7687595712098"
"45","60","5","false","25","100","314","100","166.7687595712098"
"44","60","5","false","25","100","182","100","175.92891760904686"
"34","60","5","false","25","50","293","100","167.79661016949152"
"38","60","5","false","25","50","217","100","172.31012658227849"
"45","60","5","false","25","100","315","100","166.7687595712098"
"34","60","5","false","25","50","294","100","167.79661016949152"
"44","60","5","false","25","100","183","100","175.92891760904686"
"45","60","5","false","25","100","316","100","166.7687595712098"
"38","60","5","false","25","50","218","100","172.31012658227849"
"44","60","5","false","25","100","184","100","175.92891760904686"
"34","60","5","false","25","50","295","100","167.79661016949152"
"45","60","5","false","25","100","317","100","166.7687595712098"
"44","60","5","false","25","100","185","100","175.92891760904686"
"38","60","5","false","25","50","219","100","172.31012658227849"
"34","60","5","false","25","50","296","100","167.79661016949152"
"45","60","5","false","25","100","318","100","166.7687595712098"
"44","60","5","false","25","100","186","100","175.92891760904686"
"38","60","5","false","25","50","220","100","172.31012658227849"
"34","60","5","false","25","50","297","100","167.79661016949152"
"45","60","5","false","25","100","319","100","166.7687595712098"
"34","60","5","false","25","50","298","100","167.79661016949152"
"44","60","5","false","25","100","187","100","175.92891760904686"
"34","60","5","false","25","50","299","100","167.79661016949152"
"38","60","5","false","25","50","221","100","172.31012658227849"
"45","60","5","false","25","100","320","100","166.7687595712098"
"44","60","5","false","25","100","188","100","175.92891760904686"
"45","60","5","false","25","100","321","100","166.7687595712098"
"38","60","5","false","25","50","222","100","172.31012658227849"
"34","60","5","false","25","50","300","100","167.79661016949152"
"44","60","5","false","25","100","189","100","175.92891760904686"
"45","60","5","false","25","100","322","100","166.7687595712098"
"34","60","5","false","25","50","301","100","167.79661016949152"
"45","60","5","false","25","100","323","100","166.7687595712098"
"38","60","5","false","25","50","223","100","172.31012658227849"
"44","60","5","false","25","100","190","100","175.92891760904686"
"45","60","5","false","25","100","324","100","166.7687595712098"
"34","60","5","false","25","50","302","100","167.79661016949152"
"44","60","5","false","25","100","191","100","175.92891760904686"
"38","60","5","false","25","50","224","100","172.31012658227849"
"45","60","5","false","25","100","325","100","166.7687595712098"
"34","60","5","false","25","50","303","100","167.79661016949152"
"38","60","5","false","25","50","225","100","172.31012658227849"
"45","60","5","false","25","100","326","100","166.7687595712098"
"44","60","5","false","25","100","192","100","175.92891760904686"
"34","60","5","false","25","50","304","100","167.79661016949152"
"45","60","5","false","25","100","327","100","166.7687595712098"
"38","60","5","false","25","50","226","100","172.31012658227849"
"44","60","5","false","25","100","193","100","175.92891760904686"
"34","60","5","false","25","50","305","100","167.79661016949152"
"45","60","5","false","25","100","328","100","166.7687595712098"
"44","60","5","false","25","100","194","100","175.92891760904686"
"38","60","5","false","25","50","227","100","172.31012658227849"
"34","60","5","false","25","50","306","100","167.79661016949152"
"44","60","5","false","25","100","195","100","175.92891760904686"
"45","60","5","false","25","100","329","100","166.7687595712098"
"34","60","5","false","25","50","307","100","167.79661016949152"
"38","60","5","false","25","50","228","100","172.31012658227849"
"45","60","5","false","25","100","330","100","166.7687595712098"
"44","60","5","false","25","100","196","100","175.92891760904686"
"34","60","5","false","25","50","308","100","167.79661016949152"
"45","60","5","false","25","100","331","100","166.7687595712098"
"38","60","5","false","25","50","229","100","172.31012658227849"
"44","60","5","false","25","100","197","100","175.92891760904686"
"45","60","5","false","25","100","332","100","166.7687595712098"
"1","60","5","false","25","0","52","70.79889807162535","124.95948136142626"
"34","60","5","false","25","50","309","100","167.79661016949152"
"38","60","5","false","25","50","230","100","172.31012658227849"
"45","60","5","false","25","100","333","100","166.7687595712098"
"44","60","5","false","25","100","198","100","175.92891760904686"
"45","60","5","false","25","100","334","100","166.7687595712098"
"44","60","5","false","25","100","199","100","175.92891760904686"
"34","60","5","false","25","50","310","100","167.79661016949152"
"38","60","5","false","25","50","231","100","172.31012658227849"
"45","60","5","false","25","100","335","100","166.7687595712098"
"34","60","5","false","25","50","311","100","167.79661016949152"
"44","60","5","false","25","100","200","100","175.92891760904686"
"45","60","5","false","25","100","336","100","166.7687595712098"
"44","60","5","false","25","100","201","100","175.92891760904686"
"45","60","5","false","25","100","337","100","166.7687595712098"
"34","60","5","false","25","50","312","100","167.79661016949152"
"45","60","5","false","25","100","338","100","166.7687595712098"
"44","60","5","false","25","100","202","100","175.92891760904686"
"45","60","5","false","25","100","339","100","166.7687595712098"
"34","60","5","false","25","50","313","100","167.79661016949152"
"44","60","5","false","25","100","203","100","175.92891760904686"
"34","60","5","false","25","50","314","100","167.79661016949152"
"45","60","5","false","25","100","340","100","166.7687595712098"
"44","60","5","false","25","100","204","100","175.92891760904686"
"45","60","5","false","25","100","341","100","166.7687595712098"
"44","60","5","false","25","100","205","100","175.92891760904686"
"34","60","5","false","25","50","315","100","167.79661016949152"
"45","60","5","false","25","100","342","100","166.7687595712098"
"34","60","5","false","25","50","316","100","167.79661016949152"
"44","60","5","false","25","100","206","100","175.92891760904686"
"45","60","5","false","25","100","343","100","166.7687595712098"
"45","60","5","false","25","100","344","100","166.7687595712098"
"44","60","5","false","25","100","207","100","175.92891760904686"
"45","60","5","false","25","100","345","100","166.7687595712098"
"34","60","5","false","25","50","317","100","167.79661016949152"
"34","60","5","false","25","50","318","100","167.79661016949152"
"45","60","5","false","25","100","346","100","166.7687595712098"
"44","60","5","false","25","100","208","100","175.92891760904686"
"34","60","5","false","25","50","319","100","167.79661016949152"
"45","60","5","false","25","100","347","100","166.7687595712098"
"34","60","5","false","25","50","320","100","167.79661016949152"
"45","60","5","false","25","100","348","100","166.7687595712098"
"44","60","5","false","25","100","209","100","175.92891760904686"
"34","60","5","false","25","50","321","100","167.79661016949152"
"45","60","5","false","25","100","349","100","166.7687595712098"
"44","60","5","false","25","100","210","100","175.92891760904686"
"34","60","5","false","25","50","322","100","167.79661016949152"
"45","60","5","false","25","100","350","100","166.7687595712098"
"44","60","5","false","25","100","211","100","175.92891760904686"
"34","60","5","false","25","50","323","100","167.79661016949152"
"44","60","5","false","25","100","212","100","175.92891760904686"
"44","60","5","false","25","100","213","100","175.92891760904686"
"45","60","5","false","25","100","351","100","166.7687595712098"
"34","60","5","false","25","50","324","100","167.79661016949152"
"44","60","5","false","25","100","214","100","175.92891760904686"
"45","60","5","false","25","100","352","100","166.7687595712098"
"44","60","5","false","25","100","215","100","175.92891760904686"
"45","60","5","false","25","100","353","100","166.7687595712098"
"44","60","5","false","25","100","216","100","175.92891760904686"
"34","60","5","false","25","50","325","100","167.79661016949152"
"44","60","5","false","25","100","217","100","175.92891760904686"
"45","60","5","false","25","100","354","100","166.7687595712098"
"44","60","5","false","25","100","218","100","175.92891760904686"
"34","60","5","false","25","50","326","100","167.79661016949152"
"45","60","5","false","25","100","355","100","166.7687595712098"
"45","60","5","false","25","100","356","100","166.7687595712098"
"44","60","5","false","25","100","219","100","175.92891760904686"
"45","60","5","false","25","100","357","100","166.7687595712098"
"34","60","5","false","25","50","327","100","167.79661016949152"
"34","60","5","false","25","50","328","100","167.79661016949152"
"45","60","5","false","25","100","358","100","166.7687595712098"
"44","60","5","false","25","100","220","100","175.92891760904686"
"44","60","5","false","25","100","221","100","175.92891760904686"
"45","60","5","false","25","100","359","100","166.7687595712098"
"34","60","5","false","25","50","329","100","167.79661016949152"
"45","60","5","false","25","100","360","100","166.7687595712098"
"44","60","5","false","25","100","222","100","175.92891760904686"
"34","60","5","false","25","50","330","100","167.79661016949152"
"44","60","5","false","25","100","223","100","175.92891760904686"
"44","60","5","false","25","100","224","100","175.92891760904686"
"45","60","5","false","25","100","361","100","166.7687595712098"
"34","60","5","false","25","50","331","100","167.79661016949152"
"44","60","5","false","25","100","225","100","175.92891760904686"
"34","60","5","false","25","50","332","100","167.79661016949152"
"45","60","5","false","25","100","362","100","166.7687595712098"
"45","60","5","false","25","100","363","100","166.7687595712098"
"34","60","5","false","25","50","333","100","167.79661016949152"
"45","60","5","false","25","100","364","100","166.7687595712098"
"44","60","5","false","25","100","226","100","175.92891760904686"
"44","60","5","false","25","100","227","100","175.92891760904686"
"34","60","5","false","25","50","334","100","167.79661016949152"
"45","60","5","false","25","100","365","100","166.7687595712098"
"34","60","5","false","25","50","335","100","167.79661016949152"
"44","60","5","false","25","100","228","100","175.92891760904686"
"45","60","5","false","25","100","366","100","166.7687595712098"
"34","60","5","false","25","50","336","100","167.79661016949152"
"44","60","5","false","25","100","229","100","175.92891760904686"
"45","60","5","false","25","100","367","100","166.7687595712098"
"44","60","5","false","25","100","230","100","175.92891760904686"
"34","60","5","false","25","50","337","100","167.79661016949152"
"45","60","5","false","25","100","368","100","166.7687595712098"
"34","60","5","false","25","50","338","100","167.79661016949152"
"44","60","5","false","25","100","231","100","175.92891760904686"
"45","60","5","false","25","100","369","100","166.7687595712098"
"44","60","5","false","25","100","232","100","175.92891760904686"
"34","60","5","false","25","50","339","100","167.79661016949152"
"45","60","5","false","25","100","370","100","166.7687595712098"
"34","60","5","false","25","50","340","100","167.79661016949152"
"45","60","5","false","25","100","371","100","166.7687595712098"
"44","60","5","false","25","100","233","100","175.92891760904686"
"44","60","5","false","25","100","234","100","175.92891760904686"
"34","60","5","false","25","50","341","100","167.79661016949152"
"45","60","5","false","25","100","372","100","166.7687595712098"
"34","60","5","false","25","50","342","100","167.79661016949152"
"44","60","5","false","25","100","235","100","175.92891760904686"
"45","60","5","false","25","100","373","100","166.7687595712098"
"34","60","5","false","25","50","343","100","167.79661016949152"
"44","60","5","false","25","100","236","100","175.92891760904686"
"45","60","5","false","25","100","374","100","166.7687595712098"
"34","60","5","false","25","50","344","100","167.79661016949152"
"44","60","5","false","25","100","237","100","175.92891760904686"
"45","60","5","false","25","100","375","100","166.7687595712098"
"45","60","5","false","25","100","376","100","166.7687595712098"
"45","60","5","false","25","100","377","100","166.7687595712098"
"44","60","5","false","25","100","238","100","175.92891760904686"
"34","60","5","false","25","50","345","100","167.79661016949152"
"45","60","5","false","25","100","378","100","166.7687595712098"
"44","60","5","false","25","100","239","100","175.92891760904686"
"44","60","5","false","25","100","240","100","175.92891760904686"
"34","60","5","false","25","50","346","100","167.79661016949152"
"45","60","5","false","25","100","379","100","166.7687595712098"
"44","60","5","false","25","100","241","100","175.92891760904686"
"45","60","5","false","25","100","380","100","166.7687595712098"
"34","60","5","false","25","50","347","100","167.79661016949152"
"34","60","5","false","25","50","348","100","167.79661016949152"
"45","60","5","false","25","100","381","100","166.7687595712098"
"44","60","5","false","25","100","242","100","175.92891760904686"
"34","60","5","false","25","50","349","100","167.79661016949152"
"45","60","5","false","25","100","382","100","166.7687595712098"
"34","60","5","false","25","50","350","100","167.79661016949152"
"44","60","5","false","25","100","243","100","175.92891760904686"
"45","60","5","false","25","100","383","100","166.7687595712098"
"44","60","5","false","25","100","244","100","175.92891760904686"
"44","60","5","false","25","100","245","100","175.92891760904686"
"34","60","5","false","25","50","351","100","167.79661016949152"
"45","60","5","false","25","100","384","100","166.7687595712098"
"34","60","5","false","25","50","352","100","167.79661016949152"
"44","60","5","false","25","100","246","100","175.92891760904686"
"45","60","5","false","25","100","385","100","166.7687595712098"
"34","60","5","false","25","50","353","100","167.79661016949152"
"44","60","5","false","25","100","247","100","175.92891760904686"
"45","60","5","false","25","100","386","100","166.7687595712098"
"44","60","5","false","25","100","248","100","175.92891760904686"
"34","60","5","false","25","50","354","100","167.79661016949152"
"45","60","5","false","25","100","387","100","166.7687595712098"
"1","60","5","false","25","0","53","71.80899908172636","126.74230145867098"
"34","60","5","false","25","50","355","100","167.79661016949152"
"44","60","5","false","25","100","249","100","175.92891760904686"
"45","60","5","false","25","100","388","100","166.7687595712098"
"45","60","5","false","25","100","389","100","166.7687595712098"
"44","60","5","false","25","100","250","100","175.92891760904686"
"45","60","5","false","25","100","390","100","166.7687595712098"
"34","60","5","false","25","50","356","100","167.79661016949152"
"44","60","5","false","25","100","251","100","175.92891760904686"
"45","60","5","false","25","100","391","100","166.7687595712098"
"45","60","5","false","25","100","392","100","166.7687595712098"
"44","60","5","false","25","100","252","100","175.92891760904686"
"45","60","5","false","25","100","393","100","166.7687595712098"
"34","60","5","false","25","50","357","100","167.79661016949152"
"45","60","5","false","25","100","394","100","166.7687595712098"
"44","60","5","false","25","100","253","100","175.92891760904686"
"34","60","5","false","25","50","358","100","167.79661016949152"
"44","60","5","false","25","100","254","100","175.92891760904686"
"45","60","5","false","25","100","395","100","166.7687595712098"
"44","60","5","false","25","100","255","100","175.92891760904686"
"45","60","5","false","25","100","396","100","166.7687595712098"
"34","60","5","false","25","50","359","100","167.79661016949152"
"45","60","5","false","25","100","397","100","166.7687595712098"
"44","60","5","false","25","100","256","100","175.92891760904686"
"45","60","5","false","25","100","398","100","166.7687595712098"
"34","60","5","false","25","50","360","100","167.79661016949152"
"44","60","5","false","25","100","257","100","175.92891760904686"
"45","60","5","false","25","100","399","100","166.7687595712098"
"34","60","5","false","25","50","361","100","167.79661016949152"
"45","60","5","false","25","100","400","100","166.7687595712098"
"44","60","5","false","25","100","258","100","175.92891760904686"
"34","60","5","false","25","50","362","100","167.79661016949152"
"45","60","5","false","25","100","401","100","166.7687595712098"
"44","60","5","false","25","100","259","100","175.92891760904686"
"45","60","5","false","25","100","402","100","166.7687595712098"
"44","60","5","false","25","100","260","100","175.92891760904686"
"34","60","5","false","25","50","363","100","167.79661016949152"
"45","60","5","false","25","100","403","100","166.7687595712098"
"44","60","5","false","25","100","261","100","175.92891760904686"
"45","60","5","false","25","100","404","100","166.7687595712098"
"34","60","5","false","25","50","364","100","167.79661016949152"
"44","60","5","false","25","100","262","100","175.92891760904686"
"34","60","5","false","25","50","365","100","167.79661016949152"
"45","60","5","false","25","100","405","100","166.7687595712098"
"44","60","5","false","25","100","263","100","175.92891760904686"
"45","60","5","false","25","100","406","100","166.7687595712098"
"34","60","5","false","25","50","366","100","167.79661016949152"
"44","60","5","false","25","100","264","100","175.92891760904686"
"34","60","5","false","25","50","367","100","167.79661016949152"
"45","60","5","false","25","100","407","100","166.7687595712098"
"44","60","5","false","25","100","265","100","175.92891760904686"
"45","60","5","false","25","100","408","100","166.7687595712098"
"45","60","5","false","25","100","409","100","166.7687595712098"
"34","60","5","false","25","50","368","100","167.79661016949152"
"44","60","5","false","25","100","266","100","175.92891760904686"
"45","60","5","false","25","100","410","100","166.7687595712098"
"34","60","5","false","25","50","369","100","167.79661016949152"
"45","60","5","false","25","100","411","100","166.7687595712098"
"44","60","5","false","25","100","267","100","175.92891760904686"
"34","60","5","false","25","50","370","100","167.79661016949152"
"44","60","5","false","25","100","268","100","175.92891760904686"
"45","60","5","false","25","100","412","100","166.7687595712098"
"34","60","5","false","25","50","371","100","167.79661016949152"
"34","60","5","false","25","50","372","100","167.79661016949152"
"45","60","5","false","25","100","413","100","166.7687595712098"
"44","60","5","false","25","100","269","100","175.92891760904686"
"45","60","5","false","25","100","414","100","166.7687595712098"
"34","60","5","false","25","50","373","100","167.79661016949152"
"44","60","5","false","25","100","270","100","175.92891760904686"
"45","60","5","false","25","100","415","100","166.7687595712098"
"34","60","5","false","25","50","374","100","167.79661016949152"
"44","60","5","false","25","100","271","100","175.92891760904686"
"45","60","5","false","25","100","416","100","166.7687595712098"
"45","60","5","false","25","100","417","100","166.7687595712098"
"44","60","5","false","25","100","272","100","175.92891760904686"
"34","60","5","false","25","50","375","100","167.79661016949152"
"45","60","5","false","25","100","418","100","166.7687595712098"
"44","60","5","false","25","100","273","100","175.92891760904686"
"45","60","5","false","25","100","419","100","166.7687595712098"
"45","60","5","false","25","100","420","100","166.7687595712098"
"44","60","5","false","25","100","274","100","175.92891760904686"
"34","60","5","false","25","50","376","100","167.79661016949152"
"44","60","5","false","25","100","275","100","175.92891760904686"
"45","60","5","false","25","100","421","100","166.7687595712098"
"34","60","5","false","25","50","377","100","167.79661016949152"
"45","60","5","false","25","100","422","100","166.7687595712098"
"44","60","5","false","25","100","276","100","175.92891760904686"
"45","60","5","false","25","100","423","100","166.7687595712098"
"44","60","5","false","25","100","277","100","175.92891760904686"
"34","60","5","false","25","50","378","100","167.79661016949152"
"45","60","5","false","25","100","424","100","166.7687595712098"
"34","60","5","false","25","50","379","100","167.79661016949152"
"44","60","5","false","25","100","278","100","175.92891760904686"
"45","60","5","false","25","100","425","100","166.7687595712098"
"45","60","5","false","25","100","426","100","166.7687595712098"
"34","60","5","false","25","50","380","100","167.79661016949152"
"44","60","5","false","25","100","279","100","175.92891760904686"
"45","60","5","false","25","100","427","100","166.7687595712098"
"45","60","5","false","25","100","428","100","166.7687595712098"
"34","60","5","false","25","50","381","100","167.79661016949152"
"44","60","5","false","25","100","280","100","175.92891760904686"
"34","60","5","false","25","50","382","100","167.79661016949152"
"45","60","5","false","25","100","429","100","166.7687595712098"
"44","60","5","false","25","100","281","100","175.92891760904686"
"44","60","5","false","25","100","282","100","175.92891760904686"
"45","60","5","false","25","100","430","100","166.7687595712098"
"34","60","5","false","25","50","383","100","167.79661016949152"
"44","60","5","false","25","100","283","100","175.92891760904686"
"45","60","5","false","25","100","431","100","166.7687595712098"
"34","60","5","false","25","50","384","100","167.79661016949152"
"44","60","5","false","25","100","284","100","175.92891760904686"
"34","60","5","false","25","50","385","100","167.79661016949152"
"44","60","5","false","25","100","285","100","175.92891760904686"
"45","60","5","false","25","100","432","100","166.7687595712098"
"45","60","5","false","25","100","433","100","166.7687595712098"
"34","60","5","false","25","50","386","100","167.79661016949152"
"44","60","5","false","25","100","286","100","175.92891760904686"
"45","60","5","false","25","100","434","100","166.7687595712098"
"34","60","5","false","25","50","387","100","167.79661016949152"
"45","60","5","false","25","100","435","100","166.7687595712098"
"44","60","5","false","25","100","287","100","175.92891760904686"
"45","60","5","false","25","100","436","100","166.7687595712098"
"34","60","5","false","25","50","388","100","167.79661016949152"
"44","60","5","false","25","100","288","100","175.92891760904686"
"45","60","5","false","25","100","437","100","166.7687595712098"
"44","60","5","false","25","100","289","100","175.92891760904686"
"34","60","5","false","25","50","389","100","167.79661016949152"
"45","60","5","false","25","100","438","100","166.7687595712098"
"44","60","5","false","25","100","290","100","175.92891760904686"
"45","60","5","false","25","100","439","100","166.7687595712098"
"34","60","5","false","25","50","390","100","167.79661016949152"
"44","60","5","false","25","100","291","100","175.92891760904686"
"44","60","5","false","25","100","292","100","175.92891760904686"
"45","60","5","false","25","100","440","100","166.7687595712098"
"34","60","5","false","25","50","391","100","167.79661016949152"
"44","60","5","false","25","100","293","100","175.92891760904686"
"34","60","5","false","25","50","392","100","167.79661016949152"
"45","60","5","false","25","100","441","100","166.7687595712098"
"44","60","5","false","25","100","294","100","175.92891760904686"
"45","60","5","false","25","100","442","100","166.7687595712098"
"34","60","5","false","25","50","393","100","167.79661016949152"
"44","60","5","false","25","100","295","100","175.92891760904686"
"44","60","5","false","25","100","296","100","175.92891760904686"
"34","60","5","false","25","50","394","100","167.79661016949152"
"45","60","5","false","25","100","443","100","166.7687595712098"
"44","60","5","false","25","100","297","100","175.92891760904686"
"34","60","5","false","25","50","395","100","167.79661016949152"
"45","60","5","false","25","100","444","100","166.7687595712098"
"44","60","5","false","25","100","298","100","175.92891760904686"
"34","60","5","false","25","50","396","100","167.79661016949152"
"44","60","5","false","25","100","299","100","175.92891760904686"
"45","60","5","false","25","100","445","100","166.7687595712098"
"34","60","5","false","25","50","397","100","167.79661016949152"
"45","60","5","false","25","100","446","100","166.7687595712098"
"44","60","5","false","25","100","300","100","175.92891760904686"
"45","60","5","false","25","100","447","100","166.7687595712098"
"45","60","5","false","25","100","448","100","166.7687595712098"
"34","60","5","false","25","50","398","100","167.79661016949152"
"44","60","5","false","25","100","301","100","175.92891760904686"
"44","60","5","false","25","100","302","100","175.92891760904686"
"45","60","5","false","25","100","449","100","166.7687595712098"
"34","60","5","false","25","50","399","100","167.79661016949152"
"44","60","5","false","25","100","303","100","175.92891760904686"
"34","60","5","false","25","50","400","100","167.79661016949152"
"45","60","5","false","25","100","450","100","166.7687595712098"
"34","60","5","false","25","50","401","100","167.79661016949152"
"44","60","5","false","25","100","304","100","175.92891760904686"
"45","60","5","false","25","100","451","100","166.7687595712098"
"44","60","5","false","25","100","305","100","175.92891760904686"
"34","60","5","false","25","50","402","100","167.79661016949152"
"45","60","5","false","25","100","452","100","166.7687595712098"
"34","60","5","false","25","50","403","100","167.79661016949152"
"44","60","5","false","25","100","306","100","175.92891760904686"
"45","60","5","false","25","100","453","100","166.7687595712098"
"44","60","5","false","25","100","307","100","175.92891760904686"
"1","60","5","false","25","0","54","73.46189164370982","129.65964343598054"
"34","60","5","false","25","50","404","100","167.79661016949152"
"45","60","5","false","25","100","454","100","166.7687595712098"
"44","60","5","false","25","100","308","100","175.92891760904686"
"45","60","5","false","25","100","455","100","166.7687595712098"
"34","60","5","false","25","50","405","100","167.79661016949152"
"44","60","5","false","25","100","309","100","175.92891760904686"
"45","60","5","false","25","100","456","100","166.7687595712098"
"34","60","5","false","25","50","406","100","167.79661016949152"
"44","60","5","false","25","100","310","100","175.92891760904686"
"45","60","5","false","25","100","457","100","166.7687595712098"
"34","60","5","false","25","50","407","100","167.79661016949152"
"45","60","5","false","25","100","458","100","166.7687595712098"
"44","60","5","false","25","100","311","100","175.92891760904686"
"45","60","5","false","25","100","459","100","166.7687595712098"
"34","60","5","false","25","50","408","100","167.79661016949152"
"44","60","5","false","25","100","312","100","175.92891760904686"
"45","60","5","false","25","100","460","100","166.7687595712098"
"45","60","5","false","25","100","461","100","166.7687595712098"
"44","60","5","false","25","100","313","100","175.92891760904686"
"34","60","5","false","25","50","409","100","167.79661016949152"
"45","60","5","false","25","100","462","100","166.7687595712098"
"34","60","5","false","25","50","410","100","167.79661016949152"
"44","60","5","false","25","100","314","100","175.92891760904686"
"44","60","5","false","25","100","315","100","175.92891760904686"
"45","60","5","false","25","100","463","100","166.7687595712098"
"34","60","5","false","25","50","411","100","167.79661016949152"
"44","60","5","false","25","100","316","100","175.92891760904686"
"34","60","5","false","25","50","412","100","167.79661016949152"
"45","60","5","false","25","100","464","100","166.7687595712098"
"45","60","5","false","25","100","465","100","166.7687595712098"
"34","60","5","false","25","50","413","100","167.79661016949152"
"44","60","5","false","25","100","317","100","175.92891760904686"
"45","60","5","false","25","100","466","100","166.7687595712098"
"34","60","5","false","25","50","414","100","167.79661016949152"
"45","60","5","false","25","100","467","100","166.7687595712098"
"45","60","5","false","25","100","468","100","166.7687595712098"
"44","60","5","false","25","100","318","100","175.92891760904686"
"34","60","5","false","25","50","415","100","167.79661016949152"
"45","60","5","false","25","100","469","100","166.7687595712098"
"45","60","5","false","25","100","470","100","166.7687595712098"
"34","60","5","false","25","50","416","100","167.79661016949152"
"45","60","5","false","25","100","471","100","166.7687595712098"
"44","60","5","false","25","100","319","100","175.92891760904686"
"45","60","5","false","25","100","472","100","166.7687595712098"
"34","60","5","false","25","50","417","100","167.79661016949152"
"45","60","5","false","25","100","473","100","166.7687595712098"
"44","60","5","false","25","100","320","100","175.92891760904686"
"45","60","5","false","25","100","474","100","166.7687595712098"
"44","60","5","false","25","100","321","100","175.92891760904686"
"45","60","5","false","25","100","475","100","166.7687595712098"
"44","60","5","false","25","100","322","100","175.92891760904686"
"34","60","5","false","25","50","418","100","167.79661016949152"
"44","60","5","false","25","100","323","100","175.92891760904686"
"45","60","5","false","25","100","476","100","166.7687595712098"
"44","60","5","false","25","100","324","100","175.92891760904686"
"34","60","5","false","25","50","419","100","167.79661016949152"
"45","60","5","false","25","100","477","100","166.7687595712098"
"44","60","5","false","25","100","325","100","175.92891760904686"
"34","60","5","false","25","50","420","100","167.79661016949152"
"45","60","5","false","25","100","478","100","166.7687595712098"
"45","60","5","false","25","100","479","100","166.7687595712098"
"44","60","5","false","25","100","326","100","175.92891760904686"
"34","60","5","false","25","50","421","100","167.79661016949152"
"45","60","5","false","25","100","480","100","166.7687595712098"
"34","60","5","false","25","50","422","100","167.79661016949152"
"45","60","5","false","25","100","481","100","166.7687595712098"
"44","60","5","false","25","100","327","100","175.92891760904686"
"34","60","5","false","25","50","423","100","167.79661016949152"
"44","60","5","false","25","100","328","100","175.92891760904686"
"45","60","5","false","25","100","482","100","166.7687595712098"
"45","60","5","false","25","100","483","100","166.7687595712098"
"34","60","5","false","25","50","424","100","167.79661016949152"
"44","60","5","false","25","100","329","100","175.92891760904686"
"34","60","5","false","25","50","425","100","167.79661016949152"
"45","60","5","false","25","100","484","100","166.7687595712098"
"44","60","5","false","25","100","330","100","175.92891760904686"
"45","60","5","false","25","100","485","100","166.7687595712098"
"34","60","5","false","25","50","426","100","167.79661016949152"
"44","60","5","false","25","100","331","100","175.92891760904686"
"34","60","5","false","25","50","427","100","167.79661016949152"
"45","60","5","false","25","100","486","100","166.7687595712098"
"44","60","5","false","25","100","332","100","175.92891760904686"
"34","60","5","false","25","50","428","100","167.79661016949152"
"44","60","5","false","25","100","333","100","175.92891760904686"
"45","60","5","false","25","100","487","100","166.7687595712098"
"34","60","5","false","25","50","429","100","167.79661016949152"
"45","60","5","false","25","100","488","100","166.7687595712098"
"44","60","5","false","25","100","334","100","175.92891760904686"
"45","60","5","false","25","100","489","100","166.7687595712098"
"34","60","5","false","25","50","430","100","167.79661016949152"
"45","60","5","false","25","100","490","100","166.7687595712098"
"44","60","5","false","25","100","335","100","175.92891760904686"
"45","60","5","false","25","100","491","100","166.7687595712098"
"34","60","5","false","25","50","431","100","167.79661016949152"
"44","60","5","false","25","100","336","100","175.92891760904686"
"45","60","5","false","25","100","492","100","166.7687595712098"
"44","60","5","false","25","100","337","100","175.92891760904686"
"45","60","5","false","25","100","493","100","166.7687595712098"
"44","60","5","false","25","100","338","100","175.92891760904686"
"34","60","5","false","25","50","432","100","167.79661016949152"
"45","60","5","false","25","100","494","100","166.7687595712098"
"44","60","5","false","25","100","339","100","175.92891760904686"
"45","60","5","false","25","100","495","100","166.7687595712098"
"34","60","5","false","25","50","433","100","167.79661016949152"
"34","60","5","false","25","50","434","100","167.79661016949152"
"45","60","5","false","25","100","496","100","166.7687595712098"
"44","60","5","false","25","100","340","100","175.92891760904686"
"45","60","5","false","25","100","497","100","166.7687595712098"
"44","60","5","false","25","100","341","100","175.92891760904686"
"34","60","5","false","25","50","435","100","167.79661016949152"
"45","60","5","false","25","100","498","100","166.7687595712098"
"44","60","5","false","25","100","342","100","175.92891760904686"
"34","60","5","false","25","50","436","100","167.79661016949152"
"45","60","5","false","25","100","499","100","166.7687595712098"
"45","60","5","false","25","100","500","100","166.7687595712098"
"44","60","5","false","25","100","343","100","175.92891760904686"
"45","60","5","false","25","100","501","100","166.7687595712098"
"34","60","5","false","25","50","437","100","167.79661016949152"
"45","60","5","false","25","100","502","100","166.7687595712098"
"44","60","5","false","25","100","344","100","175.92891760904686"
"45","60","5","false","25","100","503","100","166.7687595712098"
"34","60","5","false","25","50","438","100","167.79661016949152"
"44","60","5","false","25","100","345","100","175.92891760904686"
"45","60","5","false","25","100","504","100","166.7687595712098"
"1","60","5","false","25","0","55","74.28833792470157","131.11831442463534"
"34","60","5","false","25","50","439","100","167.79661016949152"
"44","60","5","false","25","100","346","100","175.92891760904686"
"45","60","5","false","25","100","505","100","166.7687595712098"
"44","60","5","false","25","100","347","100","175.92891760904686"
"44","60","5","false","25","100","348","100","175.92891760904686"
"45","60","5","false","25","100","506","100","166.7687595712098"
"44","60","5","false","25","100","349","100","175.92891760904686"
"34","60","5","false","25","50","440","100","167.79661016949152"
"44","60","5","false","25","100","350","100","175.92891760904686"
"45","60","5","false","25","100","507","100","166.7687595712098"
"44","60","5","false","25","100","351","100","175.92891760904686"
"44","60","5","false","25","100","352","100","175.92891760904686"
"34","60","5","false","25","50","441","100","167.79661016949152"
"45","60","5","false","25","100","508","100","166.7687595712098"
"44","60","5","false","25","100","353","100","175.92891760904686"
"34","60","5","false","25","50","442","100","167.79661016949152"
"45","60","5","false","25","100","509","100","166.7687595712098"
"34","60","5","false","25","50","443","100","167.79661016949152"
"44","60","5","false","25","100","354","100","175.92891760904686"
"45","60","5","false","25","100","510","100","166.7687595712098"
"44","60","5","false","25","100","355","100","175.92891760904686"
"34","60","5","false","25","50","444","100","167.79661016949152"
"45","60","5","false","25","100","511","100","166.7687595712098"
"44","60","5","false","25","100","356","100","175.92891760904686"
"34","60","5","false","25","50","445","100","167.79661016949152"
"45","60","5","false","25","100","512","100","166.7687595712098"
"44","60","5","false","25","100","357","100","175.92891760904686"
"45","60","5","false","25","100","513","100","166.7687595712098"
"44","60","5","false","25","100","358","100","175.92891760904686"
"34","60","5","false","25","50","446","100","167.79661016949152"
"45","60","5","false","25","100","514","100","166.7687595712098"
"44","60","5","false","25","100","359","100","175.92891760904686"
"45","60","5","false","25","100","515","100","166.7687595712098"
"44","60","5","false","25","100","360","100","175.92891760904686"
"34","60","5","false","25","50","447","100","167.79661016949152"
"44","60","5","false","25","100","361","100","175.92891760904686"
"45","60","5","false","25","100","516","100","166.7687595712098"
"44","60","5","false","25","100","362","100","175.92891760904686"
"45","60","5","false","25","100","517","100","166.7687595712098"
"44","60","5","false","25","100","363","100","175.92891760904686"
"34","60","5","false","25","50","448","100","167.79661016949152"
"45","60","5","false","25","100","518","100","166.7687595712098"
"44","60","5","false","25","100","364","100","175.92891760904686"
"34","60","5","false","25","50","449","100","167.79661016949152"
"45","60","5","false","25","100","519","100","166.7687595712098"
"45","60","5","false","25","100","520","100","166.7687595712098"
"34","60","5","false","25","50","450","100","167.79661016949152"
"44","60","5","false","25","100","365","100","175.92891760904686"
"34","60","5","false","25","50","451","100","167.79661016949152"
"45","60","5","false","25","100","521","100","166.7687595712098"
"44","60","5","false","25","100","366","100","175.92891760904686"
"45","60","5","false","25","100","522","100","166.7687595712098"
"45","60","5","false","25","100","523","100","166.7687595712098"
"34","60","5","false","25","50","452","100","167.79661016949152"
"45","60","5","false","25","100","524","100","166.7687595712098"
"34","60","5","false","25","50","453","100","167.79661016949152"
"45","60","5","false","25","100","525","100","166.7687595712098"
"44","60","5","false","25","100","367","100","175.92891760904686"
"34","60","5","false","25","50","454","100","167.79661016949152"
"45","60","5","false","25","100","526","100","166.7687595712098"
"44","60","5","false","25","100","368","100","175.92891760904686"
"45","60","5","false","25","100","527","100","166.7687595712098"
"34","60","5","false","25","50","455","100","167.79661016949152"
"45","60","5","false","25","100","528","100","166.7687595712098"
"44","60","5","false","25","100","369","100","175.92891760904686"
"45","60","5","false","25","100","529","100","166.7687595712098"
"34","60","5","false","25","50","456","100","167.79661016949152"
"44","60","5","false","25","100","370","100","175.92891760904686"
"45","60","5","false","25","100","530","100","166.7687595712098"
"45","60","5","false","25","100","531","100","166.7687595712098"
"34","60","5","false","25","50","457","100","167.79661016949152"
"45","60","5","false","25","100","532","100","166.7687595712098"
"44","60","5","false","25","100","371","100","175.92891760904686"
"45","60","5","false","25","100","533","100","166.7687595712098"
"44","60","5","false","25","100","372","100","175.92891760904686"
"34","60","5","false","25","50","458","100","167.79661016949152"
"44","60","5","false","25","100","373","100","175.92891760904686"
"45","60","5","false","25","100","534","100","166.7687595712098"
"44","60","5","false","25","100","374","100","175.92891760904686"
"34","60","5","false","25","50","459","100","167.79661016949152"
"45","60","5","false","25","100","535","100","166.7687595712098"
"34","60","5","false","25","50","460","100","167.79661016949152"
"45","60","5","false","25","100","536","100","166.7687595712098"
"44","60","5","false","25","100","375","100","175.92891760904686"
"34","60","5","false","25","50","461","100","167.79661016949152"
"44","60","5","false","25","100","376","100","175.92891760904686"
"45","60","5","false","25","100","537","100","166.7687595712098"
"34","60","5","false","25","50","462","100","167.79661016949152"
"45","60","5","false","25","100","538","100","166.7687595712098"
"44","60","5","false","25","100","377","100","175.92891760904686"
"34","60","5","false","25","50","463","100","167.79661016949152"
"34","60","5","false","25","50","464","100","167.79661016949152"
"44","60","5","false","25","100","378","100","175.92891760904686"
"45","60","5","false","25","100","539","100","166.7687595712098"
"34","60","5","false","25","50","465","100","167.79661016949152"
"44","60","5","false","25","100","379","100","175.92891760904686"
"45","60","5","false","25","100","540","100","166.7687595712098"
"44","60","5","false","25","100","380","100","175.92891760904686"
"45","60","5","false","25","100","541","100","166.7687595712098"
"34","60","5","false","25","50","466","100","167.79661016949152"
"45","60","5","false","25","100","542","100","166.7687595712098"
"44","60","5","false","25","100","381","100","175.92891760904686"
"34","60","5","false","25","50","467","100","167.79661016949152"
"45","60","5","false","25","100","543","100","166.7687595712098"
"34","60","5","false","25","50","468","100","167.79661016949152"
"34","60","5","false","25","50","469","100","167.79661016949152"
"45","60","5","false","25","100","544","100","166.7687595712098"
"44","60","5","false","25","100","382","100","175.92891760904686"
"34","60","5","false","25","50","470","100","167.79661016949152"
"45","60","5","false","25","100","545","100","166.7687595712098"
"34","60","5","false","25","50","471","100","167.79661016949152"
"44","60","5","false","25","100","383","100","175.92891760904686"
"45","60","5","false","25","100","546","100","166.7687595712098"
"34","60","5","false","25","50","472","100","167.79661016949152"
"45","60","5","false","25","100","547","100","166.7687595712098"
"34","60","5","false","25","50","473","100","167.79661016949152"
"44","60","5","false","25","100","384","100","175.92891760904686"
"34","60","5","false","25","50","474","100","167.79661016949152"
"45","60","5","false","25","100","548","100","166.7687595712098"
"44","60","5","false","25","100","385","100","175.92891760904686"
"45","60","5","false","25","100","549","100","166.7687595712098"
"34","60","5","false","25","50","475","100","167.79661016949152"
"44","60","5","false","25","100","386","100","175.92891760904686"
"45","60","5","false","25","100","550","100","166.7687595712098"
"44","60","5","false","25","100","387","100","175.92891760904686"
"44","60","5","false","25","100","388","100","175.92891760904686"
"34","60","5","false","25","50","476","100","167.79661016949152"
"44","60","5","false","25","100","389","100","175.92891760904686"
"45","60","5","false","25","100","551","100","166.7687595712098"
"45","60","5","false","25","100","552","100","166.7687595712098"
"44","60","5","false","25","100","390","100","175.92891760904686"
"34","60","5","false","25","50","477","100","167.79661016949152"
"45","60","5","false","25","100","553","100","166.7687595712098"
"45","60","5","false","25","100","554","100","166.7687595712098"
"44","60","5","false","25","100","391","100","175.92891760904686"
"34","60","5","false","25","50","478","100","167.79661016949152"
"45","60","5","false","25","100","555","100","166.7687595712098"
"44","60","5","false","25","100","392","100","175.92891760904686"
"34","60","5","false","25","50","479","100","167.79661016949152"
"44","60","5","false","25","100","393","100","175.92891760904686"
"44","60","5","false","25","100","394","100","175.92891760904686"
"34","60","5","false","25","50","480","100","167.79661016949152"
"44","60","5","false","25","100","395","100","175.92891760904686"
"34","60","5","false","25","50","481","100","167.79661016949152"
"44","60","5","false","25","100","396","100","175.92891760904686"
"44","60","5","false","25","100","397","100","175.92891760904686"
"34","60","5","false","25","50","482","100","167.79661016949152"
"44","60","5","false","25","100","398","100","175.92891760904686"
"34","60","5","false","25","50","483","100","167.79661016949152"
"44","60","5","false","25","100","399","100","175.92891760904686"
"34","60","5","false","25","50","484","100","167.79661016949152"
"34","60","5","false","25","50","485","100","167.79661016949152"
"44","60","5","false","25","100","400","100","175.92891760904686"
"34","60","5","false","25","50","486","100","167.79661016949152"
"44","60","5","false","25","100","401","100","175.92891760904686"
"34","60","5","false","25","50","487","100","167.79661016949152"
"44","60","5","false","25","100","402","100","175.92891760904686"
"34","60","5","false","25","50","488","100","167.79661016949152"
"44","60","5","false","25","100","403","100","175.92891760904686"
"34","60","5","false","25","50","489","100","167.79661016949152"
"44","60","5","false","25","100","404","100","175.92891760904686"
"44","60","5","false","25","100","405","100","175.92891760904686"
"34","60","5","false","25","50","490","100","167.79661016949152"
"44","60","5","false","25","100","406","100","175.92891760904686"
"44","60","5","false","25","100","407","100","175.92891760904686"
"44","60","5","false","25","100","408","100","175.92891760904686"
"34","60","5","false","25","50","491","100","167.79661016949152"
"34","60","5","false","25","50","492","100","167.79661016949152"
"44","60","5","false","25","100","409","100","175.92891760904686"
"34","60","5","false","25","50","493","100","167.79661016949152"
"44","60","5","false","25","100","410","100","175.92891760904686"
"44","60","5","false","25","100","411","100","175.92891760904686"
"44","60","5","false","25","100","412","100","175.92891760904686"
"34","60","5","false","25","50","494","100","167.79661016949152"
"1","60","5","false","25","0","56","75.48209366391184","133.22528363047002"
"44","60","5","false","25","100","413","100","175.92891760904686"
"34","60","5","false","25","50","495","100","167.79661016949152"
"44","60","5","false","25","100","414","100","175.92891760904686"
"44","60","5","false","25","100","415","100","175.92891760904686"
"34","60","5","false","25","50","496","100","167.79661016949152"
"44","60","5","false","25","100","416","100","175.92891760904686"
"34","60","5","false","25","50","497","100","167.79661016949152"
"44","60","5","false","25","100","417","100","175.92891760904686"
"44","60","5","false","25","100","418","100","175.92891760904686"
"34","60","5","false","25","50","498","100","167.79661016949152"
"44","60","5","false","25","100","419","100","175.92891760904686"
"34","60","5","false","25","50","499","100","167.79661016949152"
"44","60","5","false","25","100","420","100","175.92891760904686"
"34","60","5","false","25","50","500","100","167.79661016949152"
"44","60","5","false","25","100","421","100","175.92891760904686"
"34","60","5","false","25","50","501","100","167.79661016949152"
"44","60","5","false","25","100","422","100","175.92891760904686"
"44","60","5","false","25","100","423","100","175.92891760904686"
"34","60","5","false","25","50","502","100","167.79661016949152"
"44","60","5","false","25","100","424","100","175.92891760904686"
"34","60","5","false","25","50","503","100","167.79661016949152"
"44","60","5","false","25","100","425","100","175.92891760904686"
"34","60","5","false","25","50","504","100","167.79661016949152"
"44","60","5","false","25","100","426","100","175.92891760904686"
"44","60","5","false","25","100","427","100","175.92891760904686"
"34","60","5","false","25","50","505","100","167.79661016949152"
"44","60","5","false","25","100","428","100","175.92891760904686"
"34","60","5","false","25","50","506","100","167.79661016949152"
"34","60","5","false","25","50","507","100","167.79661016949152"
"44","60","5","false","25","100","429","100","175.92891760904686"
"34","60","5","false","25","50","508","100","167.79661016949152"
"34","60","5","false","25","50","509","100","167.79661016949152"
"34","60","5","false","25","50","510","100","167.79661016949152"
"34","60","5","false","25","50","511","100","167.79661016949152"
"44","60","5","false","25","100","430","100","175.92891760904686"
"34","60","5","false","25","50","512","100","167.79661016949152"
"34","60","5","false","25","50","513","100","167.79661016949152"
"44","60","5","false","25","100","431","100","175.92891760904686"
"34","60","5","false","25","50","514","100","167.79661016949152"
"44","60","5","false","25","100","432","100","175.92891760904686"
"34","60","5","false","25","50","515","100","167.79661016949152"
"44","60","5","false","25","100","433","100","175.92891760904686"
"34","60","5","false","25","50","516","100","167.79661016949152"
"44","60","5","false","25","100","434","100","175.92891760904686"
"44","60","5","false","25","100","435","100","175.92891760904686"
"34","60","5","false","25","50","517","100","167.79661016949152"
"34","60","5","false","25","50","518","100","167.79661016949152"
"44","60","5","false","25","100","436","100","175.92891760904686"
"34","60","5","false","25","50","519","100","167.79661016949152"
"44","60","5","false","25","100","437","100","175.92891760904686"
"34","60","5","false","25","50","520","100","167.79661016949152"
"34","60","5","false","25","50","521","100","167.79661016949152"
"44","60","5","false","25","100","438","100","175.92891760904686"
"34","60","5","false","25","50","522","100","167.79661016949152"
"44","60","5","false","25","100","439","100","175.92891760904686"
"44","60","5","false","25","100","440","100","175.92891760904686"
"34","60","5","false","25","50","523","100","167.79661016949152"
"44","60","5","false","25","100","441","100","175.92891760904686"
"34","60","5","false","25","50","524","100","167.79661016949152"
"44","60","5","false","25","100","442","100","175.92891760904686"
"34","60","5","false","25","50","525","100","167.79661016949152"
"44","60","5","false","25","100","443","100","175.92891760904686"
"34","60","5","false","25","50","526","100","167.79661016949152"
"44","60","5","false","25","100","444","100","175.92891760904686"
"34","60","5","false","25","50","527","100","167.79661016949152"
"44","60","5","false","25","100","445","100","175.92891760904686"
"34","60","5","false","25","50","528","100","167.79661016949152"
"44","60","5","false","25","100","446","100","175.92891760904686"
"34","60","5","false","25","50","529","100","167.79661016949152"
"44","60","5","false","25","100","447","100","175.92891760904686"
"34","60","5","false","25","50","530","100","167.79661016949152"
"44","60","5","false","25","100","448","100","175.92891760904686"
"44","60","5","false","25","100","449","100","175.92891760904686"
"34","60","5","false","25","50","531","100","167.79661016949152"
"34","60","5","false","25","50","532","100","167.79661016949152"
"44","60","5","false","25","100","450","100","175.92891760904686"
"34","60","5","false","25","50","533","100","167.79661016949152"
"44","60","5","false","25","100","451","100","175.92891760904686"
"34","60","5","false","25","50","534","100","167.79661016949152"
"34","60","5","false","25","50","535","100","167.79661016949152"
"44","60","5","false","25","100","452","100","175.92891760904686"
"34","60","5","false","25","50","536","100","167.79661016949152"
"44","60","5","false","25","100","453","100","175.92891760904686"
"34","60","5","false","25","50","537","100","167.79661016949152"
"44","60","5","false","25","100","454","100","175.92891760904686"
"34","60","5","false","25","50","538","100","167.79661016949152"
"44","60","5","false","25","100","455","100","175.92891760904686"
"34","60","5","false","25","50","539","100","167.79661016949152"
"44","60","5","false","25","100","456","100","175.92891760904686"
"34","60","5","false","25","50","540","100","167.79661016949152"
"44","60","5","false","25","100","457","100","175.92891760904686"
"44","60","5","false","25","100","458","100","175.92891760904686"
"34","60","5","false","25","50","541","100","167.79661016949152"
"44","60","5","false","25","100","459","100","175.92891760904686"
"34","60","5","false","25","50","542","100","167.79661016949152"
"34","60","5","false","25","50","543","100","167.79661016949152"
"44","60","5","false","25","100","460","100","175.92891760904686"
"44","60","5","false","25","100","461","100","175.92891760904686"
"34","60","5","false","25","50","544","100","167.79661016949152"
"34","60","5","false","25","50","545","100","167.79661016949152"
"44","60","5","false","25","100","462","100","175.92891760904686"
"34","60","5","false","25","50","546","100","167.79661016949152"
"44","60","5","false","25","100","463","100","175.92891760904686"
"34","60","5","false","25","50","547","100","167.79661016949152"
"44","60","5","false","25","100","464","100","175.92891760904686"
"34","60","5","false","25","50","548","100","167.79661016949152"
"34","60","5","false","25","50","549","100","167.79661016949152"
"44","60","5","false","25","100","465","100","175.92891760904686"
"34","60","5","false","25","50","550","100","167.79661016949152"
"44","60","5","false","25","100","466","100","175.92891760904686"
"34","60","5","false","25","50","551","100","167.79661016949152"
"44","60","5","false","25","100","467","100","175.92891760904686"
"44","60","5","false","25","100","468","100","175.92891760904686"
"34","60","5","false","25","50","552","100","167.79661016949152"
"44","60","5","false","25","100","469","100","175.92891760904686"
"34","60","5","false","25","50","553","100","167.79661016949152"
"44","60","5","false","25","100","470","100","175.92891760904686"
"44","60","5","false","25","100","471","100","175.92891760904686"
"34","60","5","false","25","50","554","100","167.79661016949152"
"44","60","5","false","25","100","472","100","175.92891760904686"
"34","60","5","false","25","50","555","100","167.79661016949152"
"44","60","5","false","25","100","473","100","175.92891760904686"
"34","60","5","false","25","50","556","100","167.79661016949152"
"34","60","5","false","25","50","557","100","167.79661016949152"
"34","60","5","false","25","50","558","100","167.79661016949152"
"44","60","5","false","25","100","474","100","175.92891760904686"
"34","60","5","false","25","50","559","100","167.79661016949152"
"34","60","5","false","25","50","560","100","167.79661016949152"
"44","60","5","false","25","100","475","100","175.92891760904686"
"1","60","5","false","25","0","57","76.49219467401286","135.00810372771474"
"44","60","5","false","25","100","476","100","175.92891760904686"
"45","60","5","false","25","100","556","100","166.7687595712098"
"34","60","5","false","25","50","561","100","167.79661016949152"
"44","60","5","false","25","100","477","100","175.92891760904686"
"45","60","5","false","25","100","557","100","166.7687595712098"
"34","60","5","false","25","50","562","100","167.79661016949152"
"45","60","5","false","25","100","558","100","166.7687595712098"
"45","60","5","false","25","100","559","100","166.7687595712098"
"44","60","5","false","25","100","478","100","175.92891760904686"
"45","60","5","false","25","100","560","100","166.7687595712098"
"34","60","5","false","25","50","563","100","167.79661016949152"
"45","60","5","false","25","100","561","100","166.7687595712098"
"44","60","5","false","25","100","479","100","175.92891760904686"
"45","60","5","false","25","100","562","100","166.7687595712098"
"45","60","5","false","25","100","563","100","166.7687595712098"
"44","60","5","false","25","100","480","100","175.92891760904686"
"34","60","5","false","25","50","564","100","167.79661016949152"
"45","60","5","false","25","100","564","100","166.7687595712098"
"34","60","5","false","25","50","565","100","167.79661016949152"
"44","60","5","false","25","100","481","100","175.92891760904686"
"34","60","5","false","25","50","566","100","167.79661016949152"
"45","60","5","false","25","100","565","100","166.7687595712098"
"45","60","5","false","25","100","566","100","166.7687595712098"
"44","60","5","false","25","100","482","100","175.92891760904686"
"45","60","5","false","25","100","567","100","166.7687595712098"
"34","60","5","false","25","50","567","100","167.79661016949152"
"44","60","5","false","25","100","483","100","175.92891760904686"
"45","60","5","false","25","100","568","100","166.7687595712098"
"45","60","5","false","25","100","569","100","166.7687595712098"
"34","60","5","false","25","50","568","100","167.79661016949152"
"44","60","5","false","25","100","484","100","175.92891760904686"
"45","60","5","false","25","100","570","100","166.7687595712098"
"34","60","5","false","25","50","569","100","167.79661016949152"
"44","60","5","false","25","100","485","100","175.92891760904686"
"45","60","5","false","25","100","571","100","166.7687595712098"
"34","60","5","false","25","50","570","100","167.79661016949152"
"45","60","5","false","25","100","572","100","166.7687595712098"
"34","60","5","false","25","50","571","100","167.79661016949152"
"44","60","5","false","25","100","486","100","175.92891760904686"
"45","60","5","false","25","100","573","100","166.7687595712098"
"44","60","5","false","25","100","487","100","175.92891760904686"
"44","60","5","false","25","100","488","100","175.92891760904686"
"34","60","5","false","25","50","572","100","167.79661016949152"
"34","60","5","false","25","50","573","100","167.79661016949152"
"44","60","5","false","25","100","489","100","175.92891760904686"
"34","60","5","false","25","50","574","100","167.79661016949152"
"44","60","5","false","25","100","490","100","175.92891760904686"
"34","60","5","false","25","50","575","100","167.79661016949152"
"44","60","5","false","25","100","491","100","175.92891760904686"
"34","60","5","false","25","50","576","100","167.79661016949152"
"34","60","5","false","25","50","577","100","167.79661016949152"
"44","60","5","false","25","100","492","100","175.92891760904686"
"34","60","5","false","25","50","578","100","167.79661016949152"
"44","60","5","false","25","100","493","100","175.92891760904686"
"34","60","5","false","25","50","579","100","167.79661016949152"
"44","60","5","false","25","100","494","100","175.92891760904686"
"44","60","5","false","25","100","495","100","175.92891760904686"
"44","60","5","false","25","100","496","100","175.92891760904686"
"34","60","5","false","25","50","580","100","167.79661016949152"
"44","60","5","false","25","100","497","100","175.92891760904686"
"34","60","5","false","25","50","581","100","167.79661016949152"
"44","60","5","false","25","100","498","100","175.92891760904686"
"34","60","5","false","25","50","582","100","167.79661016949152"
"34","60","5","false","25","50","583","100","167.79661016949152"
"44","60","5","false","25","100","499","100","175.92891760904686"
"44","60","5","false","25","100","500","100","175.92891760904686"
"34","60","5","false","25","50","584","100","167.79661016949152"
"44","60","5","false","25","100","501","100","175.92891760904686"
"44","60","5","false","25","100","502","100","175.92891760904686"
"34","60","5","false","25","50","585","100","167.79661016949152"
"44","60","5","false","25","100","503","100","175.92891760904686"
"34","60","5","false","25","50","586","100","167.79661016949152"
"44","60","5","false","25","100","504","100","175.92891760904686"
"34","60","5","false","25","50","587","100","167.79661016949152"
"34","60","5","false","25","50","588","100","167.79661016949152"
"34","60","5","false","25","50","589","100","167.79661016949152"
"34","60","5","false","25","50","590","100","167.79661016949152"
"34","60","5","false","25","50","591","100","167.79661016949152"
"34","60","5","false","25","50","592","100","167.79661016949152"
"34","60","5","false","25","50","593","100","167.79661016949152"
"34","60","5","false","25","50","594","100","167.79661016949152"
"34","60","5","false","25","50","595","100","167.79661016949152"
"34","60","5","false","25","50","596","100","167.79661016949152"
"34","60","5","false","25","50","597","100","167.79661016949152"
"34","60","5","false","25","50","598","100","167.79661016949152"
"34","60","5","false","25","50","599","100","167.79661016949152"
"34","60","5","false","25","50","600","100","167.79661016949152"
"34","60","5","false","25","50","601","100","167.79661016949152"
"34","60","5","false","25","50","602","100","167.79661016949152"
"34","60","5","false","25","50","603","100","167.79661016949152"
"34","60","5","false","25","50","604","100","167.79661016949152"
"34","60","5","false","25","50","605","100","167.79661016949152"
"34","60","5","false","25","50","606","100","167.79661016949152"
"34","60","5","false","25","50","607","100","167.79661016949152"
"34","60","5","false","25","50","608","100","167.79661016949152"
"34","60","5","false","25","50","609","100","167.79661016949152"
"34","60","5","false","25","50","610","100","167.79661016949152"
"34","60","5","false","25","50","611","100","167.79661016949152"
"34","60","5","false","25","50","612","100","167.79661016949152"
"34","60","5","false","25","50","613","100","167.79661016949152"
"34","60","5","false","25","50","614","100","167.79661016949152"
"34","60","5","false","25","50","615","100","167.79661016949152"
"34","60","5","false","25","50","616","100","167.79661016949152"
"34","60","5","false","25","50","617","100","167.79661016949152"
"34","60","5","false","25","50","618","100","167.79661016949152"
"34","60","5","false","25","50","619","100","167.79661016949152"
"34","60","5","false","25","50","620","100","167.79661016949152"
"34","60","5","false","25","50","621","100","167.79661016949152"
"34","60","5","false","25","50","622","100","167.79661016949152"
"34","60","5","false","25","50","623","100","167.79661016949152"
"34","60","5","false","25","50","624","100","167.79661016949152"
"34","60","5","false","25","50","625","100","167.79661016949152"
"34","60","5","false","25","50","626","100","167.79661016949152"
"34","60","5","false","25","50","627","100","167.79661016949152"
"34","60","5","false","25","50","628","100","167.79661016949152"
"34","60","5","false","25","50","629","100","167.79661016949152"
"34","60","5","false","25","50","630","100","167.79661016949152"
"34","60","5","false","25","50","631","100","167.79661016949152"
"34","60","5","false","25","50","632","100","167.79661016949152"
"34","60","5","false","25","50","633","100","167.79661016949152"
"34","60","5","false","25","50","634","100","167.79661016949152"
"34","60","5","false","25","50","635","100","167.79661016949152"
"34","60","5","false","25","50","636","100","167.79661016949152"
"34","60","5","false","25","50","637","100","167.79661016949152"
"34","60","5","false","25","50","638","100","167.79661016949152"
"34","60","5","false","25","50","639","100","167.79661016949152"
"34","60","5","false","25","50","640","100","167.79661016949152"
"34","60","5","false","25","50","641","100","167.79661016949152"
"34","60","5","false","25","50","642","100","167.79661016949152"
"34","60","5","false","25","50","643","100","167.79661016949152"
"34","60","5","false","25","50","644","100","167.79661016949152"
"34","60","5","false","25","50","645","100","167.79661016949152"
"34","60","5","false","25","50","646","100","167.79661016949152"
"34","60","5","false","25","50","647","100","167.79661016949152"
"34","60","5","false","25","50","648","100","167.79661016949152"
"1","60","5","false","25","0","58","77.68595041322314","137.11507293354944"
"34","60","5","false","25","50","649","100","167.79661016949152"
"34","60","5","false","25","50","650","100","167.79661016949152"
"34","60","5","false","25","50","651","100","167.79661016949152"
"34","60","5","false","25","50","652","100","167.79661016949152"
"34","60","5","false","25","50","653","100","167.79661016949152"
"34","60","5","false","25","50","654","100","167.79661016949152"
"34","60","5","false","25","50","655","100","167.79661016949152"
"34","60","5","false","25","50","656","100","167.79661016949152"
"34","60","5","false","25","50","657","100","167.79661016949152"
"34","60","5","false","25","50","658","100","167.79661016949152"
"34","60","5","false","25","50","659","100","167.79661016949152"
"34","60","5","false","25","50","660","100","167.79661016949152"
"34","60","5","false","25","50","661","100","167.79661016949152"
"34","60","5","false","25","50","662","100","167.79661016949152"
"34","60","5","false","25","50","663","100","167.79661016949152"
"34","60","5","false","25","50","664","100","167.79661016949152"
"34","60","5","false","25","50","665","100","167.79661016949152"
"34","60","5","false","25","50","666","100","167.79661016949152"
"34","60","5","false","25","50","667","100","167.79661016949152"
"34","60","5","false","25","50","668","100","167.79661016949152"
"34","60","5","false","25","50","669","100","167.79661016949152"
"34","60","5","false","25","50","670","100","167.79661016949152"
"34","60","5","false","25","50","671","100","167.79661016949152"
"34","60","5","false","25","50","672","100","167.79661016949152"
"34","60","5","false","25","50","673","100","167.79661016949152"
"34","60","5","false","25","50","674","100","167.79661016949152"
"34","60","5","false","25","50","675","100","167.79661016949152"
"34","60","5","false","25","50","676","100","167.79661016949152"
"34","60","5","false","25","50","677","100","167.79661016949152"
"34","60","5","false","25","50","678","100","167.79661016949152"
"34","60","5","false","25","50","679","100","167.79661016949152"
"34","60","5","false","25","50","680","100","167.79661016949152"
"34","60","5","false","25","50","681","100","167.79661016949152"
"34","60","5","false","25","50","682","100","167.79661016949152"
"34","60","5","false","25","50","683","100","167.79661016949152"
"34","60","5","false","25","50","684","100","167.79661016949152"
"34","60","5","false","25","50","685","100","167.79661016949152"
"34","60","5","false","25","50","686","100","167.79661016949152"
"34","60","5","false","25","50","687","100","167.79661016949152"
"34","60","5","false","25","50","688","100","167.79661016949152"
"34","60","5","false","25","50","689","100","167.79661016949152"
"34","60","5","false","25","50","690","100","167.79661016949152"
"34","60","5","false","25","50","691","100","167.79661016949152"
"34","60","5","false","25","50","692","100","167.79661016949152"
"34","60","5","false","25","50","693","100","167.79661016949152"
"34","60","5","false","25","50","694","100","167.79661016949152"
"34","60","5","false","25","50","695","100","167.79661016949152"
"34","60","5","false","25","50","696","100","167.79661016949152"
"34","60","5","false","25","50","697","100","167.79661016949152"
"34","60","5","false","25","50","698","100","167.79661016949152"
"34","60","5","false","25","50","699","100","167.79661016949152"
"34","60","5","false","25","50","700","100","167.79661016949152"
"34","60","5","false","25","50","701","100","167.79661016949152"
"34","60","5","false","25","50","702","100","167.79661016949152"
"34","60","5","false","25","50","703","100","167.79661016949152"
"34","60","5","false","25","50","704","100","167.79661016949152"
"34","60","5","false","25","50","705","100","167.79661016949152"
"34","60","5","false","25","50","706","100","167.79661016949152"
"34","60","5","false","25","50","707","100","167.79661016949152"
"34","60","5","false","25","50","708","100","167.79661016949152"
"34","60","5","false","25","50","709","100","167.79661016949152"
"34","60","5","false","25","50","710","100","167.79661016949152"
"34","60","5","false","25","50","711","100","167.79661016949152"
"34","60","5","false","25","50","712","100","167.79661016949152"
"34","60","5","false","25","50","713","100","167.79661016949152"
"34","60","5","false","25","50","714","100","167.79661016949152"
"34","60","5","false","25","50","715","100","167.79661016949152"
"34","60","5","false","25","50","716","100","167.79661016949152"
"34","60","5","false","25","50","717","100","167.79661016949152"
"34","60","5","false","25","50","718","100","167.79661016949152"
"34","60","5","false","25","50","719","100","167.79661016949152"
"34","60","5","false","25","50","720","100","167.79661016949152"
"34","60","5","false","25","50","721","100","167.79661016949152"
"34","60","5","false","25","50","722","100","167.79661016949152"
"34","60","5","false","25","50","723","100","167.79661016949152"
"34","60","5","false","25","50","724","100","167.79661016949152"
"34","60","5","false","25","50","725","100","167.79661016949152"
"34","60","5","false","25","50","726","100","167.79661016949152"
"34","60","5","false","25","50","727","100","167.79661016949152"
"34","60","5","false","25","50","728","100","167.79661016949152"
"34","60","5","false","25","50","729","100","167.79661016949152"
"34","60","5","false","25","50","730","100","167.79661016949152"
"34","60","5","false","25","50","731","100","167.79661016949152"
"34","60","5","false","25","50","732","100","167.79661016949152"
"34","60","5","false","25","50","733","100","167.79661016949152"
"34","60","5","false","25","50","734","100","167.79661016949152"
"34","60","5","false","25","50","735","100","167.79661016949152"
"34","60","5","false","25","50","736","100","167.79661016949152"
"34","60","5","false","25","50","737","100","167.79661016949152"
"34","60","5","false","25","50","738","100","167.79661016949152"
"34","60","5","false","25","50","739","100","167.79661016949152"
"34","60","5","false","25","50","740","100","167.79661016949152"
"34","60","5","false","25","50","741","100","167.79661016949152"
"34","60","5","false","25","50","742","100","167.79661016949152"
"34","60","5","false","25","50","743","100","167.79661016949152"
"34","60","5","false","25","50","744","100","167.79661016949152"
"34","60","5","false","25","50","745","100","167.79661016949152"
"34","60","5","false","25","50","746","100","167.79661016949152"
"34","60","5","false","25","50","747","100","167.79661016949152"
"34","60","5","false","25","50","748","100","167.79661016949152"
"34","60","5","false","25","50","749","100","167.79661016949152"
"34","60","5","false","25","50","750","100","167.79661016949152"
"34","60","5","false","25","50","751","100","167.79661016949152"
"34","60","5","false","25","50","752","100","167.79661016949152"
"34","60","5","false","25","50","753","100","167.79661016949152"
"34","60","5","false","25","50","754","100","167.79661016949152"
"34","60","5","false","25","50","755","100","167.79661016949152"
"34","60","5","false","25","50","756","100","167.79661016949152"
"34","60","5","false","25","50","757","100","167.79661016949152"
"34","60","5","false","25","50","758","100","167.79661016949152"
"45","60","5","false","25","100","574","100","166.7687595712098"
"45","60","5","false","25","100","575","100","166.7687595712098"
"34","60","5","false","25","50","759","100","167.79661016949152"
"45","60","5","false","25","100","576","100","166.7687595712098"
"34","60","5","false","25","50","760","100","167.79661016949152"
"45","60","5","false","25","100","577","100","166.7687595712098"
"1","60","5","false","25","0","59","78.78787878787878","139.05996758508914"
"45","60","5","false","25","100","578","100","166.7687595712098"
"34","60","5","false","25","50","761","100","167.79661016949152"
"45","60","5","false","25","100","579","100","166.7687595712098"
"34","60","5","false","25","50","762","100","167.79661016949152"
"45","60","5","false","25","100","580","100","166.7687595712098"
"34","60","5","false","25","50","763","100","167.79661016949152"
"45","60","5","false","25","100","581","100","166.7687595712098"
"34","60","5","false","25","50","764","100","167.79661016949152"
"45","60","5","false","25","100","582","100","166.7687595712098"
"34","60","5","false","25","50","765","100","167.79661016949152"
"45","60","5","false","25","100","583","100","166.7687595712098"
"34","60","5","false","25","50","766","100","167.79661016949152"
"45","60","5","false","25","100","584","100","166.7687595712098"
"34","60","5","false","25","50","767","100","167.79661016949152"
"45","60","5","false","25","100","585","100","166.7687595712098"
"34","60","5","false","25","50","768","100","167.79661016949152"
"45","60","5","false","25","100","586","100","166.7687595712098"
"34","60","5","false","25","50","769","100","167.79661016949152"
"45","60","5","false","25","100","587","100","166.7687595712098"
"34","60","5","false","25","50","770","100","167.79661016949152"
"45","60","5","false","25","100","588","100","166.7687595712098"
"34","60","5","false","25","50","771","100","167.79661016949152"
"45","60","5","false","25","100","589","100","166.7687595712098"
"34","60","5","false","25","50","772","100","167.79661016949152"
"45","60","5","false","25","100","590","100","166.7687595712098"
"34","60","5","false","25","50","773","100","167.79661016949152"
"45","60","5","false","25","100","591","100","166.7687595712098"
"34","60","5","false","25","50","774","100","167.79661016949152"
"45","60","5","false","25","100","592","100","166.7687595712098"
"34","60","5","false","25","50","775","100","167.79661016949152"
"45","60","5","false","25","100","593","100","166.7687595712098"
"45","60","5","false","25","100","594","100","166.7687595712098"
"45","60","5","false","25","100","595","100","166.7687595712098"
"45","60","5","false","25","100","596","100","166.7687595712098"
"34","60","5","false","25","50","776","100","167.79661016949152"
"45","60","5","false","25","100","597","100","166.7687595712098"
"45","60","5","false","25","100","598","100","166.7687595712098"
"45","60","5","false","25","100","599","100","166.7687595712098"
"34","60","5","false","25","50","777","100","167.79661016949152"
"45","60","5","false","25","100","600","100","166.7687595712098"
"45","60","5","false","25","100","601","100","166.7687595712098"
"45","60","5","false","25","100","602","100","166.7687595712098"
"45","60","5","false","25","100","603","100","166.7687595712098"
"45","60","5","false","25","100","604","100","166.7687595712098"
"34","60","5","false","25","50","778","100","167.79661016949152"
"45","60","5","false","25","100","605","100","166.7687595712098"
"34","60","5","false","25","50","779","100","167.79661016949152"
"34","60","5","false","25","50","780","100","167.79661016949152"
"45","60","5","false","25","100","606","100","166.7687595712098"
"34","60","5","false","25","50","781","100","167.79661016949152"
"45","60","5","false","25","100","607","100","166.7687595712098"
"45","60","5","false","25","100","608","100","166.7687595712098"
"45","60","5","false","25","100","609","100","166.7687595712098"
"45","60","5","false","25","100","610","100","166.7687595712098"
"34","60","5","false","25","50","782","100","167.79661016949152"
"45","60","5","false","25","100","611","100","166.7687595712098"
"45","60","5","false","25","100","612","100","166.7687595712098"
"45","60","5","false","25","100","613","100","166.7687595712098"
"34","60","5","false","25","50","783","100","167.79661016949152"
"45","60","5","false","25","100","614","100","166.7687595712098"
"34","60","5","false","25","50","784","100","167.79661016949152"
"45","60","5","false","25","100","615","100","166.7687595712098"
"34","60","5","false","25","50","785","100","167.79661016949152"
"34","60","5","false","25","50","786","100","167.79661016949152"
"45","60","5","false","25","100","616","100","166.7687595712098"
"45","60","5","false","25","100","617","100","166.7687595712098"
"34","60","5","false","25","50","787","100","167.79661016949152"
"45","60","5","false","25","100","618","100","166.7687595712098"
"45","60","5","false","25","100","619","100","166.7687595712098"
"45","60","5","false","25","100","620","100","166.7687595712098"
"34","60","5","false","25","50","788","100","167.79661016949152"
"34","60","5","false","25","50","789","100","167.79661016949152"
"45","60","5","false","25","100","621","100","166.7687595712098"
"34","60","5","false","25","50","790","100","167.79661016949152"
"45","60","5","false","25","100","622","100","166.7687595712098"
"34","60","5","false","25","50","791","100","167.79661016949152"
"34","60","5","false","25","50","792","100","167.79661016949152"
"45","60","5","false","25","100","623","100","166.7687595712098"
"34","60","5","false","25","50","793","100","167.79661016949152"
"34","60","5","false","25","50","794","100","167.79661016949152"
"45","60","5","false","25","100","624","100","166.7687595712098"
"34","60","5","false","25","50","795","100","167.79661016949152"
"45","60","5","false","25","100","625","100","166.7687595712098"
"34","60","5","false","25","50","796","100","167.79661016949152"
"45","60","5","false","25","100","626","100","166.7687595712098"
"34","60","5","false","25","50","797","100","167.79661016949152"
"45","60","5","false","25","100","627","100","166.7687595712098"
"45","60","5","false","25","100","628","100","166.7687595712098"
"45","60","5","false","25","100","629","100","166.7687595712098"
"45","60","5","false","25","100","630","100","166.7687595712098"
"45","60","5","false","25","100","631","100","166.7687595712098"
"45","60","5","false","25","100","632","100","166.7687595712098"
"45","60","5","false","25","100","633","100","166.7687595712098"
"45","60","5","false","25","100","634","100","166.7687595712098"
"34","60","5","false","25","50","798","100","167.79661016949152"
"34","60","5","false","25","50","799","100","167.79661016949152"
"34","60","5","false","25","50","800","100","167.79661016949152"
"34","60","5","false","25","50","801","100","167.79661016949152"
"45","60","5","false","25","100","635","100","166.7687595712098"
"34","60","5","false","25","50","802","100","167.79661016949152"
"34","60","5","false","25","50","803","100","167.79661016949152"
"45","60","5","false","25","100","636","100","166.7687595712098"
"34","60","5","false","25","50","804","100","167.79661016949152"
"34","60","5","false","25","50","805","100","167.79661016949152"
"34","60","5","false","25","50","806","100","167.79661016949152"
"45","60","5","false","25","100","637","100","166.7687595712098"
"34","60","5","false","25","50","807","100","167.79661016949152"
"34","60","5","false","25","50","808","100","167.79661016949152"
"45","60","5","false","25","100","638","100","166.7687595712098"
"34","60","5","false","25","50","809","100","167.79661016949152"
"34","60","5","false","25","50","810","100","167.79661016949152"
"34","60","5","false","25","50","811","100","167.79661016949152"
"45","60","5","false","25","100","639","100","166.7687595712098"
"45","60","5","false","25","100","640","100","166.7687595712098"
"45","60","5","false","25","100","641","100","166.7687595712098"
"45","60","5","false","25","100","642","100","166.7687595712098"
"34","60","5","false","25","50","812","100","167.79661016949152"
"45","60","5","false","25","100","643","100","166.7687595712098"
"45","60","5","false","25","100","644","100","166.7687595712098"
"34","60","5","false","25","50","813","100","167.79661016949152"
"34","60","5","false","25","50","814","100","167.79661016949152"
"45","60","5","false","25","100","645","100","166.7687595712098"
"45","60","5","false","25","100","646","100","166.7687595712098"
"45","60","5","false","25","100","647","100","166.7687595712098"
"34","60","5","false","25","50","815","100","167.79661016949152"
"45","60","5","false","25","100","648","100","166.7687595712098"
"45","60","5","false","25","100","649","100","166.7687595712098"
"45","60","5","false","25","100","650","100","166.7687595712098"
"34","60","5","false","25","50","816","100","167.79661016949152"
"45","60","5","false","25","100","651","100","166.7687595712098"
"34","60","5","false","25","50","817","100","167.79661016949152"
"45","60","5","false","25","100","652","100","166.7687595712098"
"34","60","5","false","25","50","818","100","167.79661016949152"
"45","60","5","false","25","100","653","100","166.7687595712098"
"34","60","5","false","25","50","819","100","167.79661016949152"
"45","60","5","false","25","100","654","100","166.7687595712098"
"45","60","5","false","25","100","655","100","166.7687595712098"
"34","60","5","false","25","50","820","100","167.79661016949152"
"45","60","5","false","25","100","656","100","166.7687595712098"
"45","60","5","false","25","100","657","100","166.7687595712098"
"45","60","5","false","25","100","658","100","166.7687595712098"
"45","60","5","false","25","100","659","100","166.7687595712098"
"34","60","5","false","25","50","821","100","167.79661016949152"
"45","60","5","false","25","100","660","100","166.7687595712098"
"34","60","5","false","25","50","822","100","167.79661016949152"
"45","60","5","false","25","100","661","100","166.7687595712098"
"34","60","5","false","25","50","823","100","167.79661016949152"
"34","60","5","false","25","50","824","100","167.79661016949152"
"45","60","5","false","25","100","662","100","166.7687595712098"
"34","60","5","false","25","50","825","100","167.79661016949152"
"45","60","5","false","25","100","663","100","166.7687595712098"
"45","60","5","false","25","100","664","100","166.7687595712098"
"34","60","5","false","25","50","826","100","167.79661016949152"
"45","60","5","false","25","100","665","100","166.7687595712098"
"34","60","5","false","25","50","827","100","167.79661016949152"
"34","60","5","false","25","50","828","100","167.79661016949152"
"34","60","5","false","25","50","829","100","167.79661016949152"
"45","60","5","false","25","100","666","100","166.7687595712098"
"45","60","5","false","25","100","667","100","166.7687595712098"
"45","60","5","false","25","100","668","100","166.7687595712098"
"45","60","5","false","25","100","669","100","166.7687595712098"
"34","60","5","false","25","50","830","100","167.79661016949152"
"45","60","5","false","25","100","670","100","166.7687595712098"
"1","60","5","false","25","0","60","79.88980716253444","141.00486223662884"
"34","60","5","false","25","50","831","100","167.79661016949152"
"45","60","5","false","25","100","671","100","166.7687595712098"
"34","60","5","false","25","50","832","100","167.79661016949152"
"34","60","5","false","25","50","833","100","167.79661016949152"
"45","60","5","false","25","100","672","100","166.7687595712098"
"34","60","5","false","25","50","834","100","167.79661016949152"
"45","60","5","false","25","100","673","100","166.7687595712098"
"34","60","5","false","25","50","835","100","167.79661016949152"
"45","60","5","false","25","100","674","100","166.7687595712098"
"34","60","5","false","25","50","836","100","167.79661016949152"
"34","60","5","false","25","50","837","100","167.79661016949152"
"34","60","5","false","25","50","838","100","167.79661016949152"
"45","60","5","false","25","100","675","100","166.7687595712098"
"34","60","5","false","25","50","839","100","167.79661016949152"
"34","60","5","false","25","50","840","100","167.79661016949152"
"34","60","5","false","25","50","841","100","167.79661016949152"
"45","60","5","false","25","100","676","100","166.7687595712098"
"45","60","5","false","25","100","677","100","166.7687595712098"
"45","60","5","false","25","100","678","100","166.7687595712098"
"45","60","5","false","25","100","679","100","166.7687595712098"
"45","60","5","false","25","100","680","100","166.7687595712098"
"34","60","5","false","25","50","842","100","167.79661016949152"
"45","60","5","false","25","100","681","100","166.7687595712098"
"34","60","5","false","25","50","843","100","167.79661016949152"
"45","60","5","false","25","100","682","100","166.7687595712098"
"45","60","5","false","25","100","683","100","166.7687595712098"
"34","60","5","false","25","50","844","100","167.79661016949152"
"45","60","5","false","25","100","684","100","166.7687595712098"
"34","60","5","false","25","50","845","100","167.79661016949152"
"34","60","5","false","25","50","846","100","167.79661016949152"
"45","60","5","false","25","100","685","100","166.7687595712098"
"34","60","5","false","25","50","847","100","167.79661016949152"
"45","60","5","false","25","100","686","100","166.7687595712098"
"34","60","5","false","25","50","848","100","167.79661016949152"
"45","60","5","false","25","100","687","100","166.7687595712098"
"45","60","5","false","25","100","688","100","166.7687595712098"
"45","60","5","false","25","100","689","100","166.7687595712098"
"34","60","5","false","25","50","849","100","167.79661016949152"
"45","60","5","false","25","100","690","100","166.7687595712098"
"34","60","5","false","25","50","850","100","167.79661016949152"
"45","60","5","false","25","100","691","100","166.7687595712098"
"34","60","5","false","25","50","851","100","167.79661016949152"
"45","60","5","false","25","100","692","100","166.7687595712098"
"34","60","5","false","25","50","852","100","167.79661016949152"
"45","60","5","false","25","100","693","100","166.7687595712098"
"45","60","5","false","25","100","694","100","166.7687595712098"
"45","60","5","false","25","100","695","100","166.7687595712098"
"45","60","5","false","25","100","696","100","166.7687595712098"
"34","60","5","false","25","50","853","100","167.79661016949152"
"45","60","5","false","25","100","697","100","166.7687595712098"
"45","60","5","false","25","100","698","100","166.7687595712098"
"45","60","5","false","25","100","699","100","166.7687595712098"
"45","60","5","false","25","100","700","100","166.7687595712098"
"34","60","5","false","25","50","854","100","167.79661016949152"
"45","60","5","false","25","100","701","100","166.7687595712098"
"45","60","5","false","25","100","702","100","166.7687595712098"
"45","60","5","false","25","100","703","100","166.7687595712098"
"34","60","5","false","25","50","855","100","167.79661016949152"
"45","60","5","false","25","100","704","100","166.7687595712098"
"45","60","5","false","25","100","705","100","166.7687595712098"
"45","60","5","false","25","100","706","100","166.7687595712098"
"45","60","5","false","25","100","707","100","166.7687595712098"
"34","60","5","false","25","50","856","100","167.79661016949152"
"45","60","5","false","25","100","708","100","166.7687595712098"
"45","60","5","false","25","100","709","100","166.7687595712098"
"45","60","5","false","25","100","710","100","166.7687595712098"
"34","60","5","false","25","50","857","100","167.79661016949152"
"45","60","5","false","25","100","711","100","166.7687595712098"
"34","60","5","false","25","50","858","100","167.79661016949152"
"45","60","5","false","25","100","712","100","166.7687595712098"
"45","60","5","false","25","100","713","100","166.7687595712098"
"45","60","5","false","25","100","714","100","166.7687595712098"
"45","60","5","false","25","100","715","100","166.7687595712098"
"34","60","5","false","25","50","859","100","167.79661016949152"
"45","60","5","false","25","100","716","100","166.7687595712098"
"45","60","5","false","25","100","717","100","166.7687595712098"
"45","60","5","false","25","100","718","100","166.7687595712098"
"34","60","5","false","25","50","860","100","167.79661016949152"
"45","60","5","false","25","100","719","100","166.7687595712098"
"45","60","5","false","25","100","720","100","166.7687595712098"
"45","60","5","false","25","100","721","100","166.7687595712098"
"34","60","5","false","25","50","861","100","167.79661016949152"
"45","60","5","false","25","100","722","100","166.7687595712098"
"45","60","5","false","25","100","723","100","166.7687595712098"
"34","60","5","false","25","50","862","100","167.79661016949152"
"45","60","5","false","25","100","724","100","166.7687595712098"
"45","60","5","false","25","100","725","100","166.7687595712098"
"45","60","5","false","25","100","726","100","166.7687595712098"
"34","60","5","false","25","50","863","100","167.79661016949152"
"45","60","5","false","25","100","727","100","166.7687595712098"
"45","60","5","false","25","100","728","100","166.7687595712098"
"34","60","5","false","25","50","864","100","167.79661016949152"
"45","60","5","false","25","100","729","100","166.7687595712098"
"45","60","5","false","25","100","730","100","166.7687595712098"
"45","60","5","false","25","100","731","100","166.7687595712098"
"45","60","5","false","25","100","732","100","166.7687595712098"
"34","60","5","false","25","50","865","100","167.79661016949152"
"45","60","5","false","25","100","733","100","166.7687595712098"
"45","60","5","false","25","100","734","100","166.7687595712098"
"34","60","5","false","25","50","866","100","167.79661016949152"
"45","60","5","false","25","100","735","100","166.7687595712098"
"45","60","5","false","25","100","736","100","166.7687595712098"
"45","60","5","false","25","100","737","100","166.7687595712098"
"34","60","5","false","25","50","867","100","167.79661016949152"
"45","60","5","false","25","100","738","100","166.7687595712098"
"45","60","5","false","25","100","739","100","166.7687595712098"
"45","60","5","false","25","100","740","100","166.7687595712098"
"34","60","5","false","25","50","868","100","167.79661016949152"
"45","60","5","false","25","100","741","100","166.7687595712098"
"45","60","5","false","25","100","742","100","166.7687595712098"
"34","60","5","false","25","50","869","100","167.79661016949152"
"45","60","5","false","25","100","743","100","166.7687595712098"
"45","60","5","false","25","100","744","100","166.7687595712098"
"45","60","5","false","25","100","745","100","166.7687595712098"
"45","60","5","false","25","100","746","100","166.7687595712098"
"45","60","5","false","25","100","747","100","166.7687595712098"
"45","60","5","false","25","100","748","100","166.7687595712098"
"45","60","5","false","25","100","749","100","166.7687595712098"
"45","60","5","false","25","100","750","100","166.7687595712098"
"34","60","5","false","25","50","870","100","167.79661016949152"
"45","60","5","false","25","100","751","100","166.7687595712098"
"34","60","5","false","25","50","871","100","167.79661016949152"
"45","60","5","false","25","100","752","100","166.7687595712098"
"34","60","5","false","25","50","872","100","167.79661016949152"
"45","60","5","false","25","100","753","100","166.7687595712098"
"45","60","5","false","25","100","754","100","166.7687595712098"
"45","60","5","false","25","100","755","100","166.7687595712098"
"34","60","5","false","25","50","873","100","167.79661016949152"
"45","60","5","false","25","100","756","100","166.7687595712098"
"45","60","5","false","25","100","757","100","166.7687595712098"
"45","60","5","false","25","100","758","100","166.7687595712098"
"45","60","5","false","25","100","759","100","166.7687595712098"
"34","60","5","false","25","50","874","100","167.79661016949152"
"45","60","5","false","25","100","760","100","166.7687595712098"
"1","60","5","false","25","0","61","80.8080808080808","142.6256077795786"
"34","60","5","false","25","50","875","100","167.79661016949152"
"45","60","5","false","25","100","761","100","166.7687595712098"
"45","60","5","false","25","100","762","100","166.7687595712098"
"34","60","5","false","25","50","876","100","167.79661016949152"
"45","60","5","false","25","100","763","100","166.7687595712098"
"45","60","5","false","25","100","764","100","166.7687595712098"
"34","60","5","false","25","50","877","100","167.79661016949152"
"45","60","5","false","25","100","765","100","166.7687595712098"
"34","60","5","false","25","50","878","100","167.79661016949152"
"45","60","5","false","25","100","766","100","166.7687595712098"
"45","60","5","false","25","100","767","100","166.7687595712098"
"34","60","5","false","25","50","879","100","167.79661016949152"
"45","60","5","false","25","100","768","100","166.7687595712098"
"45","60","5","false","25","100","769","100","166.7687595712098"
"34","60","5","false","25","50","880","100","167.79661016949152"
"45","60","5","false","25","100","770","100","166.7687595712098"
"34","60","5","false","25","50","881","100","167.79661016949152"
"45","60","5","false","25","100","771","100","166.7687595712098"
"34","60","5","false","25","50","882","100","167.79661016949152"
"34","60","5","false","25","50","883","100","167.79661016949152"
"45","60","5","false","25","100","772","100","166.7687595712098"
"45","60","5","false","25","100","773","100","166.7687595712098"
"45","60","5","false","25","100","774","100","166.7687595712098"
"45","60","5","false","25","100","775","100","166.7687595712098"
"34","60","5","false","25","50","884","100","167.79661016949152"
"45","60","5","false","25","100","776","100","166.7687595712098"
"45","60","5","false","25","100","777","100","166.7687595712098"
"45","60","5","false","25","100","778","100","166.7687595712098"
"34","60","5","false","25","50","885","100","167.79661016949152"
"45","60","5","false","25","100","779","100","166.7687595712098"
"45","60","5","false","25","100","780","100","166.7687595712098"
"34","60","5","false","25","50","886","100","167.79661016949152"
"45","60","5","false","25","100","781","100","166.7687595712098"
"34","60","5","false","25","50","887","100","167.79661016949152"
"45","60","5","false","25","100","782","100","166.7687595712098"
"45","60","5","false","25","100","783","100","166.7687595712098"
"34","60","5","false","25","50","888","100","167.79661016949152"
"45","60","5","false","25","100","784","100","166.7687595712098"
"34","60","5","false","25","50","889","100","167.79661016949152"
"45","60","5","false","25","100","785","100","166.7687595712098"
"34","60","5","false","25","50","890","100","167.79661016949152"
"45","60","5","false","25","100","786","100","166.7687595712098"
"45","60","5","false","25","100","787","100","166.7687595712098"
"34","60","5","false","25","50","891","100","167.79661016949152"
"45","60","5","false","25","100","788","100","166.7687595712098"
"34","60","5","false","25","50","892","100","167.79661016949152"
"34","60","5","false","25","50","893","100","167.79661016949152"
"45","60","5","false","25","100","789","100","166.7687595712098"
"45","60","5","false","25","100","790","100","166.7687595712098"
"34","60","5","false","25","50","894","100","167.79661016949152"
"45","60","5","false","25","100","791","100","166.7687595712098"
"45","60","5","false","25","100","792","100","166.7687595712098"
"45","60","5","false","25","100","793","100","166.7687595712098"
"34","60","5","false","25","50","895","100","167.79661016949152"
"45","60","5","false","25","100","794","100","166.7687595712098"
"34","60","5","false","25","50","896","100","167.79661016949152"
"45","60","5","false","25","100","795","100","166.7687595712098"
"45","60","5","false","25","100","796","100","166.7687595712098"
"45","60","5","false","25","100","797","100","166.7687595712098"
"34","60","5","false","25","50","897","100","167.79661016949152"
"45","60","5","false","25","100","798","100","166.7687595712098"
"34","60","5","false","25","50","898","100","167.79661016949152"
"45","60","5","false","25","100","799","100","166.7687595712098"
"45","60","5","false","25","100","800","100","166.7687595712098"
"34","60","5","false","25","50","899","100","167.79661016949152"
"45","60","5","false","25","100","801","100","166.7687595712098"
"45","60","5","false","25","100","802","100","166.7687595712098"
"34","60","5","false","25","50","900","100","167.79661016949152"
"45","60","5","false","25","100","803","100","166.7687595712098"
"34","60","5","false","25","50","901","100","167.79661016949152"
"45","60","5","false","25","100","804","100","166.7687595712098"
"34","60","5","false","25","50","902","100","167.79661016949152"
"45","60","5","false","25","100","805","100","166.7687595712098"
"45","60","5","false","25","100","806","100","166.7687595712098"
"34","60","5","false","25","50","903","100","167.79661016949152"
"45","60","5","false","25","100","807","100","166.7687595712098"
"45","60","5","false","25","100","808","100","166.7687595712098"
"34","60","5","false","25","50","904","100","167.79661016949152"
"45","60","5","false","25","100","809","100","166.7687595712098"
"34","60","5","false","25","50","905","100","167.79661016949152"
"45","60","5","false","25","100","810","100","166.7687595712098"
"34","60","5","false","25","50","906","100","167.79661016949152"
"45","60","5","false","25","100","811","100","166.7687595712098"
"34","60","5","false","25","50","907","100","167.79661016949152"
"45","60","5","false","25","100","812","100","166.7687595712098"
"34","60","5","false","25","50","908","100","167.79661016949152"
"34","60","5","false","25","50","909","100","167.79661016949152"
"45","60","5","false","25","100","813","100","166.7687595712098"
"45","60","5","false","25","100","814","100","166.7687595712098"
"34","60","5","false","25","50","910","100","167.79661016949152"
"34","60","5","false","25","50","911","100","167.79661016949152"
"45","60","5","false","25","100","815","100","166.7687595712098"
"45","60","5","false","25","100","816","100","166.7687595712098"
"34","60","5","false","25","50","912","100","167.79661016949152"
"45","60","5","false","25","100","817","100","166.7687595712098"
"45","60","5","false","25","100","818","100","166.7687595712098"
"45","60","5","false","25","100","819","100","166.7687595712098"
"34","60","5","false","25","50","913","100","167.79661016949152"
"45","60","5","false","25","100","820","100","166.7687595712098"
"34","60","5","false","25","50","914","100","167.79661016949152"
"45","60","5","false","25","100","821","100","166.7687595712098"
"34","60","5","false","25","50","915","100","167.79661016949152"
"45","60","5","false","25","100","822","100","166.7687595712098"
"45","60","5","false","25","100","823","100","166.7687595712098"
"34","60","5","false","25","50","916","100","167.79661016949152"
"45","60","5","false","25","100","824","100","166.7687595712098"
"34","60","5","false","25","50","917","100","167.79661016949152"
"45","60","5","false","25","100","825","100","166.7687595712098"
"34","60","5","false","25","50","918","100","167.79661016949152"
"45","60","5","false","25","100","826","100","166.7687595712098"
"45","60","5","false","25","100","827","100","166.7687595712098"
"45","60","5","false","25","100","828","100","166.7687595712098"
"45","60","5","false","25","100","829","100","166.7687595712098"
"45","60","5","false","25","100","830","100","166.7687595712098"
"34","60","5","false","25","50","919","100","167.79661016949152"
"45","60","5","false","25","100","831","100","166.7687595712098"
"34","60","5","false","25","50","920","100","167.79661016949152"
"34","60","5","false","25","50","921","100","167.79661016949152"
"45","60","5","false","25","100","832","100","166.7687595712098"
"45","60","5","false","25","100","833","100","166.7687595712098"
"45","60","5","false","25","100","834","100","166.7687595712098"
"34","60","5","false","25","50","922","100","167.79661016949152"
"45","60","5","false","25","100","835","100","166.7687595712098"
"45","60","5","false","25","100","836","100","166.7687595712098"
"34","60","5","false","25","50","923","100","167.79661016949152"
"45","60","5","false","25","100","837","100","166.7687595712098"
"34","60","5","false","25","50","924","100","167.79661016949152"
"1","60","5","false","25","0","62","82.18549127640037","145.05672609400324"
"45","60","5","false","25","100","838","100","166.7687595712098"
"34","60","5","false","25","50","925","100","167.79661016949152"
"45","60","5","false","25","100","839","100","166.7687595712098"
"45","60","5","false","25","100","840","100","166.7687595712098"
"34","60","5","false","25","50","926","100","167.79661016949152"
"45","60","5","false","25","100","841","100","166.7687595712098"
"45","60","5","false","25","100","842","100","166.7687595712098"
"45","60","5","false","25","100","843","100","166.7687595712098"
"34","60","5","false","25","50","927","100","167.79661016949152"
"45","60","5","false","25","100","844","100","166.7687595712098"
"45","60","5","false","25","100","845","100","166.7687595712098"
"34","60","5","false","25","50","928","100","167.79661016949152"
"45","60","5","false","25","100","846","100","166.7687595712098"
"45","60","5","false","25","100","847","100","166.7687595712098"
"45","60","5","false","25","100","848","100","166.7687595712098"
"34","60","5","false","25","50","929","100","167.79661016949152"
"45","60","5","false","25","100","849","100","166.7687595712098"
"45","60","5","false","25","100","850","100","166.7687595712098"
"45","60","5","false","25","100","851","100","166.7687595712098"
"45","60","5","false","25","100","852","100","166.7687595712098"
"34","60","5","false","25","50","930","100","167.79661016949152"
"34","60","5","false","25","50","931","100","167.79661016949152"
"45","60","5","false","25","100","853","100","166.7687595712098"
"45","60","5","false","25","100","854","100","166.7687595712098"
"34","60","5","false","25","50","932","100","167.79661016949152"
"45","60","5","false","25","100","855","100","166.7687595712098"
"34","60","5","false","25","50","933","100","167.79661016949152"
"45","60","5","false","25","100","856","100","166.7687595712098"
"34","60","5","false","25","50","934","100","167.79661016949152"
"45","60","5","false","25","100","857","100","166.7687595712098"
"34","60","5","false","25","50","935","100","167.79661016949152"
"45","60","5","false","25","100","858","100","166.7687595712098"
"34","60","5","false","25","50","936","100","167.79661016949152"
"45","60","5","false","25","100","859","100","166.7687595712098"
"34","60","5","false","25","50","937","100","167.79661016949152"
"45","60","5","false","25","100","860","100","166.7687595712098"
"45","60","5","false","25","100","861","100","166.7687595712098"
"34","60","5","false","25","50","938","100","167.79661016949152"
"45","60","5","false","25","100","862","100","166.7687595712098"
"34","60","5","false","25","50","939","100","167.79661016949152"
"45","60","5","false","25","100","863","100","166.7687595712098"
"34","60","5","false","25","50","940","100","167.79661016949152"
"45","60","5","false","25","100","864","100","166.7687595712098"
"34","60","5","false","25","50","941","100","167.79661016949152"
"45","60","5","false","25","100","865","100","166.7687595712098"
"34","60","5","false","25","50","942","100","167.79661016949152"
"45","60","5","false","25","100","866","100","166.7687595712098"
"34","60","5","false","25","50","943","100","167.79661016949152"
"45","60","5","false","25","100","867","100","166.7687595712098"
"34","60","5","false","25","50","944","100","167.79661016949152"
"45","60","5","false","25","100","868","100","166.7687595712098"
"34","60","5","false","25","50","945","100","167.79661016949152"
"45","60","5","false","25","100","869","100","166.7687595712098"
"34","60","5","false","25","50","946","100","167.79661016949152"
"45","60","5","false","25","100","870","100","166.7687595712098"
"34","60","5","false","25","50","947","100","167.79661016949152"
"45","60","5","false","25","100","871","100","166.7687595712098"
"34","60","5","false","25","50","948","100","167.79661016949152"
"34","60","5","false","25","50","949","100","167.79661016949152"
"45","60","5","false","25","100","872","100","166.7687595712098"
"45","60","5","false","25","100","873","100","166.7687595712098"
"45","60","5","false","25","100","874","100","166.7687595712098"
"45","60","5","false","25","100","875","100","166.7687595712098"
"34","60","5","false","25","50","950","100","167.79661016949152"
"34","60","5","false","25","50","951","100","167.79661016949152"
"45","60","5","false","25","100","876","100","166.7687595712098"
"45","60","5","false","25","100","877","100","166.7687595712098"
"34","60","5","false","25","50","952","100","167.79661016949152"
"45","60","5","false","25","100","878","100","166.7687595712098"
"34","60","5","false","25","50","953","100","167.79661016949152"
"45","60","5","false","25","100","879","100","166.7687595712098"
"45","60","5","false","25","100","880","100","166.7687595712098"
"34","60","5","false","25","50","954","100","167.79661016949152"
"45","60","5","false","25","100","881","100","166.7687595712098"
"34","60","5","false","25","50","955","100","167.79661016949152"
"45","60","5","false","25","100","882","100","166.7687595712098"
"45","60","5","false","25","100","883","100","166.7687595712098"
"34","60","5","false","25","50","956","100","167.79661016949152"
"45","60","5","false","25","100","884","100","166.7687595712098"
"45","60","5","false","25","100","885","100","166.7687595712098"
"34","60","5","false","25","50","957","100","167.79661016949152"
"45","60","5","false","25","100","886","100","166.7687595712098"
"34","60","5","false","25","50","958","100","167.79661016949152"
"45","60","5","false","25","100","887","100","166.7687595712098"
"45","60","5","false","25","100","888","100","166.7687595712098"
"45","60","5","false","25","100","889","100","166.7687595712098"
"34","60","5","false","25","50","959","100","167.79661016949152"
"45","60","5","false","25","100","890","100","166.7687595712098"
"34","60","5","false","25","50","960","100","167.79661016949152"
"45","60","5","false","25","100","891","100","166.7687595712098"
"45","60","5","false","25","100","892","100","166.7687595712098"
"45","60","5","false","25","100","893","100","166.7687595712098"
"34","60","5","false","25","50","961","100","167.79661016949152"
"45","60","5","false","25","100","894","100","166.7687595712098"
"34","60","5","false","25","50","962","100","167.79661016949152"
"45","60","5","false","25","100","895","100","166.7687595712098"
"45","60","5","false","25","100","896","100","166.7687595712098"
"34","60","5","false","25","50","963","100","167.79661016949152"
"45","60","5","false","25","100","897","100","166.7687595712098"
"34","60","5","false","25","50","964","100","167.79661016949152"
"45","60","5","false","25","100","898","100","166.7687595712098"
"34","60","5","false","25","50","965","100","167.79661016949152"
"45","60","5","false","25","100","899","100","166.7687595712098"
"34","60","5","false","25","50","966","100","167.79661016949152"
"45","60","5","false","25","100","900","100","166.7687595712098"
"34","60","5","false","25","50","967","100","167.79661016949152"
"45","60","5","false","25","100","901","100","166.7687595712098"
"34","60","5","false","25","50","968","100","167.79661016949152"
"45","60","5","false","25","100","902","100","166.7687595712098"
"45","60","5","false","25","100","903","100","166.7687595712098"
"34","60","5","false","25","50","969","100","167.79661016949152"
"45","60","5","false","25","100","904","100","166.7687595712098"
"45","60","5","false","25","100","905","100","166.7687595712098"
"34","60","5","false","25","50","970","100","167.79661016949152"
"45","60","5","false","25","100","906","100","166.7687595712098"
"45","60","5","false","25","100","907","100","166.7687595712098"
"34","60","5","false","25","50","971","100","167.79661016949152"
"45","60","5","false","25","100","908","100","166.7687595712098"
"34","60","5","false","25","50","972","100","167.79661016949152"
"45","60","5","false","25","100","909","100","166.7687595712098"
"45","60","5","false","25","100","910","100","166.7687595712098"
"34","60","5","false","25","50","973","100","167.79661016949152"
"45","60","5","false","25","100","911","100","166.7687595712098"
"45","60","5","false","25","100","912","100","166.7687595712098"
"34","60","5","false","25","50","974","100","167.79661016949152"
"45","60","5","false","25","100","913","100","166.7687595712098"
"34","60","5","false","25","50","975","100","167.79661016949152"
"45","60","5","false","25","100","914","100","166.7687595712098"
"45","60","5","false","25","100","915","100","166.7687595712098"
"34","60","5","false","25","50","976","100","167.79661016949152"
"45","60","5","false","25","100","916","100","166.7687595712098"
"34","60","5","false","25","50","977","100","167.79661016949152"
"45","60","5","false","25","100","917","100","166.7687595712098"
"45","60","5","false","25","100","918","100","166.7687595712098"
"34","60","5","false","25","50","978","100","167.79661016949152"
"34","60","5","false","25","50","979","100","167.79661016949152"
"45","60","5","false","25","100","919","100","166.7687595712098"
"34","60","5","false","25","50","980","100","167.79661016949152"
"45","60","5","false","25","100","920","100","166.7687595712098"
"34","60","5","false","25","50","981","100","167.79661016949152"
"45","60","5","false","25","100","921","100","166.7687595712098"
"45","60","5","false","25","100","922","100","166.7687595712098"
"34","60","5","false","25","50","982","100","167.79661016949152"
"34","60","5","false","25","50","983","100","167.79661016949152"
"45","60","5","false","25","100","923","100","166.7687595712098"
"34","60","5","false","25","50","984","100","167.79661016949152"
"45","60","5","false","25","100","924","100","166.7687595712098"
"34","60","5","false","25","50","985","100","167.79661016949152"
"45","60","5","false","25","100","925","100","166.7687595712098"
"34","60","5","false","25","50","986","100","167.79661016949152"
"45","60","5","false","25","100","926","100","166.7687595712098"
"34","60","5","false","25","50","987","100","167.79661016949152"
"45","60","5","false","25","100","927","100","166.7687595712098"
"34","60","5","false","25","50","988","100","167.79661016949152"
"45","60","5","false","25","100","928","100","166.7687595712098"
"45","60","5","false","25","100","929","100","166.7687595712098"
"34","60","5","false","25","50","989","100","167.79661016949152"
"45","60","5","false","25","100","930","100","166.7687595712098"
"1","60","5","false","25","0","63","83.19559228650138","146.83954619124796"
"34","60","5","false","25","50","990","100","167.79661016949152"
"45","60","5","false","25","100","931","100","166.7687595712098"
"34","60","5","false","25","50","991","100","167.79661016949152"
"45","60","5","false","25","100","932","100","166.7687595712098"
"45","60","5","false","25","100","933","100","166.7687595712098"
"34","60","5","false","25","50","992","100","167.79661016949152"
"45","60","5","false","25","100","934","100","166.7687595712098"
"34","60","5","false","25","50","993","100","167.79661016949152"
"45","60","5","false","25","100","935","100","166.7687595712098"
"34","60","5","false","25","50","994","100","167.79661016949152"
"45","60","5","false","25","100","936","100","166.7687595712098"
"45","60","5","false","25","100","937","100","166.7687595712098"
"34","60","5","false","25","50","995","100","167.79661016949152"
"45","60","5","false","25","100","938","100","166.7687595712098"
"45","60","5","false","25","100","939","100","166.7687595712098"
"45","60","5","false","25","100","940","100","166.7687595712098"
"34","60","5","false","25","50","996","100","167.79661016949152"
"45","60","5","false","25","100","941","100","166.7687595712098"
"45","60","5","false","25","100","942","100","166.7687595712098"
"34","60","5","false","25","50","997","100","167.79661016949152"
"45","60","5","false","25","100","943","100","166.7687595712098"
"45","60","5","false","25","100","944","100","166.7687595712098"
"45","60","5","false","25","100","945","100","166.7687595712098"
"45","60","5","false","25","100","946","100","166.7687595712098"
"34","60","5","false","25","50","998","100","167.79661016949152"
"45","60","5","false","25","100","947","100","166.7687595712098"
"34","60","5","false","25","50","999","100","167.79661016949152"
"45","60","5","false","25","100","948","100","166.7687595712098"
"34","60","5","false","25","50","1000","100","167.79661016949152"
"45","60","5","false","25","100","949","100","166.7687595712098"
"34","60","5","false","25","50","1001","100","167.79661016949152"
"45","60","5","false","25","100","950","100","166.7687595712098"
"34","60","5","false","25","50","1002","100","167.79661016949152"
"45","60","5","false","25","100","951","100","166.7687595712098"
"45","60","5","false","25","100","952","100","166.7687595712098"
"45","60","5","false","25","100","953","100","166.7687595712098"
"34","60","5","false","25","50","1003","100","167.79661016949152"
"45","60","5","false","25","100","954","100","166.7687595712098"
"45","60","5","false","25","100","955","100","166.7687595712098"
"34","60","5","false","25","50","1004","100","167.79661016949152"
"45","60","5","false","25","100","956","100","166.7687595712098"
"34","60","5","false","25","50","1005","100","167.79661016949152"
"45","60","5","false","25","100","957","100","166.7687595712098"
"34","60","5","false","25","50","1006","100","167.79661016949152"
"34","60","5","false","25","50","1007","100","167.79661016949152"
"45","60","5","false","25","100","958","100","166.7687595712098"
"34","60","5","false","25","50","1008","100","167.79661016949152"
"45","60","5","false","25","100","959","100","166.7687595712098"
"34","60","5","false","25","50","1009","100","167.79661016949152"
"45","60","5","false","25","100","960","100","166.7687595712098"
"34","60","5","false","25","50","1010","100","167.79661016949152"
"45","60","5","false","25","100","961","100","166.7687595712098"
"34","60","5","false","25","50","1011","100","167.79661016949152"
"45","60","5","false","25","100","962","100","166.7687595712098"
"34","60","5","false","25","50","1012","100","167.79661016949152"
"45","60","5","false","25","100","963","100","166.7687595712098"
"34","60","5","false","25","50","1013","100","167.79661016949152"
"45","60","5","false","25","100","964","100","166.7687595712098"
"34","60","5","false","25","50","1014","100","167.79661016949152"
"45","60","5","false","25","100","965","100","166.7687595712098"
"34","60","5","false","25","50","1015","100","167.79661016949152"
"45","60","5","false","25","100","966","100","166.7687595712098"
"34","60","5","false","25","50","1016","100","167.79661016949152"
"45","60","5","false","25","100","967","100","166.7687595712098"
"34","60","5","false","25","50","1017","100","167.79661016949152"
"45","60","5","false","25","100","968","100","166.7687595712098"
"45","60","5","false","25","100","969","100","166.7687595712098"
"34","60","5","false","25","50","1018","100","167.79661016949152"
"45","60","5","false","25","100","970","100","166.7687595712098"
"34","60","5","false","25","50","1019","100","167.79661016949152"
"45","60","5","false","25","100","971","100","166.7687595712098"
"34","60","5","false","25","50","1020","100","167.79661016949152"
"45","60","5","false","25","100","972","100","166.7687595712098"
"34","60","5","false","25","50","1021","100","167.79661016949152"
"45","60","5","false","25","100","973","100","166.7687595712098"
"34","60","5","false","25","50","1022","100","167.79661016949152"
"45","60","5","false","25","100","974","100","166.7687595712098"
"34","60","5","false","25","50","1023","100","167.79661016949152"
"45","60","5","false","25","100","975","100","166.7687595712098"
"34","60","5","false","25","50","1024","100","167.79661016949152"
"45","60","5","false","25","100","976","100","166.7687595712098"
"45","60","5","false","25","100","977","100","166.7687595712098"
"34","60","5","false","25","50","1025","100","167.79661016949152"
"45","60","5","false","25","100","978","100","166.7687595712098"
"45","60","5","false","25","100","979","100","166.7687595712098"
"45","60","5","false","25","100","980","100","166.7687595712098"
"45","60","5","false","25","100","981","100","166.7687595712098"
"45","60","5","false","25","100","982","100","166.7687595712098"
"1","60","5","false","25","0","64","83.93021120293848","148.13614262560776"
"45","60","5","false","25","100","983","100","166.7687595712098"
"45","60","5","false","25","100","984","100","166.7687595712098"
"45","60","5","false","25","100","985","100","166.7687595712098"
"45","60","5","false","25","100","986","100","166.7687595712098"
"45","60","5","false","25","100","987","100","166.7687595712098"
"45","60","5","false","25","100","988","100","166.7687595712098"
"45","60","5","false","25","100","989","100","166.7687595712098"
"45","60","5","false","25","100","990","100","166.7687595712098"
"45","60","5","false","25","100","991","100","166.7687595712098"
"45","60","5","false","25","100","992","100","166.7687595712098"
"1","60","5","false","25","0","65","84.84848484848484","149.75688816855754"
"1","60","5","false","25","0","66","85.49127640036731","150.89141004862236"
"1","60","5","false","25","0","67","85.85858585858585","151.5397082658023"
"1","60","5","false","25","0","68","86.22589531680441","152.18800648298216"
"1","60","5","false","25","0","69","86.68503213957759","152.99837925445706"
"1","60","5","false","25","0","70","87.32782369146005","154.13290113452186"
"1","60","5","false","25","0","71","87.69513314967861","154.7811993517018"
"1","60","5","false","25","0","72","88.1542699724518","155.59157212317666"
"1","60","5","false","25","0","73","88.61340679522498","156.40194489465154"
"1","60","5","false","25","0","74","88.70523415977961","156.5640194489465"
"1","60","5","false","25","0","75","89.25619834710744","157.5364667747164"
"1","60","5","false","25","0","76","89.53168044077135","158.02269043760128"
"1","60","5","false","25","0","77","89.71533516988063","158.34683954619123"
"1","60","5","false","25","0","78","89.99081726354453","158.8330632090762"
"1","60","5","false","25","0","79","90.17447199265382","159.15721231766614"
"1","60","5","false","25","0","80","90.26629935720845","159.3192868719611"
"1","60","5","false","25","0","81","90.633608815427","159.96758508914098"
"1","60","5","false","25","0","82","90.72543617998163","160.12965964343599"
"1","60","5","false","25","0","83","90.81726354453627","160.29173419773096"
"1","60","5","false","25","0","84","90.9090909090909","160.45380875202594"
"1","60","5","false","25","0","85","91.00091827364555","160.6158833063209"
"1","60","5","false","25","0","86","91.00091827364555","160.6158833063209"
"1","60","5","false","25","0","87","91.09274563820018","160.77795786061589"
"1","60","5","false","25","0","88","91.46005509641874","161.42625607779578"
"1","60","5","false","25","0","89","91.91919191919192","162.23662884927066"
"1","60","5","false","25","0","90","92.3783287419651","163.04700162074553"
"1","60","5","false","25","0","91","92.56198347107438","163.3711507293355"
"1","60","5","false","25","0","92","93.1129476584022","164.34359805510533"
"1","60","5","false","25","0","93","93.8475665748393","165.64019448946516"
"1","60","5","false","25","0","94","94.21487603305785","166.28849270664506"
"1","60","5","false","25","0","95","95.0413223140496","167.74716369529983"
"1","60","5","false","25","0","96","95.31680440771349","168.23338735818476"
"1","60","5","false","25","0","97","95.77594123048668","169.04376012965966"
"1","60","5","false","25","0","98","96.14325068870524","169.69205834683953"
"1","60","5","false","25","0","99","96.41873278236915","170.17828200972446"
"1","60","5","false","25","0","100","96.69421487603306","170.6645056726094"
"1","60","5","false","25","0","101","96.7860422405877","170.82658022690438"
"1","60","5","false","25","0","102","97.0615243342516","171.3128038897893"
"1","60","5","false","25","0","103","97.61248852157944","172.28525121555916"
"1","60","5","false","25","0","104","97.7961432506887","172.6094003241491"
"1","60","5","false","25","0","105","98.07162534435263","173.09562398703403"
"1","60","5","false","25","0","106","98.16345270890724","173.257698541329"
"1","60","5","false","25","0","107","98.34710743801654","173.58184764991896"
"1","60","5","false","25","0","108","98.43893480257117","173.74392220421393"
"1","60","5","false","25","0","109","98.71441689623508","174.23014586709886"
"1","60","5","false","25","0","110","98.89807162534436","174.5542949756888"
"1","60","5","false","25","0","111","98.89807162534436","174.5542949756888"
"1","60","5","false","25","0","112","98.89807162534436","174.5542949756888"
"1","60","5","false","25","0","113","98.98989898989899","174.7163695299838"
"1","60","5","false","25","0","114","98.98989898989899","174.7163695299838"
"1","60","5","false","25","0","115","99.08172635445362","174.87844408427878"
"1","60","5","false","25","0","116","99.08172635445362","174.87844408427878"
"1","60","5","false","25","0","117","99.08172635445362","174.87844408427878"
"1","60","5","false","25","0","118","99.08172635445362","174.87844408427878"
