"BehaviorSpace results (NetLogo 7.0.4)","Table version 2.0"
"forestfire.nlogox"
"forest_fire_experiment2"
"09/30/2026 19:24:13:522 +0530"
"min-pxcor","max-pxcor","min-pycor","max-pycor"
"-16","16","-16","16"
"[run number]","density","regrowth-chance","firebreak?","regrowth-time","reignite-chance","[step]","percent-ever-burned","percent-initial-trees-burned"
"8","20","1","true","20","5","0","0.7346189164370982","4.232804232804233"
"5","20","1","true","20","5","0","0.4591368227731864","2.403846153846154"
"7","20","1","true","20","5","0","0.3673094582185491","1.7699115044247788"
"6","20","1","true","20","5","0","0.7346189164370982","3.508771929824561"
"4","20","1","true","20","5","0","0.9182736455463728","4.587155963302752"
"6","20","1","true","20","5","1","0.9182736455463728","4.385964912280701"
"7","20","1","true","20","5","1","0.4591368227731864","2.2123893805309733"
"5","20","1","true","20","5","1","0.5509641873278237","2.8846153846153846"
"8","20","1","true","20","5","1","0.9182736455463728","5.291005291005291"
"6","20","1","true","20","5","2","0.9182736455463728","4.385964912280701"
"7","20","1","true","20","5","2","0.7346189164370982","3.5398230088495577"
"4","20","1","true","20","5","1","1.5610651974288337","7.79816513761468"
"8","20","1","true","20","5","2","0.9182736455463728","5.291005291005291"
"7","20","1","true","20","5","3","0.7346189164370982","3.5398230088495577"
"5","20","1","true","20","5","2","0.7346189164370982","3.8461538461538463"
"4","20","1","true","20","5","2","1.7447199265381086","8.715596330275229"
"1","20","1","true","20","5","0","0.27548209366391185","1.477832512315271"
"11","25","1","true","20","5","0","0.5509641873278237","2.214022140221402"
"10","20","1","true","20","5","0","0.642791551882461","3.4482758620689653"
"5","20","1","true","20","5","3","0.9182736455463728","4.807692307692308"
"9","20","1","true","20","5","0","0.7346189164370982","3.864734299516908"
"11","25","1","true","20","5","1","1.1019283746556474","4.428044280442804"
"10","20","1","true","20","5","1","1.0101010101010102","5.41871921182266"
"4","20","1","true","20","5","3","1.7447199265381086","8.715596330275229"
"10","20","1","true","20","5","2","1.1937557392102847","6.403940886699508"
"12","25","1","true","20","5","0","0.9182736455463728","3.53356890459364"
"5","20","1","true","20","5","4","1.0101010101010102","5.288461538461538"
"3","20","1","true","20","5","0","0.7346189164370982","3.9800995024875623"
"9","20","1","true","20","5","1","0.9182736455463728","4.830917874396135"
"11","25","1","true","20","5","2","1.6528925619834711","6.642066420664207"
"1","20","1","true","20","5","1","0.4591368227731864","2.4630541871921183"
"12","25","1","true","20","5","1","1.5610651974288337","6.007067137809187"
"10","20","1","true","20","5","3","1.285583103764922","6.896551724137931"
"9","20","1","true","20","5","2","1.1937557392102847","6.280193236714976"
"5","20","1","true","20","5","5","1.1019283746556474","5.769230769230769"
"10","20","1","true","20","5","4","1.285583103764922","6.896551724137931"
"11","25","1","true","20","5","3","1.8365472910927456","7.380073800738007"
"13","25","1","true","20","5","0","0.7346189164370982","3.3472803347280333"
"3","20","1","true","20","5","1","1.0101010101010102","5.472636815920398"
"11","25","1","true","20","5","4","2.0202020202020203","8.118081180811808"
"14","25","1","true","20","5","0","0.9182736455463728","3.875968992248062"
"12","25","1","true","20","5","2","1.8365472910927456","7.06713780918728"
"5","20","1","true","20","5","6","1.1019283746556474","5.769230769230769"
"1","20","1","true","20","5","2","0.5509641873278237","2.955665024630542"
"9","20","1","true","20","5","3","1.4692378328741964","7.729468599033816"
"3","20","1","true","20","5","2","1.0101010101010102","5.472636815920398"
"13","25","1","true","20","5","1","1.1937557392102847","5.439330543933055"
"14","25","1","true","20","5","1","1.7447199265381086","7.3643410852713185"
"11","25","1","true","20","5","5","2.1120293847566574","8.487084870848708"
"11","25","1","true","20","5","6","2.203856749311295","8.856088560885608"
"13","25","1","true","20","5","2","1.285583103764922","5.857740585774058"
"14","25","1","true","20","5","2","2.0202020202020203","8.527131782945736"
"12","25","1","true","20","5","3","2.1120293847566574","8.12720848056537"
"11","25","1","true","20","5","7","2.295684113865932","9.22509225092251"
"1","20","1","true","20","5","3","0.642791551882461","3.4482758620689653"
"16","25","1","true","20","5","0","0.642791551882461","2.82258064516129"
"9","20","1","true","20","5","4","1.5610651974288337","8.212560386473431"
"14","25","1","true","20","5","3","2.0202020202020203","8.527131782945736"
"15","25","1","true","20","5","0","0.4591368227731864","1.9920318725099602"
"11","25","1","true","20","5","8","2.479338842975207","9.96309963099631"
"12","25","1","true","20","5","4","2.203856749311295","8.480565371024735"
"16","25","1","true","20","5","1","1.1019283746556474","4.838709677419355"
"13","25","1","true","20","5","3","1.285583103764922","5.857740585774058"
"11","25","1","true","20","5","9","2.571166207529844","10.33210332103321"
"1","20","1","true","20","5","4","0.642791551882461","3.4482758620689653"
"11","25","1","true","20","5","10","2.571166207529844","10.33210332103321"
"9","20","1","true","20","5","5","1.6528925619834711","8.695652173913043"
"17","25","1","true","20","5","0","0.9182736455463728","3.787878787878788"
"16","25","1","true","20","5","2","1.5610651974288337","6.854838709677419"
"12","25","1","true","20","5","5","2.295684113865932","8.8339222614841"
"18","25","1","true","20","5","0","0.8264462809917356","3.614457831325301"
"17","25","1","true","20","5","1","1.285583103764922","5.303030303030303"
"17","25","1","true","20","5","2","1.5610651974288337","6.4393939393939394"
"16","25","1","true","20","5","3","1.9283746556473829","8.46774193548387"
"9","20","1","true","20","5","6","1.6528925619834711","8.695652173913043"
"15","25","1","true","20","5","1","0.642791551882461","2.788844621513944"
"12","25","1","true","20","5","6","2.295684113865932","8.8339222614841"
"18","25","1","true","20","5","1","1.4692378328741964","6.425702811244979"
"17","25","1","true","20","5","3","1.7447199265381086","7.196969696969697"
"20","25","1","true","20","5","0","0.7346189164370982","3.076923076923077"
"19","25","1","true","20","5","0","0.5509641873278237","2.4193548387096775"
"17","25","1","true","20","5","4","1.9283746556473829","7.954545454545454"
"16","25","1","true","20","5","4","1.9283746556473829","8.46774193548387"
"15","25","1","true","20","5","2","0.642791551882461","2.788844621513944"
"18","25","1","true","20","5","2","1.7447199265381086","7.630522088353414"
"19","25","1","true","20","5","1","0.642791551882461","2.82258064516129"
"17","25","1","true","20","5","5","2.1120293847566574","8.712121212121213"
"20","25","1","true","20","5","1","1.285583103764922","5.384615384615385"
"18","25","1","true","20","5","3","1.9283746556473829","8.433734939759036"
"21","30","1","true","20","5","0","0.7346189164370982","2.5316455696202533"
"2","20","1","true","20","5","0","0.642791551882461","3.5175879396984926"
"19","25","1","true","20","5","2","0.642791551882461","2.82258064516129"
"22","30","1","true","20","5","0","0.642791551882461","2.2950819672131146"
"17","25","1","true","20","5","6","2.203856749311295","9.090909090909092"
"18","25","1","true","20","5","4","1.9283746556473829","8.433734939759036"
"23","30","1","true","20","5","0","0.3673094582185491","1.2461059190031152"
"21","30","1","true","20","5","1","0.9182736455463728","3.1645569620253164"
"20","25","1","true","20","5","2","1.6528925619834711","6.923076923076923"
"24","30","1","true","20","5","0","1.0101010101010102","3.6303630363036308"
"24","30","1","true","20","5","1","1.5610651974288337","5.6105610561056105"
"24","30","1","true","20","5","2","1.7447199265381086","6.270627062706271"
"17","25","1","true","20","5","7","2.203856749311295","9.090909090909092"
"22","30","1","true","20","5","1","0.7346189164370982","2.622950819672131"
"21","30","1","true","20","5","2","0.9182736455463728","3.1645569620253164"
"25","30","1","true","20","5","0","1.285583103764922","4.72972972972973"
"23","30","1","true","20","5","1","0.7346189164370982","2.4922118380062304"
"24","30","1","true","20","5","3","2.0202020202020203","7.2607260726072615"
"20","25","1","true","20","5","3","2.0202020202020203","8.461538461538462"
"27","30","1","true","20","5","0","1.1937557392102847","3.9877300613496933"
"25","30","1","true","20","5","1","1.9283746556473829","7.094594594594595"
"26","30","1","true","20","5","0","0.9182736455463728","3.048780487804878"
"27","30","1","true","20","5","1","1.8365472910927456","6.134969325153374"
"25","30","1","true","20","5","2","2.203856749311295","8.108108108108109"
"20","25","1","true","20","5","4","2.1120293847566574","8.846153846153847"
"23","30","1","true","20","5","2","0.8264462809917356","2.803738317757009"
"24","30","1","true","20","5","4","2.1120293847566574","7.590759075907591"
"27","30","1","true","20","5","2","2.3875114784205693","7.975460122699387"
"25","30","1","true","20","5","3","2.295684113865932","8.445945945945946"
"26","30","1","true","20","5","1","1.4692378328741964","4.878048780487805"
"22","30","1","true","20","5","2","0.7346189164370982","2.622950819672131"
"25","30","1","true","20","5","4","2.295684113865932","8.445945945945946"
"23","30","1","true","20","5","3","1.0101010101010102","3.4267912772585665"
"28","30","1","true","20","5","0","0.8264462809917356","3.169014084507042"
"27","30","1","true","20","5","3","2.479338842975207","8.282208588957054"
"26","30","1","true","20","5","2","1.9283746556473829","6.402439024390244"
"27","30","1","true","20","5","4","2.571166207529844","8.588957055214724"
"24","30","1","true","20","5","5","2.203856749311295","7.920792079207921"
"30","30","1","true","20","5","0","0.9182736455463728","3.0864197530864197"
"23","30","1","true","20","5","4","1.0101010101010102","3.4267912772585665"
"28","30","1","true","20","5","1","1.1019283746556474","4.225352112676056"
"20","25","1","true","20","5","5","2.1120293847566574","8.846153846153847"
"26","30","1","true","20","5","3","2.1120293847566574","7.01219512195122"
"30","30","1","true","20","5","1","1.3774104683195594","4.62962962962963"
"27","30","1","true","20","5","5","2.571166207529844","8.588957055214724"
"28","30","1","true","20","5","2","1.1019283746556474","4.225352112676056"
"24","30","1","true","20","5","6","2.203856749311295","7.920792079207921"
"29","30","1","true","20","5","0","0.642791551882461","2.364864864864865"
"30","30","1","true","20","5","2","1.8365472910927456","6.172839506172839"
"26","30","1","true","20","5","4","2.295684113865932","7.621951219512195"
"31","35","1","true","20","5","0","1.0101010101010102","3.133903133903134"
"29","30","1","true","20","5","1","1.1019283746556474","4.054054054054054"
"30","30","1","true","20","5","3","2.203856749311295","7.4074074074074066"
"32","35","1","true","20","5","0","1.285583103764922","4"
"35","35","1","true","20","5","0","1.0101010101010102","3.133903133903134"
"31","35","1","true","20","5","1","1.4692378328741964","4.5584045584045585"
"32","35","1","true","20","5","1","2.3875114784205693","7.428571428571429"
"30","30","1","true","20","5","4","2.571166207529844","8.641975308641975"
"26","30","1","true","20","5","5","2.479338842975207","8.231707317073171"
"32","35","1","true","20","5","2","2.846648301193756","8.857142857142856"
"31","35","1","true","20","5","2","1.8365472910927456","5.698005698005698"
"30","30","1","true","20","5","5","2.7548209366391188","9.25925925925926"
"33","35","1","true","20","5","0","1.285583103764922","3.825136612021858"
"32","35","1","true","20","5","3","3.489439853076217","10.857142857142858"
"31","35","1","true","20","5","3","2.1120293847566574","6.552706552706552"
"30","30","1","true","20","5","6","2.846648301193756","9.5679012345679"
"32","35","1","true","20","5","4","3.948576675849403","12.285714285714286"
"35","35","1","true","20","5","1","1.7447199265381086","5.413105413105413"
"30","30","1","true","20","5","7","3.0303030303030303","10.185185185185185"
"29","30","1","true","20","5","2","1.285583103764922","4.72972972972973"
"31","35","1","true","20","5","4","2.203856749311295","6.837606837606838"
"34","35","1","true","20","5","0","1.285583103764922","3.7735849056603774"
"30","30","1","true","20","5","8","3.213957759412305","10.802469135802468"
"35","35","1","true","20","5","2","2.203856749311295","6.837606837606838"
"26","30","1","true","20","5","6","2.479338842975207","8.231707317073171"
"32","35","1","true","20","5","5","4.315886134067952","13.428571428571429"
"30","30","1","true","20","5","9","3.3057851239669422","11.11111111111111"
"31","35","1","true","20","5","5","2.203856749311295","6.837606837606838"
"32","35","1","true","20","5","6","4.40771349862259","13.714285714285715"
"30","30","1","true","20","5","10","3.3976124885215793","11.419753086419753"
"33","35","1","true","20","5","1","2.295684113865932","6.830601092896176"
"35","35","1","true","20","5","3","2.6629935720844813","8.262108262108262"
"29","30","1","true","20","5","3","1.5610651974288337","5.743243243243244"
"30","30","1","true","20","5","11","3.489439853076217","11.728395061728394"
"32","35","1","true","20","5","7","4.40771349862259","13.714285714285715"
"34","35","1","true","20","5","1","2.295684113865932","6.738544474393531"
"30","30","1","true","20","5","12","3.581267217630854","12.037037037037036"
"33","35","1","true","20","5","2","2.7548209366391188","8.19672131147541"
"34","35","1","true","20","5","2","3.0303030303030303","8.89487870619946"
"30","30","1","true","20","5","13","3.7649219467401287","12.654320987654321"
"35","35","1","true","20","5","4","2.846648301193756","8.831908831908832"
"34","35","1","true","20","5","3","3.3976124885215793","9.973045822102426"
"30","30","1","true","20","5","14","3.8567493112947657","12.962962962962962"
"34","35","1","true","20","5","4","3.581267217630854","10.512129380053908"
"36","35","1","true","20","5","0","1.1019283746556474","3.4383954154727796"
"2","20","1","true","20","5","1","0.9182736455463728","5.025125628140704"
"29","30","1","true","20","5","4","1.5610651974288337","5.743243243243244"
"35","35","1","true","20","5","5","3.0303030303030303","9.401709401709402"
"37","35","1","true","20","5","0","1.1019283746556474","3.498542274052478"
"38","35","1","true","20","5","0","0.7346189164370982","2.3054755043227666"
"30","30","1","true","20","5","15","3.8567493112947657","12.962962962962962"
"34","35","1","true","20","5","5","3.6730945821854912","10.781671159029651"
"37","35","1","true","20","5","1","1.9283746556473829","6.122448979591836"
"38","35","1","true","20","5","1","1.0101010101010102","3.170028818443804"
"33","35","1","true","20","5","3","3.3057851239669422","9.836065573770492"
"38","35","1","true","20","5","2","1.1937557392102847","3.7463976945244957"
"34","35","1","true","20","5","6","3.8567493112947657","11.320754716981133"
"37","35","1","true","20","5","2","2.571166207529844","8.16326530612245"
"35","35","1","true","20","5","6","3.213957759412305","9.971509971509972"
"34","35","1","true","20","5","7","4.040404040404041","11.859838274932615"
"37","35","1","true","20","5","3","2.938475665748393","9.329446064139942"
"35","35","1","true","20","5","7","3.489439853076217","10.826210826210826"
"36","35","1","true","20","5","1","1.5610651974288337","4.871060171919771"
"38","35","1","true","20","5","3","1.3774104683195594","4.322766570605188"
"36","35","1","true","20","5","2","2.203856749311295","6.876790830945559"
"39","35","1","true","20","5","0","1.1019283746556474","3.519061583577713"
"35","35","1","true","20","5","8","3.6730945821854912","11.396011396011396"
"38","35","1","true","20","5","4","1.4692378328741964","4.610951008645533"
"37","35","1","true","20","5","4","3.213957759412305","10.204081632653061"
"34","35","1","true","20","5","8","4.132231404958678","12.129380053908356"
"36","35","1","true","20","5","3","2.479338842975207","7.736389684813753"
"40","35","1","true","20","5","0","1.1019283746556474","3.5294117647058822"
"38","35","1","true","20","5","5","1.5610651974288337","4.899135446685879"
"34","35","1","true","20","5","9","4.132231404958678","12.129380053908356"
"39","35","1","true","20","5","1","1.7447199265381086","5.571847507331378"
"38","35","1","true","20","5","6","1.6528925619834711","5.187319884726225"
"35","35","1","true","20","5","9","3.6730945821854912","11.396011396011396"
"33","35","1","true","20","5","4","3.7649219467401287","11.202185792349727"
"37","35","1","true","20","5","5","3.213957759412305","10.204081632653061"
"36","35","1","true","20","5","4","2.571166207529844","8.022922636103152"
"38","35","1","true","20","5","7","1.6528925619834711","5.187319884726225"
"39","35","1","true","20","5","2","2.3875114784205693","7.624633431085044"
"36","35","1","true","20","5","5","2.6629935720844813","8.30945558739255"
"39","35","1","true","20","5","3","2.6629935720844813","8.504398826979472"
"43","40","1","true","20","5","0","1.1937557392102847","3.140096618357488"
"42","40","1","true","20","5","0","1.285583103764922","3.664921465968586"
"40","35","1","true","20","5","1","1.6528925619834711","5.294117647058823"
"39","35","1","true","20","5","4","2.7548209366391188","8.797653958944283"
"43","40","1","true","20","5","1","2.6629935720844813","7.004830917874397"
"42","40","1","true","20","5","1","2.203856749311295","6.282722513089005"
"39","35","1","true","20","5","5","2.846648301193756","9.090909090909092"
"43","40","1","true","20","5","2","4.040404040404041","10.628019323671497"
"33","35","1","true","20","5","5","4.040404040404041","12.021857923497267"
"42","40","1","true","20","5","2","2.6629935720844813","7.591623036649215"
"41","40","1","true","20","5","0","1.3774104683195594","3.7128712871287126"
"36","35","1","true","20","5","6","2.846648301193756","8.882521489971348"
"39","35","1","true","20","5","6","3.0303030303030303","9.67741935483871"
"39","35","1","true","20","5","7","3.0303030303030303","9.67741935483871"
"36","35","1","true","20","5","7","2.938475665748393","9.169054441260744"
"40","35","1","true","20","5","2","1.9283746556473829","6.176470588235294"
"41","40","1","true","20","5","1","2.3875114784205693","6.435643564356436"
"42","40","1","true","20","5","3","2.938475665748393","8.37696335078534"
"43","40","1","true","20","5","3","4.866850321395775","12.80193236714976"
"44","40","1","true","20","5","0","1.6528925619834711","4.488778054862843"
"43","40","1","true","20","5","4","5.234159779614325","13.768115942028986"
"33","35","1","true","20","5","6","4.315886134067952","12.841530054644808"
"42","40","1","true","20","5","4","3.213957759412305","9.162303664921465"
"36","35","1","true","20","5","8","3.0303030303030303","9.455587392550143"
"42","40","1","true","20","5","5","3.3057851239669422","9.424083769633508"
"41","40","1","true","20","5","2","3.3057851239669422","8.91089108910891"
"40","35","1","true","20","5","3","2.0202020202020203","6.470588235294119"
"43","40","1","true","20","5","5","5.417814508723599","14.251207729468598"
"41","40","1","true","20","5","3","4.224058769513315","11.386138613861387"
"44","40","1","true","20","5","1","3.0303030303030303","8.229426433915211"
"33","35","1","true","20","5","7","4.40771349862259","13.114754098360656"
"42","40","1","true","20","5","6","3.3976124885215793","9.68586387434555"
"41","40","1","true","20","5","4","5.142332415059688","13.861386138613863"
"36","35","1","true","20","5","9","3.0303030303030303","9.455587392550143"
"43","40","1","true","20","5","6","5.601469237832874","14.734299516908212"
"44","40","1","true","20","5","2","3.8567493112947657","10.473815461346634"
"42","40","1","true","20","5","7","3.489439853076217","9.947643979057592"
"43","40","1","true","20","5","7","5.876951331496786","15.458937198067632"
"41","40","1","true","20","5","5","5.785123966942149","15.594059405940595"
"43","40","1","true","20","5","8","5.968778696051423","15.70048309178744"
"42","40","1","true","20","5","8","3.6730945821854912","10.471204188481675"
"40","35","1","true","20","5","4","2.0202020202020203","6.470588235294119"
"44","40","1","true","20","5","3","4.40771349862259","11.970074812967582"
"33","35","1","true","20","5","8","4.40771349862259","13.114754098360656"
"43","40","1","true","20","5","9","6.244260789715335","16.425120772946862"
"42","40","1","true","20","5","9","3.8567493112947657","10.99476439790576"
"41","40","1","true","20","5","6","6.244260789715335","16.831683168316832"
"45","40","1","true","20","5","0","1.285583103764922","3.684210526315789"
"44","40","1","true","20","5","4","4.866850321395775","13.216957605985039"
"44","40","1","true","20","5","5","5.234159779614325","14.214463840399002"
"42","40","1","true","20","5","10","4.040404040404041","11.518324607329843"
"43","40","1","true","20","5","10","6.336088154269973","16.666666666666664"
"41","40","1","true","20","5","7","6.6115702479338845","17.82178217821782"
"46","40","1","true","20","5","0","0.7346189164370982","2.072538860103627"
"44","40","1","true","20","5","6","5.693296602387512","15.46134663341646"
"43","40","1","true","20","5","11","6.42791551882461","16.908212560386474"
"42","40","1","true","20","5","11","4.132231404958678","11.780104712041885"
"45","40","1","true","20","5","1","2.203856749311295","6.315789473684211"
"41","40","1","true","20","5","8","7.07070707070707","19.05940594059406"
"42","40","1","true","20","5","12","4.132231404958678","11.780104712041885"
"43","40","1","true","20","5","12","6.6115702479338845","17.391304347826086"
"44","40","1","true","20","5","7","6.152433425160698","16.708229426433917"
"43","40","1","true","20","5","13","6.703397612488522","17.632850241545896"
"46","40","1","true","20","5","1","1.0101010101010102","2.849740932642487"
"45","40","1","true","20","5","2","2.938475665748393","8.421052631578947"
"41","40","1","true","20","5","9","7.3461891643709825","19.801980198019802"
"47","40","1","true","20","5","0","0.642791551882461","1.6091954022988506"
"43","40","1","true","20","5","14","6.887052341597796","18.115942028985508"
"41","40","1","true","20","5","10","7.43801652892562","20.049504950495052"
"44","40","1","true","20","5","8","6.519742883379247","17.70573566084788"
"48","40","1","true","20","5","0","1.1937557392102847","3.110047846889952"
"43","40","1","true","20","5","15","6.978879706152434","18.357487922705314"
"44","40","1","true","20","5","9","6.887052341597796","18.703241895261847"
"46","40","1","true","20","5","2","1.1937557392102847","3.3678756476683938"
"45","40","1","true","20","5","3","3.3976124885215793","9.736842105263158"
"47","40","1","true","20","5","1","1.4692378328741964","3.67816091954023"
"48","40","1","true","20","5","1","2.3875114784205693","6.220095693779904"
"44","40","1","true","20","5","10","7.162534435261708","19.45137157107232"
"41","40","1","true","20","5","11","7.529843893480257","20.2970297029703"
"45","40","1","true","20","5","4","3.489439853076217","10"
"44","40","1","true","20","5","11","7.3461891643709825","19.950124688279303"
"43","40","1","true","20","5","16","6.978879706152434","18.357487922705314"
"45","40","1","true","20","5","5","3.489439853076217","10"
"46","40","1","true","20","5","3","1.4692378328741964","4.145077720207254"
"44","40","1","true","20","5","12","7.621671258034894","20.698254364089774"
"48","40","1","true","20","5","2","3.213957759412305","8.373205741626794"
"47","40","1","true","20","5","2","2.3875114784205693","5.977011494252873"
"41","40","1","true","20","5","12","7.621671258034894","20.544554455445542"
"44","40","1","true","20","5","13","7.80532598714417","21.197007481296758"
"2","20","1","true","20","5","2","1.3774104683195594","7.537688442211055"
"50","40","1","true","20","5","0","1.285583103764922","3.255813953488372"
"46","40","1","true","20","5","4","1.5610651974288337","4.404145077720207"
"41","40","1","true","20","5","13","7.7134986225895315","20.792079207920793"
"49","40","1","true","20","5","0","1.5610651974288337","4.292929292929292"
"48","40","1","true","20","5","3","3.6730945821854912","9.569377990430622"
"44","40","1","true","20","5","14","8.080808080808081","21.94513715710723"
"47","40","1","true","20","5","3","2.6629935720844813","6.666666666666667"
"50","40","1","true","20","5","1","2.479338842975207","6.279069767441861"
"44","40","1","true","20","5","15","8.264462809917356","22.443890274314214"
"46","40","1","true","20","5","5","1.6528925619834711","4.66321243523316"
"49","40","1","true","20","5","1","2.479338842975207","6.8181818181818175"
"44","40","1","true","20","5","16","8.539944903581267","23.19201995012469"
"41","40","1","true","20","5","14","7.80532598714417","21.03960396039604"
"48","40","1","true","20","5","4","3.948576675849403","10.287081339712918"
"47","40","1","true","20","5","4","2.938475665748393","7.35632183908046"
"50","40","1","true","20","5","2","3.7649219467401287","9.534883720930234"
"44","40","1","true","20","5","17","8.907254361799815","24.189526184538654"
"48","40","1","true","20","5","5","4.224058769513315","11.004784688995215"
"46","40","1","true","20","5","6","1.6528925619834711","4.66321243523316"
"49","40","1","true","20","5","2","3.0303030303030303","8.333333333333332"
"50","40","1","true","20","5","3","4.499540863177227","11.395348837209303"
"41","40","1","true","20","5","15","7.988980716253444","21.534653465346533"
"49","40","1","true","20","5","3","3.6730945821854912","10.1010101010101"
"48","40","1","true","20","5","6","4.40771349862259","11.483253588516746"
"47","40","1","true","20","5","5","3.1221303948576673","7.816091954022989"
"44","40","1","true","20","5","18","9.182736455463727","24.93765586034913"
"50","40","1","true","20","5","4","5.142332415059688","13.023255813953488"
"48","40","1","true","20","5","7","4.591368227731864","11.961722488038278"
"44","40","1","true","20","5","19","9.366391184573002","25.43640897755611"
"49","40","1","true","20","5","4","3.948576675849403","10.85858585858586"
"41","40","1","true","20","5","16","8.172635445362717","22.02970297029703"
"51","45","1","true","20","5","0","1.1937557392102847","2.8260869565217392"
"44","40","1","true","20","5","20","9.550045913682277","25.935162094763093"
"49","40","1","true","20","5","5","4.40771349862259","12.121212121212121"
"41","40","1","true","20","5","17","8.356290174471992","22.524752475247524"
"47","40","1","true","20","5","6","3.3057851239669422","8.275862068965518"
"50","40","1","true","20","5","5","5.693296602387512","14.418604651162791"
"51","45","1","true","20","5","1","2.479338842975207","5.869565217391305"
"48","40","1","true","20","5","8","4.958677685950414","12.918660287081341"
"47","40","1","true","20","5","7","3.581267217630854","8.96551724137931"
"41","40","1","true","20","5","18","8.44811753902663","22.772277227722775"
"44","40","1","true","20","5","21","9.641873278236915","26.184538653366584"
"50","40","1","true","20","5","6","6.152433425160698","15.58139534883721"
"48","40","1","true","20","5","9","5.05050505050505","13.157894736842104"
"51","45","1","true","20","5","2","3.213957759412305","7.608695652173914"
"49","40","1","true","20","5","6","4.499540863177227","12.373737373737374"
"41","40","1","true","20","5","19","8.44811753902663","22.772277227722775"
"50","40","1","true","20","5","7","6.42791551882461","16.27906976744186"
"47","40","1","true","20","5","8","3.7649219467401287","9.425287356321839"
"48","40","1","true","20","5","10","5.142332415059688","13.397129186602871"
"49","40","1","true","20","5","7","4.591368227731864","12.626262626262626"
"51","45","1","true","20","5","3","3.6730945821854912","8.695652173913043"
"50","40","1","true","20","5","8","6.6115702479338845","16.74418604651163"
"44","40","1","true","20","5","22","9.641873278236915","26.184538653366584"
"48","40","1","true","20","5","11","5.234159779614325","13.636363636363635"
"51","45","1","true","20","5","4","4.040404040404041","9.565217391304348"
"50","40","1","true","20","5","9","6.7952249770431585","17.209302325581397"
"49","40","1","true","20","5","8","4.591368227731864","12.626262626262626"
"48","40","1","true","20","5","12","5.325987144168963","13.875598086124402"
"47","40","1","true","20","5","9","3.7649219467401287","9.425287356321839"
"52","45","1","true","20","5","0","1.4692378328741964","3.404255319148936"
"50","40","1","true","20","5","10","6.887052341597796","17.441860465116278"
"51","45","1","true","20","5","5","4.40771349862259","10.434782608695652"
"52","45","1","true","20","5","1","3.213957759412305","7.446808510638298"
"48","40","1","true","20","5","13","5.601469237832874","14.5933014354067"
"50","40","1","true","20","5","11","6.978879706152434","17.674418604651162"
"53","45","1","true","20","5","0","1.1019283746556474","2.575107296137339"
"51","45","1","true","20","5","6","4.775022956841139","11.304347826086957"
"52","45","1","true","20","5","2","4.958677685950414","11.48936170212766"
"50","40","1","true","20","5","12","7.07070707070707","17.906976744186046"
"53","45","1","true","20","5","1","2.203856749311295","5.150214592274678"
"48","40","1","true","20","5","14","5.876951331496786","15.311004784688995"
"51","45","1","true","20","5","7","4.958677685950414","11.73913043478261"
"52","45","1","true","20","5","3","6.336088154269973","14.680851063829786"
"50","40","1","true","20","5","13","7.254361799816346","18.372093023255815"
"48","40","1","true","20","5","15","6.0606060606060606","15.789473684210526"
"54","45","1","true","20","5","0","1.285583103764922","2.9350104821802936"
"53","45","1","true","20","5","2","3.0303030303030303","7.081545064377683"
"52","45","1","true","20","5","4","7.162534435261708","16.595744680851062"
"50","40","1","true","20","5","14","7.3461891643709825","18.6046511627907"
"48","40","1","true","20","5","16","6.244260789715335","16.267942583732058"
"51","45","1","true","20","5","8","5.05050505050505","11.956521739130435"
"53","45","1","true","20","5","3","3.7649219467401287","8.798283261802576"
"51","45","1","true","20","5","9","5.05050505050505","11.956521739130435"
"50","40","1","true","20","5","15","7.3461891643709825","18.6046511627907"
"52","45","1","true","20","5","5","7.80532598714417","18.085106382978726"
"48","40","1","true","20","5","17","6.42791551882461","16.74641148325359"
"54","45","1","true","20","5","1","2.203856749311295","5.031446540880504"
"55","45","1","true","20","5","0","1.1937557392102847","2.7027027027027026"
"52","45","1","true","20","5","6","8.631772268135904","20"
"53","45","1","true","20","5","4","4.40771349862259","10.300429184549357"
"56","45","1","true","20","5","0","1.285583103764922","3.167420814479638"
"54","45","1","true","20","5","2","3.3976124885215793","7.756813417190776"
"48","40","1","true","20","5","18","6.703397612488522","17.464114832535884"
"57","45","1","true","20","5","0","1.1937557392102847","2.888888888888889"
"52","45","1","true","20","5","7","9.550045913682277","22.127659574468083"
"55","45","1","true","20","5","1","2.203856749311295","4.98960498960499"
"48","40","1","true","20","5","19","7.07070707070707","18.421052631578945"
"54","45","1","true","20","5","3","4.040404040404041","9.224318658280922"
"52","45","1","true","20","5","8","10.1010101010101","23.404255319148938"
"53","45","1","true","20","5","5","4.775022956841139","11.158798283261802"
"56","45","1","true","20","5","1","2.7548209366391188","6.787330316742081"
"57","45","1","true","20","5","1","1.7447199265381086","4.222222222222222"
"48","40","1","true","20","5","20","7.529843893480257","19.617224880382775"
"56","45","1","true","20","5","2","3.8567493112947657","9.502262443438914"
"55","45","1","true","20","5","2","2.846648301193756","6.4449064449064455"
"57","45","1","true","20","5","2","2.0202020202020203","4.888888888888889"
"52","45","1","true","20","5","9","10.651974288337925","24.680851063829788"
"54","45","1","true","20","5","4","4.683195592286501","10.69182389937107"
"48","40","1","true","20","5","21","7.988980716253444","20.813397129186605"
"53","45","1","true","20","5","6","5.05050505050505","11.802575107296137"
"53","45","1","true","20","5","7","5.417814508723599","12.660944206008583"
"57","45","1","true","20","5","3","2.1120293847566574","5.111111111111112"
"55","45","1","true","20","5","3","3.8567493112947657","8.731808731808732"
"48","40","1","true","20","5","22","8.356290174471992","21.770334928229666"
"53","45","1","true","20","5","8","5.601469237832874","13.090128755364807"
"54","45","1","true","20","5","5","5.05050505050505","11.530398322851152"
"52","45","1","true","20","5","10","11.202938475665748","25.957446808510635"
"56","45","1","true","20","5","3","4.499540863177227","11.085972850678733"
"57","45","1","true","20","5","4","2.295684113865932","5.555555555555555"
"54","45","1","true","20","5","6","5.693296602387512","12.997903563941298"
"53","45","1","true","20","5","9","5.693296602387512","13.304721030042918"
"52","45","1","true","20","5","11","11.570247933884298","26.80851063829787"
"53","45","1","true","20","5","10","5.876951331496786","13.733905579399142"
"57","45","1","true","20","5","5","2.571166207529844","6.222222222222222"
"56","45","1","true","20","5","4","5.05050505050505","12.44343891402715"
"55","45","1","true","20","5","4","4.775022956841139","10.81081081081081"
"52","45","1","true","20","5","12","11.937557392102846","27.659574468085108"
"48","40","1","true","20","5","23","8.723599632690542","22.727272727272727"
"53","45","1","true","20","5","11","6.0606060606060606","14.163090128755366"
"54","45","1","true","20","5","7","6.152433425160698","14.046121593291405"
"55","45","1","true","20","5","5","5.785123966942149","13.097713097713099"
"57","45","1","true","20","5","6","2.938475665748393","7.111111111111111"
"52","45","1","true","20","5","13","12.304866850321396","28.510638297872344"
"56","45","1","true","20","5","5","5.417814508723599","13.34841628959276"
"53","45","1","true","20","5","12","6.244260789715335","14.592274678111588"
"56","45","1","true","20","5","6","5.968778696051423","14.705882352941178"
"52","45","1","true","20","5","14","12.672176308539946","29.361702127659573"
"55","45","1","true","20","5","6","6.519742883379247","14.760914760914762"
"54","45","1","true","20","5","8","6.6115702479338845","15.09433962264151"
"57","45","1","true","20","5","7","3.213957759412305","7.777777777777778"
"52","45","1","true","20","5","15","12.947658402203857","30"
"56","45","1","true","20","5","7","6.42791551882461","15.837104072398189"
"53","45","1","true","20","5","13","6.336088154269973","14.806866952789699"
"2","20","1","true","20","5","3","1.5610651974288337","8.542713567839195"
"55","45","1","true","20","5","7","7.07070707070707","16.008316008316008"
"48","40","1","true","20","5","24","8.907254361799815","23.205741626794257"
"52","45","1","true","20","5","16","13.314967860422405","30.851063829787233"
"56","45","1","true","20","5","8","7.254361799816346","17.873303167420815"
"57","45","1","true","20","5","8","3.489439853076217","8.444444444444445"
"54","45","1","true","20","5","9","7.162534435261708","16.352201257861633"
"53","45","1","true","20","5","14","6.519742883379247","15.236051502145923"
"55","45","1","true","20","5","8","7.3461891643709825","16.632016632016633"
"52","45","1","true","20","5","17","13.314967860422405","30.851063829787233"
"56","45","1","true","20","5","9","7.897153351698806","19.457013574660635"
"53","45","1","true","20","5","15","6.703397612488522","15.665236051502147"
"48","40","1","true","20","5","25","8.999081726354454","23.444976076555022"
"55","45","1","true","20","5","9","7.897153351698806","17.87941787941788"
"57","45","1","true","20","5","9","3.7649219467401287","9.11111111111111"
"54","45","1","true","20","5","10","7.988980716253444","18.238993710691823"
"58","45","1","true","20","5","0","1.285583103764922","3.146067415730337"
"56","45","1","true","20","5","10","8.44811753902663","20.81447963800905"
"55","45","1","true","20","5","10","8.44811753902663","19.12681912681913"
"58","45","1","true","20","5","1","2.6629935720844813","6.51685393258427"
"56","45","1","true","20","5","11","8.907254361799815","21.945701357466064"
"55","45","1","true","20","5","11","9.182736455463727","20.79002079002079"
"53","45","1","true","20","5","16","6.7952249770431585","15.879828326180256"
"48","40","1","true","20","5","26","9.182736455463727","23.923444976076556"
"54","45","1","true","20","5","11","8.907254361799815","20.335429769392032"
"56","45","1","true","20","5","12","9.274563820018365","22.850678733031675"
"58","45","1","true","20","5","2","4.132231404958678","10.112359550561797"
"55","45","1","true","20","5","12","9.82552800734619","22.245322245322246"
"57","45","1","true","20","5","10","3.948576675849403","9.555555555555555"
"58","45","1","true","20","5","3","5.693296602387512","13.93258426966292"
"56","45","1","true","20","5","13","9.45821854912764","23.30316742081448"
"55","45","1","true","20","5","13","10.560146923783286","23.90852390852391"
"54","45","1","true","20","5","12","9.550045913682277","21.80293501048218"
"58","45","1","true","20","5","4","7.07070707070707","17.303370786516854"
"58","45","1","true","20","5","5","8.080808080808081","19.775280898876403"
"48","40","1","true","20","5","27","9.182736455463727","23.923444976076556"
"56","45","1","true","20","5","14","9.641873278236915","23.755656108597282"
"53","45","1","true","20","5","17","6.978879706152434","16.30901287553648"
"55","45","1","true","20","5","14","11.570247933884298","26.195426195426197"
"57","45","1","true","20","5","11","4.040404040404041","9.777777777777779"
"56","45","1","true","20","5","15","9.641873278236915","23.755656108597282"
"58","45","1","true","20","5","6","9.274563820018365","22.696629213483146"
"57","45","1","true","20","5","12","4.040404040404041","9.777777777777779"
"53","45","1","true","20","5","18","7.07070707070707","16.523605150214593"
"54","45","1","true","20","5","13","10.009182736455463","22.851153039832283"
"53","45","1","true","20","5","19","7.3461891643709825","17.167381974248926"
"55","45","1","true","20","5","15","12.213039485766759","27.650727650727653"
"60","45","1","true","20","5","0","1.1937557392102847","2.89532293986637"
"58","45","1","true","20","5","7","10.192837465564738","24.9438202247191"
"53","45","1","true","20","5","20","7.7134986225895315","18.025751072961373"
"55","45","1","true","20","5","16","12.947658402203857","29.313929313929314"
"58","45","1","true","20","5","8","11.386593204775023","27.86516853932584"
"53","45","1","true","20","5","21","8.172635445362717","19.098712446351932"
"54","45","1","true","20","5","14","10.376492194674013","23.68972746331237"
"60","45","1","true","20","5","1","2.479338842975207","6.013363028953229"
"62","50","1","true","20","5","0","1.6528925619834711","3.557312252964427"
"59","45","1","true","20","5","0","1.0101010101010102","2.355460385438972"
"55","45","1","true","20","5","17","13.406795224977044","30.353430353430355"
"53","45","1","true","20","5","22","8.356290174471992","19.527896995708154"
"61","50","1","true","20","5","0","1.285583103764922","2.7559055118110236"
"58","45","1","true","20","5","9","12.48852157943067","30.56179775280899"
"54","45","1","true","20","5","15","10.651974288337925","24.31865828092243"
"53","45","1","true","20","5","23","8.539944903581267","19.95708154506438"
"59","45","1","true","20","5","1","1.9283746556473829","4.496788008565311"
"62","50","1","true","20","5","1","3.581267217630854","7.707509881422925"
"60","45","1","true","20","5","2","3.3976124885215793","8.240534521158128"
"55","45","1","true","20","5","18","13.86593204775023","31.392931392931395"
"2","20","1","true","20","5","4","1.5610651974288337","8.542713567839195"
"58","45","1","true","20","5","10","13.314967860422405","32.58426966292135"
"60","45","1","true","20","5","3","3.948576675849403","9.57683741648107"
"54","45","1","true","20","5","16","11.019283746556475","25.157232704402517"
"61","50","1","true","20","5","1","2.479338842975207","5.31496062992126"
"53","45","1","true","20","5","24","8.723599632690542","20.386266094420602"
"55","45","1","true","20","5","19","14.416896235078053","32.640332640332645"
"58","45","1","true","20","5","11","13.957759412304869","34.157303370786515"
"59","45","1","true","20","5","2","2.479338842975207","5.781584582441114"
"62","50","1","true","20","5","2","5.142332415059688","11.067193675889328"
"60","45","1","true","20","5","4","4.132231404958678","10.022271714922049"
"54","45","1","true","20","5","17","11.11111111111111","25.366876310272534"
"61","50","1","true","20","5","2","3.7649219467401287","8.070866141732283"
"55","45","1","true","20","5","20","14.87603305785124","33.679833679833685"
"53","45","1","true","20","5","25","8.81542699724518","20.600858369098713"
"58","45","1","true","20","5","12","14.325068870523417","35.056179775280896"
"54","45","1","true","20","5","18","11.202938475665748","25.57651991614256"
"59","45","1","true","20","5","3","2.846648301193756","6.638115631691649"
"53","45","1","true","20","5","26","8.907254361799815","20.815450643776824"
"62","50","1","true","20","5","3","6.703397612488522","14.42687747035573"
"60","45","1","true","20","5","5","4.40771349862259","10.690423162583519"
"53","45","1","true","20","5","27","8.999081726354454","21.030042918454935"
"53","45","1","true","20","5","28","9.090909090909092","21.244635193133046"
"55","45","1","true","20","5","21","15.335169880624427","34.71933471933472"
"61","50","1","true","20","5","3","5.05050505050505","10.826771653543307"
"58","45","1","true","20","5","13","14.600550964187327","35.73033707865169"
"54","45","1","true","20","5","19","11.202938475665748","25.57651991614256"
"62","50","1","true","20","5","4","7.897153351698806","16.99604743083004"
"59","45","1","true","20","5","4","3.0303030303030303","7.066381156316917"
"60","45","1","true","20","5","6","4.499540863177227","10.913140311804009"
"53","45","1","true","20","5","29","9.274563820018365","21.67381974248927"
"60","45","1","true","20","5","7","4.499540863177227","10.913140311804009"
"61","50","1","true","20","5","4","5.785123966942149","12.401574803149607"
"62","50","1","true","20","5","5","8.81542699724518","18.972332015810274"
"55","45","1","true","20","5","22","15.5188246097337","35.13513513513514"
"58","45","1","true","20","5","14","14.692378328741965","35.95505617977528"
"59","45","1","true","20","5","5","3.3057851239669422","7.708779443254818"
"53","45","1","true","20","5","30","9.45821854912764","22.103004291845494"
"58","45","1","true","20","5","15","14.87603305785124","36.40449438202247"
"65","50","1","true","20","5","0","1.9283746556473829","4.133858267716536"
"61","50","1","true","20","5","5","6.519742883379247","13.976377952755906"
"53","45","1","true","20","5","31","9.641873278236915","22.532188841201716"
"62","50","1","true","20","5","6","9.641873278236915","20.75098814229249"
"59","45","1","true","20","5","6","3.6730945821854912","8.565310492505352"
"64","50","1","true","20","5","0","1.285583103764922","2.697495183044316"
"65","50","1","true","20","5","1","3.948576675849403","8.46456692913386"
"58","45","1","true","20","5","16","14.967860422405877","36.62921348314607"
"53","45","1","true","20","5","32","10.009182736455463","23.390557939914164"
"58","45","1","true","20","5","17","14.967860422405877","36.62921348314607"
"61","50","1","true","20","5","6","7.254361799816346","15.551181102362206"
"62","50","1","true","20","5","7","10.560146923783286","22.727272727272727"
"59","45","1","true","20","5","7","3.8567493112947657","8.993576017130621"
"53","45","1","true","20","5","33","10.192837465564738","23.819742489270386"
"64","50","1","true","20","5","1","2.846648301193756","5.973025048169557"
"65","50","1","true","20","5","2","5.325987144168963","11.41732283464567"
"55","45","1","true","20","5","23","15.61065197428834","35.343035343035346"
"53","45","1","true","20","5","34","10.284664830119375","24.034334763948497"
"66","50","1","true","20","5","0","1.5610651974288337","3.2319391634980987"
"53","45","1","true","20","5","35","10.284664830119375","24.034334763948497"
"55","45","1","true","20","5","24","15.702479338842975","35.550935550935556"
"62","50","1","true","20","5","8","11.937557392102846","25.691699604743086"
"61","50","1","true","20","5","7","8.172635445362717","17.519685039370078"
"65","50","1","true","20","5","3","6.0606060606060606","12.992125984251967"
"59","45","1","true","20","5","8","3.948576675849403","9.207708779443255"
"67","50","1","true","20","5","0","1.3774104683195594","2.935420743639922"
"66","50","1","true","20","5","1","3.1221303948576673","6.4638783269961975"
"64","50","1","true","20","5","2","4.499540863177227","9.441233140655106"
"67","50","1","true","20","5","1","2.479338842975207","5.283757338551859"
"66","50","1","true","20","5","2","4.315886134067952","8.935361216730039"
"61","50","1","true","20","5","8","9.182736455463727","19.68503937007874"
"55","45","1","true","20","5","25","15.794306703397613","35.75883575883576"
"65","50","1","true","20","5","4","6.978879706152434","14.960629921259844"
"62","50","1","true","20","5","9","13.039485766758494","28.063241106719367"
"64","50","1","true","20","5","3","5.785123966942149","12.138728323699421"
"67","50","1","true","20","5","2","3.3057851239669422","7.045009784735812"
"66","50","1","true","20","5","3","5.417814508723599","11.216730038022813"
"59","45","1","true","20","5","9","4.040404040404041","9.421841541755889"
"66","50","1","true","20","5","4","6.152433425160698","12.737642585551331"
"61","50","1","true","20","5","9","9.73370064279155","20.866141732283463"
"65","50","1","true","20","5","5","7.80532598714417","16.73228346456693"
"55","45","1","true","20","5","26","15.794306703397613","35.75883575883576"
"67","50","1","true","20","5","3","4.040404040404041","8.610567514677104"
"62","50","1","true","20","5","10","14.049586776859504","30.237154150197625"
"66","50","1","true","20","5","5","7.162534435261708","14.82889733840304"
"64","50","1","true","20","5","4","6.7952249770431585","14.258188824662813"
"61","50","1","true","20","5","10","10.284664830119375","22.04724409448819"
"59","45","1","true","20","5","10","4.132231404958678","9.635974304068522"
"65","50","1","true","20","5","6","8.264462809917356","17.716535433070867"
"67","50","1","true","20","5","4","4.591368227731864","9.784735812133071"
"66","50","1","true","20","5","6","7.897153351698806","16.34980988593156"
"62","50","1","true","20","5","11","14.784205693296604","31.818181818181817"
"68","50","1","true","20","5","0","1.4692378328741964","3.278688524590164"
"66","50","1","true","20","5","7","8.723599632690542","18.06083650190114"
"67","50","1","true","20","5","5","5.325987144168963","11.350293542074363"
"59","45","1","true","20","5","11","4.224058769513315","9.850107066381156"
"66","50","1","true","20","5","8","9.366391184573002","19.39163498098859"
"67","50","1","true","20","5","6","5.693296602387512","12.13307240704501"
"64","50","1","true","20","5","5","7.529843893480257","15.79961464354528"
"65","50","1","true","20","5","7","8.723599632690542","18.700787401574804"
"61","50","1","true","20","5","11","10.743801652892563","23.031496062992126"
"66","50","1","true","20","5","9","10.376492194674013","21.482889733840306"
"59","45","1","true","20","5","12","4.315886134067952","10.06423982869379"
"62","50","1","true","20","5","12","15.335169880624427","33.00395256916996"
"68","50","1","true","20","5","1","3.213957759412305","7.172131147540983"
"65","50","1","true","20","5","8","9.090909090909092","19.488188976377952"
"66","50","1","true","20","5","10","11.386593204775023","23.574144486692013"
"67","50","1","true","20","5","7","6.152433425160698","13.111545988258316"
"66","50","1","true","20","5","11","12.304866850321396","25.475285171102662"
"64","50","1","true","20","5","6","8.080808080808081","16.955684007707127"
"61","50","1","true","20","5","12","11.202938475665748","24.015748031496063"
"68","50","1","true","20","5","2","5.05050505050505","11.270491803278688"
"62","50","1","true","20","5","13","15.61065197428834","33.59683794466403"
"59","45","1","true","20","5","13","4.315886134067952","10.06423982869379"
"65","50","1","true","20","5","9","9.45821854912764","20.275590551181104"
"66","50","1","true","20","5","12","12.947658402203857","26.806083650190114"
"68","50","1","true","20","5","3","6.244260789715335","13.934426229508196"
"67","50","1","true","20","5","8","6.244260789715335","13.307240704500977"
"61","50","1","true","20","5","13","11.937557392102846","25.590551181102363"
"65","50","1","true","20","5","10","9.82552800734619","21.062992125984252"
"64","50","1","true","20","5","7","8.539944903581267","17.91907514450867"
"62","50","1","true","20","5","14","15.886134067952252","34.18972332015811"
"68","50","1","true","20","5","4","7.162534435261708","15.983606557377051"
"63","50","1","true","20","5","0","1.285583103764922","2.857142857142857"
"65","50","1","true","20","5","11","10.192837465564738","21.8503937007874"
"69","50","1","true","20","5","0","1.3774104683195594","2.976190476190476"
"68","50","1","true","20","5","5","7.7134986225895315","17.21311475409836"
"65","50","1","true","20","5","12","10.743801652892563","23.031496062992126"
"61","50","1","true","20","5","14","13.039485766758494","27.95275590551181"
"64","50","1","true","20","5","8","8.999081726354454","18.88246628131021"
"62","50","1","true","20","5","15","15.977961432506888","34.387351778656125"
"65","50","1","true","20","5","13","11.11111111111111","23.818897637795274"
"68","50","1","true","20","5","6","8.264462809917356","18.442622950819672"
"69","50","1","true","20","5","1","3.1221303948576673","6.746031746031746"
"65","50","1","true","20","5","14","11.662075298438934","25"
"68","50","1","true","20","5","7","8.631772268135904","19.262295081967213"
"61","50","1","true","20","5","15","13.774104683195592","29.527559055118108"
"64","50","1","true","20","5","9","9.550045913682277","20.03853564547206"
"62","50","1","true","20","5","16","16.069788797061523","34.58498023715415"
"67","50","1","true","20","5","9","6.336088154269973","13.50293542074364"
"66","50","1","true","20","5","13","13.406795224977044","27.756653992395435"
"69","50","1","true","20","5","2","3.948576675849403","8.531746031746032"
"68","50","1","true","20","5","8","9.090909090909092","20.28688524590164"
"65","50","1","true","20","5","15","12.121212121212121","25.984251968503933"
"67","50","1","true","20","5","10","6.519742883379247","13.894324853228962"
"61","50","1","true","20","5","16","14.508723599632692","31.10236220472441"
"66","50","1","true","20","5","14","13.86593204775023","28.707224334600763"
"62","50","1","true","20","5","17","16.161616161616163","34.78260869565217"
"65","50","1","true","20","5","16","12.672176308539946","27.165354330708663"
"68","50","1","true","20","5","9","9.550045913682277","21.311475409836063"
"64","50","1","true","20","5","10","10.1010101010101","21.19460500963391"
"69","50","1","true","20","5","3","4.315886134067952","9.325396825396826"
"66","50","1","true","20","5","15","14.508723599632692","30.038022813688215"
"65","50","1","true","20","5","17","13.039485766758494","27.95275590551181"
"68","50","1","true","20","5","10","10.009182736455463","22.33606557377049"
"66","50","1","true","20","5","16","15.151515151515152","31.368821292775667"
"61","50","1","true","20","5","17","15.151515151515152","32.48031496062992"
"66","50","1","true","20","5","17","15.61065197428834","32.31939163498099"
"65","50","1","true","20","5","18","13.406795224977044","28.74015748031496"
"68","50","1","true","20","5","11","10.1010101010101","22.540983606557376"
"62","50","1","true","20","5","18","16.2534435261708","34.980237154150196"
"67","50","1","true","20","5","11","6.887052341597796","14.677103718199607"
"69","50","1","true","20","5","4","4.775022956841139","10.317460317460316"
"64","50","1","true","20","5","11","10.651974288337925","22.350674373795762"
"66","50","1","true","20","5","18","16.069788797061523","33.26996197718631"
"67","50","1","true","20","5","12","7.254361799816346","15.459882583170254"
"68","50","1","true","20","5","12","10.192837465564738","22.74590163934426"
"66","50","1","true","20","5","19","16.62075298438935","34.4106463878327"
"61","50","1","true","20","5","18","15.5188246097337","33.267716535433074"
"65","50","1","true","20","5","19","13.774104683195592","29.527559055118108"
"68","50","1","true","20","5","13","10.192837465564738","22.74590163934426"
"66","50","1","true","20","5","20","17.355371900826448","35.93155893536122"
"62","50","1","true","20","5","19","16.345270890725434","35.177865612648226"
"69","50","1","true","20","5","5","5.05050505050505","10.912698412698413"
"67","50","1","true","20","5","13","7.529843893480257","16.046966731898237"
"64","50","1","true","20","5","12","11.11111111111111","23.314065510597302"
"65","50","1","true","20","5","20","14.049586776859504","30.118110236220474"
"66","50","1","true","20","5","21","17.99816345270891","37.26235741444867"
"67","50","1","true","20","5","14","7.897153351698806","16.829745596868882"
"66","50","1","true","20","5","22","18.824609733700644","38.97338403041825"
"61","50","1","true","20","5","19","15.702479338842975","33.661417322834644"
"67","50","1","true","20","5","15","8.172635445362717","17.416829745596868"
"62","50","1","true","20","5","20","16.437098255280073","35.37549407114625"
"65","50","1","true","20","5","21","14.508723599632692","31.10236220472441"
"70","50","1","true","20","5","0","1.3774104683195594","2.9702970297029703"
"69","50","1","true","20","5","6","5.325987144168963","11.507936507936508"
"64","50","1","true","20","5","13","11.47842056932966","24.084778420038536"
"67","50","1","true","20","5","16","8.264462809917356","17.61252446183953"
"70","50","1","true","20","5","1","3.213957759412305","6.9306930693069315"
"67","50","1","true","20","5","17","8.356290174471992","17.80821917808219"
"66","50","1","true","20","5","23","19.375573921028465","40.11406844106464"
"65","50","1","true","20","5","22","14.87603305785124","31.88976377952756"
"70","50","1","true","20","5","2","4.40771349862259","9.504950495049505"
"67","50","1","true","20","5","18","8.44811753902663","18.003913894324853"
"61","50","1","true","20","5","20","15.702479338842975","33.661417322834644"
"66","50","1","true","20","5","24","20.110192837465565","41.634980988593156"
"69","50","1","true","20","5","7","5.5096418732782375","11.904761904761903"
"64","50","1","true","20","5","14","11.662075298438934","24.470134874759154"
"66","50","1","true","20","5","25","20.84481175390266","43.155893536121674"
"62","50","1","true","20","5","21","16.437098255280073","35.37549407114625"
"67","50","1","true","20","5","19","8.723599632690542","18.590998043052835"
"69","50","1","true","20","5","8","5.785123966942149","12.5"
"70","50","1","true","20","5","3","5.417814508723599","11.683168316831685"
"65","50","1","true","20","5","23","15.059687786960515","32.28346456692913"
"66","50","1","true","20","5","26","21.94674012855831","45.43726235741445"
"67","50","1","true","20","5","20","8.723599632690542","18.590998043052835"
"64","50","1","true","20","5","15","11.937557392102846","25.048169556840076"
"66","50","1","true","20","5","27","22.58953168044077","46.7680608365019"
"71","55","1","true","20","5","0","1.9283746556473829","3.7037037037037033"
"70","50","1","true","20","5","4","6.244260789715335","13.465346534653467"
"65","50","1","true","20","5","24","15.335169880624427","32.874015748031496"
"72","55","1","true","20","5","0","1.7447199265381086","3.2534246575342465"
"73","55","1","true","20","5","0","1.285583103764922","2.4347826086956523"
"69","50","1","true","20","5","9","6.0606060606060606","13.095238095238097"
"70","50","1","true","20","5","5","6.978879706152434","15.049504950495049"
"73","55","1","true","20","5","1","2.479338842975207","4.695652173913043"
"66","50","1","true","20","5","28","23.324150596877868","48.28897338403042"
"64","50","1","true","20","5","16","12.121212121212121","25.43352601156069"
"65","50","1","true","20","5","25","15.5188246097337","33.267716535433074"
"70","50","1","true","20","5","6","7.80532598714417","16.831683168316832"
"73","55","1","true","20","5","2","3.7649219467401287","7.130434782608695"
"71","55","1","true","20","5","1","3.948576675849403","7.583774250440917"
"72","55","1","true","20","5","1","3.489439853076217","6.506849315068493"
"70","50","1","true","20","5","7","8.539944903581267","18.415841584158414"
"69","50","1","true","20","5","10","6.244260789715335","13.492063492063492"
"65","50","1","true","20","5","26","15.702479338842975","33.661417322834644"
"73","55","1","true","20","5","3","5.142332415059688","9.73913043478261"
"66","50","1","true","20","5","29","23.875114784205692","49.42965779467681"
"64","50","1","true","20","5","17","12.304866850321396","25.818882466281313"
"70","50","1","true","20","5","8","9.182736455463727","19.801980198019802"
"66","50","1","true","20","5","30","24.242424242424242","50.19011406844106"
"71","55","1","true","20","5","2","5.693296602387512","10.934744268077601"
"70","50","1","true","20","5","9","9.73370064279155","20.99009900990099"
"72","55","1","true","20","5","2","5.417814508723599","10.102739726027398"
"66","50","1","true","20","5","31","24.426078971533517","50.57034220532319"
"73","55","1","true","20","5","4","6.336088154269973","12"
"65","50","1","true","20","5","27","15.794306703397613","33.85826771653544"
"69","50","1","true","20","5","11","6.336088154269973","13.690476190476192"
"70","50","1","true","20","5","10","10.376492194674013","22.37623762376238"
"66","50","1","true","20","5","32","24.793388429752067","51.33079847908745"
"64","50","1","true","20","5","18","12.672176308539946","26.589595375722542"
"65","50","1","true","20","5","28","15.886134067952252","34.05511811023622"
"70","50","1","true","20","5","11","10.927456382001836","23.564356435643564"
"69","50","1","true","20","5","12","6.336088154269973","13.690476190476192"
"73","55","1","true","20","5","5","7.988980716253444","15.130434782608695"
"66","50","1","true","20","5","33","24.97704315886134","51.71102661596958"
"71","55","1","true","20","5","3","7.529843893480257","14.462081128747794"
"72","55","1","true","20","5","3","6.7952249770431585","12.67123287671233"
"73","55","1","true","20","5","6","8.81542699724518","16.695652173913047"
"70","50","1","true","20","5","12","11.386593204775023","24.554455445544555"
"65","50","1","true","20","5","29","15.977961432506888","34.25196850393701"
"64","50","1","true","20","5","19","12.947658402203857","27.167630057803464"
"66","50","1","true","20","5","34","24.97704315886134","51.71102661596958"
"73","55","1","true","20","5","7","9.641873278236915","18.26086956521739"
"73","55","1","true","20","5","8","10.376492194674013","19.652173913043477"
"70","50","1","true","20","5","13","11.937557392102846","25.742574257425744"
"71","55","1","true","20","5","4","9.090909090909092","17.46031746031746"
"72","55","1","true","20","5","4","7.988980716253444","14.897260273972604"
"74","55","1","true","20","5","0","1.8365472910927456","3.7593984962406015"
"65","50","1","true","20","5","30","16.069788797061523","34.44881889763779"
"75","55","1","true","20","5","0","1.6528925619834711","3.1358885017421603"
"64","50","1","true","20","5","20","13.406795224977044","28.13102119460501"
"75","55","1","true","20","5","1","3.948576675849403","7.491289198606271"
"73","55","1","true","20","5","9","11.11111111111111","21.043478260869566"
"71","55","1","true","20","5","5","10.560146923783286","20.282186948853614"
"65","50","1","true","20","5","31","16.161616161616163","34.645669291338585"
"70","50","1","true","20","5","14","12.672176308539946","27.32673267326733"
"73","55","1","true","20","5","10","11.84573002754821","22.434782608695652"
"75","55","1","true","20","5","2","6.152433425160698","11.67247386759582"
"72","55","1","true","20","5","5","8.631772268135904","16.095890410958905"
"63","50","1","true","20","5","1","2.479338842975207","5.510204081632653"
"74","55","1","true","20","5","1","3.489439853076217","7.142857142857142"
"70","50","1","true","20","5","15","13.498622589531681","29.108910891089106"
"65","50","1","true","20","5","32","16.161616161616163","34.645669291338585"
"72","55","1","true","20","5","6","9.641873278236915","17.97945205479452"
"73","55","1","true","20","5","11","12.85583103764922","24.347826086956523"
"75","55","1","true","20","5","3","7.988980716253444","15.156794425087108"
"64","50","1","true","20","5","21","13.86593204775023","29.09441233140655"
"71","55","1","true","20","5","6","11.937557392102846","22.92768959435626"
"74","55","1","true","20","5","2","4.683195592286501","9.586466165413533"
"70","50","1","true","20","5","16","14.600550964187327","31.485148514851485"
"73","55","1","true","20","5","12","14.049586776859504","26.608695652173914"
"73","55","1","true","20","5","13","14.600550964187327","27.652173913043477"
"72","55","1","true","20","5","7","10.560146923783286","19.69178082191781"
"73","55","1","true","20","5","14","15.151515151515152","28.695652173913043"
"75","55","1","true","20","5","4","10.1010101010101","19.16376306620209"
"74","55","1","true","20","5","3","5.5096418732782375","11.278195488721805"
"71","55","1","true","20","5","7","13.774104683195592","26.455026455026452"
"75","55","1","true","20","5","5","12.48852157943067","23.693379790940767"
"76","55","1","true","20","5","0","1.6528925619834711","3.2200357781753133"
"70","50","1","true","20","5","17","15.702479338842975","33.86138613861387"
"73","55","1","true","20","5","15","15.886134067952252","30.08695652173913"
"64","50","1","true","20","5","22","14.14141414141414","29.672447013487474"
"75","55","1","true","20","5","6","14.600550964187327","27.700348432055748"
"72","55","1","true","20","5","8","11.47842056932966","21.404109589041095"
"75","55","1","true","20","5","7","16.62075298438935","31.53310104529617"
"70","50","1","true","20","5","18","16.528925619834713","35.64356435643564"
"73","55","1","true","20","5","16","16.345270890725434","30.956521739130434"
"74","55","1","true","20","5","4","6.519742883379247","13.345864661654137"
"76","55","1","true","20","5","1","3.489439853076217","6.797853309481217"
"71","55","1","true","20","5","8","15.886134067952252","30.511463844797177"
"73","55","1","true","20","5","17","16.988062442607895","32.17391304347826"
"75","55","1","true","20","5","8","18.089990817263544","34.3205574912892"
"70","50","1","true","20","5","19","16.988062442607895","36.633663366336634"
"76","55","1","true","20","5","2","5.234159779614325","10.196779964221825"
"75","55","1","true","20","5","9","19.742883379247015","37.45644599303136"
"72","55","1","true","20","5","9","11.937557392102846","22.26027397260274"
"76","55","1","true","20","5","3","6.519742883379247","12.701252236135957"
"73","55","1","true","20","5","18","17.63085399449036","33.39130434782609"
"64","50","1","true","20","5","23","14.600550964187327","30.63583815028902"
"70","50","1","true","20","5","20","17.355371900826448","37.42574257425743"
"74","55","1","true","20","5","5","7.7134986225895315","15.789473684210526"
"71","55","1","true","20","5","9","17.53902662993572","33.68606701940035"
"75","55","1","true","20","5","10","21.763085399449036","41.289198606271775"
"63","50","1","true","20","5","2","3.3057851239669422","7.346938775510205"
"76","55","1","true","20","5","4","7.897153351698806","15.384615384615385"
"73","55","1","true","20","5","19","18.457300275482094","34.95652173913044"
"75","55","1","true","20","5","11","23.415977961432507","44.42508710801394"
"75","55","1","true","20","5","12","25.344352617079892","48.08362369337979"
"70","50","1","true","20","5","21","17.722681359044994","38.21782178217822"
"76","55","1","true","20","5","5","9.550045913682277","18.6046511627907"
"72","55","1","true","20","5","10","12.213039485766759","22.773972602739725"
"75","55","1","true","20","5","13","26.997245179063363","51.21951219512195"
"74","55","1","true","20","5","6","8.723599632690542","17.857142857142858"
"76","55","1","true","20","5","6","11.019283746556475","21.46690518783542"
"71","55","1","true","20","5","10","18.54912764003673","35.626102292768955"
"64","50","1","true","20","5","24","14.967860422405877","31.406551059730248"
"70","50","1","true","20","5","22","18.27364554637282","39.40594059405941"
"76","55","1","true","20","5","7","12.396694214876034","24.15026833631485"
"72","55","1","true","20","5","11","12.396694214876034","23.116438356164384"
"75","55","1","true","20","5","14","28.833792470156105","54.70383275261324"
"73","55","1","true","20","5","20","19.28374655647383","36.52173913043478"
"76","55","1","true","20","5","8","13.774104683195592","26.833631484794275"
"70","50","1","true","20","5","23","18.732782369146005","40.396039603960396"
"74","55","1","true","20","5","7","9.82552800734619","20.112781954887218"
"71","55","1","true","20","5","11","19.55922865013774","37.56613756613756"
"75","55","1","true","20","5","15","30.21120293847567","57.3170731707317"
"64","50","1","true","20","5","25","15.426997245179063","32.369942196531795"
"75","55","1","true","20","5","16","31.68044077134986","60.10452961672473"
"73","55","1","true","20","5","21","20.385674931129476","38.608695652173914"
"76","55","1","true","20","5","9","15.5188246097337","30.23255813953488"
"70","50","1","true","20","5","24","19.100091827364555","41.18811881188119"
"75","55","1","true","20","5","17","33.2415059687787","63.06620209059234"
"72","55","1","true","20","5","12","12.764003673094582","23.8013698630137"
"73","55","1","true","20","5","22","21.57943067033976","40.869565217391305"
"75","55","1","true","20","5","18","34.34343434343434","65.1567944250871"
"73","55","1","true","20","5","23","22.405876951331496","42.434782608695656"
"75","55","1","true","20","5","19","35.44536271808999","67.24738675958189"
"71","55","1","true","20","5","12","20.385674931129476","39.15343915343915"
"74","55","1","true","20","5","8","10.651974288337925","21.804511278195488"
"75","55","1","true","20","5","20","36.17998163452709","68.6411149825784"
"73","55","1","true","20","5","24","23.048668503213957","43.65217391304348"
"76","55","1","true","20","5","10","17.079889807162534","33.273703041144906"
"70","50","1","true","20","5","25","19.19191919191919","41.386138613861384"
"72","55","1","true","20","5","13","13.314967860422405","24.82876712328767"
"64","50","1","true","20","5","26","15.794306703397613","33.140655105973025"
"75","55","1","true","20","5","21","37.28191000918273","70.73170731707317"
"73","55","1","true","20","5","25","24.150596877869603","45.73913043478261"
"75","55","1","true","20","5","22","38.75114784205693","73.5191637630662"
"74","55","1","true","20","5","9","11.386593204775023","23.308270676691727"
"76","55","1","true","20","5","11","18.27364554637282","35.59928443649374"
"71","55","1","true","20","5","13","21.028466483011936","40.38800705467372"
"73","55","1","true","20","5","26","25.436179981634528","48.17391304347826"
"70","50","1","true","20","5","26","19.28374655647383","41.584158415841586"
"75","55","1","true","20","5","23","39.85307621671258","75.60975609756098"
"72","55","1","true","20","5","14","13.86593204775023","25.85616438356164"
"73","55","1","true","20","5","27","26.813590449954088","50.78260869565218"
"64","50","1","true","20","5","27","16.2534435261708","34.104046242774565"
"73","55","1","true","20","5","28","28.007346189164373","53.04347826086957"
"76","55","1","true","20","5","12","19.4674012855831","37.924865831842574"
"70","50","1","true","20","5","27","19.28374655647383","41.584158415841586"
"75","55","1","true","20","5","24","40.67952249770432","77.17770034843205"
"74","55","1","true","20","5","10","11.753902662993571","24.06015037593985"
"73","55","1","true","20","5","29","29.201101928374655","55.30434782608695"
"72","55","1","true","20","5","15","14.416896235078053","26.88356164383562"
"75","55","1","true","20","5","25","41.50596877869605","78.74564459930313"
"71","55","1","true","20","5","14","21.763085399449036","41.7989417989418"
"73","55","1","true","20","5","30","30.303030303030305","57.391304347826086"
"75","55","1","true","20","5","26","42.33241505968779","80.31358885017421"
"76","55","1","true","20","5","13","20.293847566574836","39.53488372093023"
"73","55","1","true","20","5","31","31.22130394857668","59.130434782608695"
"64","50","1","true","20","5","28","16.62075298438935","34.8747591522158"
"74","55","1","true","20","5","11","12.029384756657484","24.62406015037594"
"75","55","1","true","20","5","27","43.06703397612488","81.70731707317073"
"73","55","1","true","20","5","32","31.772268135904504","60.17391304347826"
"77","55","1","true","20","5","0","1.285583103764922","2.4866785079928952"
"75","55","1","true","20","5","28","43.70982552800734","82.92682926829268"
"76","55","1","true","20","5","14","20.752984389348025","40.429338103756706"
"72","55","1","true","20","5","16","15.426997245179063","28.767123287671232"
"73","55","1","true","20","5","33","32.5068870523416","61.56521739130435"
"71","55","1","true","20","5","15","22.405876951331496","43.03350970017637"
"75","55","1","true","20","5","29","44.44444444444444","84.3205574912892"
"77","55","1","true","20","5","1","2.7548209366391188","5.328596802841918"
"74","55","1","true","20","5","12","12.396694214876034","25.375939849624064"
"73","55","1","true","20","5","34","33.33333333333333","63.13043478260869"
"76","55","1","true","20","5","15","21.30394857667585","41.50268336314848"
"75","55","1","true","20","5","30","45.362718089990814","86.06271777003485"
"64","50","1","true","20","5","29","16.89623507805326","35.45279383429673"
"73","55","1","true","20","5","35","34.067952249770435","64.52173913043478"
"77","55","1","true","20","5","2","4.40771349862259","8.52575488454707"
"72","55","1","true","20","5","17","16.437098255280073","30.65068493150685"
"76","55","1","true","20","5","16","22.03856749311295","42.93381037567084"
"75","55","1","true","20","5","31","46.18916437098255","87.63066202090593"
"73","55","1","true","20","5","36","34.710743801652896","65.73913043478261"
"71","55","1","true","20","5","16","22.773186409550046","43.738977072310405"
"74","55","1","true","20","5","13","12.48852157943067","25.563909774436087"
"75","55","1","true","20","5","32","46.74012855831038","88.67595818815332"
"73","55","1","true","20","5","37","35.62901744719926","67.47826086956522"
"77","55","1","true","20","5","3","5.968778696051423","11.545293072824157"
"76","55","1","true","20","5","17","22.58953168044077","44.00715563506261"
"64","50","1","true","20","5","30","17.079889807162534","35.83815028901734"
"75","55","1","true","20","5","33","47.38292011019284","89.89547038327527"
"72","55","1","true","20","5","18","17.355371900826448","32.36301369863014"
"73","55","1","true","20","5","38","37.00642791551883","70.08695652173913"
"74","55","1","true","20","5","14","12.672176308539946","25.93984962406015"
"75","55","1","true","20","5","34","47.658402203856745","90.41811846689896"
"71","55","1","true","20","5","17","23.140495867768596","44.44444444444444"
"73","55","1","true","20","5","39","38.20018365472911","72.34782608695653"
"77","55","1","true","20","5","4","7.621671258034894","14.742451154529308"
"75","55","1","true","20","5","35","47.93388429752066","90.94076655052264"
"73","55","1","true","20","5","40","39.48576675849403","74.78260869565217"
"76","55","1","true","20","5","18","23.140495867768596","45.08050089445438"
"72","55","1","true","20","5","19","18.27364554637282","34.07534246575342"
"73","55","1","true","20","5","41","40.4040404040404","76.52173913043478"
"64","50","1","true","20","5","31","17.355371900826448","36.41618497109826"
"75","55","1","true","20","5","36","48.117539026629935","91.28919860627178"
"77","55","1","true","20","5","5","8.999081726354454","17.406749555950267"
"74","55","1","true","20","5","15","12.947658402203857","26.50375939849624"
"76","55","1","true","20","5","19","23.783287419651057","46.332737030411444"
"73","55","1","true","20","5","42","41.50596877869605","78.6086956521739"
"75","55","1","true","20","5","37","48.39302112029385","91.81184668989548"
"71","55","1","true","20","5","18","23.415977961432507","44.97354497354497"
"75","55","1","true","20","5","38","48.668503213957756","92.33449477351915"
"77","55","1","true","20","5","6","10.651974288337925","20.603907637655418"
"72","55","1","true","20","5","20","18.824609733700644","35.1027397260274"
"76","55","1","true","20","5","20","24.058769513314967","46.86940966010734"
"73","55","1","true","20","5","43","42.42424242424242","80.34782608695652"
"75","55","1","true","20","5","39","48.760330578512395","92.50871080139372"
"74","55","1","true","20","5","16","13.039485766758494","26.691729323308273"
"64","50","1","true","20","5","32","17.53902662993572","36.80154142581888"
"75","55","1","true","20","5","40","48.760330578512395","92.50871080139372"
"77","55","1","true","20","5","7","11.47842056932966","22.202486678507995"
"71","55","1","true","20","5","19","23.69146005509642","45.5026455026455"
"76","55","1","true","20","5","21","24.517906336088156","47.76386404293381"
"73","55","1","true","20","5","44","43.34251606978879","82.08695652173913"
"73","55","1","true","20","5","45","43.70982552800734","82.78260869565217"
"78","55","1","true","20","5","0","1.6528925619834711","3.1523642732049035"
"76","55","1","true","20","5","22","24.793388429752067","48.3005366726297"
"72","55","1","true","20","5","21","19.28374655647383","35.95890410958904"
"74","55","1","true","20","5","17","13.039485766758494","26.691729323308273"
"73","55","1","true","20","5","46","44.16896235078053","83.65217391304348"
"78","55","1","true","20","5","1","3.6730945821854912","7.005253940455342"
"77","55","1","true","20","5","8","12.580348943985308","24.33392539964476"
"64","50","1","true","20","5","33","17.81450872359963","37.37957610789981"
"71","55","1","true","20","5","20","24.058769513314967","46.20811287477954"
"63","50","1","true","20","5","3","4.132231404958678","9.183673469387756"
"78","55","1","true","20","5","2","5.968778696051423","11.38353765323993"
"73","55","1","true","20","5","47","44.53627180899908","84.34782608695653"
"76","55","1","true","20","5","23","24.885215794306703","48.479427549194995"
"78","55","1","true","20","5","3","7.80532598714417","14.886164623467602"
"77","55","1","true","20","5","9","13.774104683195592","26.642984014209592"
"72","55","1","true","20","5","22","19.834710743801654","36.986301369863014"
"78","55","1","true","20","5","4","9.182736455463727","17.513134851138354"
"73","55","1","true","20","5","48","44.995408631772264","85.21739130434783"
"76","55","1","true","20","5","24","24.885215794306703","48.479427549194995"
"79","55","1","true","20","5","0","1.4692378328741964","2.782608695652174"
"73","55","1","true","20","5","49","45.73002754820937","86.60869565217392"
"64","50","1","true","20","5","34","18.089990817263544","37.957610789980734"
"73","55","1","true","20","5","50","46.372819100091824","87.82608695652175"
"71","55","1","true","20","5","21","24.334251606978878","46.73721340388007"
"72","55","1","true","20","5","23","20.110192837465565","37.5"
"73","55","1","true","20","5","51","46.83195592286501","88.69565217391305"
"78","55","1","true","20","5","5","10.743801652892563","20.490367775831874"
"79","55","1","true","20","5","1","3.3057851239669422","6.260869565217392"
"77","55","1","true","20","5","10","14.87603305785124","28.774422735346363"
"78","55","1","true","20","5","6","12.580348943985308","23.992994746059544"
"78","55","1","true","20","5","7","13.682277318640956","26.09457092819615"
"64","50","1","true","20","5","35","18.089990817263544","37.957610789980734"
"73","55","1","true","20","5","52","47.107438016528924","89.21739130434783"
"71","55","1","true","20","5","22","24.609733700642792","47.266313932980594"
"78","55","1","true","20","5","8","14.87603305785124","28.371278458844134"
"72","55","1","true","20","5","24","20.385674931129476","38.013698630136986"
"77","55","1","true","20","5","11","16.2534435261708","31.438721136767317"
"73","55","1","true","20","5","53","47.2910927456382","89.56521739130436"
"79","55","1","true","20","5","2","5.325987144168963","10.08695652173913"
"80","55","1","true","20","5","0","1.6528925619834711","3.130434782608696"
"78","55","1","true","20","5","9","16.069788797061523","30.64798598949212"
"78","55","1","true","20","5","10","17.447199265381084","33.274956217162874"
"77","55","1","true","20","5","12","17.355371900826448","33.57015985790409"
"73","55","1","true","20","5","54","47.38292011019284","89.73913043478261"
"78","55","1","true","20","5","11","19.375573921028465","36.952714535901926"
"80","55","1","true","20","5","1","3.3976124885215793","6.434782608695652"
"79","55","1","true","20","5","3","6.703397612488522","12.695652173913045"
"78","55","1","true","20","5","12","21.85491276400367","41.68126094570928"
"72","55","1","true","20","5","25","20.752984389348025","38.6986301369863"
"73","55","1","true","20","5","55","47.38292011019284","89.73913043478261"
"71","55","1","true","20","5","23","24.793388429752067","47.61904761904761"
"81","60","1","true","20","5","0","1.6528925619834711","2.995008319467554"
"80","55","1","true","20","5","2","5.5096418732782375","10.434782608695652"
"77","55","1","true","20","5","13","18.824609733700644","36.41207815275311"
"78","55","1","true","20","5","13","23.96694214876033","45.709281961471106"
"78","55","1","true","20","5","14","25.895316804407713","49.38704028021016"
"80","55","1","true","20","5","3","6.978879706152434","13.217391304347824"
"82","60","1","true","20","5","0","1.9283746556473829","3.296703296703297"
"79","55","1","true","20","5","4","7.897153351698806","14.956521739130435"
"77","55","1","true","20","5","14","20.293847566574836","39.25399644760213"
"72","55","1","true","20","5","26","21.21212121212121","39.55479452054795"
"82","60","1","true","20","5","1","4.315886134067952","7.378335949764521"
"78","55","1","true","20","5","15","27.640036730945823","52.71453590192644"
"80","55","1","true","20","5","4","8.264462809917356","15.65217391304348"
"77","55","1","true","20","5","15","21.487603305785125","41.56305506216697"
"71","55","1","true","20","5","24","25.068870523415974","48.148148148148145"
"81","60","1","true","20","5","1","4.132231404958678","7.487520798668886"
"78","55","1","true","20","5","16","29.38475665748393","56.042031523642734"
"82","60","1","true","20","5","2","6.244260789715335","10.675039246467819"
"80","55","1","true","20","5","5","9.917355371900827","18.782608695652172"
"79","55","1","true","20","5","5","9.274563820018365","17.565217391304348"
"77","55","1","true","20","5","16","22.31404958677686","43.16163410301954"
"78","55","1","true","20","5","17","30.57851239669421","58.31873905429072"
"82","60","1","true","20","5","3","8.44811753902663","14.442700156985872"
"80","55","1","true","20","5","6","11.202938475665748","21.217391304347828"
"72","55","1","true","20","5","27","21.395775941230486","39.8972602739726"
"82","60","1","true","20","5","4","10.284664830119375","17.582417582417584"
"78","55","1","true","20","5","18","31.588613406795226","60.24518388791593"
"77","55","1","true","20","5","17","23.140495867768596","44.760213143872114"
"78","55","1","true","20","5","19","32.231404958677686","61.471103327495626"
"81","60","1","true","20","5","2","6.7952249770431585","12.312811980033278"
"80","55","1","true","20","5","7","12.304866850321396","23.304347826086957"
"71","55","1","true","20","5","25","25.252525252525253","48.500881834215164"
"77","55","1","true","20","5","18","23.69146005509642","45.825932504440495"
"82","60","1","true","20","5","5","11.019283746556475","18.83830455259027"
"78","55","1","true","20","5","20","33.2415059687787","63.397548161120845"
"79","55","1","true","20","5","6","10.651974288337925","20.17391304347826"
"72","55","1","true","20","5","28","21.487603305785125","40.06849315068493"
"78","55","1","true","20","5","21","34.34343434343434","65.49912434325745"
"77","55","1","true","20","5","19","24.334251606978878","47.06927175843694"
"80","55","1","true","20","5","8","13.223140495867769","25.043478260869566"
"78","55","1","true","20","5","22","35.26170798898072","67.25043782837128"
"81","60","1","true","20","5","3","9.45821854912764","17.13810316139767"
"78","55","1","true","20","5","23","36.08815426997245","68.82661996497373"
"77","55","1","true","20","5","20","25.068870523415974","48.49023090586146"
"80","55","1","true","20","5","9","14.14141414141414","26.782608695652172"
"79","55","1","true","20","5","7","11.753902662993571","22.26086956521739"
"78","55","1","true","20","5","24","36.54729109274564","69.70227670753066"
"71","55","1","true","20","5","26","25.436179981634528","48.85361552028218"
"82","60","1","true","20","5","6","11.84573002754821","20.251177394034535"
"72","55","1","true","20","5","29","21.57943067033976","40.23972602739726"
"77","55","1","true","20","5","21","25.436179981634528","49.200710479573715"
"78","55","1","true","20","5","25","36.82277318640955","70.2276707530648"
"80","55","1","true","20","5","10","14.784205693296604","28.000000000000004"
"82","60","1","true","20","5","7","12.947658402203857","22.135007849293565"
"78","55","1","true","20","5","26","37.00642791551883","70.57793345008757"
"77","55","1","true","20","5","22","25.987144168962352","50.26642984014209"
"80","55","1","true","20","5","11","15.335169880624427","29.043478260869566"
"78","55","1","true","20","5","27","37.1900826446281","70.92819614711033"
"82","60","1","true","20","5","8","13.86593204775023","23.704866562009418"
"79","55","1","true","20","5","8","12.947658402203857","24.52173913043478"
"81","60","1","true","20","5","4","12.029384756657484","21.79700499168053"
"78","55","1","true","20","5","28","37.46556473829201","71.45359019264448"
"77","55","1","true","20","5","23","26.446280991735538","51.15452930728242"
"82","60","1","true","20","5","9","15.426997245179063","26.373626373626376"
"80","55","1","true","20","5","12","15.794306703397613","29.91304347826087"
"71","55","1","true","20","5","27","25.6198347107438","49.2063492063492"
"72","55","1","true","20","5","30","21.763085399449036","40.582191780821915"
"78","55","1","true","20","5","29","37.64921946740129","71.80385288966725"
"82","60","1","true","20","5","10","17.17171717171717","29.356357927786497"
"77","55","1","true","20","5","24","26.905417814508723","52.04262877442274"
"78","55","1","true","20","5","30","37.83287419651056","72.15411558669001"
"79","55","1","true","20","5","9","14.23324150596878","26.956521739130434"
"80","55","1","true","20","5","13","16.62075298438935","31.478260869565215"
"82","60","1","true","20","5","11","19.55922865013774","33.437990580847725"
"81","60","1","true","20","5","5","14.600550964187327","26.455906821963392"
"78","55","1","true","20","5","31","37.9247015610652","72.3292469352014"
"82","60","1","true","20","5","12","21.30394857667585","36.42072213500785"
"77","55","1","true","20","5","25","27.364554637281913","52.93072824156305"
"72","55","1","true","20","5","31","22.03856749311295","41.0958904109589"
"71","55","1","true","20","5","28","25.71166207529844","49.382716049382715"
"82","60","1","true","20","5","13","22.681359044995407","38.775510204081634"
"78","55","1","true","20","5","32","38.10835629017447","72.67950963222417"
"80","55","1","true","20","5","14","17.63085399449036","33.39130434782609"
"82","60","1","true","20","5","14","24.242424242424242","41.444270015698585"
"79","55","1","true","20","5","10","15.243342516069788","28.8695652173913"
"77","55","1","true","20","5","26","27.823691460055095","53.818827708703374"
"78","55","1","true","20","5","33","38.29201101928375","73.02977232924694"
"81","60","1","true","20","5","6","16.528925619834713","29.950083194675543"
"80","55","1","true","20","5","15","18.824609733700644","35.65217391304348"
"78","55","1","true","20","5","34","38.47566574839302","73.38003502626971"
"82","60","1","true","20","5","15","25.6198347107438","43.79905808477237"
"72","55","1","true","20","5","32","22.31404958677686","41.60958904109589"
"77","55","1","true","20","5","27","28.37465564738292","54.88454706927176"
"82","60","1","true","20","5","16","27.364554637281913","46.781789638932494"
"71","55","1","true","20","5","29","25.803489439853077","49.55908289241622"
"80","55","1","true","20","5","16","19.92653810835629","37.73913043478261"
"78","55","1","true","20","5","35","38.75114784205693","73.90542907180385"
"79","55","1","true","20","5","11","16.62075298438935","31.478260869565215"
"81","60","1","true","20","5","7","18.457300275482094","33.44425956738768"
"77","55","1","true","20","5","28","29.10927456382002","56.305506216696266"
"78","55","1","true","20","5","36","39.11845730027548","74.6059544658494"
"82","60","1","true","20","5","17","28.833792470156105","49.293563579277865"
"72","55","1","true","20","5","33","22.58953168044077","42.12328767123288"
"80","55","1","true","20","5","17","21.028466483011936","39.82608695652174"
"82","60","1","true","20","5","18","30.486685032139576","52.119309262166404"
"79","55","1","true","20","5","12","17.53902662993572","33.21739130434783"
"71","55","1","true","20","5","30","25.895316804407713","49.735449735449734"
"82","60","1","true","20","5","19","31.772268135904504","54.3171114599686"
"78","55","1","true","20","5","37","39.39393939393939","75.13134851138354"
"77","55","1","true","20","5","29","30.02754820936639","58.081705150976916"
"81","60","1","true","20","5","8","20.110192837465565","36.43926788685524"
"72","55","1","true","20","5","34","22.681359044995407","42.29452054794521"
"82","60","1","true","20","5","20","33.2415059687787","56.828885400313965"
"78","55","1","true","20","5","38","39.48576675849403","75.30647985989492"
"80","55","1","true","20","5","18","22.405876951331496","42.434782608695656"
"77","55","1","true","20","5","30","31.0376492194674","60.03552397868561"
"82","60","1","true","20","5","21","34.9862258953168","59.811616954474104"
"78","55","1","true","20","5","39","39.57759412304867","75.4816112084063"
"79","55","1","true","20","5","13","18.824609733700644","35.65217391304348"
"82","60","1","true","20","5","22","36.54729109274564","62.48037676609105"
"71","55","1","true","20","5","31","26.078971533516988","50.08818342151675"
"63","50","1","true","20","5","4","4.958677685950414","11.020408163265307"
"72","55","1","true","20","5","35","22.773186409550046","42.465753424657535"
"81","60","1","true","20","5","9","21.94674012855831","39.767054908485854"
"78","55","1","true","20","5","40","39.57759412304867","75.4816112084063"
"77","55","1","true","20","5","31","31.955922865013775","61.811722912966246"
"71","55","1","true","20","5","32","26.354453627180902","50.617283950617285"
"80","55","1","true","20","5","19","23.324150596877868","44.173913043478265"
"79","55","1","true","20","5","14","19.92653810835629","37.73913043478261"
"82","60","1","true","20","5","23","38.20018365472911","65.3061224489796"
"83","60","1","true","20","5","0","1.8365472910927456","3.231017770597738"
"77","55","1","true","20","5","32","32.87419651056015","63.58792184724689"
"72","55","1","true","20","5","36","22.865013774104685","42.63698630136986"
"83","60","1","true","20","5","1","3.6730945821854912","6.462035541195476"
"81","60","1","true","20","5","10","24.150596877869603","43.760399334442596"
"79","55","1","true","20","5","15","21.21212121212121","40.17391304347826"
"71","55","1","true","20","5","33","26.538108356290174","50.970017636684304"
"83","60","1","true","20","5","2","5.601469237832874","9.8546042003231"
"80","55","1","true","20","5","20","24.426078971533517","46.26086956521739"
"82","60","1","true","20","5","24","40.22038567493113","68.75981161695447"
"77","55","1","true","20","5","33","33.42516069788797","64.65364120781527"
"83","60","1","true","20","5","3","6.978879706152434","12.277867528271406"
"72","55","1","true","20","5","37","22.95684113865932","42.80821917808219"
"81","60","1","true","20","5","11","25.987144168962352","47.088186356073216"
"79","55","1","true","20","5","16","22.03856749311295","41.73913043478261"
"83","60","1","true","20","5","4","8.539944903581267","15.024232633279484"
"80","55","1","true","20","5","21","25.71166207529844","48.69565217391305"
"82","60","1","true","20","5","25","42.14876033057851","72.05651491365776"
"83","60","1","true","20","5","5","10.009182736455463","17.60904684975767"
"77","55","1","true","20","5","34","33.97612488521579","65.71936056838365"
"82","60","1","true","20","5","26","44.53627180899908","76.138147566719"
"71","55","1","true","20","5","34","26.72176308539945","51.32275132275132"
"83","60","1","true","20","5","6","11.570247933884298","20.35541195476575"
"80","55","1","true","20","5","22","26.905417814508723","50.95652173913044"
"72","55","1","true","20","5","38","23.048668503213957","42.97945205479452"
"83","60","1","true","20","5","7","13.406795224977044","23.586429725363487"
"82","60","1","true","20","5","27","46.464646464646464","79.43485086342228"
"79","55","1","true","20","5","17","23.048668503213957","43.65217391304348"
"77","55","1","true","20","5","35","34.34343434343434","66.42984014209591"
"83","60","1","true","20","5","8","14.967860422405877","26.33279483037157"
"81","60","1","true","20","5","12","27.089072543618","49.08485856905158"
"83","60","1","true","20","5","9","16.62075298438935","29.24071082390953"
"80","55","1","true","20","5","23","28.37465564738292","53.73913043478261"
"82","60","1","true","20","5","28","48.484848484848484","82.88854003139717"
"77","55","1","true","20","5","36","34.710743801652896","67.14031971580818"
"83","60","1","true","20","5","10","18.457300275482094","32.47172859450727"
"71","55","1","true","20","5","35","26.905417814508723","51.67548500881834"
"82","60","1","true","20","5","29","50.13774104683195","85.71428571428571"
"83","60","1","true","20","5","11","20.385674931129476","35.864297253634895"
"79","55","1","true","20","5","18","24.334251606978878","46.08695652173913"
"82","60","1","true","20","5","30","51.69880624426079","88.38304552590267"
"80","55","1","true","20","5","24","29.292929292929294","55.47826086956522"
"83","60","1","true","20","5","12","22.58953168044077","39.74151857835218"
"77","55","1","true","20","5","37","35.07805325987144","67.85079928952042"
"81","60","1","true","20","5","13","28.28282828282828","51.24792013311148"
"82","60","1","true","20","5","31","52.80073461891644","90.2668759811617"
"83","60","1","true","20","5","13","25.160697887970617","44.26494345718901"
"77","55","1","true","20","5","38","35.35353535353536","68.38365896980461"
"80","55","1","true","20","5","25","29.935720844811755","56.69565217391305"
"82","60","1","true","20","5","32","53.90266299357208","92.15070643642072"
"80","55","1","true","20","5","26","30.76216712580349","58.26086956521739"
"71","55","1","true","20","5","36","27.27272727272727","52.38095238095239"
"82","60","1","true","20","5","33","54.729109274563825","93.56357927786499"
"83","60","1","true","20","5","14","27.364554637281913","48.1421647819063"
"79","55","1","true","20","5","19","25.803489439853077","48.869565217391305"
"80","55","1","true","20","5","27","31.496786042240586","59.652173913043484"
"83","60","1","true","20","5","15","29.56841138659321","52.019386106623585"
"81","60","1","true","20","5","14","29.38475665748393","53.244592346089846"
"77","55","1","true","20","5","39","35.53719008264463","68.73889875666075"
"83","60","1","true","20","5","16","32.047750229568415","56.38126009693053"
"80","55","1","true","20","5","28","31.86409550045914","60.34782608695652"
"82","60","1","true","20","5","34","55.188246097337","94.34850863422291"
"72","55","1","true","20","5","39","23.140495867768596","43.15068493150685"
"83","60","1","true","20","5","17","33.97612488521579","59.77382875605816"
"80","55","1","true","20","5","29","32.13957759412305","60.86956521739131"
"82","60","1","true","20","5","35","55.55555555555556","94.97645211930926"
"71","55","1","true","20","5","37","27.823691460055095","53.43915343915344"
"79","55","1","true","20","5","20","27.73186409550046","52.52173913043479"
"83","60","1","true","20","5","18","35.35353535353536","62.197092084006464"
"77","55","1","true","20","5","40","35.81267217630854","69.27175843694494"
"83","60","1","true","20","5","19","37.1900826446281","65.4281098546042"
"81","60","1","true","20","5","15","30.57851239669421","55.40765391014975"
"83","60","1","true","20","5","20","38.9348025711662","68.49757673667204"
"80","55","1","true","20","5","30","32.5068870523416","61.56521739130435"
"77","55","1","true","20","5","41","35.99632690541782","69.62699822380107"
"82","60","1","true","20","5","36","55.9228650137741","95.6043956043956"
"83","60","1","true","20","5","21","40.67952249770432","71.5670436187399"
"71","55","1","true","20","5","38","28.28282828282828","54.32098765432099"
"79","55","1","true","20","5","21","29.56841138659321","56.00000000000001"
"80","55","1","true","20","5","31","33.057851239669425","62.60869565217392"
"72","55","1","true","20","5","40","23.232323232323232","43.321917808219176"
"83","60","1","true","20","5","22","42.14876033057851","74.1518578352181"
"77","55","1","true","20","5","42","36.27180899908173","70.15985790408526"
"81","60","1","true","20","5","16","31.955922865013775","57.90349417637272"
"82","60","1","true","20","5","37","56.38200183654729","96.38932496075353"
"80","55","1","true","20","5","32","33.700642791551886","63.82608695652174"
"72","55","1","true","20","5","41","23.415977961432507","43.66438356164384"
"83","60","1","true","20","5","23","43.70982552800734","76.89822294022616"
"77","55","1","true","20","5","43","36.63911845730027","70.87033747779752"
"71","55","1","true","20","5","39","28.833792470156105","55.379188712522044"
"83","60","1","true","20","5","24","45.362718089990814","79.80613893376413"
"80","55","1","true","20","5","33","34.15977961432507","64.69565217391305"
"82","60","1","true","20","5","38","56.74931129476584","97.01726844583987"
"79","55","1","true","20","5","22","31.496786042240586","59.652173913043484"
"77","55","1","true","20","5","44","37.09825528007346","71.75843694493783"
"83","60","1","true","20","5","25","46.5564738292011","81.90630048465266"
"81","60","1","true","20","5","17","32.966023875114786","59.73377703826955"
"83","60","1","true","20","5","26","47.474747474747474","83.52180936995154"
"80","55","1","true","20","5","34","34.9862258953168","66.26086956521739"
"72","55","1","true","20","5","42","23.507805325987142","43.83561643835616"
"77","55","1","true","20","5","45","37.74104683195592","73.00177619893428"
"83","60","1","true","20","5","27","48.39302112029385","85.1373182552504"
"71","55","1","true","20","5","40","29.38475665748393","56.4373897707231"
"82","60","1","true","20","5","39","57.02479338842975","97.48822605965462"
"80","55","1","true","20","5","35","35.81267217630854","67.82608695652173"
"79","55","1","true","20","5","23","33.057851239669425","62.60869565217392"
"83","60","1","true","20","5","28","48.852157943067034","85.94507269789983"
"82","60","1","true","20","5","40","57.48393021120294","98.27315541601256"
"80","55","1","true","20","5","36","36.63911845730027","69.3913043478261"
"82","60","1","true","20","5","41","57.94306703397613","99.05808477237049"
"72","55","1","true","20","5","43","23.69146005509642","44.178082191780824"
"81","60","1","true","20","5","18","34.25160697887971","62.06322795341098"
"77","55","1","true","20","5","46","38.20018365472911","73.8898756660746"
"80","55","1","true","20","5","37","37.64921946740129","71.30434782608695"
"82","60","1","true","20","5","42","58.31037649219467","99.68602825745683"
"71","55","1","true","20","5","41","29.660238751147844","56.96649029982363"
"80","55","1","true","20","5","38","38.47566574839302","72.86956521739131"
"77","55","1","true","20","5","47","38.47566574839302","74.42273534635879"
"79","55","1","true","20","5","24","34.52708907254362","65.39130434782608"
"72","55","1","true","20","5","44","23.783287419651057","44.34931506849315"
"83","60","1","true","20","5","29","49.311294765840216","86.75282714054927"
"77","55","1","true","20","5","48","38.84297520661157","75.13321492007104"
"82","60","1","true","20","5","43","58.8613406795225","100.62794348508635"
"71","55","1","true","20","5","42","30.02754820936639","57.67195767195767"
"82","60","1","true","20","5","44","59.41230486685032","101.56985871271587"
"81","60","1","true","20","5","19","35.44536271808999","64.22628951747087"
"77","55","1","true","20","5","49","39.48576675849403","76.3765541740675"
"80","55","1","true","20","5","39","39.30211202938476","74.43478260869566"
"82","60","1","true","20","5","45","59.77961432506888","102.19780219780219"
"79","55","1","true","20","5","25","35.44536271808999","67.13043478260869"
"77","55","1","true","20","5","50","40.4040404040404","78.15275310834814"
"72","55","1","true","20","5","45","23.875114784205692","44.52054794520548"
"82","60","1","true","20","5","46","59.87144168962351","102.35478806907379"
"80","55","1","true","20","5","40","40.22038567493113","76.17391304347827"
"77","55","1","true","20","5","51","41.1386593204775","79.57371225577265"
"80","55","1","true","20","5","41","41.32231404958678","78.26086956521739"
"83","60","1","true","20","5","30","49.770431588613405","87.56058158319871"
"71","55","1","true","20","5","43","30.39485766758494","58.377425044091716"
"81","60","1","true","20","5","20","36.73094582185491","66.55574043261231"
"80","55","1","true","20","5","42","42.42424242424242","80.34782608695652"
"77","55","1","true","20","5","52","41.78145087235997","80.81705150976909"
"82","60","1","true","20","5","47","59.96326905417815","102.51177394034536"
"79","55","1","true","20","5","26","35.99632690541782","68.17391304347827"
"72","55","1","true","20","5","46","23.875114784205692","44.52054794520548"
"77","55","1","true","20","5","53","42.51606978879706","82.2380106571936"
"82","60","1","true","20","5","48","60.05509641873278","102.66875981161697"
"80","55","1","true","20","5","43","43.34251606978879","82.08695652173913"
"83","60","1","true","20","5","31","50.229568411386595","88.36833602584814"
"63","50","1","true","20","5","5","5.785123966942149","12.857142857142856"
"81","60","1","true","20","5","21","38.20018365472911","69.21797004991681"
"77","55","1","true","20","5","54","43.34251606978879","83.83658969804618"
"71","55","1","true","20","5","44","31.0376492194674","59.61199294532628"
"83","60","1","true","20","5","32","50.505050505050505","88.8529886914378"
"83","60","1","true","20","5","33","50.78053259871441","89.33764135702747"
"82","60","1","true","20","5","49","60.23875114784206","102.98273155416014"
"77","55","1","true","20","5","55","44.16896235078053","85.43516873889875"
"80","55","1","true","20","5","44","43.98530762167126","83.30434782608695"
"79","55","1","true","20","5","27","36.63911845730027","69.3913043478261"
"83","60","1","true","20","5","34","50.964187327823694","89.66074313408724"
"80","55","1","true","20","5","45","44.53627180899908","84.34782608695653"
"71","55","1","true","20","5","45","31.68044077134986","60.84656084656085"
"82","60","1","true","20","5","50","60.42240587695134","103.29670329670331"
"84","60","1","true","20","5","0","1.5610651974288337","2.6856240126382307"
"77","55","1","true","20","5","56","45.08723599632691","87.2113676731794"
"81","60","1","true","20","5","22","39.30211202938476","71.21464226289518"
"80","55","1","true","20","5","46","44.81175390266299","84.86956521739131"
"83","60","1","true","20","5","35","51.147842056932966","89.98384491114702"
"83","60","1","true","20","5","36","51.2396694214876","90.14539579967689"
"83","60","1","true","20","5","37","51.331496786042244","90.30694668820679"
"79","55","1","true","20","5","28","37.28191000918273","70.6086956521739"
"77","55","1","true","20","5","57","46.005509641873275","88.98756660746004"
"84","60","1","true","20","5","1","3.948576675849403","6.79304897314376"
"82","60","1","true","20","5","51","60.51423324150596","103.45368916797489"
"80","55","1","true","20","5","47","44.90358126721763","85.04347826086956"
"83","60","1","true","20","5","38","51.42332415059688","90.46849757673667"
"71","55","1","true","20","5","46","32.047750229568415","61.552028218694886"
"82","60","1","true","20","5","52","60.60606060606061","103.61067503924646"
"80","55","1","true","20","5","48","44.995408631772264","85.21739130434783"
"83","60","1","true","20","5","39","51.606978879706155","90.79159935379644"
"79","55","1","true","20","5","29","37.64921946740129","71.30434782608695"
"81","60","1","true","20","5","23","40.67952249770432","73.71048252911814"
"82","60","1","true","20","5","53","60.60606060606061","103.61067503924646"
"83","60","1","true","20","5","40","51.790633608815426","91.11470113085622"
"77","55","1","true","20","5","58","46.648301193755735","90.23090586145648"
"80","55","1","true","20","5","49","45.08723599632691","85.3913043478261"
"84","60","1","true","20","5","2","6.336088154269973","10.90047393364929"
"83","60","1","true","20","5","41","52.157943067033976","91.76090468497577"
"83","60","1","true","20","5","42","52.43342516069789","92.24555735056543"
"77","55","1","true","20","5","59","47.107438016528924","91.1190053285968"
"80","55","1","true","20","5","50","45.27089072543618","85.73913043478261"
"83","60","1","true","20","5","43","52.708907254361804","92.73021001615508"
"79","55","1","true","20","5","30","38.10835629017447","72.17391304347827"
"77","55","1","true","20","5","60","47.658402203856745","92.1847246891652"
"71","55","1","true","20","5","47","32.231404958677686","61.904761904761905"
"83","60","1","true","20","5","44","53.168044077134994","93.53796445880452"
"82","60","1","true","20","5","54","60.60606060606061","103.61067503924646"
"84","60","1","true","20","5","3","8.539944903581267","14.691943127962084"
"80","55","1","true","20","5","51","45.362718089990814","85.91304347826086"
"83","60","1","true","20","5","45","53.71900826446281","94.50726978998385"
"77","55","1","true","20","5","61","48.209366391184574","93.25044404973357"
"81","60","1","true","20","5","24","41.50596877869605","75.20798668885192"
"83","60","1","true","20","5","46","54.08631772268136","95.15347334410339"
"80","55","1","true","20","5","52","45.45454545454545","86.08695652173914"
"84","60","1","true","20","5","4","10.560146923783286","18.167456556082147"
"83","60","1","true","20","5","47","54.54545454545454","95.96122778675283"
"79","55","1","true","20","5","31","38.38383838383838","72.69565217391303"
"71","55","1","true","20","5","48","32.323232323232325","62.08112874779541"
"85","60","1","true","20","5","0","1.6528925619834711","2.955665024630542"
"77","55","1","true","20","5","62","48.760330578512395","94.31616341030195"
"83","60","1","true","20","5","48","55.00459136822773","96.76898222940227"
"80","55","1","true","20","5","53","45.63820018365473","86.43478260869564"
"83","60","1","true","20","5","49","55.371900826446286","97.4151857835218"
"85","60","1","true","20","5","1","3.213957759412305","5.747126436781609"
"83","60","1","true","20","5","50","55.73921028466483","98.06138933764136"
"77","55","1","true","20","5","63","49.219467401285584","95.20426287744228"
"80","55","1","true","20","5","54","45.63820018365473","86.43478260869564"
"81","60","1","true","20","5","25","42.14876033057851","76.37271214642263"
"79","55","1","true","20","5","32","38.47566574839302","72.86956521739131"
"85","60","1","true","20","5","2","4.775022956841139","8.538587848932677"
"71","55","1","true","20","5","49","32.5068870523416","62.43386243386243"
"83","60","1","true","20","5","51","56.19834710743802","98.86914378029078"
"77","55","1","true","20","5","64","49.586776859504134","95.91474245115454"
"84","60","1","true","20","5","5","12.213039485766759","21.011058451816748"
"86","60","1","true","20","5","0","1.3774104683195594","2.4"
"83","60","1","true","20","5","52","56.56565656565656","99.51534733441034"
"85","60","1","true","20","5","3","6.519742883379247","11.658456486042693"
"83","60","1","true","20","5","53","56.74931129476584","99.83844911147011"
"71","55","1","true","20","5","50","32.69054178145087","62.78659611992945"
"79","55","1","true","20","5","33","38.47566574839302","72.86956521739131"
"85","60","1","true","20","5","4","8.356290174471992","14.942528735632186"
"83","60","1","true","20","5","54","56.93296602387512","100.16155088852989"
"81","60","1","true","20","5","26","42.88337924701561","77.70382695507487"
"86","60","1","true","20","5","1","3.213957759412305","5.6000000000000005"
"77","55","1","true","20","5","65","49.770431588613405","96.26998223801066"
"85","60","1","true","20","5","5","10.743801652892563","19.21182266009852"
"84","60","1","true","20","5","6","13.957759412304869","24.01263823064771"
"85","60","1","true","20","5","6","13.223140495867769","23.645320197044335"
"83","60","1","true","20","5","55","57.20844811753902","100.64620355411955"
"77","55","1","true","20","5","66","49.770431588613405","96.26998223801066"
"86","60","1","true","20","5","2","5.693296602387512","9.92"
"83","60","1","true","20","5","56","57.48393021120294","101.13085621970922"
"71","55","1","true","20","5","51","32.87419651056015","63.13932980599647"
"83","60","1","true","20","5","57","57.759412304866856","101.61550888529887"
"85","60","1","true","20","5","7","15.5188246097337","27.750410509031198"
"86","60","1","true","20","5","3","7.80532598714417","13.600000000000001"
"87","60","1","true","20","5","0","1.4692378328741964","2.576489533011272"
"84","60","1","true","20","5","7","15.702479338842975","27.014218009478675"
"83","60","1","true","20","5","58","58.1267217630854","102.26171243941842"
"81","60","1","true","20","5","27","43.15886134067952","78.20299500831946"
"85","60","1","true","20","5","8","17.63085399449036","31.527093596059114"
"63","50","1","true","20","5","6","6.519742883379247","14.489795918367346"
"83","60","1","true","20","5","59","58.49403122130394","102.90791599353797"
"84","60","1","true","20","5","8","17.079889807162534","29.383886255924168"
"88","60","1","true","20","5","0","1.9283746556473829","3.3546325878594248"
"86","60","1","true","20","5","4","10.284664830119375","17.919999999999998"
"87","60","1","true","20","5","1","3.0303030303030303","5.314009661835748"
"85","60","1","true","20","5","9","19.19191919191919","34.31855500821018"
"83","60","1","true","20","5","60","58.76951331496786","103.39256865912762"
"71","55","1","true","20","5","52","32.966023875114786","63.31569664902999"
"88","60","1","true","20","5","1","4.40771349862259","7.667731629392971"
"83","60","1","true","20","5","61","59.13682277318642","104.03877221324717"
"86","60","1","true","20","5","5","12.213039485766759","21.279999999999998"
"85","60","1","true","20","5","10","21.120293847566572","37.76683087027914"
"81","60","1","true","20","5","28","43.43434343434344","78.70216306156405"
"88","60","1","true","20","5","2","6.887052341597796","11.980830670926517"
"84","60","1","true","20","5","9","18.824609733700644","32.38546603475513"
"87","60","1","true","20","5","2","4.775022956841139","8.373590982286634"
"83","60","1","true","20","5","62","59.22865013774105","104.20032310177707"
"85","60","1","true","20","5","11","22.58953168044077","40.39408866995074"
"88","60","1","true","20","5","3","8.539944903581267","14.856230031948881"
"83","60","1","true","20","5","63","59.22865013774105","104.20032310177707"
"86","60","1","true","20","5","6","14.23324150596878","24.8"
"71","55","1","true","20","5","53","33.057851239669425","63.49206349206349"
"83","60","1","true","20","5","64","59.22865013774105","104.20032310177707"
"88","60","1","true","20","5","4","10.376492194674013","18.051118210862622"
"84","60","1","true","20","5","10","21.395775941230486","36.808846761453395"
"81","60","1","true","20","5","29","43.61799816345271","79.03494176372712"
"85","60","1","true","20","5","12","24.242424242424242","43.34975369458128"
"89","60","1","true","20","5","0","2.0202020202020203","3.565640194489465"
"88","60","1","true","20","5","5","11.570247933884298","20.12779552715655"
"86","60","1","true","20","5","7","16.2534435261708","28.32"
"89","60","1","true","20","5","1","4.591368227731864","8.103727714748784"
"87","60","1","true","20","5","3","6.519742883379247","11.43317230273752"
"88","60","1","true","20","5","6","12.672176308539946","22.044728434504794"
"71","55","1","true","20","5","54","33.2415059687787","63.844797178130506"
"84","60","1","true","20","5","11","23.96694214876033","41.23222748815166"
"86","60","1","true","20","5","8","18.365472910927455","32"
"89","60","1","true","20","5","2","7.7134986225895315","13.614262560777956"
"88","60","1","true","20","5","7","13.682277318640956","23.80191693290735"
"89","60","1","true","20","5","3","10.376492194674013","18.31442463533225"
"86","60","1","true","20","5","9","20.9366391184573","36.480000000000004"
"89","60","1","true","20","5","4","12.48852157943067","22.042139384116695"
"81","60","1","true","20","5","30","43.89348025711662","79.53410981697171"
"89","60","1","true","20","5","5","14.325068870523417","25.283630470016206"
"86","60","1","true","20","5","10","23.232323232323232","40.48"
"89","60","1","true","20","5","6","15.886134067952252","28.038897893030796"
"87","60","1","true","20","5","4","7.897153351698806","13.848631239935589"
"89","60","1","true","20","5","7","17.447199265381084","30.79416531604538"
"85","60","1","true","20","5","13","25.987144168962352","46.4696223316913"
"71","55","1","true","20","5","55","33.51698806244261","64.37389770723104"
"88","60","1","true","20","5","8","14.692378328741965","25.559105431309902"
"86","60","1","true","20","5","11","25.252525252525253","44"
"89","60","1","true","20","5","8","19.00826446280992","33.54943273905997"
"84","60","1","true","20","5","12","26.170798898071624","45.023696682464454"
"85","60","1","true","20","5","14","27.73186409550046","49.589490968801314"
"86","60","1","true","20","5","12","27.364554637281913","47.68"
"89","60","1","true","20","5","9","20.56932966023875","36.30470016207455"
"89","60","1","true","20","5","10","22.130394857667586","39.05996758508914"
"88","60","1","true","20","5","9","15.702479338842975","27.316293929712458"
"81","60","1","true","20","5","31","44.352617079889804","80.36605657237936"
"87","60","1","true","20","5","5","9.182736455463727","16.10305958132045"
"85","60","1","true","20","5","15","29.56841138659321","52.87356321839081"
"89","60","1","true","20","5","11","23.59963269054178","41.65316045380875"
"88","60","1","true","20","5","10","16.712580348943984","29.073482428115017"
"86","60","1","true","20","5","13","29.935720844811755","52.16"
"84","60","1","true","20","5","13","28.558310376492198","49.13112164296998"
"71","55","1","true","20","5","56","33.88429752066116","65.07936507936508"
"89","60","1","true","20","5","12","25.160697887970617","44.40842787682334"
"85","60","1","true","20","5","16","31.129476584022036","55.66502463054187"
"89","60","1","true","20","5","13","26.72176308539945","47.163695299837926"
"88","60","1","true","20","5","11","17.63085399449036","30.670926517571885"
"87","60","1","true","20","5","6","10.1010101010101","17.713365539452496"
"89","60","1","true","20","5","14","28.007346189164373","49.43273905996758"
"81","60","1","true","20","5","32","44.81175390266299","81.19800332778702"
"88","60","1","true","20","5","12","18.54912764003673","32.26837060702875"
"89","60","1","true","20","5","15","29.476584022038566","52.0259319286872"
"85","60","1","true","20","5","17","33.14967860422406","59.277504105090316"
"85","60","1","true","20","5","18","35.07805325987144","62.725779967159276"
"89","60","1","true","20","5","16","31.0376492194674","54.78119935170178"
"84","60","1","true","20","5","14","30.670339761248854","52.76461295418642"
"71","55","1","true","20","5","57","34.15977961432507","65.60846560846561"
"85","60","1","true","20","5","19","36.82277318640955","65.84564860426929"
"88","60","1","true","20","5","13","19.834710743801654","34.504792332268366"
"87","60","1","true","20","5","7","11.47842056932966","20.128824476650564"
"89","60","1","true","20","5","17","32.5068870523416","57.37439222042139"
"86","60","1","true","20","5","14","32.5068870523416","56.64"
"89","60","1","true","20","5","18","33.42516069788797","58.995137763371154"
"88","60","1","true","20","5","14","21.21212121212121","36.90095846645367"
"81","60","1","true","20","5","33","45.45454545454545","82.36272878535775"
"84","60","1","true","20","5","15","32.69054178145087","56.24012638230648"
"86","60","1","true","20","5","15","34.9862258953168","60.96"
"85","60","1","true","20","5","20","38.6593204775023","69.12972085385879"
"88","60","1","true","20","5","15","22.405876951331496","38.977635782747605"
"89","60","1","true","20","5","19","34.80257116620753","61.426256077795784"
"71","55","1","true","20","5","58","34.34343434343434","65.96119929453262"
"88","60","1","true","20","5","16","23.507805325987142","40.894568690095845"
"89","60","1","true","20","5","20","36.27180899908173","64.0194489465154"
"86","60","1","true","20","5","16","37.00642791551883","64.48"
"87","60","1","true","20","5","8","13.039485766758494","22.86634460547504"
"85","60","1","true","20","5","21","40.58769513314967","72.57799671592775"
"89","60","1","true","20","5","21","37.46556473829201","66.12641815235008"
"88","60","1","true","20","5","17","25.068870523415974","43.61022364217252"
"89","60","1","true","20","5","22","38.56749311294766","68.0713128038898"
"84","60","1","true","20","5","16","34.61891643709826","59.55766192733017"
"81","60","1","true","20","5","34","46.005509641873275","83.36106489184692"
"85","60","1","true","20","5","22","42.42424242424242","75.86206896551724"
"88","60","1","true","20","5","18","26.72176308539945","46.48562300319489"
"86","60","1","true","20","5","17","39.11845730027548","68.16"
"89","60","1","true","20","5","23","39.48576675849403","69.69205834683954"
"71","55","1","true","20","5","59","34.710743801652896","66.66666666666666"
"89","60","1","true","20","5","24","40.12855831037649","70.82658022690438"
"87","60","1","true","20","5","9","14.967860422405877","26.247987117552334"
"84","60","1","true","20","5","17","36.54729109274564","62.875197472353875"
"88","60","1","true","20","5","19","28.46648301193756","49.52076677316294"
"89","60","1","true","20","5","25","40.58769513314967","71.63695299837926"
"81","60","1","true","20","5","35","46.372819100091824","84.02662229617304"
"85","60","1","true","20","5","23","43.43434343434344","77.66830870279146"
"89","60","1","true","20","5","26","41.04683195592286","72.44732576985413"
"89","60","1","true","20","5","27","41.23048668503214","72.77147487844408"
"85","60","1","true","20","5","24","44.16896235078053","78.98193760262726"
"86","60","1","true","20","5","18","41.23048668503214","71.84"
"89","60","1","true","20","5","28","41.50596877869605","73.257698541329"
"84","60","1","true","20","5","18","38.38383838383838","66.0347551342812"
"88","60","1","true","20","5","20","30.57851239669421","53.194888178913736"
"85","60","1","true","20","5","25","44.90358126721763","80.29556650246306"
"89","60","1","true","20","5","29","41.96510560146924","74.06807131280388"
"71","55","1","true","20","5","60","35.07805325987144","67.3721340388007"
"87","60","1","true","20","5","10","17.079889807162534","29.951690821256037"
"88","60","1","true","20","5","21","32.5068870523416","56.54952076677316"
"89","60","1","true","20","5","30","42.6078971533517","75.20259319286872"
"85","60","1","true","20","5","26","45.63820018365473","81.60919540229885"
"81","60","1","true","20","5","36","46.74012855831038","84.69217970049917"
"89","60","1","true","20","5","31","43.61799816345271","76.98541329011344"
"88","60","1","true","20","5","22","33.97612488521579","59.105431309904155"
"86","60","1","true","20","5","19","42.79155188246097","74.56"
"85","60","1","true","20","5","27","46.28099173553719","82.75862068965517"
"88","60","1","true","20","5","23","35.35353535353536","61.50159744408946"
"89","60","1","true","20","5","32","44.26078971533517","78.11993517017828"
"86","60","1","true","20","5","20","44.26078971533517","77.12"
"85","60","1","true","20","5","28","47.015610651974285","84.07224958949097"
"87","60","1","true","20","5","11","18.732782369146005","32.850241545893724"
"88","60","1","true","20","5","24","36.63911845730027","63.73801916932907"
"71","55","1","true","20","5","61","35.53719008264463","68.25396825396825"
"89","60","1","true","20","5","33","44.81175390266299","79.09238249594813"
"84","60","1","true","20","5","19","40.12855831037649","69.03633491311216"
"86","60","1","true","20","5","21","45.45454545454545","79.2"
"89","60","1","true","20","5","34","45.45454545454545","80.22690437601297"
"81","60","1","true","20","5","37","46.92378328741965","85.02495840266224"
"89","60","1","true","20","5","35","46.372819100091824","81.84764991896273"
"85","60","1","true","20","5","29","47.2910927456382","84.56486042692939"
"86","60","1","true","20","5","22","46.28099173553719","80.64"
"89","60","1","true","20","5","36","46.92378328741965","82.82009724473258"
"87","60","1","true","20","5","12","20.66115702479339","36.231884057971016"
"71","55","1","true","20","5","62","36.08815426997245","69.31216931216932"
"89","60","1","true","20","5","37","47.56657483930211","83.9546191247974"
"88","60","1","true","20","5","25","37.74104683195592","65.65495207667732"
"84","60","1","true","20","5","20","41.32231404958678","71.09004739336493"
"85","60","1","true","20","5","30","47.750229568411385","85.38587848932676"
"89","60","1","true","20","5","38","48.117539026629935","84.92706645056725"
"86","60","1","true","20","5","23","47.474747474747474","82.72"
"81","60","1","true","20","5","38","47.107438016528924","85.35773710482529"
"71","55","1","true","20","5","63","36.63911845730027","70.37037037037037"
"88","60","1","true","20","5","26","38.47566574839302","66.93290734824281"
"89","60","1","true","20","5","39","48.576675849403124","85.73743922204214"
"85","60","1","true","20","5","31","47.93388429752066","85.71428571428571"
"87","60","1","true","20","5","13","22.58953168044077","39.61352657004831"
"89","60","1","true","20","5","40","48.760330578512395","86.06158833063209"
"85","60","1","true","20","5","32","47.93388429752066","85.71428571428571"
"86","60","1","true","20","5","24","48.760330578512395","84.96000000000001"
"84","60","1","true","20","5","21","42.51606978879706","73.1437598736177"
"88","60","1","true","20","5","27","39.30211202938476","68.370607028754"
"89","60","1","true","20","5","41","48.94398530762167","86.38573743922204"
"90","60","1","true","20","5","0","1.8365472910927456","3.262642740619902"
"81","60","1","true","20","5","39","47.2910927456382","85.69051580698836"
"71","55","1","true","20","5","64","37.64921946740129","72.31040564373897"
"87","60","1","true","20","5","14","24.426078971533517","42.8341384863124"
"89","60","1","true","20","5","42","49.127640036730945","86.709886547812"
"90","60","1","true","20","5","1","4.315886134067952","7.6672104404567705"
"86","60","1","true","20","5","25","49.862258953168045","86.88"
"88","60","1","true","20","5","28","39.76124885215794","69.16932907348243"
"84","60","1","true","20","5","22","43.34251606978879","74.565560821485"
"89","60","1","true","20","5","43","49.311294765840216","87.03403565640194"
"86","60","1","true","20","5","26","50.688705234159784","88.32"
"89","60","1","true","20","5","44","49.586776859504134","87.52025931928688"
"89","60","1","true","20","5","45","49.95408631772268","88.16855753646678"
"87","60","1","true","20","5","15","26.078971533516988","45.73268921095008"
"81","60","1","true","20","5","40","47.38292011019284","85.85690515806988"
"63","50","1","true","20","5","7","7.162534435261708","15.918367346938775"
"84","60","1","true","20","5","23","44.26078971533517","76.14533965244867"
"71","55","1","true","20","5","65","38.47566574839302","73.89770723104057"
"86","60","1","true","20","5","27","51.42332415059688","89.60000000000001"
"90","60","1","true","20","5","2","6.887052341597796","12.234910277324634"
"88","60","1","true","20","5","29","40.12855831037649","69.80830670926518"
"89","60","1","true","20","5","46","50.04591368227732","88.33063209076175"
"89","60","1","true","20","5","47","50.13774104683195","88.49270664505673"
"86","60","1","true","20","5","28","51.69880624426079","90.08"
"90","60","1","true","20","5","3","9.45821854912764","16.802610114192497"
"81","60","1","true","20","5","41","47.474747474747474","86.02329450915141"
"89","60","1","true","20","5","48","50.321395775941234","88.81685575364668"
"88","60","1","true","20","5","30","40.58769513314967","70.6070287539936"
"87","60","1","true","20","5","16","28.09917355371901","49.275362318840585"
"86","60","1","true","20","5","29","52.066115702479344","90.72"
"84","60","1","true","20","5","24","45.45454545454545","78.19905213270142"
"88","60","1","true","20","5","31","41.23048668503214","71.72523961661342"
"89","60","1","true","20","5","49","50.413223140495866","88.97893030794165"
"86","60","1","true","20","5","30","52.43342516069789","91.36"
"81","60","1","true","20","5","42","47.474747474747474","86.02329450915141"
"71","55","1","true","20","5","66","39.39393939393939","75.66137566137566"
"90","60","1","true","20","5","4","11.11111111111111","19.73898858075041"
"88","60","1","true","20","5","32","41.96510560146924","73.00319488817891"
"89","60","1","true","20","5","50","50.59687786960514","89.3030794165316"
"87","60","1","true","20","5","17","30.76216712580349","53.945249597423505"
"90","60","1","true","20","5","5","13.039485766758494","23.164763458401303"
"89","60","1","true","20","5","51","50.872359963269055","89.78930307941653"
"86","60","1","true","20","5","31","53.07621671258035","92.47999999999999"
"84","60","1","true","20","5","25","46.28099173553719","79.62085308056872"
"89","60","1","true","20","5","52","51.147842056932966","90.27552674230147"
"90","60","1","true","20","5","6","15.243342516069788","27.07993474714519"
"88","60","1","true","20","5","33","42.51606978879706","73.96166134185303"
"71","55","1","true","20","5","67","40.67952249770432","78.1305114638448"
"89","60","1","true","20","5","53","51.42332415059688","90.76175040518638"
"84","60","1","true","20","5","26","47.474747474747474","81.67456556082149"
"90","60","1","true","20","5","7","17.26354453627181","30.668841761827082"
"89","60","1","true","20","5","54","51.790633608815426","91.41004862236629"
"87","60","1","true","20","5","18","33.51698806244261","58.77616747181964"
"86","60","1","true","20","5","32","53.4435261707989","93.12"
"88","60","1","true","20","5","34","43.06703397612488","74.92012779552716"
"91","65","1","true","20","5","0","2.1120293847566574","3.4482758620689653"
"89","60","1","true","20","5","55","52.157943067033976","92.05834683954619"
"86","60","1","true","20","5","33","53.71900826446281","93.60000000000001"
"89","60","1","true","20","5","56","52.61707988980716","92.86871961102106"
"90","60","1","true","20","5","8","19.28374655647383","34.257748776508976"
"88","60","1","true","20","5","35","43.80165289256198","76.19808306709265"
"86","60","1","true","20","5","34","53.81083562901745","93.76"
"84","60","1","true","20","5","27","48.39302112029385","83.25434439178515"
"71","55","1","true","20","5","68","41.59779614325069","79.8941798941799"
"89","60","1","true","20","5","57","53.25987144168962","94.0032414910859"
"90","60","1","true","20","5","9","21.30394857667585","37.84665579119086"
"88","60","1","true","20","5","36","44.26078971533517","76.99680511182109"
"86","60","1","true","20","5","35","53.90266299357208","93.92"
"89","60","1","true","20","5","58","53.81083562901745","94.97568881685575"
"87","60","1","true","20","5","19","36.27180899908173","63.60708534621578"
"84","60","1","true","20","5","28","49.311294765840216","84.83412322274881"
"91","65","1","true","20","5","1","5.234159779614325","8.545727136431784"
"88","60","1","true","20","5","37","44.71992653810835","77.79552715654951"
"86","60","1","true","20","5","36","53.994490358126725","94.08"
"89","60","1","true","20","5","59","54.36179981634527","95.9481361426256"
"90","60","1","true","20","5","10","23.048668503213957","40.94616639477977"
"88","60","1","true","20","5","38","45.27089072543618","78.75399361022363"
"89","60","1","true","20","5","60","55.00459136822773","97.08265802269044"
"89","60","1","true","20","5","61","55.55555555555556","98.05510534846029"
"88","60","1","true","20","5","39","45.73002754820937","79.55271565495208"
"71","55","1","true","20","5","69","42.33241505968779","81.30511463844798"
"86","60","1","true","20","5","37","54.178145087236","94.39999999999999"
"88","60","1","true","20","5","40","46.005509641873275","80.03194888178913"
"84","60","1","true","20","5","29","49.862258953168045","85.78199052132702"
"87","60","1","true","20","5","20","38.20018365472911","66.98872785829307"
"89","60","1","true","20","5","62","55.9228650137741","98.70340356564019"
"91","65","1","true","20","5","2","8.44811753902663","13.793103448275861"
"90","60","1","true","20","5","11","24.793388429752067","44.04567699836868"
"86","60","1","true","20","5","38","54.45362718089991","94.88"
"88","60","1","true","20","5","41","46.372819100091824","80.67092651757189"
"89","60","1","true","20","5","63","56.29017447199265","99.3517017828201"
"90","60","1","true","20","5","12","26.262626262626267","46.6557911908646"
"86","60","1","true","20","5","39","54.82093663911846","95.52000000000001"
"87","60","1","true","20","5","21","40.22038567493113","70.53140096618358"
"90","60","1","true","20","5","13","27.823691460055095","49.42903752039152"
"71","55","1","true","20","5","70","42.79155188246097","82.18694885361552"
"88","60","1","true","20","5","42","46.83195592286501","81.46964856230032"
"84","60","1","true","20","5","30","50.229568411386595","86.41390205371248"
"86","60","1","true","20","5","40","55.09641873278237","96"
"90","60","1","true","20","5","14","29.292929292929294","52.039151712887445"
"91","65","1","true","20","5","3","11.202938475665748","18.290854572713645"
"89","60","1","true","20","5","64","56.84113865932048","100.32414910858995"
"90","60","1","true","20","5","15","30.76216712580349","54.64926590538336"
"86","60","1","true","20","5","41","55.64738292011019","96.96000000000001"
"88","60","1","true","20","5","43","47.56657483930211","82.74760383386581"
"90","60","1","true","20","5","16","32.415059687786965","57.58564437194127"
"87","60","1","true","20","5","22","41.96510560146924","73.59098228663447"
"89","60","1","true","20","5","65","57.3921028466483","101.2965964343598"
"88","60","1","true","20","5","44","48.39302112029385","84.185303514377"
"71","55","1","true","20","5","71","43.25068870523416","83.06878306878306"
"89","60","1","true","20","5","66","57.94306703397613","102.26904376012966"
"84","60","1","true","20","5","31","50.59687786960514","87.04581358609794"
"88","60","1","true","20","5","45","49.403122130394856","85.94249201277955"
"91","65","1","true","20","5","4","13.774104683195592","22.488755622188904"
"89","60","1","true","20","5","67","58.58585858585859","103.40356564019449"
"86","60","1","true","20","5","42","56.014692378328746","97.6"
"89","60","1","true","20","5","68","58.8613406795225","103.88978930307941"
"88","60","1","true","20","5","46","50.413223140495866","87.69968051118211"
"89","60","1","true","20","5","69","59.22865013774105","104.53808752025932"
"90","60","1","true","20","5","17","33.79247015610652","60.0326264274062"
"87","60","1","true","20","5","23","42.97520661157025","75.36231884057972"
"90","60","1","true","20","5","18","34.710743801652896","61.66394779771615"
"86","60","1","true","20","5","43","56.10651974288338","97.76"
"89","60","1","true","20","5","70","59.41230486685032","104.86223662884927"
"84","60","1","true","20","5","32","50.872359963269055","87.51974723538704"
"90","60","1","true","20","5","19","35.720844811753906","63.4584013050571"
"89","60","1","true","20","5","71","59.50413223140496","105.02431118314423"
"91","65","1","true","20","5","5","15.977961432506888","26.08695652173913"
"88","60","1","true","20","5","47","51.515151515151516","89.61661341853035"
"86","60","1","true","20","5","44","56.10651974288338","97.76"
"90","60","1","true","20","5","20","36.82277318640955","65.41598694942904"
"89","60","1","true","20","5","72","59.59595959595959","105.18638573743921"
"89","60","1","true","20","5","73","59.59595959595959","105.18638573743921"
"88","60","1","true","20","5","48","52.43342516069789","91.21405750798722"
"63","50","1","true","20","5","8","7.7134986225895315","17.142857142857142"
"90","60","1","true","20","5","21","37.74104683195592","67.04730831973899"
"71","55","1","true","20","5","72","44.16896235078053","84.83245149911816"
"87","60","1","true","20","5","24","44.16896235078053","77.45571658615137"
"89","60","1","true","20","5","74","59.68778696051423","105.3484602917342"
"88","60","1","true","20","5","49","53.25987144168962","92.65175718849841"
"89","60","1","true","20","5","75","59.68778696051423","105.3484602917342"
"90","60","1","true","20","5","22","38.6593204775023","68.67862969004894"
"91","65","1","true","20","5","6","17.90633608815427","29.235382308845576"
"89","60","1","true","20","5","76","59.68778696051423","105.3484602917342"
"90","60","1","true","20","5","23","39.48576675849403","70.14681892332788"
"88","60","1","true","20","5","50","54.08631772268136","94.08945686900958"
"92","65","1","true","20","5","0","2.203856749311295","3.519061583577713"
"90","60","1","true","20","5","24","40.58769513314967","72.10440456769985"
"87","60","1","true","20","5","25","45.27089072543618","79.38808373590982"
"92","65","1","true","20","5","1","5.785123966942149","9.237536656891496"
"71","55","1","true","20","5","73","44.81175390266299","86.06701940035273"
"88","60","1","true","20","5","51","54.9127640036731","95.52715654952077"
"90","60","1","true","20","5","25","41.50596877869605","73.7357259380098"
"91","65","1","true","20","5","7","20.110192837465565","32.8335832083958"
"93","65","1","true","20","5","0","2.203856749311295","3.5398230088495577"
"92","65","1","true","20","5","2","9.090909090909092","14.516129032258066"
"93","65","1","true","20","5","1","4.958677685950414","7.964601769911504"
"88","60","1","true","20","5","52","55.73921028466483","96.96485623003196"
"84","60","1","true","20","5","33","51.05601469237833","87.83570300157977"
"93","65","1","true","20","5","2","7.80532598714417","12.536873156342182"
"87","60","1","true","20","5","26","46.372819100091824","81.32045088566827"
"90","60","1","true","20","5","26","42.14876033057851","74.87765089722676"
"88","60","1","true","20","5","53","56.473829201101935","98.24281150159744"
"93","65","1","true","20","5","3","10.651974288337925","17.10914454277286"
"93","65","1","true","20","5","4","13.314967860422405","21.386430678466077"
"71","55","1","true","20","5","74","45.63820018365473","87.65432098765432"
"92","65","1","true","20","5","3","11.47842056932966","18.328445747800586"
"88","60","1","true","20","5","54","56.84113865932048","98.8817891373802"
"93","65","1","true","20","5","5","16.069788797061523","25.81120943952802"
"91","65","1","true","20","5","8","21.85491276400367","35.68215892053973"
"93","65","1","true","20","5","6","18.640955004591365","29.941002949852507"
"92","65","1","true","20","5","4","13.406795224977044","21.407624633431084"
"90","60","1","true","20","5","27","42.69972451790633","75.85644371941272"
"93","65","1","true","20","5","7","20.9366391184573","33.6283185840708"
"87","60","1","true","20","5","27","47.19926538108356","82.76972624798712"
"93","65","1","true","20","5","8","22.95684113865932","36.87315634218289"
"90","60","1","true","20","5","28","43.15886134067952","76.6721044045677"
"93","65","1","true","20","5","9","24.885215794306703","39.97050147492625"
"88","60","1","true","20","5","55","57.116620752984396","99.36102236421725"
"91","65","1","true","20","5","9","23.875114784205692","38.980509745127435"
"90","60","1","true","20","5","29","43.34251606978879","76.99836867862969"
"93","65","1","true","20","5","10","26.446280991735538","42.47787610619469"
"84","60","1","true","20","5","34","51.147842056932966","87.99368088467614"
"71","55","1","true","20","5","75","46.648301193755735","89.59435626102292"
"93","65","1","true","20","5","11","28.37465564738292","45.57522123893805"
"92","65","1","true","20","5","5","15.426997245179063","24.633431085043988"
"90","60","1","true","20","5","30","43.43434343434344","77.16150081566069"
"88","60","1","true","20","5","56","57.30027548209367","99.68051118210862"
"92","65","1","true","20","5","6","17.63085399449036","28.152492668621704"
"90","60","1","true","20","5","31","43.43434343434344","77.16150081566069"
"93","65","1","true","20","5","12","30.76216712580349","49.41002949852507"
"87","60","1","true","20","5","28","48.117539026629935","84.38003220611915"
"88","60","1","true","20","5","57","57.57575757575758","100.15974440894568"
"92","65","1","true","20","5","7","20.110192837465565","32.111436950146626"
"84","60","1","true","20","5","35","51.2396694214876","88.15165876777252"
"91","65","1","true","20","5","10","25.803489439853077","42.12893553223388"
"93","65","1","true","20","5","13","33.42516069788797","53.687315634218294"
"93","65","1","true","20","5","14","35.720844811753906","57.37463126843658"
"71","55","1","true","20","5","76","47.474747474747474","91.18165784832452"
"93","65","1","true","20","5","15","37.9247015610652","60.91445427728613"
"88","60","1","true","20","5","58","58.03489439853077","100.95846645367412"
"92","65","1","true","20","5","8","23.232323232323232","37.096774193548384"
"93","65","1","true","20","5","16","40.03673094582185","64.30678466076697"
"94","65","1","true","20","5","0","2.0202020202020203","3.1791907514450863"
"87","60","1","true","20","5","29","48.484848484848484","85.02415458937197"
"93","65","1","true","20","5","17","42.42424242424242","68.14159292035397"
"92","65","1","true","20","5","9","26.62993572084481","42.52199413489736"
"94","65","1","true","20","5","1","4.866850321395775","7.658959537572255"
"93","65","1","true","20","5","18","44.995408631772264","72.27138643067846"
"84","60","1","true","20","5","36","51.2396694214876","88.15165876777252"
"88","60","1","true","20","5","59","58.76951331496786","102.23642172523961"
"91","65","1","true","20","5","11","28.191000918273645","46.026986506746624"
"94","65","1","true","20","5","2","7.529843893480257","11.849710982658959"
"93","65","1","true","20","5","19","48.39302112029385","77.72861356932154"
"88","60","1","true","20","5","60","59.59595959595959","103.67412140575081"
"71","55","1","true","20","5","77","48.576675849403124","93.29805996472663"
"94","65","1","true","20","5","3","9.73370064279155","15.31791907514451"
"93","65","1","true","20","5","20","51.515151515151516","82.7433628318584"
"92","65","1","true","20","5","10","30.11937557392103","48.09384164222874"
"88","60","1","true","20","5","61","60.51423324150596","105.27156549520767"
"93","65","1","true","20","5","21","54.08631772268136","86.8731563421829"
"94","65","1","true","20","5","4","11.753902662993571","18.497109826589593"
"87","60","1","true","20","5","30","49.03581267217631","85.99033816425121"
"88","60","1","true","20","5","62","61.24885215794307","106.54952076677316"
"93","65","1","true","20","5","22","56.014692378328746","89.97050147492625"
"94","65","1","true","20","5","5","13.957759412304869","21.965317919075144"
"93","65","1","true","20","5","23","58.03489439853077","93.21533923303835"
"88","60","1","true","20","5","63","61.98347107438017","107.82747603833866"
"91","65","1","true","20","5","12","30.486685032139576","49.77511244377811"
"93","65","1","true","20","5","24","59.68778696051423","95.87020648967551"
"92","65","1","true","20","5","11","33.14967860422406","52.93255131964809"
"94","65","1","true","20","5","6","16.528925619834713","26.011560693641616"
"93","65","1","true","20","5","25","60.78971533516988","97.6401179941003"
"88","60","1","true","20","5","64","62.8099173553719","109.26517571884983"
"92","65","1","true","20","5","12","35.90449954086318","57.33137829912024"
"71","55","1","true","20","5","78","49.494949494949495","95.06172839506173"
"93","65","1","true","20","5","26","61.43250688705234","98.67256637168141"
"88","60","1","true","20","5","65","63.36088154269972","110.22364217252397"
"95","65","1","true","20","5","0","1.7447199265381086","2.86144578313253"
"92","65","1","true","20","5","13","38.84297520661157","62.023460410557185"
"94","65","1","true","20","5","7","18.91643709825528","29.76878612716763"
"87","60","1","true","20","5","31","49.586776859504134","86.95652173913044"
"93","65","1","true","20","5","27","61.89164370982553","99.41002949852508"
"88","60","1","true","20","5","66","63.91184573002755","111.18210862619809"
"94","65","1","true","20","5","8","21.30394857667585","33.52601156069364"
"93","65","1","true","20","5","28","61.98347107438017","99.5575221238938"
"92","65","1","true","20","5","14","41.68962350780532","66.56891495601172"
"93","65","1","true","20","5","29","62.0752984389348","99.70501474926253"
"88","60","1","true","20","5","67","64.46280991735537","112.1405750798722"
"94","65","1","true","20","5","9","23.415977961432507","36.84971098265896"
"93","65","1","true","20","5","30","62.16712580348944","99.85250737463127"
"91","65","1","true","20","5","13","32.598714416896236","53.223388305847074"
"94","65","1","true","20","5","10","25.344352617079892","39.884393063583815"
"88","60","1","true","20","5","68","65.0137741046832","113.09904153354633"
"93","65","1","true","20","5","31","62.16712580348944","99.85250737463127"
"95","65","1","true","20","5","1","4.132231404958678","6.77710843373494"
"87","60","1","true","20","5","32","50.229568411386595","88.08373590982286"
"88","60","1","true","20","5","69","65.47291092745638","113.89776357827476"
"94","65","1","true","20","5","11","27.548209366391184","43.35260115606936"
"92","65","1","true","20","5","15","44.352617079889804","70.82111436950147"
"96","65","1","true","20","5","0","2.295684113865932","3.8109756097560976"
"71","55","1","true","20","5","79","50.321395775941234","96.64902998236332"
"88","60","1","true","20","5","70","65.65656565656566","114.21725239616613"
"96","65","1","true","20","5","1","5.142332415059688","8.536585365853659"
"92","65","1","true","20","5","16","47.19926538108356","75.366568914956"
"94","65","1","true","20","5","12","29.476584022038566","46.38728323699422"
"96","65","1","true","20","5","2","7.162534435261708","11.890243902439025"
"88","60","1","true","20","5","71","65.7483930211203","114.37699680511182"
"95","65","1","true","20","5","2","6.978879706152434","11.44578313253012"
"92","65","1","true","20","5","17","49.862258953168045","79.61876832844574"
"96","65","1","true","20","5","3","8.81542699724518","14.634146341463413"
"94","65","1","true","20","5","13","32.231404958677686","50.72254335260116"
"91","65","1","true","20","5","14","34.34343434343434","56.07196401799101"
"87","60","1","true","20","5","33","51.05601469237833","89.5330112721417"
"92","65","1","true","20","5","18","52.61707988980716","84.01759530791789"
"96","65","1","true","20","5","4","10.835629017447198","17.98780487804878"
"94","65","1","true","20","5","14","34.80257116620753","54.76878612716764"
"88","60","1","true","20","5","72","65.7483930211203","114.37699680511182"
"92","65","1","true","20","5","19","55.09641873278237","87.97653958944281"
"96","65","1","true","20","5","5","12.672176308539946","21.036585365853657"
"71","55","1","true","20","5","80","50.688705234159784","97.35449735449735"
"95","65","1","true","20","5","3","9.090909090909092","14.909638554216867"
"92","65","1","true","20","5","20","57.759412304866856","92.22873900293254"
"96","65","1","true","20","5","6","14.508723599632692","24.085365853658537"
"94","65","1","true","20","5","15","38.29201101928375","60.26011560693642"
"87","60","1","true","20","5","34","51.69880624426079","90.66022544283415"
"92","65","1","true","20","5","21","59.41230486685032","94.86803519061584"
"95","65","1","true","20","5","4","11.84573002754821","19.427710843373493"
"91","65","1","true","20","5","15","35.99632690541782","58.77061469265368"
"87","60","1","true","20","5","35","52.61707988980716","92.27053140096618"
"97","65","1","true","20","5","0","1.6528925619834711","2.7149321266968327"
"96","65","1","true","20","5","7","16.804407713498623","27.896341463414636"
"92","65","1","true","20","5","22","61.0651974288338","97.50733137829913"
"94","65","1","true","20","5","16","42.05693296602387","66.1849710982659"
"71","55","1","true","20","5","81","51.515151515151516","98.94179894179894"
"92","65","1","true","20","5","23","61.52433425160698","98.24046920821115"
"96","65","1","true","20","5","8","18.91643709825528","31.402439024390244"
"94","65","1","true","20","5","17","45.54637281910009","71.67630057803468"
"97","65","1","true","20","5","1","3.7649219467401287","6.184012066365008"
"96","65","1","true","20","5","9","21.120293847566572","35.0609756097561"
"91","65","1","true","20","5","16","37.37373737373738","61.019490254872565"
"94","65","1","true","20","5","18","49.403122130394856","77.74566473988439"
"95","65","1","true","20","5","5","14.14141414141414","23.19277108433735"
"96","65","1","true","20","5","10","23.415977961432507","38.8719512195122"
"97","65","1","true","20","5","2","5.601469237832874","9.200603318250378"
"87","60","1","true","20","5","36","53.535353535353536","93.88083735909822"
"92","65","1","true","20","5","24","61.89164370982553","98.82697947214076"
"96","65","1","true","20","5","11","25.436179981634528","42.22560975609756"
"94","65","1","true","20","5","19","52.066115702479344","81.9364161849711"
"96","65","1","true","20","5","12","26.997245179063363","44.81707317073171"
"94","65","1","true","20","5","20","54.178145087236","85.26011560693641"
"97","65","1","true","20","5","3","7.254361799816346","11.91553544494721"
"71","55","1","true","20","5","82","52.43342516069789","100.70546737213404"
"96","65","1","true","20","5","13","28.650137741046834","47.5609756097561"
"94","65","1","true","20","5","21","55.831037649219475","87.86127167630057"
"91","65","1","true","20","5","17","39.02662993572085","63.718140929535224"
"97","65","1","true","20","5","4","9.182736455463727","15.082956259426847"
"92","65","1","true","20","5","25","62.35078053259871","99.56011730205279"
"95","65","1","true","20","5","6","16.437098255280073","26.957831325301207"
"96","65","1","true","20","5","14","30.853994490358126","51.21951219512195"
"87","60","1","true","20","5","37","54.36179981634527","95.33011272141707"
"96","65","1","true","20","5","15","33.42516069788797","55.487804878048784"
"97","65","1","true","20","5","5","11.202938475665748","18.401206636500756"
"63","50","1","true","20","5","9","8.264462809917356","18.367346938775512"
"96","65","1","true","20","5","16","36.36363636363637","60.36585365853659"
"97","65","1","true","20","5","6","13.131313131313133","21.568627450980394"
"94","65","1","true","20","5","22","57.3921028466483","90.3179190751445"
"96","65","1","true","20","5","17","38.9348025711662","64.63414634146342"
"92","65","1","true","20","5","26","62.62626262626263","100"
"97","65","1","true","20","5","7","15.426997245179063","25.339366515837103"
"96","65","1","true","20","5","18","41.8732782369146","69.51219512195121"
"95","65","1","true","20","5","7","18.457300275482094","30.271084337349397"
"94","65","1","true","20","5","23","58.21854912764004","91.61849710982659"
"92","65","1","true","20","5","27","62.71808999081726","100.1466275659824"
"91","65","1","true","20","5","18","40.12855831037649","65.51724137931035"
"97","65","1","true","20","5","8","17.99816345270891","29.562594268476623"
"87","60","1","true","20","5","38","55.371900826446286","97.10144927536231"
"94","65","1","true","20","5","24","58.95316804407713","92.77456647398844"
"71","55","1","true","20","5","83","53.627180899908176","102.99823633156966"
"96","65","1","true","20","5","19","44.53627180899908","73.9329268292683"
"94","65","1","true","20","5","25","59.96326905417815","94.36416184971098"
"92","65","1","true","20","5","28","62.8099173553719","100.29325513196481"
"95","65","1","true","20","5","8","20.477502295684115","33.58433734939759"
"97","65","1","true","20","5","9","20.66115702479339","33.93665158371041"
"96","65","1","true","20","5","20","47.842056932966024","79.42073170731707"
"87","60","1","true","20","5","39","56.014692378328746","98.22866344605475"
"91","65","1","true","20","5","19","40.67952249770432","66.4167916041979"
"96","65","1","true","20","5","21","49.770431588613405","82.6219512195122"
"71","55","1","true","20","5","84","54.729109274563825","105.11463844797177"
"97","65","1","true","20","5","10","23.232323232323232","38.159879336349924"
"92","65","1","true","20","5","29","62.90174471992653","100.43988269794721"
"97","65","1","true","20","5","11","25.252525252525253","41.47812971342383"
"95","65","1","true","20","5","9","22.405876951331496","36.74698795180723"
"94","65","1","true","20","5","26","60.33057851239669","94.94219653179191"
"96","65","1","true","20","5","22","51.2396694214876","85.0609756097561"
"87","60","1","true","20","5","40","56.56565656565656","99.19484702093398"
"97","65","1","true","20","5","12","27.27272727272727","44.79638009049774"
"92","65","1","true","20","5","30","63.08539944903582","100.73313782991202"
"94","65","1","true","20","5","27","60.42240587695134","95.08670520231213"
"91","65","1","true","20","5","20","41.23048668503214","67.31634182908546"
"92","65","1","true","20","5","31","63.08539944903582","100.73313782991202"
"96","65","1","true","20","5","23","52.34159779614325","86.89024390243902"
"71","55","1","true","20","5","85","55.46372819100092","106.52557319223985"
"97","65","1","true","20","5","13","29.38475665748393","48.26546003016591"
"95","65","1","true","20","5","10","24.517906336088156","40.21084337349398"
"94","65","1","true","20","5","28","60.60606060606061","95.37572254335261"
"96","65","1","true","20","5","24","53.168044077134994","88.26219512195121"
"87","60","1","true","20","5","41","56.93296602387512","99.8389694041868"
"94","65","1","true","20","5","29","60.69788797061524","95.52023121387283"
"96","65","1","true","20","5","25","54.178145087236","89.9390243902439"
"71","55","1","true","20","5","86","56.29017447199265","108.11287477954146"
"97","65","1","true","20","5","14","31.40495867768595","51.58371040723983"
"98","65","1","true","20","5","0","1.9283746556473829","3.134328358208955"
"97","65","1","true","20","5","15","33.608815426997246","55.203619909502265"
"95","65","1","true","20","5","11","26.446280991735538","43.373493975903614"
"96","65","1","true","20","5","26","54.9127640036731","91.15853658536585"
"91","65","1","true","20","5","21","41.8732782369146","68.36581709145428"
"98","65","1","true","20","5","1","4.591368227731864","7.462686567164178"
"94","65","1","true","20","5","30","60.88154269972452","95.8092485549133"
"97","65","1","true","20","5","16","35.720844811753906","58.67269984917044"
"87","60","1","true","20","5","42","57.116620752984396","100.1610305958132"
"98","65","1","true","20","5","2","6.978879706152434","11.343283582089553"
"94","65","1","true","20","5","31","61.0651974288338","96.09826589595376"
"96","65","1","true","20","5","27","55.371900826446286","91.92073170731707"
"97","65","1","true","20","5","17","37.46556473829201","61.53846153846154"
"98","65","1","true","20","5","3","9.45821854912764","15.37313432835821"
"94","65","1","true","20","5","32","61.43250688705234","96.67630057803468"
"96","65","1","true","20","5","28","56.10651974288338","93.14024390243902"
"71","55","1","true","20","5","87","57.3921028466483","110.22927689594357"
"95","65","1","true","20","5","12","29.201101928374655","47.89156626506024"
"98","65","1","true","20","5","4","11.84573002754821","19.25373134328358"
"96","65","1","true","20","5","29","57.02479338842975","94.66463414634147"
"91","65","1","true","20","5","22","42.42424242424242","69.26536731634184"
"97","65","1","true","20","5","18","39.02662993572085","64.1025641025641"
"87","60","1","true","20","5","43","57.20844811753902","100.3220611916264"
"94","65","1","true","20","5","33","61.70798898071625","97.10982658959537"
"96","65","1","true","20","5","30","58.31037649219467","96.79878048780488"
"97","65","1","true","20","5","19","40.49586776859504","66.51583710407239"
"96","65","1","true","20","5","31","59.32047750229569","98.47560975609755"
"98","65","1","true","20","5","5","14.508723599632692","23.582089552238806"
"95","65","1","true","20","5","13","31.68044077134986","51.95783132530121"
"96","65","1","true","20","5","32","59.96326905417815","99.54268292682927"
"71","55","1","true","20","5","88","58.58585858585859","112.52204585537919"
"97","65","1","true","20","5","20","42.42424242424242","69.68325791855203"
"94","65","1","true","20","5","34","62.0752984389348","97.6878612716763"
"87","60","1","true","20","5","44","57.20844811753902","100.3220611916264"
"91","65","1","true","20","5","23","43.34251606978879","70.76461769115441"
"98","65","1","true","20","5","6","16.89623507805326","27.46268656716418"
"97","65","1","true","20","5","21","44.16896235078053","72.54901960784314"
"94","65","1","true","20","5","35","62.35078053259871","98.121387283237"
"96","65","1","true","20","5","33","60.23875114784206","100"
"98","65","1","true","20","5","7","19.19191919191919","31.19402985074627"
"97","65","1","true","20","5","22","45.821854912764","75.26395173453997"
"71","55","1","true","20","5","89","59.77961432506888","114.81481481481481"
"94","65","1","true","20","5","36","62.8099173553719","98.84393063583815"
"96","65","1","true","20","5","34","60.23875114784206","100"
"95","65","1","true","20","5","14","33.700642791551886","55.27108433734939"
"97","65","1","true","20","5","23","47.107438016528924","77.37556561085974"
"94","65","1","true","20","5","37","63.17722681359045","99.42196531791907"
"97","65","1","true","20","5","24","48.117539026629935","79.03469079939669"
"94","65","1","true","20","5","38","63.63636363636363","100.14450867052022"
"91","65","1","true","20","5","24","44.44444444444444","72.56371814092954"
"97","65","1","true","20","5","25","49.03581267217631","80.54298642533936"
"95","65","1","true","20","5","15","35.62901744719926","58.43373493975904"
"100","65","1","true","20","5","0","2.295684113865932","3.6927621861152145"
"71","55","1","true","20","5","90","60.60606060606061","116.40211640211639"
"99","65","1","true","20","5","0","1.4692378328741964","2.4922118380062304"
"100","65","1","true","20","5","1","5.234159779614325","8.419497784342688"
"97","65","1","true","20","5","26","50.04591368227732","82.20211161387631"
"94","65","1","true","20","5","39","64.09550045913683","100.86705202312139"
"94","65","1","true","20","5","40","64.64646464646465","101.73410404624276"
"100","65","1","true","20","5","2","7.897153351698806","12.703101920236337"
"97","65","1","true","20","5","27","50.872359963269055","83.55957767722474"
"94","65","1","true","20","5","41","65.0137741046832","102.3121387283237"
"100","65","1","true","20","5","3","10.46831955922865","16.838995568685377"
"99","65","1","true","20","5","1","3.6730945821854912","6.230529595015576"
"95","65","1","true","20","5","16","37.37373737373738","61.295180722891565"
"91","65","1","true","20","5","25","45.45454545454545","74.2128935532234"
"94","65","1","true","20","5","42","65.19742883379247","102.60115606936415"
"71","55","1","true","20","5","91","61.43250688705234","117.989417989418"
"97","65","1","true","20","5","28","51.515151515151516","84.61538461538461"
"100","65","1","true","20","5","4","12.85583103764922","20.6794682422452"
"94","65","1","true","20","5","43","65.19742883379247","102.60115606936415"
"97","65","1","true","20","5","29","51.974288337924705","85.36953242835595"
"100","65","1","true","20","5","5","15.335169880624427","24.66765140324963"
"100","65","1","true","20","5","6","18.365472910927455","29.542097488921716"
"99","65","1","true","20","5","2","6.0606060606060606","10.2803738317757"
"101","70","1","true","20","5","0","2.571166207529844","3.9603960396039604"
"97","65","1","true","20","5","30","52.157943067033976","85.67119155354449"
"100","65","1","true","20","5","7","20.66115702479339","33.23485967503693"
"95","65","1","true","20","5","17","38.9348025711662","63.85542168674698"
"101","70","1","true","20","5","1","6.703397612488522","10.325318246110324"
"91","65","1","true","20","5","26","46.464646464646464","75.86206896551724"
"99","65","1","true","20","5","3","8.080808080808081","13.707165109034266"
"100","65","1","true","20","5","8","22.865013774104685","36.779911373707534"
"100","65","1","true","20","5","9","24.609733700642792","39.5864106351551"
"71","55","1","true","20","5","92","61.98347107438017","119.04761904761905"
"101","70","1","true","20","5","2","10.009182736455463","15.417256011315416"
"97","65","1","true","20","5","31","52.43342516069789","86.1236802413273"
"100","65","1","true","20","5","10","26.905417814508723","43.279172821270315"
"91","65","1","true","20","5","27","47.474747474747474","77.5112443778111"
"99","65","1","true","20","5","4","10.284664830119375","17.445482866043612"
"95","65","1","true","20","5","18","40.77134986225895","66.86746987951807"
"97","65","1","true","20","5","32","52.80073461891644","86.72699849170438"
"71","55","1","true","20","5","93","62.62626262626263","120.28218694885362"
"100","65","1","true","20","5","11","28.833792470156105","46.38109305760709"
"97","65","1","true","20","5","33","52.98438934802571","87.02865761689291"
"100","65","1","true","20","5","12","31.313131313131315","50.369276218611525"
"101","70","1","true","20","5","3","12.85583103764922","19.801980198019802"
"91","65","1","true","20","5","28","48.39302112029385","79.01049475262369"
"97","65","1","true","20","5","34","52.98438934802571","87.02865761689291"
"100","65","1","true","20","5","13","33.608815426997246","54.06203840472673"
"99","65","1","true","20","5","5","11.937557392102846","20.24922118380062"
"95","65","1","true","20","5","19","42.33241505968779","69.42771084337349"
"101","70","1","true","20","5","4","15.794306703397613","24.328147100424328"
"100","65","1","true","20","5","14","36.455463728191","58.64106351550961"
"71","55","1","true","20","5","94","63.08539944903582","121.16402116402116"
"101","70","1","true","20","5","5","19.00826446280992","29.27864214992928"
"99","65","1","true","20","5","6","14.23324150596878","24.143302180685357"
"100","65","1","true","20","5","15","39.48576675849403","63.515509601181684"
"95","65","1","true","20","5","20","43.70982552800734","71.6867469879518"
"100","65","1","true","20","5","16","42.79155188246097","68.83308714918759"
"91","65","1","true","20","5","29","49.219467401285584","80.35982008995502"
"102","70","1","true","20","5","0","2.1120293847566574","3.1420765027322406"
"100","65","1","true","20","5","17","46.464646464646464","74.74150664697193"
"101","70","1","true","20","5","6","22.03856749311295","33.946251768033946"
"71","55","1","true","20","5","95","63.63636363636363","122.22222222222223"
"99","65","1","true","20","5","7","16.804407713498623","28.504672897196258"
"102","70","1","true","20","5","1","4.683195592286501","6.967213114754098"
"100","65","1","true","20","5","18","50.229568411386595","80.79763663220089"
"101","70","1","true","20","5","7","24.609733700642792","37.9066478076379"
"95","65","1","true","20","5","21","44.90358126721763","73.64457831325302"
"102","70","1","true","20","5","2","7.529843893480257","11.202185792349727"
"101","70","1","true","20","5","8","27.27272727272727","42.00848656294201"
"99","65","1","true","20","5","8","19.4674012855831","33.021806853582554"
"100","65","1","true","20","5","19","53.25987144168962","85.67208271787297"
"91","65","1","true","20","5","30","50.13774104683195","81.85907046476761"
"101","70","1","true","20","5","9","30.670339761248854","47.24186704384724"
"71","55","1","true","20","5","96","64.18732782369146","123.28042328042328"
"102","70","1","true","20","5","3","10.1010101010101","15.027322404371585"
"95","65","1","true","20","5","22","46.372819100091824","76.05421686746988"
"100","65","1","true","20","5","20","56.014692378328746","90.10339734121122"
"101","70","1","true","20","5","10","33.700642791551886","51.90947666195191"
"99","65","1","true","20","5","9","21.85491276400367","37.07165109034268"
"102","70","1","true","20","5","4","13.039485766758494","19.398907103825135"
"100","65","1","true","20","5","21","57.94306703397613","93.205317577548"
"71","55","1","true","20","5","97","64.73829201101928","124.33862433862434"
"100","65","1","true","20","5","22","59.50413223140496","95.71639586410635"
"100","65","1","true","20","5","23","61.0651974288338","98.22747415066469"
"91","65","1","true","20","5","31","50.964187327823694","83.20839580209895"
"99","65","1","true","20","5","10","24.058769513314967","40.809968847352025"
"95","65","1","true","20","5","23","47.107438016528924","77.2590361445783"
"63","50","1","true","20","5","10","8.907254361799815","19.79591836734694"
"101","70","1","true","20","5","11","36.455463728191","56.15275813295615"
"100","65","1","true","20","5","24","62.16712580348944","100"
"95","65","1","true","20","5","24","47.93388429752066","78.6144578313253"
"102","70","1","true","20","5","5","15.794306703397613","23.497267759562842"
"91","65","1","true","20","5","32","52.34159779614325","85.45727136431785"
"101","70","1","true","20","5","12","39.30211202938476","60.53748231966054"
"71","55","1","true","20","5","98","65.38108356290174","125.5731922398589"
"99","65","1","true","20","5","11","26.62993572084481","45.17133956386293"
"100","65","1","true","20","5","25","62.90174471992653","101.18168389955686"
"102","70","1","true","20","5","6","18.54912764003673","27.595628415300546"
"95","65","1","true","20","5","25","49.03581267217631","80.42168674698796"
"100","65","1","true","20","5","26","63.17722681359045","101.6248153618907"
"102","70","1","true","20","5","7","21.57943067033976","32.10382513661202"
"99","65","1","true","20","5","12","29.10927456382002","49.37694704049844"
"101","70","1","true","20","5","13","42.240587695133144","65.06364922206507"
"95","65","1","true","20","5","26","49.770431588613405","81.62650602409639"
"100","65","1","true","20","5","27","63.26905417814509","101.7725258493353"
"71","55","1","true","20","5","99","65.7483930211203","126.27865961199294"
"91","65","1","true","20","5","33","53.535353535353536","87.40629685157421"
"102","70","1","true","20","5","8","25.160697887970617","37.43169398907104"
"99","65","1","true","20","5","13","31.588613406795226","53.58255451713395"
"101","70","1","true","20","5","14","45.73002754820937","70.43847241867044"
"95","65","1","true","20","5","27","50.505050505050505","82.83132530120481"
"100","65","1","true","20","5","28","63.36088154269972","101.92023633677991"
"102","70","1","true","20","5","9","28.833792470156105","42.89617486338798"
"91","65","1","true","20","5","34","54.729109274563825","89.35532233883059"
"71","55","1","true","20","5","100","66.0238751147842","126.80776014109347"
"100","65","1","true","20","5","29","63.36088154269972","101.92023633677991"
"95","65","1","true","20","5","28","51.05601469237833","83.73493975903614"
"102","70","1","true","20","5","10","32.78236914600551","48.77049180327869"
"99","65","1","true","20","5","14","33.608815426997246","57.009345794392516"
"101","70","1","true","20","5","15","48.852157943067034","75.24752475247524"
"95","65","1","true","20","5","29","51.69880624426079","84.78915662650603"
"102","70","1","true","20","5","11","36.73094582185491","54.644808743169406"
"71","55","1","true","20","5","101","66.29935720844811","127.33686067019401"
"91","65","1","true","20","5","35","55.46372819100092","90.55472263868066"
"99","65","1","true","20","5","15","35.62901744719926","60.43613707165109"
"103","70","1","true","20","5","0","2.0202020202020203","3.0513176144244105"
"101","70","1","true","20","5","16","52.249770431588615","80.48090523338048"
"71","55","1","true","20","5","102","66.7584940312213","128.21869488536154"
"95","65","1","true","20","5","30","52.066115702479344","85.39156626506023"
"102","70","1","true","20","5","12","40.31221303948577","59.97267759562842"
"101","70","1","true","20","5","17","55.55555555555556","85.57284299858557"
"103","70","1","true","20","5","1","4.775022956841139","7.212205270457697"
"95","65","1","true","20","5","31","52.43342516069789","85.99397590361446"
"101","70","1","true","20","5","18","58.40220385674931","89.95756718528996"
"99","65","1","true","20","5","16","37.1900826446281","63.084112149532714"
"103","70","1","true","20","5","2","7.7134986225895315","11.650485436893204"
"91","65","1","true","20","5","36","56.29017447199265","91.904047976012"
"102","70","1","true","20","5","13","44.0771349862259","65.57377049180327"
"71","55","1","true","20","5","103","67.40128558310377","129.45326278659613"
"101","70","1","true","20","5","19","60.97337006427915","93.91796322489392"
"95","65","1","true","20","5","32","52.892561983471076","86.74698795180723"
"102","70","1","true","20","5","14","47.842056932966024","71.17486338797814"
"103","70","1","true","20","5","3","10.284664830119375","15.53398058252427"
"99","65","1","true","20","5","17","38.56749311294766","65.42056074766354"
"91","65","1","true","20","5","37","57.116620752984396","93.25337331334332"
"101","70","1","true","20","5","20","62.8099173553719","96.74681753889675"
"102","70","1","true","20","5","15","51.2396694214876","76.22950819672131"
"103","70","1","true","20","5","4","12.48852157943067","18.8626907073509"
"101","70","1","true","20","5","21","64.00367309458218","98.58557284299859"
"71","55","1","true","20","5","104","68.04407713498622","130.68783068783068"
"91","65","1","true","20","5","38","57.66758494031221","94.15292353823088"
"95","65","1","true","20","5","33","53.25987144168962","87.34939759036145"
"102","70","1","true","20","5","16","54.45362718089991","81.01092896174863"
"103","70","1","true","20","5","5","15.5188246097337","23.43966712898752"
"99","65","1","true","20","5","18","40.12855831037649","68.06853582554517"
"101","70","1","true","20","5","22","65.10560146923783","100.28288543140029"
"71","55","1","true","20","5","105","68.87052341597796","132.27513227513228"
"102","70","1","true","20","5","17","57.3921028466483","85.38251366120218"
"91","65","1","true","20","5","39","58.31037649219467","95.2023988005997"
"101","70","1","true","20","5","23","65.7483930211203","101.27298444130129"
"95","65","1","true","20","5","34","53.4435261707989","87.65060240963855"
"103","70","1","true","20","5","6","18.824609733700644","28.43273231622746"
"102","70","1","true","20","5","18","60.51423324150596","90.02732240437157"
"95","65","1","true","20","5","35","53.535353535353536","87.80120481927712"
"103","70","1","true","20","5","7","21.763085399449036","32.87101248266297"
"99","65","1","true","20","5","19","42.33241505968779","71.80685358255452"
"103","70","1","true","20","5","8","24.701561065197428","37.309292649098474"
"99","65","1","true","20","5","20","44.53627180899908","75.54517133956386"
"102","70","1","true","20","5","19","63.17722681359045","93.98907103825137"
"103","70","1","true","20","5","9","27.823691460055095","42.0249653259362"
"71","55","1","true","20","5","106","69.32966023875115","133.15696649029982"
"101","70","1","true","20","5","24","66.11570247933885","101.83875530410185"
"95","65","1","true","20","5","36","53.81083562901745","88.25301204819277"
"91","65","1","true","20","5","40","58.76951331496786","95.95202398800599"
"103","70","1","true","20","5","10","31.313131313131315","47.295423023578365"
"95","65","1","true","20","5","37","54.178145087236","88.85542168674698"
"102","70","1","true","20","5","20","64.83011937557393","96.44808743169399"
"91","65","1","true","20","5","41","59.41230486685032","97.0014992503748"
"101","70","1","true","20","5","25","66.11570247933885","101.83875530410185"
"99","65","1","true","20","5","21","46.28099173553719","78.50467289719626"
"103","70","1","true","20","5","11","35.16988062442608","53.12066574202496"
"95","65","1","true","20","5","38","54.54545454545454","89.45783132530121"
"103","70","1","true","20","5","12","39.57759412304867","59.77808599167822"
"102","70","1","true","20","5","21","65.93204775022957","98.08743169398907"
"71","55","1","true","20","5","107","69.42148760330579","133.33333333333331"
"103","70","1","true","20","5","13","43.52617079889807","65.74202496532594"
"95","65","1","true","20","5","39","54.82093663911846","89.90963855421687"
"102","70","1","true","20","5","22","66.57483930211203","99.04371584699454"
"103","70","1","true","20","5","14","47.015610651974285","71.0124826629681"
"99","65","1","true","20","5","22","47.750229568411385","80.99688473520249"
"95","65","1","true","20","5","40","55.09641873278237","90.36144578313254"
"104","70","1","true","20","5","0","2.1120293847566574","3.1123139377537212"
"103","70","1","true","20","5","15","49.95408631772268","75.4507628294036"
"102","70","1","true","20","5","23","67.30945821854912","100.13661202185793"
"103","70","1","true","20","5","16","52.61707988980716","79.47295423023579"
"103","70","1","true","20","5","17","55.28007346189165","83.49514563106796"
"95","65","1","true","20","5","41","55.55555555555556","91.1144578313253"
"91","65","1","true","20","5","42","59.96326905417815","97.90104947526237"
"63","50","1","true","20","5","11","9.550045913682277","21.224489795918366"
"102","70","1","true","20","5","24","67.76859504132231","100.81967213114753"
"104","70","1","true","20","5","1","5.142332415059688","7.577807848443843"
"99","65","1","true","20","5","23","48.760330578512395","82.71028037383178"
"71","55","1","true","20","5","108","69.51331496786042","133.50970017636686"
"98","65","1","true","20","5","8","21.671258034894397","35.223880597014926"
"103","70","1","true","20","5","18","58.03489439853077","87.65603328710125"
"104","70","1","true","20","5","2","8.356290174471992","12.313937753721245"
"98","65","1","true","20","5","9","23.59963269054178","38.35820895522388"
"91","65","1","true","20","5","43","60.05509641873278","98.05097451274362"
"95","65","1","true","20","5","42","56.10651974288338","92.01807228915662"
"104","70","1","true","20","5","3","11.753902662993571","17.320703653585927"
"103","70","1","true","20","5","19","60.23875114784206","90.98474341192788"
"98","65","1","true","20","5","10","25.803489439853077","41.940298507462686"
"102","70","1","true","20","5","25","68.31955922865014","101.63934426229508"
"71","55","1","true","20","5","109","69.6969696969697","133.86243386243387"
"99","65","1","true","20","5","24","49.219467401285584","83.48909657320873"
"95","65","1","true","20","5","43","56.65748393021121","92.92168674698796"
"104","70","1","true","20","5","4","15.151515151515152","22.32746955345061"
"103","70","1","true","20","5","20","61.61616161616161","93.06518723994452"
"98","65","1","true","20","5","11","28.007346189164373","45.52238805970149"
"104","70","1","true","20","5","5","18.54912764003673","27.33423545331529"
"103","70","1","true","20","5","21","62.8099173553719","94.86823855755895"
"102","70","1","true","20","5","26","68.9623507805326","102.59562841530054"
"95","65","1","true","20","5","44","57.02479338842975","93.52409638554217"
"99","65","1","true","20","5","25","49.67860422405877","84.26791277258567"
"103","70","1","true","20","5","22","63.54453627180901","95.97780859916783"
"71","55","1","true","20","5","110","69.88062442607898","134.2151675485009"
"103","70","1","true","20","5","23","64.18732782369146","96.9486823855756"
"98","65","1","true","20","5","12","30.39485766758494","49.40298507462686"
"104","70","1","true","20","5","6","22.03856749311295","32.47631935047362"
"102","70","1","true","20","5","27","69.05417814508723","102.73224043715847"
"95","65","1","true","20","5","45","57.3921028466483","94.12650602409639"
"91","65","1","true","20","5","44","60.23875114784206","98.35082458770614"
"99","65","1","true","20","5","26","50.04591368227732","84.89096573208724"
"98","65","1","true","20","5","13","33.14967860422406","53.88059701492537"
"103","70","1","true","20","5","24","64.46280991735537","97.36477115117891"
"103","70","1","true","20","5","25","64.55463728191","97.50346740638003"
"103","70","1","true","20","5","26","64.73829201101928","97.78085991678225"
"104","70","1","true","20","5","7","25.252525252525253","37.21244925575101"
"95","65","1","true","20","5","46","57.66758494031221","94.57831325301204"
"102","70","1","true","20","5","28","69.05417814508723","102.73224043715847"
"91","65","1","true","20","5","45","60.42240587695134","98.65067466266866"
"104","70","1","true","20","5","8","28.833792470156105","42.48985115020298"
"103","70","1","true","20","5","27","64.92194674012856","98.05825242718447"
"71","55","1","true","20","5","111","69.9724517906336","134.3915343915344"
"98","65","1","true","20","5","14","35.81267217630854","58.2089552238806"
"99","65","1","true","20","5","27","50.59687786960514","85.82554517133957"
"95","65","1","true","20","5","47","57.85123966942148","94.87951807228916"
"104","70","1","true","20","5","9","32.87419651056015","48.44384303112314"
"103","70","1","true","20","5","28","65.10560146923783","98.3356449375867"
"95","65","1","true","20","5","48","58.1267217630854","95.33132530120481"
"103","70","1","true","20","5","29","65.38108356290174","98.75173370319001"
"105","70","1","true","20","5","0","2.203856749311295","3.310344827586207"
"103","70","1","true","20","5","30","65.47291092745638","98.89042995839112"
"98","65","1","true","20","5","15","38.01652892561984","61.791044776119406"
"99","65","1","true","20","5","28","51.147842056932966","86.7601246105919"
"95","65","1","true","20","5","49","58.49403122130394","95.93373493975903"
"104","70","1","true","20","5","10","37.09825528007346","54.66847090663058"
"105","70","1","true","20","5","1","5.693296602387512","8.551724137931034"
"103","70","1","true","20","5","31","65.56473829201101","99.02912621359224"
"71","55","1","true","20","5","112","69.9724517906336","134.3915343915344"
"91","65","1","true","20","5","46","60.69788797061524","99.10044977511244"
"99","65","1","true","20","5","29","51.2396694214876","86.91588785046729"
"105","70","1","true","20","5","2","9.45821854912764","14.206896551724139"
"103","70","1","true","20","5","32","65.65656565656566","99.16782246879335"
"98","65","1","true","20","5","16","40.4040404040404","65.67164179104478"
"104","70","1","true","20","5","11","41.23048668503214","60.757780784844385"
"99","65","1","true","20","5","30","51.42332415059688","87.22741433021807"
"95","65","1","true","20","5","50","58.67768595041323","96.23493975903614"
"103","70","1","true","20","5","33","65.7483930211203","99.30651872399446"
"105","70","1","true","20","5","3","12.672176308539946","19.034482758620687"
"98","65","1","true","20","5","17","43.15886134067952","70.1492537313433"
"104","70","1","true","20","5","12","45.17906336088154","66.5764546684709"
"71","55","1","true","20","5","113","70.15610651974288","134.7442680776014"
"103","70","1","true","20","5","34","65.84022038567493","99.44521497919555"
"105","70","1","true","20","5","4","15.977961432506888","24"
"103","70","1","true","20","5","35","65.84022038567493","99.44521497919555"
"99","65","1","true","20","5","31","51.606978879706155","87.53894080996885"
"95","65","1","true","20","5","51","58.76951331496786","96.3855421686747"
"91","65","1","true","20","5","47","60.78971533516988","99.2503748125937"
"104","70","1","true","20","5","13","48.484848484848484","71.44790257104194"
"95","65","1","true","20","5","52","58.95316804407713","96.6867469879518"
"71","55","1","true","20","5","114","70.24793388429752","134.92063492063494"
"99","65","1","true","20","5","32","51.88246097337006","88.00623052959502"
"105","70","1","true","20","5","5","19.4674012855831","29.24137931034483"
"98","65","1","true","20","5","18","46.097337006427914","74.92537313432835"
"104","70","1","true","20","5","14","51.606978879706155","76.04871447902572"
"105","70","1","true","20","5","6","22.865013774104685","34.3448275862069"
"95","65","1","true","20","5","53","59.13682277318642","96.98795180722891"
"98","65","1","true","20","5","19","48.94398530762167","79.55223880597015"
"104","70","1","true","20","5","15","55.09641873278237","81.19079837618403"
"105","70","1","true","20","5","7","26.262626262626267","39.44827586206897"
"106","70","1","true","20","5","0","2.295684113865932","3.5260930888575457"
"71","55","1","true","20","5","115","70.52341597796143","135.44973544973544"
"106","70","1","true","20","5","1","5.5096418732782375","8.46262341325811"
"104","70","1","true","20","5","16","58.40220385674931","86.06224627875507"
"91","65","1","true","20","5","48","60.78971533516988","99.2503748125937"
"95","65","1","true","20","5","54","59.32047750229569","97.28915662650603"
"99","65","1","true","20","5","33","52.157943067033976","88.47352024922118"
"105","70","1","true","20","5","8","29.201101928374655","43.862068965517246"
"106","70","1","true","20","5","2","8.44811753902663","12.976022566995768"
"98","65","1","true","20","5","20","51.42332415059688","83.5820895522388"
"95","65","1","true","20","5","55","59.68778696051423","97.89156626506023"
"99","65","1","true","20","5","34","52.43342516069789","88.94080996884736"
"105","70","1","true","20","5","9","32.047750229568415","48.137931034482754"
"104","70","1","true","20","5","17","61.70798898071625","90.93369418132612"
"106","70","1","true","20","5","3","10.835629017447198","16.643159379407617"
"106","70","1","true","20","5","4","12.85583103764922","19.746121297602258"
"98","65","1","true","20","5","21","53.07621671258035","86.26865671641791"
"71","55","1","true","20","5","116","70.70707070707071","135.80246913580248"
"104","70","1","true","20","5","18","64.46280991735537","94.99323410013531"
"105","70","1","true","20","5","10","34.43526170798898","51.724137931034484"
"95","65","1","true","20","5","56","59.87144168962351","98.19277108433735"
"106","70","1","true","20","5","5","15.61065197428834","23.97743300423131"
"98","65","1","true","20","5","22","54.637281910009186","88.80597014925374"
"95","65","1","true","20","5","57","60.23875114784206","98.79518072289156"
"105","70","1","true","20","5","11","36.91460055096419","55.44827586206896"
"71","55","1","true","20","5","117","71.07438016528926","136.5079365079365"
"106","70","1","true","20","5","6","18.27364554637282","28.067700987306065"
"104","70","1","true","20","5","19","66.39118457300276","97.83491204330176"
"98","65","1","true","20","5","23","56.014692378328746","91.04477611940298"
"99","65","1","true","20","5","35","52.80073461891644","89.56386292834891"
"106","70","1","true","20","5","7","21.028466483011936","32.29901269393512"
"105","70","1","true","20","5","12","39.94490358126722","60"
"106","70","1","true","20","5","8","23.783287419651057","36.530324400564176"
"107","70","1","true","20","5","0","2.1120293847566574","3.3285094066570187"
"104","70","1","true","20","5","20","67.76859504132231","99.86468200270636"
"95","65","1","true","20","5","58","60.51423324150596","99.24698795180723"
"105","70","1","true","20","5","13","43.52617079889807","65.37931034482759"
"106","70","1","true","20","5","9","27.089072543618","41.607898448519045"
"106","70","1","true","20","5","10","30.303030303030305","46.5444287729196"
"104","70","1","true","20","5","21","68.41138659320477","100.81190798376186"
"71","55","1","true","20","5","118","71.07438016528926","136.5079365079365"
"106","70","1","true","20","5","11","33.51698806244261","51.48095909732017"
"105","70","1","true","20","5","14","47.19926538108356","70.89655172413794"
"98","65","1","true","20","5","24","57.48393021120294","93.43283582089552"
"106","70","1","true","20","5","12","36.91460055096419","56.69957686882934"
"95","65","1","true","20","5","59","60.60606060606061","99.3975903614458"
"107","70","1","true","20","5","1","4.775022956841139","7.525325615050652"
"106","70","1","true","20","5","13","39.94490358126722","61.3540197461213"
"106","70","1","true","20","5","14","42.69972451790633","65.58533145275035"
"99","65","1","true","20","5","36","53.351698806244265","90.49844236760126"
"105","70","1","true","20","5","15","50.413223140495866","75.72413793103449"
"95","65","1","true","20","5","60","60.78971533516988","99.69879518072288"
"71","55","1","true","20","5","119","71.16620752984389","136.68430335097003"
"104","70","1","true","20","5","22","68.68686868686868","101.21786197564275"
"98","65","1","true","20","5","25","59.13682277318642","96.11940298507463"
"106","70","1","true","20","5","15","46.18916437098255","70.94499294781383"
"105","70","1","true","20","5","16","53.535353535353536","80.41379310344827"
"99","65","1","true","20","5","37","53.71900826446281","91.1214953271028"
"106","70","1","true","20","5","16","49.586776859504134","76.16361071932299"
"95","65","1","true","20","5","61","60.88154269972452","99.84939759036145"
"104","70","1","true","20","5","23","68.77869605142332","101.3531799729364"
"106","70","1","true","20","5","17","52.52525252525253","80.67700987306064"
"107","70","1","true","20","5","2","7.254361799816346","11.432706222865413"
"105","70","1","true","20","5","17","56.10651974288338","84.27586206896551"
"106","70","1","true","20","5","18","55.00459136822773","84.4851904090268"
"99","65","1","true","20","5","38","54.269972451790636","92.05607476635514"
"95","65","1","true","20","5","62","61.0651974288338","100.15060240963855"
"98","65","1","true","20","5","26","60.14692378328742","97.76119402985076"
"106","70","1","true","20","5","19","57.20844811753902","87.87023977433005"
"105","70","1","true","20","5","18","58.49403122130394","87.86206896551724"
"104","70","1","true","20","5","24","68.9623507805326","101.62381596752368"
"71","55","1","true","20","5","120","71.53351698806244","137.38977072310405"
"99","65","1","true","20","5","39","54.637281910009186","92.6791277258567"
"106","70","1","true","20","5","20","58.8613406795225","90.40902679830748"
"98","65","1","true","20","5","27","60.69788797061524","98.65671641791045"
"104","70","1","true","20","5","25","69.14600550964187","101.89445196211095"
"95","65","1","true","20","5","63","61.15702479338842","100.30120481927712"
"106","70","1","true","20","5","21","60.14692378328742","92.3836389280677"
"105","70","1","true","20","5","19","60.88154269972452","91.44827586206897"
"99","65","1","true","20","5","40","54.9127640036731","93.14641744548287"
"104","70","1","true","20","5","26","69.32966023875115","102.16508795669823"
"95","65","1","true","20","5","64","61.24885215794307","100.45180722891567"
"105","70","1","true","20","5","20","63.17722681359045","94.89655172413794"
"106","70","1","true","20","5","22","61.24885215794307","94.07616361071932"
"104","70","1","true","20","5","27","69.42148760330579","102.30040595399188"
"71","55","1","true","20","5","121","71.900826446281","138.0952380952381"
"107","70","1","true","20","5","3","9.73370064279155","15.340086830680175"
"98","65","1","true","20","5","28","60.97337006427915","99.1044776119403"
"95","65","1","true","20","5","65","61.43250688705234","100.75301204819279"
"105","70","1","true","20","5","21","65.0137741046832","97.6551724137931"
"106","70","1","true","20","5","23","61.98347107438017","95.20451339915374"
"106","70","1","true","20","5","24","63.08539944903582","96.89703808180536"
"107","70","1","true","20","5","4","12.121212121212121","19.1027496382055"
"95","65","1","true","20","5","66","61.70798898071625","101.20481927710843"
"98","65","1","true","20","5","29","61.24885215794307","99.55223880597015"
"99","65","1","true","20","5","41","55.09641873278237","93.45794392523365"
"106","70","1","true","20","5","25","64.00367309458218","98.30747531734838"
"106","70","1","true","20","5","26","64.64646464646465","99.29478138222849"
"104","70","1","true","20","5","28","69.51331496786042","102.43572395128552"
"105","70","1","true","20","5","22","66.29935720844811","99.58620689655172"
"95","65","1","true","20","5","67","61.89164370982553","101.50602409638554"
"106","70","1","true","20","5","27","65.10560146923783","100"
"71","55","1","true","20","5","122","71.99265381083563","138.2716049382716"
"99","65","1","true","20","5","42","55.46372819100092","94.0809968847352"
"106","70","1","true","20","5","28","65.47291092745638","100.5641748942172"
"105","70","1","true","20","5","23","67.12580348943985","100.82758620689656"
"95","65","1","true","20","5","68","62.25895316804407","102.10843373493977"
"98","65","1","true","20","5","30","61.43250688705234","99.85074626865672"
"106","70","1","true","20","5","29","66.0238751147842","101.41043723554301"
"107","70","1","true","20","5","5","14.967860422405877","23.589001447178003"
"106","70","1","true","20","5","30","66.4830119375574","102.11565585331452"
"98","65","1","true","20","5","31","61.52433425160698","100"
"104","70","1","true","20","5","29","69.51331496786042","102.43572395128552"
"71","55","1","true","20","5","123","72.26813590449954","138.80070546737213"
"95","65","1","true","20","5","69","62.44260789715336","102.40963855421687"
"99","65","1","true","20","5","43","55.831037649219475","94.70404984423676"
"106","70","1","true","20","5","31","66.57483930211203","102.25669957686883"
"105","70","1","true","20","5","24","67.40128558310377","101.24137931034483"
"106","70","1","true","20","5","32","66.57483930211203","102.25669957686883"
"107","70","1","true","20","5","6","17.53902662993572","27.641099855282196"
"63","50","1","true","20","5","12","10.009182736455463","22.244897959183675"
"71","55","1","true","20","5","124","72.54361799816346","139.32980599647266"
"98","65","1","true","20","5","32","61.52433425160698","100"
"105","70","1","true","20","5","25","67.4931129476584","101.37931034482759"
"95","65","1","true","20","5","70","62.44260789715336","102.40963855421687"
"99","65","1","true","20","5","44","56.19834710743802","95.32710280373831"
"107","70","1","true","20","5","7","20.110192837465565","31.693198263386396"
"105","70","1","true","20","5","26","67.58494031221304","101.51724137931035"
"95","65","1","true","20","5","71","62.53443526170799","102.56024096385543"
"108","70","1","true","20","5","0","2.0202020202020203","3.1428571428571432"
"71","55","1","true","20","5","125","72.54361799816346","139.32980599647266"
"109","70","1","true","20","5","0","2.571166207529844","4.117647058823529"
"105","70","1","true","20","5","27","67.67676767676768","101.6551724137931"
"108","70","1","true","20","5","1","5.05050505050505","7.857142857142857"
"95","65","1","true","20","5","72","62.53443526170799","102.56024096385543"
"107","70","1","true","20","5","8","23.140495867768596","36.46888567293777"
"110","70","1","true","20","5","0","2.203856749311295","3.4383954154727796"
"99","65","1","true","20","5","45","56.473829201101935","95.7943925233645"
"71","55","1","true","20","5","126","72.72727272727273","139.68253968253967"
"108","70","1","true","20","5","2","7.43801652892562","11.571428571428571"
"105","70","1","true","20","5","28","67.86042240587695","101.93103448275862"
"109","70","1","true","20","5","1","5.693296602387512","9.117647058823529"
"109","70","1","true","20","5","2","8.356290174471992","13.382352941176471"
"110","70","1","true","20","5","1","5.142332415059688","8.022922636103152"
"109","70","1","true","20","5","3","11.294765840220386","18.088235294117645"
"108","70","1","true","20","5","3","9.73370064279155","15.142857142857144"
"109","70","1","true","20","5","4","14.23324150596878","22.794117647058822"
"95","65","1","true","20","5","73","62.53443526170799","102.56024096385543"
"71","55","1","true","20","5","127","72.72727272727273","139.68253968253967"
"105","70","1","true","20","5","29","68.13590449954087","102.34482758620689"
"109","70","1","true","20","5","5","16.62075298438935","26.61764705882353"
"108","70","1","true","20","5","4","12.213039485766759","19"
"107","70","1","true","20","5","9","26.170798898071624","41.24457308248915"
"99","65","1","true","20","5","46","56.84113865932048","96.41744548286604"
"105","70","1","true","20","5","30","68.2277318640955","102.48275862068965"
"71","55","1","true","20","5","128","72.910927456382","140.0352733686067"
"110","70","1","true","20","5","2","7.897153351698806","12.320916905444127"
"109","70","1","true","20","5","6","19.28374655647383","30.88235294117647"
"110","70","1","true","20","5","3","10.560146923783286","16.475644699140403"
"108","70","1","true","20","5","5","14.508723599632692","22.57142857142857"
"111","75","1","true","20","5","0","2.0202020202020203","2.849740932642487"
"99","65","1","true","20","5","47","57.116620752984396","96.88473520249221"
"108","70","1","true","20","5","6","17.26354453627181","26.857142857142858"
"109","70","1","true","20","5","7","21.763085399449036","34.85294117647059"
"105","70","1","true","20","5","31","68.2277318640955","102.48275862068965"
"109","70","1","true","20","5","8","24.150596877869603","38.6764705882353"
"108","70","1","true","20","5","7","20.293847566574836","31.571428571428573"
"71","55","1","true","20","5","129","73.00275482093664","140.2116402116402"
"107","70","1","true","20","5","10","29.201101928374655","46.02026049204052"
"111","75","1","true","20","5","1","4.866850321395775","6.865284974093264"
"110","70","1","true","20","5","4","13.406795224977044","20.916905444126073"
"99","65","1","true","20","5","48","57.3921028466483","97.35202492211839"
"109","70","1","true","20","5","9","26.170798898071624","41.911764705882355"
"109","70","1","true","20","5","10","28.37465564738292","45.44117647058823"
"108","70","1","true","20","5","8","23.59963269054178","36.714285714285715"
"111","75","1","true","20","5","2","8.172635445362717","11.528497409326425"
"107","70","1","true","20","5","11","32.231404958677686","50.7959479015919"
"110","70","1","true","20","5","5","15.794306703397613","24.641833810888254"
"109","70","1","true","20","5","11","30.76216712580349","49.26470588235294"
"99","65","1","true","20","5","49","57.57575757575758","97.66355140186917"
"112","75","1","true","20","5","0","2.571166207529844","3.684210526315789"
"71","55","1","true","20","5","130","73.00275482093664","140.2116402116402"
"111","75","1","true","20","5","3","11.570247933884298","16.321243523316063"
"109","70","1","true","20","5","12","33.2415059687787","53.23529411764706"
"110","70","1","true","20","5","6","18.365472910927455","28.653295128939828"
"112","75","1","true","20","5","1","6.244260789715335","8.947368421052632"
"99","65","1","true","20","5","50","57.94306703397613","98.28660436137072"
"108","70","1","true","20","5","9","26.813590449954088","41.714285714285715"
"71","55","1","true","20","5","131","73.00275482093664","140.2116402116402"
"111","75","1","true","20","5","4","15.059687786960515","21.243523316062177"
"109","70","1","true","20","5","13","35.35353535353536","56.61764705882353"
"107","70","1","true","20","5","12","35.35353535353536","55.7163531114327"
"111","75","1","true","20","5","5","18.640955004591365","26.295336787564764"
"110","70","1","true","20","5","7","21.120293847566572","32.95128939828081"
"112","75","1","true","20","5","2","9.641873278236915","13.815789473684212"
"109","70","1","true","20","5","14","37.83287419651056","60.588235294117645"
"109","70","1","true","20","5","15","39.94490358126722","63.970588235294116"
"111","75","1","true","20","5","6","22.58953168044077","31.865284974093267"
"99","65","1","true","20","5","51","58.31037649219467","98.90965732087228"
"112","75","1","true","20","5","3","12.672176308539946","18.157894736842106"
"109","70","1","true","20","5","16","42.240587695133144","67.64705882352942"
"71","55","1","true","20","5","132","73.09458218549128","140.38800705467372"
"108","70","1","true","20","5","10","29.56841138659321","46"
"111","75","1","true","20","5","7","25.895316804407713","36.52849740932643"
"110","70","1","true","20","5","8","23.69146005509642","36.96275071633238"
"112","75","1","true","20","5","4","15.794306703397613","22.63157894736842"
"109","70","1","true","20","5","17","44.71992653810835","71.61764705882354"
"107","70","1","true","20","5","13","38.01652892561984","59.913169319826345"
"109","70","1","true","20","5","18","47.474747474747474","76.02941176470588"
"99","65","1","true","20","5","52","58.49403122130394","99.22118380062305"
"111","75","1","true","20","5","8","29.660238751147844","41.839378238341965"
"108","70","1","true","20","5","11","32.78236914600551","51"
"112","75","1","true","20","5","5","19.4674012855831","27.89473684210526"
"109","70","1","true","20","5","19","50.229568411386595","80.44117647058823"
"110","70","1","true","20","5","9","25.803489439853077","40.257879656160455"
"71","55","1","true","20","5","133","73.18640955004592","140.56437389770724"
"111","75","1","true","20","5","9","33.42516069788797","47.15025906735752"
"110","70","1","true","20","5","10","28.191000918273645","43.98280802292264"
"112","75","1","true","20","5","6","22.865013774104685","32.76315789473684"
"99","65","1","true","20","5","53","58.58585858585859","99.37694704049844"
"109","70","1","true","20","5","20","53.07621671258035","85"
"109","70","1","true","20","5","21","56.29017447199265","90.14705882352942"
"110","70","1","true","20","5","11","31.0376492194674","48.42406876790831"
"107","70","1","true","20","5","14","41.23048668503214","64.97829232995659"
"108","70","1","true","20","5","12","36.08815426997245","56.14285714285714"
"112","75","1","true","20","5","7","26.170798898071624","37.5"
"71","55","1","true","20","5","134","73.27823691460054","140.74074074074073"
"111","75","1","true","20","5","10","37.46556473829201","52.84974093264248"
"112","75","1","true","20","5","8","30.11937557392103","43.15789473684211"
"110","70","1","true","20","5","12","33.88429752066116","52.865329512893986"
"109","70","1","true","20","5","22","59.04499540863177","94.55882352941177"
"112","75","1","true","20","5","9","34.067952249770435","48.81578947368421"
"112","75","1","true","20","5","10","38.01652892561984","54.473684210526315"
"111","75","1","true","20","5","11","41.41414141414141","58.41968911917098"
"99","65","1","true","20","5","54","58.58585858585859","99.37694704049844"
"112","75","1","true","20","5","11","41.50596877869605","59.473684210526315"
"107","70","1","true","20","5","15","43.98530762167126","69.31982633863966"
"108","70","1","true","20","5","13","38.9348025711662","60.57142857142858"
"71","55","1","true","20","5","135","73.27823691460054","140.74074074074073"
"109","70","1","true","20","5","23","61.43250688705234","98.38235294117646"
"110","70","1","true","20","5","13","36.54729109274564","57.02005730659025"
"112","75","1","true","20","5","12","45.54637281910009","65.26315789473685"
"108","70","1","true","20","5","14","42.14876033057851","65.57142857142857"
"109","70","1","true","20","5","24","62.99357208448117","100.88235294117646"
"107","70","1","true","20","5","16","46.83195592286501","73.80607814761215"
"109","70","1","true","20","5","25","64.00367309458218","102.49999999999999"
"110","70","1","true","20","5","14","39.21028466483012","61.174785100286535"
"111","75","1","true","20","5","12","45.27089072543618","63.86010362694301"
"71","55","1","true","20","5","136","73.27823691460054","140.74074074074073"
"109","70","1","true","20","5","26","64.46280991735537","103.23529411764707"
"109","70","1","true","20","5","27","64.55463728191","103.38235294117648"
"112","75","1","true","20","5","13","49.862258953168045","71.44736842105263"
"110","70","1","true","20","5","15","41.78145087235997","65.18624641833811"
"111","75","1","true","20","5","13","49.127640036730945","69.30051813471503"
"109","70","1","true","20","5","28","64.64646464646465","103.5294117647059"
"112","75","1","true","20","5","14","53.81083562901745","77.10526315789473"
"109","70","1","true","20","5","29","64.73829201101928","103.6764705882353"
"108","70","1","true","20","5","15","44.81175390266299","69.71428571428572"
"107","70","1","true","20","5","17","49.403122130394856","77.85817655571635"
"109","70","1","true","20","5","30","64.73829201101928","103.6764705882353"
"110","70","1","true","20","5","16","44.62809917355372","69.62750716332378"
"112","75","1","true","20","5","15","57.57575757575758","82.5"
"71","55","1","true","20","5","137","73.55371900826447","141.26984126984127"
"108","70","1","true","20","5","16","47.474747474747474","73.85714285714286"
"111","75","1","true","20","5","14","53.168044077134994","75"
"112","75","1","true","20","5","16","61.0651974288338","87.5"
"108","70","1","true","20","5","17","49.67860422405877","77.28571428571429"
"114","75","1","true","20","5","0","2.0202020202020203","2.857142857142857"
"114","75","1","true","20","5","1","5.05050505050505","7.142857142857142"
"110","70","1","true","20","5","17","47.56657483930211","74.21203438395415"
"108","70","1","true","20","5","18","51.606978879706155","80.28571428571428"
"112","75","1","true","20","5","17","64.37098255280074","92.23684210526316"
"71","55","1","true","20","5","138","73.82920110192838","141.7989417989418"
"107","70","1","true","20","5","18","51.790633608815426","81.62083936324169"
"111","75","1","true","20","5","15","56.56565656565656","79.79274611398964"
"114","75","1","true","20","5","2","8.264462809917356","11.688311688311687"
"110","70","1","true","20","5","18","50.688705234159784","79.08309455587393"
"108","70","1","true","20","5","19","53.07621671258035","82.57142857142857"
"114","75","1","true","20","5","3","11.753902662993571","16.623376623376622"
"114","75","1","true","20","5","4","14.784205693296604","20.909090909090907"
"112","75","1","true","20","5","18","66.94214876033058","95.92105263157895"
"110","70","1","true","20","5","19","53.994490358126725","84.2406876790831"
"114","75","1","true","20","5","5","18.181818181818183","25.71428571428571"
"71","55","1","true","20","5","139","74.10468319559229","142.32804232804233"
"111","75","1","true","20","5","16","60.33057851239669","85.10362694300518"
"112","75","1","true","20","5","19","68.87052341597796","98.68421052631578"
"114","75","1","true","20","5","6","21.57943067033976","30.519480519480517"
"110","70","1","true","20","5","20","56.473829201101935","88.10888252148997"
"114","75","1","true","20","5","7","25.160697887970617","35.58441558441559"
"114","75","1","true","20","5","8","29.10927456382002","41.16883116883117"
"113","75","1","true","20","5","0","2.6629935720844813","3.8666666666666667"
"107","70","1","true","20","5","19","53.994490358126725","85.09406657018813"
"112","75","1","true","20","5","20","69.9724517906336","100.26315789473684"
"110","70","1","true","20","5","21","58.95316804407713","91.97707736389685"
"108","70","1","true","20","5","20","54.637281910009186","85"
"111","75","1","true","20","5","17","62.99357208448117","88.86010362694302"
"71","55","1","true","20","5","140","74.19651056014692","142.50440917107582"
"112","75","1","true","20","5","21","70.61524334251607","101.18421052631578"
"110","70","1","true","20","5","22","60.33057851239669","94.12607449856733"
"114","75","1","true","20","5","9","32.78236914600551","46.36363636363636"
"111","75","1","true","20","5","18","66.29935720844811","93.52331606217616"
"112","75","1","true","20","5","22","70.98255280073462","101.71052631578948"
"113","75","1","true","20","5","1","7.162534435261708","10.4"
"114","75","1","true","20","5","10","36.27180899908173","51.298701298701296"
"108","70","1","true","20","5","21","55.831037649219475","86.85714285714286"
"107","70","1","true","20","5","20","56.10651974288338","88.42257597684515"
"114","75","1","true","20","5","11","40.12855831037649","56.753246753246756"
"110","70","1","true","20","5","23","61.43250688705234","95.84527220630372"
"71","55","1","true","20","5","141","74.28833792470157","142.68077601410937"
"108","70","1","true","20","5","22","57.20844811753902","89"
"112","75","1","true","20","5","23","71.25803489439852","102.10526315789474"
"114","75","1","true","20","5","12","43.25068870523416","61.168831168831176"
"108","70","1","true","20","5","23","58.40220385674931","90.85714285714286"
"111","75","1","true","20","5","19","68.77869605142332","97.02072538860104"
"113","75","1","true","20","5","2","10.835629017447198","15.733333333333333"
"114","75","1","true","20","5","13","46.74012855831038","66.1038961038961"
"71","55","1","true","20","5","142","74.47199265381084","143.03350970017635"
"114","75","1","true","20","5","14","49.67860422405877","70.25974025974025"
"112","75","1","true","20","5","24","71.53351698806244","102.49999999999999"
"110","70","1","true","20","5","24","62.53443526170799","97.56446991404012"
"114","75","1","true","20","5","15","53.168044077134994","75.1948051948052"
"107","70","1","true","20","5","21","57.759412304866856","91.02749638205499"
"108","70","1","true","20","5","24","59.59595959595959","92.71428571428572"
"114","75","1","true","20","5","16","56.84113865932048","80.38961038961038"
"113","75","1","true","20","5","3","14.23324150596878","20.666666666666668"
"71","55","1","true","20","5","143","74.56382001836546","143.20987654320987"
"63","50","1","true","20","5","13","10.651974288337925","23.6734693877551"
"114","75","1","true","20","5","17","60.60606060606061","85.71428571428571"
"112","75","1","true","20","5","25","71.71717171717171","102.76315789473685"
"111","75","1","true","20","5","20","70.33976124885216","99.22279792746113"
"110","70","1","true","20","5","25","63.36088154269972","98.8538681948424"
"107","70","1","true","20","5","22","59.32047750229569","93.4876989869754"
"114","75","1","true","20","5","18","64.09550045913683","90.64935064935065"
"71","55","1","true","20","5","144","74.74747474747475","143.5626102292769"
"108","70","1","true","20","5","25","60.69788797061524","94.42857142857143"
"113","75","1","true","20","5","4","17.81450872359963","25.866666666666667"
"114","75","1","true","20","5","19","67.12580348943985","94.93506493506494"
"112","75","1","true","20","5","26","71.80899908172636","102.89473684210526"
"110","70","1","true","20","5","26","64.09550045913683","100"
"114","75","1","true","20","5","20","68.77869605142332","97.27272727272728"
"111","75","1","true","20","5","21","71.44168962350781","100.77720207253887"
"108","70","1","true","20","5","26","61.52433425160698","95.71428571428572"
"114","75","1","true","20","5","21","69.88062442607898","98.83116883116884"
"112","75","1","true","20","5","27","71.99265381083563","103.15789473684211"
"71","55","1","true","20","5","145","74.93112947658402","143.9153439153439"
"110","70","1","true","20","5","27","64.64646464646465","100.85959885386819"
"114","75","1","true","20","5","22","70.89072543617998","100.25974025974025"
"113","75","1","true","20","5","5","21.028466483011936","30.533333333333335"
"111","75","1","true","20","5","22","72.08448117539027","101.6839378238342"
"107","70","1","true","20","5","23","60.69788797061524","95.65846599131693"
"112","75","1","true","20","5","28","71.99265381083563","103.15789473684211"
"114","75","1","true","20","5","23","71.53351698806244","101.16883116883118"
"71","55","1","true","20","5","146","75.02295684113865","144.09171075837745"
"110","70","1","true","20","5","28","64.92194674012856","101.2893982808023"
"108","70","1","true","20","5","27","62.0752984389348","96.57142857142857"
"114","75","1","true","20","5","24","71.80899908172636","101.55844155844156"
"113","75","1","true","20","5","6","24.150596877869603","35.06666666666667"
"111","75","1","true","20","5","23","72.45179063360881","102.20207253886011"
"108","70","1","true","20","5","28","62.62626262626263","97.42857142857143"
"115","75","1","true","20","5","0","2.0202020202020203","2.9023746701846966"
"107","70","1","true","20","5","24","61.61616161616161","97.10564399421129"
"114","75","1","true","20","5","25","71.900826446281","101.6883116883117"
"114","75","1","true","20","5","26","72.08448117539027","101.94805194805194"
"115","75","1","true","20","5","1","4.958677685950414","7.12401055408971"
"108","70","1","true","20","5","29","63.26905417814509","98.42857142857143"
"71","55","1","true","20","5","147","75.20661157024794","144.44444444444443"
"114","75","1","true","20","5","27","72.08448117539027","101.94805194805194"
"110","70","1","true","20","5","29","65.38108356290174","102.00573065902579"
"113","75","1","true","20","5","7","27.089072543618","39.33333333333333"
"108","70","1","true","20","5","30","63.54453627180901","98.85714285714286"
"111","75","1","true","20","5","24","72.45179063360881","102.20207253886011"
"107","70","1","true","20","5","25","62.0752984389348","97.82923299565847"
"115","75","1","true","20","5","2","7.621671258034894","10.949868073878628"
"110","70","1","true","20","5","30","65.65656565656566","102.4355300859599"
"71","55","1","true","20","5","148","75.39026629935721","144.79717813051147"
"115","75","1","true","20","5","3","10.560146923783286","15.171503957783642"
"108","70","1","true","20","5","31","63.72819100091828","99.14285714285714"
"116","75","1","true","20","5","0","2.3875114784205693","3.416557161629435"
"116","75","1","true","20","5","1","5.968778696051423","8.541392904073588"
"110","70","1","true","20","5","31","65.7483930211203","102.57879656160458"
"115","75","1","true","20","5","4","13.498622589531681","19.393139841688654"
"108","70","1","true","20","5","32","63.91184573002755","99.42857142857143"
"116","75","1","true","20","5","2","9.45821854912764","13.534822601839686"
"117","75","1","true","20","5","0","2.1120293847566574","3.038309114927345"
"115","75","1","true","20","5","5","16.528925619834713","23.7467018469657"
"116","75","1","true","20","5","3","12.48852157943067","17.871222076215506"
"107","70","1","true","20","5","26","62.53443526170799","98.55282199710564"
"71","55","1","true","20","5","149","75.48209366391184","144.973544973545"
"110","70","1","true","20","5","32","65.7483930211203","102.57879656160458"
"108","70","1","true","20","5","33","64.18732782369146","99.85714285714286"
"115","75","1","true","20","5","6","19.834710743801654","28.49604221635884"
"117","75","1","true","20","5","1","5.05050505050505","7.26552179656539"
"116","75","1","true","20","5","4","15.059687786960515","21.55059132720105"
"113","75","1","true","20","5","8","30.02754820936639","43.6"
"116","75","1","true","20","5","5","18.365472910927455","26.28120893561104"
"115","75","1","true","20","5","7","23.415977961432507","33.64116094986807"
"108","70","1","true","20","5","34","64.2791551882461","100"
"71","55","1","true","20","5","150","75.66574839302112","145.32627865961197"
"107","70","1","true","20","5","27","62.99357208448117","99.27641099855282"
"116","75","1","true","20","5","6","22.497704315886132","32.19448094612352"
"117","75","1","true","20","5","2","8.44811753902663","12.15323645970938"
"115","75","1","true","20","5","8","26.538108356290174","38.12664907651715"
"118","75","1","true","20","5","0","2.203856749311295","3.260869565217391"
"116","75","1","true","20","5","7","25.528007346189163","36.530880420499344"
"113","75","1","true","20","5","9","32.69054178145087","47.46666666666667"
"116","75","1","true","20","5","8","28.46648301193756","40.73587385019711"
"117","75","1","true","20","5","3","11.84573002754821","17.040951122853368"
"116","75","1","true","20","5","9","31.0376492194674","44.415243101182654"
"71","55","1","true","20","5","151","75.75757575757575","145.50264550264552"
"115","75","1","true","20","5","9","29.843893480257115","42.87598944591029"
"118","75","1","true","20","5","1","5.325987144168963","7.880434782608696"
"113","75","1","true","20","5","10","35.53719008264463","51.6"
"108","70","1","true","20","5","35","64.2791551882461","100"
"107","70","1","true","20","5","28","63.26905417814509","99.71056439942113"
"116","75","1","true","20","5","10","33.608815426997246","48.0946123521682"
"118","75","1","true","20","5","2","8.356290174471992","12.364130434782608"
"117","75","1","true","20","5","4","15.059687786960515","21.66446499339498"
"71","55","1","true","20","5","152","76.03305785123968","146.03174603174602"
"115","75","1","true","20","5","10","33.42516069788797","48.02110817941953"
"116","75","1","true","20","5","11","36.73094582185491","52.56241787122208"
"117","75","1","true","20","5","5","18.27364554637282","26.28797886393659"
"107","70","1","true","20","5","29","63.45270890725436","100"
"116","75","1","true","20","5","12","40.77134986225895","58.34428383705651"
"113","75","1","true","20","5","11","38.47566574839302","55.86666666666667"
"71","55","1","true","20","5","153","76.03305785123968","146.03174603174602"
"118","75","1","true","20","5","3","11.47842056932966","16.983695652173914"
"115","75","1","true","20","5","11","36.455463728191","52.37467018469657"
"116","75","1","true","20","5","13","44.71992653810835","63.99474375821288"
"119","75","1","true","20","5","0","2.1120293847566574","3.0303030303030303"
"116","75","1","true","20","5","14","49.311294765840216","70.56504599211564"
"113","75","1","true","20","5","12","41.68962350780532","60.53333333333333"
"117","75","1","true","20","5","6","21.57943067033976","31.04359313077939"
"119","75","1","true","20","5","1","5.234159779614325","7.5098814229249005"
"107","70","1","true","20","5","30","63.45270890725436","100"
"116","75","1","true","20","5","15","53.4435261707989","76.47831800262811"
"115","75","1","true","20","5","12","40.03673094582185","57.519788918205805"
"116","75","1","true","20","5","16","57.48393021120294","82.26018396846256"
"117","75","1","true","20","5","7","25.252525252525253","36.327608982826945"
"71","55","1","true","20","5","154","76.21671258034894","146.38447971781306"
"118","75","1","true","20","5","4","14.508723599632692","21.467391304347828"
"119","75","1","true","20","5","2","8.44811753902663","12.121212121212121"
"115","75","1","true","20","5","13","43.61799816345271","62.66490765171504"
"116","75","1","true","20","5","17","61.0651974288338","87.3850197109067"
"117","75","1","true","20","5","8","28.833792470156105","41.479524438573314"
"118","75","1","true","20","5","5","17.722681359044994","26.222826086956523"
"116","75","1","true","20","5","18","64.55463728191","92.37844940867281"
"115","75","1","true","20","5","14","47.658402203856745","68.46965699208444"
"113","75","1","true","20","5","13","45.08723599632691","65.46666666666667"
"116","75","1","true","20","5","19","67.4931129476584","96.58344283837057"
"118","75","1","true","20","5","6","20.752984389348025","30.706521739130434"
"117","75","1","true","20","5","9","33.057851239669425","47.556142668428"
"71","55","1","true","20","5","155","76.5840220385675","147.0899470899471"
"119","75","1","true","20","5","3","11.294765840220386","16.205533596837945"
"116","75","1","true","20","5","20","69.23783287419651","99.08015768725362"
"115","75","1","true","20","5","15","51.790633608815426","74.40633245382587"
"113","75","1","true","20","5","14","48.852157943067034","70.93333333333334"
"116","75","1","true","20","5","21","70.06427915518825","100.2628120893561"
"118","75","1","true","20","5","7","23.96694214876033","35.46195652173913"
"120","75","1","true","20","5","0","2.479338842975207","3.4220532319391634"
"117","75","1","true","20","5","10","36.455463728191","52.443857331572"
"116","75","1","true","20","5","22","70.70707070707071","101.1826544021025"
"71","55","1","true","20","5","156","76.85950413223141","147.61904761904762"
"115","75","1","true","20","5","16","55.831037649219475","80.21108179419525"
"117","75","1","true","20","5","11","39.57759412304867","56.93527080581242"
"113","75","1","true","20","5","15","52.43342516069789","76.13333333333333"
"116","75","1","true","20","5","23","70.98255280073462","101.57687253613665"
"118","75","1","true","20","5","8","27.364554637281913","40.48913043478261"
"119","75","1","true","20","5","4","14.325068870523417","20.55335968379447"
"116","75","1","true","20","5","24","71.07438016528926","101.70827858081472"
"120","75","1","true","20","5","1","6.6115702479338845","9.125475285171103"
"115","75","1","true","20","5","17","59.22865013774105","85.09234828496042"
"119","75","1","true","20","5","5","17.26354453627181","24.769433465085637"
"116","75","1","true","20","5","25","71.07438016528926","101.70827858081472"
"117","75","1","true","20","5","12","42.42424242424242","61.030383091149275"
"118","75","1","true","20","5","9","30.21120293847567","44.70108695652174"
"113","75","1","true","20","5","16","56.014692378328746","81.33333333333333"
"120","75","1","true","20","5","2","10.192837465564738","14.068441064638785"
"71","55","1","true","20","5","157","77.13498622589532","148.14814814814815"
"118","75","1","true","20","5","10","32.598714416896236","48.233695652173914"
"115","75","1","true","20","5","18","62.62626262626263","89.9736147757256"
"63","50","1","true","20","5","14","11.11111111111111","24.693877551020407"
"113","75","1","true","20","5","17","59.22865013774105","86"
"117","75","1","true","20","5","13","45.821854912764","65.91809775429326"
"119","75","1","true","20","5","6","20.477502295684115","29.38076416337286"
"115","75","1","true","20","5","19","65.65656565656566","94.32717678100263"
"118","75","1","true","20","5","11","35.16988062442608","52.03804347826087"
"121","80","1","true","20","5","0","2.295684113865932","3.0902348578491967"
"120","75","1","true","20","5","3","13.406795224977044","18.50443599493029"
"71","55","1","true","20","5","158","77.3186409550046","148.50088183421516"
"119","75","1","true","20","5","7","23.69146005509642","33.99209486166008"
"118","75","1","true","20","5","12","38.01652892561984","56.25"
"121","80","1","true","20","5","1","6.336088154269973","8.529048207663783"
"115","75","1","true","20","5","20","67.76859504132231","97.36147757255937"
"117","75","1","true","20","5","14","49.403122130394856","71.07001321003963"
"121","80","1","true","20","5","2","10.835629017447198","14.585908529048208"
"113","75","1","true","20","5","18","62.25895316804407","90.4"
"71","55","1","true","20","5","159","77.59412304866851","149.0299823633157"
"118","75","1","true","20","5","13","40.31221303948577","59.64673913043478"
"120","75","1","true","20","5","4","16.89623507805326","23.32065906210393"
"115","75","1","true","20","5","21","69.23783287419651","99.47229551451187"
"119","75","1","true","20","5","8","27.089072543618","38.866930171278"
"121","80","1","true","20","5","3","14.600550964187327","19.65389369592089"
"117","75","1","true","20","5","15","52.52525252525253","75.56142668428005"
"121","80","1","true","20","5","4","18.457300275482094","24.84548825710754"
"119","75","1","true","20","5","9","30.853994490358126","44.26877470355731"
"71","55","1","true","20","5","160","77.68595041322314","149.20634920634922"
"118","75","1","true","20","5","14","42.6078971533517","63.04347826086957"
"115","75","1","true","20","5","22","70.24793388429752","100.92348284960421"
"120","75","1","true","20","5","5","20.110192837465565","27.756653992395435"
"121","80","1","true","20","5","5","22.31404958677686","30.03708281829419"
"118","75","1","true","20","5","15","45.54637281910009","67.3913043478261"
"117","75","1","true","20","5","16","55.831037649219475","80.31704095112285"
"113","75","1","true","20","5","19","65.0137741046832","94.39999999999999"
"119","75","1","true","20","5","10","34.43526170798898","49.40711462450593"
"115","75","1","true","20","5","23","70.89072543617998","101.84696569920844"
"121","80","1","true","20","5","6","26.538108356290174","35.723114956736715"
"71","55","1","true","20","5","161","77.68595041322314","149.20634920634922"
"120","75","1","true","20","5","6","23.140495867768596","31.93916349809886"
"121","80","1","true","20","5","7","30.853994490358126","41.5327564894932"
"118","75","1","true","20","5","16","49.494949494949495","73.2336956521739"
"115","75","1","true","20","5","24","71.07438016528926","102.11081794195252"
"117","75","1","true","20","5","17","59.04499540863177","84.94055482166446"
"121","80","1","true","20","5","8","35.26170798898072","47.46600741656366"
"71","55","1","true","20","5","162","77.8696051423324","149.55908289241623"
"115","75","1","true","20","5","25","71.07438016528926","102.11081794195252"
"121","80","1","true","20","5","9","39.30211202938476","52.90482076637824"
"117","75","1","true","20","5","18","62.0752984389348","89.2998678996037"
"113","75","1","true","20","5","20","66.7584940312213","96.93333333333334"
"119","75","1","true","20","5","11","38.10835629017447","54.6772068511199"
"120","75","1","true","20","5","7","25.895316804407713","35.741444866920155"
"118","75","1","true","20","5","17","52.80073461891644","78.125"
"121","80","1","true","20","5","10","43.15886134067952","58.0964153275649"
"71","55","1","true","20","5","163","78.0532598714417","149.91181657848324"
"117","75","1","true","20","5","19","64.83011937557393","93.26287978863937"
"121","80","1","true","20","5","11","47.19926538108356","63.535228677379486"
"121","80","1","true","20","5","12","50.964187327823694","68.60321384425217"
"118","75","1","true","20","5","18","56.014692378328746","82.88043478260869"
"121","80","1","true","20","5","13","54.9127640036731","73.91841779975277"
"120","75","1","true","20","5","8","29.38475665748393","40.557667934093786"
"117","75","1","true","20","5","20","67.21763085399449","96.69749009247028"
"118","75","1","true","20","5","19","59.13682277318642","87.5"
"113","75","1","true","20","5","21","67.86042240587695","98.53333333333333"
"121","80","1","true","20","5","14","58.76951331496786","79.11001236093944"
"71","55","1","true","20","5","164","78.42056932966024","150.6172839506173"
"119","75","1","true","20","5","12","41.8732782369146","60.079051383399204"
"122","80","1","true","20","5","0","2.571166207529844","3.504380475594493"
"113","75","1","true","20","5","22","68.87052341597796","100"
"121","80","1","true","20","5","15","62.53443526170799","84.17799752781211"
"120","75","1","true","20","5","9","33.700642791551886","46.51457541191382"
"122","80","1","true","20","5","1","6.6115702479338845","9.011264080100124"
"121","80","1","true","20","5","16","66.29935720844811","89.2459826946848"
"117","75","1","true","20","5","21","69.14600550964187","99.47159841479525"
"118","75","1","true","20","5","20","61.70798898071625","91.30434782608695"
"71","55","1","true","20","5","165","78.60422405876952","150.9700176366843"
"119","75","1","true","20","5","13","46.097337006427914","66.13965744400528"
"122","80","1","true","20","5","2","10.835629017447198","14.768460575719649"
"121","80","1","true","20","5","17","70.15610651974288","94.43757725587145"
"113","75","1","true","20","5","23","69.42148760330579","100.8"
"122","80","1","true","20","5","3","15.243342516069788","20.77596996245307"
"121","80","1","true","20","5","18","72.910927456382","98.14585908529048"
"117","75","1","true","20","5","22","70.15610651974288","100.92470277410833"
"122","80","1","true","20","5","4","19.4674012855831","26.533166458072593"
"120","75","1","true","20","5","10","37.83287419651056","52.21799746514575"
"118","75","1","true","20","5","21","63.63636363636363","94.15760869565217"
"121","80","1","true","20","5","19","75.1147842056933","101.1124845488257"
"71","55","1","true","20","5","166","78.87970615243343","151.49911816578484"
"122","80","1","true","20","5","5","23.69146005509642","32.29036295369212"
"117","75","1","true","20","5","23","70.70707070707071","101.71730515191545"
"119","75","1","true","20","5","14","50.321395775941234","72.20026350461133"
"118","75","1","true","20","5","22","64.64646464646465","95.65217391304348"
"120","75","1","true","20","5","11","42.14876033057851","58.174904942965775"
"121","80","1","true","20","5","20","76.03305785123968","102.3485784919654"
"121","80","1","true","20","5","21","76.40036730945822","102.84301606922126"
"119","75","1","true","20","5","15","54.178145087236","77.733860342556"
"117","75","1","true","20","5","24","70.98255280073462","102.11360634081903"
"71","55","1","true","20","5","167","79.06336088154269","151.85185185185185"
"122","80","1","true","20","5","6","27.180899908172634","37.04630788485607"
"121","80","1","true","20","5","22","76.49219467401286","102.96662546353524"
"113","75","1","true","20","5","24","69.60514233241506","101.06666666666666"
"117","75","1","true","20","5","25","70.98255280073462","102.11360634081903"
"119","75","1","true","20","5","16","57.759412304866856","82.87220026350461"
"120","75","1","true","20","5","12","46.372819100091824","64.00506970849176"
"121","80","1","true","20","5","23","76.49219467401286","102.96662546353524"
"119","75","1","true","20","5","17","61.52433425160698","88.27404479578392"
"118","75","1","true","20","5","23","65.93204775022957","97.55434782608695"
"122","80","1","true","20","5","7","30.02754820936639","40.926157697121404"
"71","55","1","true","20","5","168","79.33884297520662","152.38095238095238"
"118","75","1","true","20","5","24","66.7584940312213","98.77717391304348"
"122","80","1","true","20","5","8","33.33333333333333","45.431789737171464"
"124","80","1","true","20","5","0","2.6629935720844813","3.6569987389659517"
"113","75","1","true","20","5","25","69.9724517906336","101.6"
"120","75","1","true","20","5","13","50.413223140495866","69.58174904942965"
"119","75","1","true","20","5","18","64.64646464646465","92.7536231884058"
"124","80","1","true","20","5","1","6.703397612488522","9.205548549810844"
"118","75","1","true","20","5","25","67.76859504132231","100.2717391304348"
"122","80","1","true","20","5","9","37.28191000918273","50.81351689612015"
"123","80","1","true","20","5","0","2.203856749311295","2.902055622732769"
"124","80","1","true","20","5","2","10.46831955922865","14.37578814627995"
"119","75","1","true","20","5","19","67.4931129476584","96.83794466403161"
"71","55","1","true","20","5","169","79.43067033976125","152.5573192239859"
"118","75","1","true","20","5","26","68.2277318640955","100.95108695652173"
"123","80","1","true","20","5","1","6.0606060606060606","7.980652962515116"
"122","80","1","true","20","5","10","41.50596877869605","56.57071339173968"
"124","80","1","true","20","5","3","14.325068870523417","19.672131147540984"
"120","75","1","true","20","5","14","54.637281910009186","75.41191381495564"
"124","80","1","true","20","5","4","18.732782369146005","25.72509457755359"
"113","75","1","true","20","5","26","70.24793388429752","102"
"123","80","1","true","20","5","2","10.560146923783286","13.905683192261185"
"124","80","1","true","20","5","5","23.324150596877868","32.03026481715006"
"119","75","1","true","20","5","20","69.42148760330579","99.60474308300395"
"71","55","1","true","20","5","170","79.61432506887053","152.9100529100529"
"122","80","1","true","20","5","11","45.821854912764","62.45306633291614"
"118","75","1","true","20","5","27","68.59504132231406","101.49456521739131"
"124","80","1","true","20","5","6","27.640036730945823","37.957124842370746"
"119","75","1","true","20","5","21","70.33976124885216","100.92226613965745"
"120","75","1","true","20","5","15","58.49403122130394","80.73510773130546"
"123","80","1","true","20","5","3","14.325068870523417","18.863361547763"
"122","80","1","true","20","5","12","49.67860422405877","67.70963704630788"
"124","80","1","true","20","5","7","31.22130394857668","42.87515762925599"
"119","75","1","true","20","5","22","70.79889807162535","101.58102766798419"
"113","75","1","true","20","5","27","70.43158861340679","102.26666666666667"
"124","80","1","true","20","5","8","34.61891643709826","47.540983606557376"
"71","55","1","true","20","5","171","79.70615243342516","153.0864197530864"
"120","75","1","true","20","5","16","61.89164370982553","85.42458808618505"
"124","80","1","true","20","5","9","37.64921946740129","51.70239596469105"
"122","80","1","true","20","5","13","53.71900826446281","73.21652065081352"
"123","80","1","true","20","5","4","17.99816345270891","23.70012091898428"
"124","80","1","true","20","5","10","41.04683195592286","56.36822194199244"
"119","75","1","true","20","5","23","71.07438016528926","101.97628458498025"
"63","50","1","true","20","5","15","11.84573002754821","26.3265306122449"
"71","55","1","true","20","5","172","79.88980716253444","153.43915343915344"
"123","80","1","true","20","5","5","22.130394857667586","29.14147521160822"
"124","80","1","true","20","5","11","44.90358126721763","61.66456494325347"
"122","80","1","true","20","5","14","57.20844811753902","77.97246558197747"
"120","75","1","true","20","5","17","65.19742883379247","89.9873257287706"
"113","75","1","true","20","5","28","70.52341597796143","102.4"
"119","75","1","true","20","5","24","71.07438016528926","101.97628458498025"
"123","80","1","true","20","5","6","26.538108356290174","34.945586457073766"
"124","80","1","true","20","5","12","49.219467401285584","67.59142496847414"
"71","55","1","true","20","5","173","79.98163452708907","153.61552028218694"
"122","80","1","true","20","5","15","60.69788797061524","82.72841051314143"
"120","75","1","true","20","5","18","68.50321395775941","94.55006337135615"
"113","75","1","true","20","5","29","70.52341597796143","102.4"
"124","80","1","true","20","5","13","53.25987144168962","73.13997477931903"
"123","80","1","true","20","5","7","31.129476584022036","40.991535671100365"
"122","80","1","true","20","5","16","64.2791551882461","87.60951188986232"
"124","80","1","true","20","5","14","57.20844811753902","78.562421185372"
"71","55","1","true","20","5","174","80.0734618916437","153.79188712522046"
"123","80","1","true","20","5","8","35.16988062442608","46.31197097944377"
"122","80","1","true","20","5","17","67.95224977043158","92.61576971214018"
"120","75","1","true","20","5","19","70.98255280073462","97.9721166032953"
"124","80","1","true","20","5","15","61.15702479338842","83.98486759142497"
"125","80","1","true","20","5","0","2.7548209366391188","3.601440576230492"
"124","80","1","true","20","5","16","64.83011937557393","89.02900378310214"
"123","80","1","true","20","5","9","39.57759412304867","52.11608222490931"
"125","80","1","true","20","5","1","7.162534435261708","9.36374549819928"
"122","80","1","true","20","5","18","71.44168962350781","97.37171464330413"
"71","55","1","true","20","5","175","80.16528925619835","153.96825396825398"
"124","80","1","true","20","5","17","69.05417814508723","94.8297604035309"
"120","75","1","true","20","5","20","72.35996326905418","99.87325728770595"
"123","80","1","true","20","5","10","43.80165289256198","57.67835550181378"
"122","80","1","true","20","5","19","73.82920110192838","100.62578222778473"
"126","80","1","true","20","5","0","2.3875114784205693","3.132530120481928"
"123","80","1","true","20","5","11","48.025711662075295","63.24062877871825"
"71","55","1","true","20","5","176","80.25711662075298","154.14462081128747"
"122","80","1","true","20","5","20","74.74747474747475","101.8773466833542"
"125","80","1","true","20","5","2","11.11111111111111","14.525810324129651"
"124","80","1","true","20","5","18","71.900826446281","98.7389659520807"
"71","55","1","true","20","5","177","80.53259871441689","154.67372134038803"
"120","75","1","true","20","5","21","73.00275482093664","100.76045627376426"
"126","80","1","true","20","5","1","6.336088154269973","8.313253012048193"
"122","80","1","true","20","5","21","75.29843893480258","102.62828535669588"
"123","80","1","true","20","5","12","52.43342516069789","69.0447400241838"
"124","80","1","true","20","5","19","73.82920110192838","101.38713745271122"
"71","55","1","true","20","5","178","80.53259871441689","154.67372134038803"
"120","75","1","true","20","5","22","73.27823691460054","101.14068441064639"
"123","80","1","true","20","5","13","56.93296602387512","74.96977025392987"
"122","80","1","true","20","5","22","75.48209366391184","102.87859824780976"
"125","80","1","true","20","5","3","15.61065197428834","20.408163265306122"
"124","80","1","true","20","5","20","74.83930211202939","102.77427490542243"
"122","80","1","true","20","5","23","75.57392102846649","103.00375469336672"
"126","80","1","true","20","5","2","10.192837465564738","13.373493975903614"
"71","55","1","true","20","5","179","80.62442607897154","154.85008818342152"
"120","75","1","true","20","5","23","73.55371900826447","101.52091254752851"
"123","80","1","true","20","5","14","60.88154269972452","80.16928657799275"
"122","80","1","true","20","5","24","75.66574839302112","103.12891113892366"
"124","80","1","true","20","5","21","75.20661157024794","103.27868852459017"
"122","80","1","true","20","5","25","75.75757575757575","103.2540675844806"
"71","55","1","true","20","5","180","80.62442607897154","154.85008818342152"
"126","80","1","true","20","5","3","14.049586776859504","18.433734939759034"
"125","80","1","true","20","5","4","20.293847566574836","26.53061224489796"
"123","80","1","true","20","5","15","64.64646464646465","85.12696493349455"
"124","80","1","true","20","5","22","75.20661157024794","103.27868852459017"
"122","80","1","true","20","5","26","75.94123048668503","103.50438047559449"
"120","75","1","true","20","5","24","73.55371900826447","101.52091254752851"
"71","55","1","true","20","5","181","80.8080808080808","155.20282186948853"
"123","80","1","true","20","5","16","68.59504132231406","90.32648125755743"
"122","80","1","true","20","5","27","75.94123048668503","103.50438047559449"
"125","80","1","true","20","5","5","24.334251606978878","31.812725090036015"
"126","80","1","true","20","5","4","17.722681359044994","23.25301204819277"
"123","80","1","true","20","5","17","71.80899908172636","94.55864570737606"
"71","55","1","true","20","5","182","80.89990817263545","155.37918871252205"
"128","80","1","true","20","5","0","2.479338842975207","3.296703296703297"
"129","80","1","true","20","5","0","2.3875114784205693","3.0952380952380953"
"126","80","1","true","20","5","5","21.487603305785125","28.19277108433735"
"127","80","1","true","20","5","0","2.3875114784205693","3.132530120481928"
"123","80","1","true","20","5","18","74.56382001836546","98.18621523579202"
"71","55","1","true","20","5","183","80.99173553719008","155.55555555555557"
"127","80","1","true","20","5","1","6.244260789715335","8.19277108433735"
"125","80","1","true","20","5","6","28.09917355371901","36.734693877551024"
"127","80","1","true","20","5","2","10.743801652892563","14.096385542168674"
"128","80","1","true","20","5","1","7.07070707070707","9.401709401709402"
"127","80","1","true","20","5","3","14.87603305785124","19.518072289156628"
"125","80","1","true","20","5","7","31.86409550045914","41.65666266506602"
"123","80","1","true","20","5","19","76.30853994490359","100.48367593712213"
"126","80","1","true","20","5","6","25.71166207529844","33.734939759036145"
"127","80","1","true","20","5","4","19.28374655647383","25.301204819277107"
"71","55","1","true","20","5","184","81.08356290174473","155.73192239858906"
"123","80","1","true","20","5","20","77.3186409550046","101.81378476420797"
"128","80","1","true","20","5","2","11.202938475665748","14.896214896214897"
"126","80","1","true","20","5","7","30.21120293847567","39.63855421686747"
"127","80","1","true","20","5","5","23.69146005509642","31.08433734939759"
"71","55","1","true","20","5","185","81.08356290174473","155.73192239858906"
"125","80","1","true","20","5","8","35.90449954086318","46.93877551020408"
"128","80","1","true","20","5","3","14.967860422405877","19.902319902319903"
"123","80","1","true","20","5","21","77.68595041322314","102.2974607013301"
"127","80","1","true","20","5","6","27.915518824609737","36.626506024096386"
"126","80","1","true","20","5","8","34.43526170798898","45.18072289156627"
"71","55","1","true","20","5","186","81.17539026629935","155.90828924162255"
"128","80","1","true","20","5","4","18.732782369146005","24.90842490842491"
"127","80","1","true","20","5","7","31.955922865013775","41.9277108433735"
"123","80","1","true","20","5","22","77.77777777777779","102.41837968561065"
"125","80","1","true","20","5","9","40.12855831037649","52.460984393757506"
"127","80","1","true","20","5","8","36.08815426997245","47.34939759036145"
"128","80","1","true","20","5","5","22.497704315886132","29.914529914529915"
"71","55","1","true","20","5","187","81.26721763085399","156.0846560846561"
"123","80","1","true","20","5","23","77.8696051423324","102.53929866989118"
"125","80","1","true","20","5","10","44.81175390266299","58.58343337334934"
"126","80","1","true","20","5","9","39.02662993572085","51.204819277108435"
"127","80","1","true","20","5","9","40.4040404040404","53.01204819277109"
"71","55","1","true","20","5","188","81.5426997245179","156.6137566137566"
"128","80","1","true","20","5","6","26.446280991735538","35.16483516483517"
"123","80","1","true","20","5","24","78.0532598714417","102.78113663845222"
"127","80","1","true","20","5","10","45.08723599632691","59.156626506024104"
"125","80","1","true","20","5","11","49.403122130394856","64.58583433373349"
"128","80","1","true","20","5","7","30.486685032139576","40.537240537240535"
"126","80","1","true","20","5","10","43.15886134067952","56.62650602409639"
"127","80","1","true","20","5","11","49.403122130394856","64.81927710843374"
"123","80","1","true","20","5","25","78.14508723599633","102.90205562273277"
"71","55","1","true","20","5","189","81.72635445362718","156.96649029982365"
"127","80","1","true","20","5","12","52.892561983471076","69.39759036144578"
"128","80","1","true","20","5","8","34.89439853076217","46.3980463980464"
"71","55","1","true","20","5","190","82.09366391184572","157.67195767195767"
"123","80","1","true","20","5","26","78.14508723599633","102.90205562273277"
"125","80","1","true","20","5","12","53.627180899908176","70.10804321728692"
"127","80","1","true","20","5","13","57.116620752984396","74.93975903614458"
"126","80","1","true","20","5","11","47.38292011019284","62.16867469879518"
"128","80","1","true","20","5","9","39.02662993572085","51.8925518925519"
"71","55","1","true","20","5","191","82.277318640955","158.02469135802468"
"127","80","1","true","20","5","14","61.43250688705234","80.60240963855422"
"126","80","1","true","20","5","12","51.42332415059688","67.46987951807229"
"130","80","1","true","20","5","0","2.3875114784205693","3.1137724550898205"
"128","80","1","true","20","5","10","43.25068870523416","57.509157509157504"
"127","80","1","true","20","5","15","65.10560146923783","85.42168674698796"
"125","80","1","true","20","5","13","58.03489439853077","75.87034813925571"
"71","55","1","true","20","5","192","82.46097337006428","158.37742504409172"
"128","80","1","true","20","5","11","47.107438016528924","62.637362637362635"
"127","80","1","true","20","5","16","68.31955922865014","89.63855421686748"
"130","80","1","true","20","5","1","6.152433425160698","8.023952095808383"
"71","55","1","true","20","5","193","82.46097337006428","158.37742504409172"
"126","80","1","true","20","5","13","56.29017447199265","73.855421686747"
"127","80","1","true","20","5","17","71.53351698806244","93.855421686747"
"130","80","1","true","20","5","2","10.46831955922865","13.652694610778443"
"125","80","1","true","20","5","14","62.53443526170799","81.75270108043217"
"128","80","1","true","20","5","12","50.872359963269055","67.64346764346764"
"71","55","1","true","20","5","194","82.46097337006428","158.37742504409172"
"130","80","1","true","20","5","3","15.059687786960515","19.64071856287425"
"127","80","1","true","20","5","18","73.92102846648301","96.98795180722891"
"127","80","1","true","20","5","19","75.94123048668503","99.63855421686748"
"128","80","1","true","20","5","13","54.637281910009186","72.64957264957265"
"130","80","1","true","20","5","4","19.65105601469238","25.62874251497006"
"71","55","1","true","20","5","195","82.55280073461891","158.55379188712521"
"126","80","1","true","20","5","14","60.23875114784206","79.03614457831326"
"127","80","1","true","20","5","20","77.3186409550046","101.44578313253012"
"130","80","1","true","20","5","5","23.783287419651057","31.017964071856284"
"126","80","1","true","20","5","15","64.73829201101928","84.93975903614458"
"125","80","1","true","20","5","15","67.03397612488521","87.63505402160864"
"128","80","1","true","20","5","14","58.40220385674931","77.65567765567766"
"71","55","1","true","20","5","196","82.64462809917356","158.73015873015873"
"127","80","1","true","20","5","21","78.14508723599633","102.53012048192771"
"125","80","1","true","20","5","16","71.80899908172636","93.87755102040816"
"130","80","1","true","20","5","6","27.640036730945823","36.047904191616766"
"127","80","1","true","20","5","22","78.23691460055096","102.65060240963855"
"71","55","1","true","20","5","197","82.64462809917356","158.73015873015873"
"127","80","1","true","20","5","23","78.42056932966024","102.89156626506025"
"126","80","1","true","20","5","16","68.9623507805326","90.48192771084337"
"128","80","1","true","20","5","15","62.44260789715336","83.02808302808303"
"130","80","1","true","20","5","7","32.047750229568415","41.796407185628745"
"127","80","1","true","20","5","24","78.51239669421489","103.01204819277108"
"126","80","1","true","20","5","17","72.910927456382","95.66265060240964"
"127","80","1","true","20","5","25","78.51239669421489","103.01204819277108"
"128","80","1","true","20","5","16","66.4830119375574","88.4004884004884"
"71","55","1","true","20","5","198","82.82828282828282","159.08289241622575"
"125","80","1","true","20","5","17","75.1147842056933","98.19927971188476"
"130","80","1","true","20","5","8","36.63911845730027","47.78443113772455"
"128","80","1","true","20","5","17","70.06427915518825","93.16239316239316"
"126","80","1","true","20","5","18","75.8494031221304","99.51807228915662"
"130","80","1","true","20","5","9","41.1386593204775","53.65269461077844"
"125","80","1","true","20","5","18","77.50229568411386","101.32052821128453"
"71","55","1","true","20","5","199","83.19559228650138","159.7883597883598"
"63","50","1","true","20","5","16","12.396694214876034","27.55102040816326"
"118","75","1","true","20","5","28","68.87052341597796","101.90217391304348"
"125","80","1","true","20","5","19","78.51239669421489","102.64105642256902"
"131","85","1","true","20","5","0","2.7548209366391188","3.484320557491289"
"126","80","1","true","20","5","19","77.41046831955923","101.56626506024095"
"128","80","1","true","20","5","18","72.54361799816346","96.45909645909646"
"130","80","1","true","20","5","10","44.995408631772264","58.68263473053892"
"71","55","1","true","20","5","200","83.37924701561064","160.1410934744268"
"125","80","1","true","20","5","20","79.15518824609734","103.4813925570228"
"131","85","1","true","20","5","1","7.254361799816346","9.175377468060395"
"71","55","1","true","20","5","201","83.47107438016529","160.31746031746033"
"125","80","1","true","20","5","21","79.24701561065197","103.60144057623049"
"118","75","1","true","20","5","29","69.05417814508723","102.17391304347827"
"130","80","1","true","20","5","11","48.39302112029385","63.11377245508982"
"131","85","1","true","20","5","2","11.47842056932966","14.518002322880372"
"128","80","1","true","20","5","19","73.82920110192838","98.16849816849816"
"126","80","1","true","20","5","20","78.0532598714417","102.40963855421687"
"131","85","1","true","20","5","3","15.886134067952252","20.092915214866434"
"118","75","1","true","20","5","30","69.14600550964187","102.30978260869566"
"130","80","1","true","20","5","12","51.88246097337006","67.66467065868264"
"71","55","1","true","20","5","202","83.47107438016529","160.31746031746033"
"131","85","1","true","20","5","4","20.2020202020202","25.551684088269454"
"126","80","1","true","20","5","21","78.0532598714417","102.40963855421687"
"125","80","1","true","20","5","22","79.24701561065197","103.60144057623049"
"128","80","1","true","20","5","20","74.65564738292011","99.26739926739927"
"71","55","1","true","20","5","203","83.65472910927456","160.67019400352734"
"131","85","1","true","20","5","5","24.793388429752067","31.3588850174216"
"130","80","1","true","20","5","13","55.64738292011019","72.57485029940119"
"118","75","1","true","20","5","31","69.14600550964187","102.30978260869566"
"131","85","1","true","20","5","6","29.38475665748393","37.16608594657375"
"130","80","1","true","20","5","14","59.32047750229569","77.36526946107784"
"128","80","1","true","20","5","21","75.29843893480258","100.12210012210012"
"131","85","1","true","20","5","7","34.25160697887971","43.321718931475026"
"71","55","1","true","20","5","204","83.83838383838383","161.02292768959435"
"130","80","1","true","20","5","15","63.08539944903582","82.27544910179641"
"131","85","1","true","20","5","8","39.48576675849403","49.94192799070848"
"134","85","1","true","20","5","0","2.295684113865932","2.8344671201814062"
"131","85","1","true","20","5","9","43.80165289256198","55.400696864111495"
"130","80","1","true","20","5","16","67.12580348943985","87.54491017964072"
"132","85","1","true","20","5","0","2.479338842975207","3.121387283236994"
"133","85","1","true","20","5","0","2.479338842975207","3.061224489795918"
"71","55","1","true","20","5","205","84.29752066115702","161.9047619047619"
"128","80","1","true","20","5","22","76.03305785123968","101.0989010989011"
"131","85","1","true","20","5","10","48.301193755739206","61.091753774680605"
"130","80","1","true","20","5","17","71.34986225895317","93.05389221556887"
"134","85","1","true","20","5","1","6.42791551882461","7.936507936507936"
"131","85","1","true","20","5","11","53.4435261707989","67.59581881533101"
"71","55","1","true","20","5","206","84.75665748393021","162.78659611992944"
"130","80","1","true","20","5","18","75.29843893480258","98.20359281437125"
"128","80","1","true","20","5","23","76.67584940312213","101.95360195360195"
"133","85","1","true","20","5","1","6.703397612488522","8.276643990929704"
"132","85","1","true","20","5","1","6.42791551882461","8.092485549132949"
"134","85","1","true","20","5","2","11.11111111111111","13.718820861678005"
"133","85","1","true","20","5","2","10.651974288337925","13.151927437641723"
"131","85","1","true","20","5","12","57.94306703397613","73.28687572590012"
"71","55","1","true","20","5","207","85.03213957759412","163.31569664902997"
"132","85","1","true","20","5","2","11.11111111111111","13.988439306358384"
"128","80","1","true","20","5","24","76.95133149678604","102.31990231990231"
"130","80","1","true","20","5","19","77.8696051423324","101.55688622754491"
"133","85","1","true","20","5","3","14.325068870523417","17.687074829931973"
"134","85","1","true","20","5","3","15.886134067952252","19.614512471655328"
"131","85","1","true","20","5","13","62.16712580348944","78.62950058072009"
"134","85","1","true","20","5","4","20.66115702479339","25.510204081632654"
"130","80","1","true","20","5","20","78.87970615243343","102.874251497006"
"128","80","1","true","20","5","25","77.04315886134067","102.44200244200243"
"71","55","1","true","20","5","208","85.30762167125803","163.8447971781305"
"131","85","1","true","20","5","14","66.39118457300276","83.97212543554006"
"130","80","1","true","20","5","21","79.06336088154269","103.11377245508982"
"132","85","1","true","20","5","3","15.5188246097337","19.537572254335263"
"133","85","1","true","20","5","4","18.54912764003673","22.90249433106576"
"134","85","1","true","20","5","5","25.803489439853077","31.859410430839002"
"131","85","1","true","20","5","15","70.43158861340679","89.08246225319397"
"71","55","1","true","20","5","209","85.49127640036731","164.19753086419752"
"128","80","1","true","20","5","26","77.13498622589532","102.56410256410255"
"132","85","1","true","20","5","4","19.28374655647383","24.277456647398843"
"131","85","1","true","20","5","16","74.65564738292011","94.42508710801394"
"131","85","1","true","20","5","17","78.14508723599633","98.83855981416957"
"130","80","1","true","20","5","22","79.06336088154269","103.11377245508982"
"133","85","1","true","20","5","5","23.140495867768596","28.57142857142857"
"131","85","1","true","20","5","18","80.71625344352617","102.09059233449477"
"134","85","1","true","20","5","6","30.945821854912765","38.208616780045354"
"128","80","1","true","20","5","27","77.22681359044995","102.68620268620268"
"71","55","1","true","20","5","210","85.9504132231405","165.07936507936506"
"129","80","1","true","20","5","1","6.336088154269973","8.214285714285714"
"132","85","1","true","20","5","5","23.783287419651057","29.942196531791907"
"131","85","1","true","20","5","19","81.63452708907253","103.2520325203252"
"130","80","1","true","20","5","23","79.06336088154269","103.11377245508982"
"134","85","1","true","20","5","7","35.16988062442608","43.42403628117914"
"133","85","1","true","20","5","6","27.45638200183655","33.900226757369616"
"129","80","1","true","20","5","2","10.46831955922865","13.571428571428571"
"131","85","1","true","20","5","20","81.81818181818183","103.48432055749129"
"128","80","1","true","20","5","28","77.22681359044995","102.68620268620268"
"71","55","1","true","20","5","211","86.40955004591369","165.96119929453263"
"131","85","1","true","20","5","21","81.81818181818183","103.48432055749129"
"134","85","1","true","20","5","8","39.48576675849403","48.75283446712018"
"129","80","1","true","20","5","3","14.784205693296604","19.166666666666668"
"63","50","1","true","20","5","17","13.223140495867769","29.38775510204082"
"132","85","1","true","20","5","6","28.650137741046834","36.06936416184971"
"134","85","1","true","20","5","9","43.80165289256198","54.08163265306123"
"129","80","1","true","20","5","4","19.100091827364555","24.761904761904763"
"71","55","1","true","20","5","212","87.05234159779614","167.1957671957672"
"137","85","1","true","20","5","0","1.8365472910927456","2.2857142857142856"
"129","80","1","true","20","5","5","23.507805325987142","30.476190476190478"
"137","85","1","true","20","5","1","4.958677685950414","6.171428571428572"
"135","85","1","true","20","5","0","2.3875114784205693","3.0162412993039442"
"136","85","1","true","20","5","0","2.571166207529844","3.2444959443800694"
"133","85","1","true","20","5","7","31.313131313131315","38.66213151927438"
"137","85","1","true","20","5","2","9.550045913682277","11.885714285714286"
"137","85","1","true","20","5","3","14.325068870523417","17.82857142857143"
"132","85","1","true","20","5","7","33.88429752066116","42.65895953757226"
"129","80","1","true","20","5","6","27.364554637281913","35.476190476190474"
"134","85","1","true","20","5","10","48.484848484848484","59.863945578231295"
"135","85","1","true","20","5","1","6.7952249770431585","8.584686774941995"
"71","55","1","true","20","5","213","87.32782369146005","167.72486772486772"
"137","85","1","true","20","5","4","18.824609733700644","23.42857142857143"
"129","80","1","true","20","5","7","31.313131313131315","40.595238095238095"
"136","85","1","true","20","5","1","6.887052341597796","8.690614136732329"
"137","85","1","true","20","5","5","23.507805325987142","29.25714285714286"
"133","85","1","true","20","5","8","35.720844811753906","44.10430839002268"
"135","85","1","true","20","5","2","11.294765840220386","14.269141531322504"
"134","85","1","true","20","5","11","53.25987144168962","65.75963718820861"
"129","80","1","true","20","5","8","35.16988062442608","45.595238095238095"
"71","55","1","true","20","5","214","87.60330578512396","168.25396825396825"
"137","85","1","true","20","5","6","28.37465564738292","35.31428571428572"
"129","80","1","true","20","5","9","39.21028466483012","50.83333333333333"
"132","85","1","true","20","5","8","38.84297520661157","48.90173410404624"
"137","85","1","true","20","5","7","32.87419651056015","40.91428571428571"
"135","85","1","true","20","5","3","15.61065197428834","19.721577726218097"
"136","85","1","true","20","5","2","11.386593204775023","14.36848203939745"
"133","85","1","true","20","5","9","40.31221303948577","49.77324263038549"
"137","85","1","true","20","5","8","37.1900826446281","46.285714285714285"
"135","85","1","true","20","5","4","20.2020202020202","25.52204176334107"
"129","80","1","true","20","5","10","43.52617079889807","56.42857142857143"
"134","85","1","true","20","5","12","58.31037649219467","71.99546485260771"
"137","85","1","true","20","5","9","41.50596877869605","51.65714285714286"
"71","55","1","true","20","5","215","87.78696051423324","168.60670194003526"
"129","80","1","true","20","5","11","48.025711662075295","62.26190476190476"
"137","85","1","true","20","5","10","46.097337006427914","57.371428571428574"
"135","85","1","true","20","5","5","25.068870523415974","31.670533642691417"
"136","85","1","true","20","5","3","15.702479338842975","19.81460023174971"
"133","85","1","true","20","5","10","45.73002754820937","56.4625850340136"
"137","85","1","true","20","5","11","50.964187327823694","63.42857142857142"
"132","85","1","true","20","5","9","43.52617079889807","54.79768786127167"
"129","80","1","true","20","5","12","53.07621671258035","68.80952380952381"
"135","85","1","true","20","5","6","29.660238751147844","37.47099767981438"
"134","85","1","true","20","5","13","63.36088154269972","78.2312925170068"
"136","85","1","true","20","5","4","20.56932966023875","25.955967555040555"
"133","85","1","true","20","5","11","50.78053259871441","62.698412698412696"
"137","85","1","true","20","5","12","55.371900826446286","68.91428571428571"
"71","55","1","true","20","5","216","87.97061524334252","168.9594356261023"
"129","80","1","true","20","5","13","57.20844811753902","74.16666666666667"
"137","85","1","true","20","5","13","59.96326905417815","74.62857142857143"
"134","85","1","true","20","5","14","68.31955922865014","84.35374149659864"
"135","85","1","true","20","5","7","34.15977961432507","43.1554524361949"
"133","85","1","true","20","5","12","55.371900826446286","68.36734693877551"
"132","85","1","true","20","5","10","47.750229568411385","60.115606936416185"
"137","85","1","true","20","5","14","64.37098255280074","80.11428571428571"
"129","80","1","true","20","5","14","61.61616161616161","79.88095238095238"
"133","85","1","true","20","5","13","60.33057851239669","74.48979591836735"
"136","85","1","true","20","5","5","25.436179981634528","32.0973348783314"
"71","55","1","true","20","5","217","88.06244260789715","169.1358024691358"
"135","85","1","true","20","5","8","37.9247015610652","47.91183294663573"
"137","85","1","true","20","5","15","69.05417814508723","85.94285714285715"
"137","85","1","true","20","5","16","73.82920110192838","91.88571428571429"
"129","80","1","true","20","5","15","65.47291092745638","84.88095238095238"
"137","85","1","true","20","5","17","78.0532598714417","97.14285714285714"
"134","85","1","true","20","5","15","72.910927456382","90.02267573696146"
"129","80","1","true","20","5","16","69.05417814508723","89.52380952380953"
"71","55","1","true","20","5","218","88.1542699724518","169.31216931216932"
"132","85","1","true","20","5","11","52.249770431588615","65.78034682080924"
"137","85","1","true","20","5","18","79.88980716253444","99.42857142857143"
"135","85","1","true","20","5","9","41.8732782369146","52.90023201856149"
"136","85","1","true","20","5","6","30.02754820936639","37.89107763615295"
"137","85","1","true","20","5","19","80.99173553719008","100.8"
"129","80","1","true","20","5","17","72.45179063360881","93.92857142857143"
"134","85","1","true","20","5","16","76.95133149678604","95.01133786848072"
"137","85","1","true","20","5","20","81.63452708907253","101.6"
"133","85","1","true","20","5","14","65.38108356290174","80.72562358276643"
"135","85","1","true","20","5","10","46.097337006427914","58.23665893271461"
"136","85","1","true","20","5","7","34.15977961432507","43.105446118192354"
"132","85","1","true","20","5","12","56.56565656565656","71.21387283236994"
"71","55","1","true","20","5","219","88.33792470156106","169.66490299823633"
"129","80","1","true","20","5","18","74.74747474747475","96.9047619047619"
"137","85","1","true","20","5","21","82.00183654729109","102.05714285714285"
"135","85","1","true","20","5","11","50.59687786960514","63.92111368909513"
"137","85","1","true","20","5","22","82.00183654729109","102.05714285714285"
"134","85","1","true","20","5","17","80.53259871441689","99.43310657596372"
"135","85","1","true","20","5","12","55.00459136822773","69.48955916473318"
"136","85","1","true","20","5","8","39.21028466483012","49.47856315179606"
"132","85","1","true","20","5","13","61.43250688705234","77.34104046242774"
"129","80","1","true","20","5","19","76.5840220385675","99.28571428571429"
"71","55","1","true","20","5","220","88.79706152433425","170.54673721340387"
"133","85","1","true","20","5","15","70.43158861340679","86.96145124716553"
"138","85","1","true","20","5","0","2.7548209366391188","3.3821871476888385"
"134","85","1","true","20","5","18","82.55280073461891","101.92743764172336"
"129","80","1","true","20","5","20","78.23691460055096","101.42857142857142"
"135","85","1","true","20","5","13","59.96326905417815","75.75406032482599"
"133","85","1","true","20","5","16","75.48209366391184","93.19727891156462"
"136","85","1","true","20","5","9","44.0771349862259","55.61993047508691"
"138","85","1","true","20","5","1","7.80532598714417","9.582863585118377"
"71","55","1","true","20","5","221","89.07254361799816","171.0758377425044"
"138","85","1","true","20","5","2","12.672176308539946","15.558060879368659"
"132","85","1","true","20","5","14","65.93204775022957","83.00578034682081"
"129","80","1","true","20","5","21","79.06336088154269","102.49999999999999"
"135","85","1","true","20","5","14","64.09550045913683","80.97447795823666"
"134","85","1","true","20","5","19","83.19559228650138","102.72108843537416"
"129","80","1","true","20","5","22","79.43067033976125","102.97619047619047"
"138","85","1","true","20","5","3","16.712580348943984","20.518602029312287"
"136","85","1","true","20","5","10","48.576675849403124","61.29779837775203"
"133","85","1","true","20","5","17","79.33884297520662","97.95918367346938"
"134","85","1","true","20","5","20","83.28741965105601","102.8344671201814"
"71","55","1","true","20","5","222","89.4398530762167","171.78130511463846"
"138","85","1","true","20","5","4","20.66115702479339","25.366403607666292"
"132","85","1","true","20","5","15","69.9724517906336","88.09248554913295"
"135","85","1","true","20","5","15","68.41138659320477","86.42691415313224"
"129","80","1","true","20","5","23","79.43067033976125","102.97619047619047"
"134","85","1","true","20","5","21","83.28741965105601","102.8344671201814"
"136","85","1","true","20","5","11","52.61707988980716","66.396292004635"
"135","85","1","true","20","5","16","72.35996326905418","91.415313225058"
"133","85","1","true","20","5","18","81.72635445362718","100.90702947845804"
"138","85","1","true","20","5","5","25.344352617079892","31.116121758737318"
"71","55","1","true","20","5","223","89.53168044077135","171.95767195767195"
"138","85","1","true","20","5","6","30.39485766758494","37.31679819616686"
"132","85","1","true","20","5","16","74.28833792470157","93.52601156069365"
"135","85","1","true","20","5","17","76.30853994490359","96.40371229698376"
"138","85","1","true","20","5","7","34.9862258953168","42.95377677564825"
"138","85","1","true","20","5","8","39.85307621671258","48.92897406989854"
"139","85","1","true","20","5","0","2.571166207529844","3.248259860788863"
"136","85","1","true","20","5","12","56.65748393021121","71.49478563151797"
"71","55","1","true","20","5","224","89.80716253443526","172.48677248677248"
"140","85","1","true","20","5","0","2.846648301193756","3.571428571428571"
"138","85","1","true","20","5","9","44.352617079889804","54.45321307779031"
"135","85","1","true","20","5","18","79.24701561065197","100.11600928074247"
"133","85","1","true","20","5","19","83.0119375573921","102.49433106575965"
"138","85","1","true","20","5","10","49.03581267217631","60.20293122886133"
"136","85","1","true","20","5","13","60.69788797061524","76.59327925840093"
"132","85","1","true","20","5","17","78.14508723599633","98.38150289017341"
"139","85","1","true","20","5","1","6.6115702479338845","8.352668213457076"
"138","85","1","true","20","5","11","54.269972451790636","66.62908680947012"
"135","85","1","true","20","5","19","80.62442607897154","101.85614849187937"
"133","85","1","true","20","5","20","83.37924701561064","102.94784580498866"
"140","85","1","true","20","5","1","6.887052341597796","8.640552995391705"
"71","55","1","true","20","5","225","89.99081726354453","172.8395061728395"
"139","85","1","true","20","5","2","10.651974288337925","13.45707656612529"
"138","85","1","true","20","5","12","59.32047750229569","72.82976324689966"
"132","85","1","true","20","5","18","80.53259871441689","101.38728323699422"
"135","85","1","true","20","5","20","81.17539026629935","102.5522041763341"
"133","85","1","true","20","5","21","83.47107438016529","103.0612244897959"
"139","85","1","true","20","5","3","14.600550964187327","18.445475638051047"
"136","85","1","true","20","5","14","64.83011937557393","81.80764774044033"
"138","85","1","true","20","5","13","64.2791551882461","78.91770011273958"
"140","85","1","true","20","5","2","9.82552800734619","12.327188940092165"
"135","85","1","true","20","5","21","81.35904499540864","102.78422273781902"
"71","55","1","true","20","5","226","90.08264462809917","173.015873015873"
"139","85","1","true","20","5","4","18.181818181818183","22.96983758700696"
"132","85","1","true","20","5","19","81.72635445362718","102.89017341040463"
"138","85","1","true","20","5","14","69.14600550964187","84.89289740698986"
"140","85","1","true","20","5","3","13.590449954086317","17.050691244239633"
"136","85","1","true","20","5","15","69.60514233241506","87.83314020857475"
"135","85","1","true","20","5","22","81.5426997245179","103.01624129930393"
"139","85","1","true","20","5","5","22.22222222222222","28.074245939675173"
"133","85","1","true","20","5","22","83.47107438016529","103.0612244897959"
"138","85","1","true","20","5","15","74.01285583103765","90.86809470124012"
"135","85","1","true","20","5","23","81.5426997245179","103.01624129930393"
"71","55","1","true","20","5","227","90.17447199265382","173.19223985890653"
"132","85","1","true","20","5","20","81.81818181818183","103.00578034682081"
"139","85","1","true","20","5","6","26.997245179063363","34.106728538283065"
"138","85","1","true","20","5","16","78.60422405876952","96.50507328072153"
"140","85","1","true","20","5","4","17.722681359044994","22.235023041474655"
"136","85","1","true","20","5","16","74.01285583103765","93.39513325608343"
"141","90","1","true","20","5","0","3.0303030303030303","3.5637149028077757"
"138","85","1","true","20","5","17","82.09366391184572","100.7891770011274"
"71","55","1","true","20","5","228","90.44995408631772","173.72134038800706"
"141","90","1","true","20","5","1","8.264462809917356","9.719222462203025"
"139","85","1","true","20","5","7","31.86409550045914","40.25522041763341"
"138","85","1","true","20","5","18","83.65472910927456","102.70574971815107"
"140","85","1","true","20","5","5","22.03856749311295","27.64976958525346"
"132","85","1","true","20","5","21","81.81818181818183","103.00578034682081"
"142","90","1","true","20","5","0","2.6629935720844813","3.1659388646288207"
"141","90","1","true","20","5","2","12.85583103764922","15.118790496760258"
"136","85","1","true","20","5","17","77.3186409550046","97.56662804171495"
"138","85","1","true","20","5","19","84.20569329660239","103.38218714768882"
"63","50","1","true","20","5","18","13.957759412304869","31.020408163265305"
"139","85","1","true","20","5","8","36.54729109274564","46.17169373549884"
"138","85","1","true","20","5","20","84.20569329660239","103.38218714768882"
"140","85","1","true","20","5","6","26.72176308539945","33.525345622119815"
"139","85","1","true","20","5","9","41.1386593204775","51.972157772621806"
"71","55","1","true","20","5","229","90.44995408631772","173.72134038800706"
"142","90","1","true","20","5","1","7.43801652892562","8.842794759825328"
"141","90","1","true","20","5","3","17.722681359044994","20.84233261339093"
"144","90","1","true","20","5","0","2.7548209366391188","3.2432432432432434"
"136","85","1","true","20","5","18","79.70615243342516","100.57937427578216"
"139","85","1","true","20","5","10","45.362718089990814","57.30858468677494"
"144","90","1","true","20","5","1","7.897153351698806","9.297297297297296"
"140","85","1","true","20","5","7","31.772268135904504","39.86175115207373"
"144","90","1","true","20","5","2","13.039485766758494","15.35135135135135"
"142","90","1","true","20","5","2","12.304866850321396","14.628820960698691"
"71","55","1","true","20","5","230","90.54178145087236","173.89770723104056"
"141","90","1","true","20","5","4","22.497704315886132","26.457883369330453"
"139","85","1","true","20","5","11","49.311294765840216","62.2969837587007"
"144","90","1","true","20","5","3","17.99816345270891","21.18918918918919"
"140","85","1","true","20","5","8","36.63911845730027","45.96774193548387"
"143","90","1","true","20","5","0","2.7548209366391188","3.264417845484222"
"136","85","1","true","20","5","19","81.17539026629935","102.43337195828505"
"139","85","1","true","20","5","12","53.351698806244265","67.4013921113689"
"142","90","1","true","20","5","3","17.355371900826448","20.633187772925766"
"139","85","1","true","20","5","13","58.1267217630854","73.4338747099768"
"71","55","1","true","20","5","231","90.54178145087236","173.89770723104056"
"142","90","1","true","20","5","4","22.405876951331496","26.637554585152838"
"140","85","1","true","20","5","9","41.41414141414141","51.95852534562212"
"136","85","1","true","20","5","20","81.45087235996327","102.78099652375434"
"144","90","1","true","20","5","4","22.95684113865932","27.027027027027028"
"143","90","1","true","20","5","1","7.80532598714417","9.249183895538629"
"139","85","1","true","20","5","14","63.45270890725436","80.16241299303944"
"144","90","1","true","20","5","5","28.007346189164373","32.972972972972975"
"71","55","1","true","20","5","232","90.54178145087236","173.89770723104056"
"144","90","1","true","20","5","6","33.057851239669425","38.91891891891892"
"142","90","1","true","20","5","5","27.180899908172634","32.314410480349345"
"139","85","1","true","20","5","15","68.2277318640955","86.19489559164734"
"136","85","1","true","20","5","21","81.45087235996327","102.78099652375434"
"144","90","1","true","20","5","7","37.83287419651056","44.54054054054054"
"142","90","1","true","20","5","6","32.231404958677686","38.318777292576414"
"141","90","1","true","20","5","5","27.45638200183655","32.289416846652266"
"140","85","1","true","20","5","10","46.28099173553719","58.06451612903226"
"144","90","1","true","20","5","8","42.69972451790633","50.27027027027027"
"139","85","1","true","20","5","16","72.910927456382","92.11136890951276"
"143","90","1","true","20","5","2","12.672176308539946","15.01632208922742"
"139","85","1","true","20","5","17","76.49219467401286","96.63573085846868"
"142","90","1","true","20","5","7","37.55739210284665","44.65065502183406"
"144","90","1","true","20","5","9","47.56657483930211","56.00000000000001"
"141","90","1","true","20","5","6","32.415059687786965","38.120950323974085"
"146","90","1","true","20","5","0","2.846648301193756","3.373231773667029"
"139","85","1","true","20","5","18","79.15518824609734","100"
"145","90","1","true","20","5","0","2.846648301193756","3.34051724137931"
"141","90","1","true","20","5","7","37.46556473829201","44.06047516198704"
"140","85","1","true","20","5","11","51.05601469237833","64.0552995391705"
"144","90","1","true","20","5","10","52.708907254361804","62.054054054054056"
"146","90","1","true","20","5","1","7.897153351698806","9.357997823721437"
"143","90","1","true","20","5","3","17.53902662993572","20.783460282916213"
"139","85","1","true","20","5","19","80.71625344352617","101.97215777262181"
"144","90","1","true","20","5","11","57.94306703397613","68.21621621621622"
"142","90","1","true","20","5","8","42.69972451790633","50.76419213973799"
"140","85","1","true","20","5","12","56.10651974288338","70.39170506912443"
"145","90","1","true","20","5","1","8.080808080808081","9.482758620689655"
"144","90","1","true","20","5","12","63.26905417814509","74.4864864864865"
"146","90","1","true","20","5","2","12.580348943985308","14.907508161044614"
"139","85","1","true","20","5","20","81.45087235996327","102.90023201856148"
"142","90","1","true","20","5","9","48.025711662075295","57.096069868995635"
"141","90","1","true","20","5","8","42.97520661157025","50.53995680345572"
"140","85","1","true","20","5","13","60.69788797061524","76.15207373271889"
"143","90","1","true","20","5","4","22.58953168044077","26.768226332970617"
"145","90","1","true","20","5","2","12.947658402203857","15.193965517241379"
"141","90","1","true","20","5","9","48.760330578512395","57.34341252699784"
"139","85","1","true","20","5","21","81.63452708907253","103.1322505800464"
"142","90","1","true","20","5","10","53.168044077134994","63.20960698689956"
"146","90","1","true","20","5","3","17.447199265381084","20.674646354733405"
"144","90","1","true","20","5","13","68.04407713498622","80.10810810810811"
"140","85","1","true","20","5","14","65.65656565656566","82.37327188940093"
"139","85","1","true","20","5","22","81.72635445362718","103.24825986078888"
"144","90","1","true","20","5","14","73.18640955004592","86.16216216216216"
"142","90","1","true","20","5","11","58.58585858585859","69.65065502183407"
"140","85","1","true","20","5","15","70.70707070707071","88.70967741935483"
"144","90","1","true","20","5","15","78.42056932966024","92.32432432432432"
"145","90","1","true","20","5","3","17.81450872359963","20.905172413793103"
"142","90","1","true","20","5","12","63.45270890725436","75.43668122270742"
"146","90","1","true","20","5","4","22.58953168044077","26.768226332970617"
"141","90","1","true","20","5","10","54.269972451790636","63.822894168466526"
"143","90","1","true","20","5","5","27.45638200183655","32.53536452665941"
"140","85","1","true","20","5","16","75.39026629935721","94.5852534562212"
"144","90","1","true","20","5","16","83.37924701561064","98.16216216216216"
"139","85","1","true","20","5","23","81.72635445362718","103.24825986078888"
"145","90","1","true","20","5","4","22.773186409550046","26.72413793103448"
"142","90","1","true","20","5","13","68.31955922865014","81.22270742358079"
"144","90","1","true","20","5","17","86.59320477502295","101.94594594594595"
"140","85","1","true","20","5","17","78.97153351698806","99.07834101382488"
"146","90","1","true","20","5","5","27.548209366391184","32.64417845484222"
"144","90","1","true","20","5","18","87.69513314967861","103.24324324324323"
"141","90","1","true","20","5","11","59.59595959595959","70.08639308855291"
"147","90","1","true","20","5","0","2.938475665748393","3.5164835164835164"
"145","90","1","true","20","5","5","27.823691460055095","32.650862068965516"
"142","90","1","true","20","5","14","72.72727272727273","86.46288209606988"
"143","90","1","true","20","5","6","32.231404958677686","38.193688792165396"
"140","85","1","true","20","5","18","81.17539026629935","101.84331797235022"
"144","90","1","true","20","5","19","87.69513314967861","103.24324324324323"
"147","90","1","true","20","5","1","7.897153351698806","9.45054945054945"
"141","90","1","true","20","5","12","64.55463728191","75.91792656587472"
"146","90","1","true","20","5","6","32.231404958677686","38.193688792165396"
"142","90","1","true","20","5","15","77.22681359044995","91.8122270742358"
"147","90","1","true","20","5","2","12.48852157943067","14.945054945054945"
"145","90","1","true","20","5","6","32.5068870523416","38.146551724137936"
"141","90","1","true","20","5","13","69.51331496786042","81.74946004319654"
"148","90","1","true","20","5","0","2.938475665748393","3.485838779956427"
"143","90","1","true","20","5","7","36.63911845730027","43.41675734494015"
"140","85","1","true","20","5","19","82.00183654729109","102.88018433179724"
"148","90","1","true","20","5","1","8.356290174471992","9.912854030501089"
"148","90","1","true","20","5","2","13.590449954086317","16.122004357298476"
"142","90","1","true","20","5","16","81.5426997245179","96.94323144104804"
"146","90","1","true","20","5","7","37.09825528007346","43.96082698585419"
"148","90","1","true","20","5","3","18.640955004591365","22.113289760348582"
"145","90","1","true","20","5","7","37.00642791551883","43.42672413793103"
"148","90","1","true","20","5","4","23.69146005509642","28.104575163398692"
"141","90","1","true","20","5","14","74.01285583103765","87.04103671706264"
"143","90","1","true","20","5","8","41.1386593204775","48.74863982589772"
"142","90","1","true","20","5","17","84.66483011937558","100.65502183406115"
"148","90","1","true","20","5","5","28.558310376492198","33.87799564270153"
"146","90","1","true","20","5","8","42.14876033057851","49.9455930359086"
"141","90","1","true","20","5","15","78.87970615243343","92.7645788336933"
"148","90","1","true","20","5","6","33.608815426997246","39.869281045751634"
"145","90","1","true","20","5","8","41.41414141414141","48.599137931034484"
"148","90","1","true","20","5","7","38.6593204775023","45.86056644880174"
"140","85","1","true","20","5","20","82.277318640955","103.2258064516129"
"142","90","1","true","20","5","18","86.22589531680441","102.5109170305677"
"141","90","1","true","20","5","16","83.19559228650138","97.8401727861771"
"147","90","1","true","20","5","3","17.53902662993572","20.98901098901099"
"143","90","1","true","20","5","9","46.18916437098255","54.73340587595212"
"148","90","1","true","20","5","8","44.16896235078053","52.39651416122004"
"146","90","1","true","20","5","9","47.2910927456382","56.03917301414582"
"140","85","1","true","20","5","21","82.46097337006428","103.45622119815667"
"148","90","1","true","20","5","9","49.127640036730945","58.27886710239652"
"142","90","1","true","20","5","19","86.77685950413223","103.16593886462881"
"145","90","1","true","20","5","9","46.5564738292011","54.633620689655174"
"141","90","1","true","20","5","17","85.9504132231405","101.07991360691145"
"148","90","1","true","20","5","10","54.729109274563825","64.92374727668845"
"141","90","1","true","20","5","18","87.41965105601469","102.80777537796976"
"148","90","1","true","20","5","11","59.77961432506888","70.91503267973856"
"142","90","1","true","20","5","20","86.77685950413223","103.16593886462881"
"146","90","1","true","20","5","10","52.249770431588615","61.915125136017416"
"145","90","1","true","20","5","10","51.69880624426079","60.668103448275865"
"140","85","1","true","20","5","22","82.55280073461891","103.57142857142858"
"141","90","1","true","20","5","19","87.87878787878788","103.34773218142547"
"148","90","1","true","20","5","12","64.2791551882461","76.25272331154684"
"143","90","1","true","20","5","10","50.872359963269055","60.28291621327529"
"148","90","1","true","20","5","13","69.51331496786042","82.46187363834423"
"147","90","1","true","20","5","4","22.405876951331496","26.813186813186814"
"146","90","1","true","20","5","11","57.20844811753902","67.79107725788901"
"140","85","1","true","20","5","23","82.55280073461891","103.57142857142858"
"148","90","1","true","20","5","14","74.47199265381084","88.34422657952071"
"147","90","1","true","20","5","5","26.997245179063363","32.30769230769231"
"148","90","1","true","20","5","15","79.52249770431588","94.33551198257081"
"146","90","1","true","20","5","12","62.16712580348944","73.6670293797606"
"147","90","1","true","20","5","6","31.496786042240586","37.69230769230769"
"141","90","1","true","20","5","20","87.87878787878788","103.34773218142547"
"148","90","1","true","20","5","16","83.7465564738292","99.34640522875817"
"149","90","1","true","20","5","0","2.3875114784205693","2.8353326063249726"
"147","90","1","true","20","5","7","36.17998163452709","43.2967032967033"
"149","90","1","true","20","5","1","6.519742883379247","7.742639040348964"
"143","90","1","true","20","5","11","56.014692378328746","66.37649619151252"
"148","90","1","true","20","5","17","86.04224058769513","102.06971677559913"
"145","90","1","true","20","5","11","57.116620752984396","67.02586206896551"
"148","90","1","true","20","5","18","86.9605142332415","103.15904139433552"
"147","90","1","true","20","5","8","41.41414141414141","49.56043956043956"
"149","90","1","true","20","5","2","11.662075298438934","13.849509269356597"
"146","90","1","true","20","5","13","67.40128558310377","79.86942328618063"
"150","90","1","true","20","5","0","3.0303030303030303","3.5869565217391304"
"147","90","1","true","20","5","9","46.5564738292011","55.714285714285715"
"148","90","1","true","20","5","19","87.14416896235078","103.37690631808279"
"143","90","1","true","20","5","12","61.24885215794307","72.57889009793253"
"148","90","1","true","20","5","20","87.23599632690542","103.48583877995642"
"145","90","1","true","20","5","12","62.71808999081726","73.59913793103449"
"150","90","1","true","20","5","1","8.81542699724518","10.434782608695652"
"147","90","1","true","20","5","10","51.69880624426079","61.86813186813187"
"148","90","1","true","20","5","21","87.23599632690542","103.48583877995642"
"149","90","1","true","20","5","3","16.712580348943984","19.84732824427481"
"147","90","1","true","20","5","11","56.74931129476584","67.91208791208791"
"143","90","1","true","20","5","13","66.57483930211203","78.89009793253537"
"146","90","1","true","20","5","14","72.54361799816346","85.96300326441785"
"150","90","1","true","20","5","2","13.86593204775023","16.413043478260867"
"149","90","1","true","20","5","4","21.30394857667585","25.29989094874591"
"145","90","1","true","20","5","13","67.95224977043158","79.74137931034483"
"149","90","1","true","20","5","5","25.987144168962352","30.861504907306436"
"147","90","1","true","20","5","12","61.15702479338842","73.18681318681318"
"149","90","1","true","20","5","6","30.57851239669421","36.31406761177753"
"146","90","1","true","20","5","15","77.68595041322314","92.05658324265505"
"143","90","1","true","20","5","14","71.53351698806244","84.76605005440696"
"147","90","1","true","20","5","13","66.39118457300276","79.45054945054945"
"150","90","1","true","20","5","3","18.91643709825528","22.39130434782609"
"149","90","1","true","20","5","7","35.26170798898072","41.87568157033806"
"145","90","1","true","20","5","14","73.09458218549128","85.77586206896551"
"147","90","1","true","20","5","14","71.44168962350781","85.49450549450549"
"143","90","1","true","20","5","15","76.76767676767676","90.96844396082699"
"149","90","1","true","20","5","8","40.22038567493113","47.76444929116685"
"146","90","1","true","20","5","16","82.09366391184572","97.27965179542981"
"147","90","1","true","20","5","15","76.5840220385675","91.64835164835165"
"145","90","1","true","20","5","15","78.51239669421489","92.13362068965517"
"150","90","1","true","20","5","4","24.150596877869603","28.586956521739133"
"147","90","1","true","20","5","16","81.26721763085399","97.25274725274726"
"143","90","1","true","20","5","16","81.72635445362718","96.84439608269858"
"63","50","1","true","20","5","19","14.416896235078053","32.04081632653061"
"146","90","1","true","20","5","17","85.58310376492194","101.41458106637648"
"149","90","1","true","20","5","9","46.005509641873275","54.63467829880043"
"147","90","1","true","20","5","17","84.57300275482093","101.20879120879121"
"150","90","1","true","20","5","5","28.92561983471074","34.23913043478261"
"145","90","1","true","20","5","16","83.65472910927456","98.16810344827587"
"143","90","1","true","20","5","17","85.12396694214877","100.87051142546247"
"147","90","1","true","20","5","18","86.04224058769513","102.96703296703296"
"149","90","1","true","20","5","10","51.2396694214876","60.85059978189749"
"150","90","1","true","20","5","6","33.51698806244261","39.67391304347826"
"147","90","1","true","20","5","19","86.40955004591369","103.40659340659342"
"146","90","1","true","20","5","18","87.14416896235078","103.26441784548422"
"149","90","1","true","20","5","11","56.84113865932048","67.50272628135224"
"145","90","1","true","20","5","17","86.86868686868688","101.9396551724138"
"147","90","1","true","20","5","20","86.40955004591369","103.40659340659342"
"149","90","1","true","20","5","12","62.25895316804407","73.93675027262813"
"143","90","1","true","20","5","18","86.77685950413223","102.829162132753"
"146","90","1","true","20","5","19","87.23599632690542","103.37323177366704"
"150","90","1","true","20","5","7","38.20018365472911","45.21739130434783"
"149","90","1","true","20","5","13","67.03397612488521","79.60741548527808"
"145","90","1","true","20","5","18","88.06244260789715","103.34051724137932"
"146","90","1","true","20","5","20","87.23599632690542","103.37323177366704"
"149","90","1","true","20","5","14","72.08448117539027","85.60523446019629"
"143","90","1","true","20","5","19","86.9605142332415","103.04678998911861"
"150","90","1","true","20","5","8","43.25068870523416","51.19565217391304"
"145","90","1","true","20","5","19","88.06244260789715","103.34051724137932"
"149","90","1","true","20","5","15","77.59412304866851","92.14830970556162"
"143","90","1","true","20","5","20","86.9605142332415","103.04678998911861"
"149","90","1","true","20","5","16","82.00183654729109","97.38276990185388"
"150","90","1","true","20","5","9","48.301193755739206","57.173913043478265"
"149","90","1","true","20","5","17","84.94031221303948","100.8724100327154"
"149","90","1","true","20","5","18","86.13406795224977","102.29007633587786"
"150","90","1","true","20","5","10","53.4435261707989","63.26086956521739"
"149","90","1","true","20","5","19","86.50137741046832","102.72628135223556"
"150","90","1","true","20","5","11","58.76951331496786","69.56521739130434"
"149","90","1","true","20","5","20","86.50137741046832","102.72628135223556"
"150","90","1","true","20","5","12","64.09550045913683","75.8695652173913"
"150","90","1","true","20","5","13","69.23783287419651","81.95652173913044"
"150","90","1","true","20","5","14","74.56382001836546","88.26086956521739"
"150","90","1","true","20","5","15","79.33884297520662","93.91304347826087"
"150","90","1","true","20","5","16","84.20569329660239","99.67391304347825"
"150","90","1","true","20","5","17","86.59320477502295","102.49999999999999"
"63","50","1","true","20","5","20","14.967860422405877","33.265306122448976"
"150","90","1","true","20","5","18","87.23599632690542","103.26086956521738"
"150","90","1","true","20","5","19","87.32782369146005","103.36956521739131"
"150","90","1","true","20","5","20","87.32782369146005","103.36956521739131"
"63","50","1","true","20","5","21","15.426997245179063","34.285714285714285"
"63","50","1","true","20","5","22","15.886134067952252","35.30612244897959"
"63","50","1","true","20","5","23","16.069788797061523","35.714285714285715"
"63","50","1","true","20","5","24","16.161616161616163","35.91836734693877"
"63","50","1","true","20","5","25","16.2534435261708","36.12244897959184"
"63","50","1","true","20","5","26","16.2534435261708","36.12244897959184"
