"BehaviorSpace results (NetLogo 7.0.4)","Table version 2.0"
"forestfire.nlogox"
"forest_fire_experiment8"
"10/01/2026 13:22:57:180 +0530"
"min-pxcor","max-pxcor","min-pycor","max-pycor"
"-16","16","-16","16"
"[run number]","density","regrowth-chance","firebreak?","regrowth-time","reignite-chance","[step]","percent-ever-burned","percent-initial-trees-burned"
"7","40","0","true","5","5","6","3.213957759412305","8.027522935779817"
"4","40","0","true","5","0","7","2.479338842975207","6.136363636363637"
"2","40","0","true","5","0","17","5.234159779614325","13.13364055299539"
"1","40","0","true","5","0","9","5.142332415059688","13.691931540342297"
"9","40","0","true","5","5","6","1.8365472910927456","4.77326968973747"
"13","40","0","true","5","25","6","3.213957759412305","8.951406649616368"
"12","40","0","true","5","25","7","4.132231404958678","10.975609756097562"
"10","40","0","true","5","5","7","5.142332415059688","14.583333333333334"
"11","40","0","true","5","25","7","4.40771349862259","11.566265060240964"
"5","40","0","true","5","0","17","6.42791551882461","17.24137931034483"
"8","40","0","true","5","5","9","4.499540863177227","11.922141119221411"
"14","40","0","true","5","25","7","5.234159779614325","14.540816326530612"
"15","40","0","true","5","25","11","7.621671258034894","20.544554455445542"
"16","40","0","true","5","100","19","9.274563820018365","25.31328320802005"
"22","40","0","true","25","0","8","6.703397612488522","18.25"
"17","40","0","true","5","100","18","7.897153351698806","21.23456790123457"
"23","40","0","true","25","0","10","6.519742883379247","17.27493917274939"
"20","40","0","true","5","100","6","2.6629935720844813","6.88836104513064"
"18","40","0","true","5","100","14","5.601469237832874","14.841849148418493"
"19","40","0","true","5","100","25","8.356290174471992","21.822541966426858"
"21","40","0","true","25","0","7","3.8567493112947657","10.096153846153847"
"26","40","0","true","25","5","9","3.6730945821854912","10.416666666666668"
"29","40","0","true","25","5","7","3.213957759412305","8.620689655172415"
"25","40","0","true","25","0","12","10.009182736455463","28.020565552699228"
"31","40","0","true","25","25","6","3.8567493112947657","9.79020979020979"
"27","40","0","true","25","5","6","3.1221303948576673","8.1145584725537"
"32","40","0","true","25","25","6","3.489439853076217","8.755760368663594"
"34","40","0","true","25","25","9","4.315886134067952","11.491442542787286"
"36","40","0","true","25","100","5","3.6730945821854912","9.828009828009828"
"28","40","0","true","25","5","10","7.621671258034894","20.293398533007334"
"33","40","0","true","25","25","9","5.05050505050505","14.030612244897958"
"40","40","0","true","25","100","4","1.9283746556473829","5.3708439897698215"
"38","40","0","true","25","100","10","5.968778696051423","16.883116883116884"
"6","40","0","true","5","5","32","8.356290174471992","22.195121951219512"
"30","40","0","true","25","5","12","5.325987144168963","13.551401869158877"
"24","40","0","true","25","0","6","3.6730945821854912","10.335917312661499"
"42","40","0","true","100","0","4","4.224058769513315","10.50228310502283"
"35","40","0","true","25","25","14","5.05050505050505","14.175257731958762"
"3","40","0","true","5","0","4","3.3057851239669422","8.866995073891626"
"39","40","0","true","25","100","16","5.968778696051423","15.776699029126215"
"41","40","0","true","100","0","19","6.519742883379247","17.48768472906404"
"45","40","0","true","100","0","9","3.489439853076217","9.382716049382717"
"49","40","0","true","100","5","4","2.938475665748393","7.862407862407863"
"44","40","0","true","100","0","17","9.366391184573002","25.061425061425062"
"46","40","0","true","100","5","11","3.6730945821854912","9.615384615384617"
"43","40","0","true","100","0","18","7.621671258034894","20.544554455445542"
"50","40","0","true","100","5","5","4.315886134067952","11.633663366336634"
"51","40","0","true","100","25","10","6.244260789715335","15.813953488372093"
"52","40","0","true","100","25","11","8.539944903581267","23.425692695214106"
"37","40","0","true","25","100","14","6.978879706152434","18.7192118226601"
"48","40","0","true","100","5","14","11.386593204775023","31.552162849872772"
"54","40","0","true","100","25","10","3.8567493112947657","10.579345088161208"
"53","40","0","true","100","25","8","4.40771349862259","11.881188118811881"
"55","40","0","true","100","25","10","7.07070707070707","18.160377358490564"
"58","40","0","true","100","100","13","3.3976124885215793","9.893048128342247"
"57","40","0","true","100","100","13","5.693296602387512","15.085158150851582"
"61","40","0","false","5","0","12","6.336088154269973","15.646258503401361"
"56","40","0","true","100","100","11","6.336088154269973","16.58653846153846"
"59","40","0","true","100","100","13","6.152433425160698","16.42156862745098"
"65","40","0","false","5","0","6","4.040404040404041","10.628019323671497"
"66","40","0","false","5","5","6","4.132231404958678","11.11111111111111"
"63","40","0","false","5","0","4","2.3875114784205693","6.103286384976526"
"62","40","0","false","5","0","8","3.948576675849403","9.930715935334874"
"68","40","0","false","5","5","15","5.693296602387512","14.761904761904763"
"69","40","0","false","5","5","9","3.8567493112947657","9.97624703087886"
"70","40","0","false","5","5","9","6.887052341597796","17.006802721088434"
"60","40","0","true","100","100","19","12.764003673094582","31.80778032036613"
"67","40","0","false","5","5","10","3.7649219467401287","10.073710073710075"
"73","40","0","false","5","25","10","5.601469237832874","14.38679245283019"
"74","40","0","false","5","25","9","6.0606060606060606","15.75178997613365"
"71","40","0","false","5","25","9","4.40771349862259","11.347517730496454"
"72","40","0","false","5","25","11","5.785123966942149","14.685314685314685"
"75","40","0","false","5","25","16","9.366391184573002","22.717149220489976"
"79","40","0","false","5","100","12","5.142332415059688","13.82716049382716"
"64","40","0","false","5","0","6","3.1221303948576673","7.852193995381063"
"76","40","0","false","5","100","10","8.907254361799815","22.24770642201835"
"83","40","0","false","25","0","6","4.499540863177227","11.583924349881796"
"82","40","0","false","25","0","6","4.866850321395775","13.054187192118228"
"80","40","0","false","5","100","9","4.866850321395775","13.118811881188119"
"78","40","0","false","5","100","29","12.396694214876034","31.3953488372093"
"77","40","0","false","5","100","15","4.866850321395775","13.086419753086421"
"84","40","0","false","25","0","14","10.376492194674013","25.623582766439913"
"87","40","0","false","25","5","9","5.234159779614325","13.25581395348837"
"89","40","0","false","25","5","8","6.978879706152434","18.67321867321867"
"86","40","0","false","25","5","13","6.42791551882461","17.326732673267326"
"93","40","0","false","25","25","6","2.846648301193756","7.654320987654321"
"81","40","0","false","25","0","13","7.988980716253444","20.092378752886837"
"90","40","0","false","25","5","5","2.1120293847566574","5.324074074074074"
"88","40","0","false","25","5","8","5.325987144168963","14.871794871794872"
"91","40","0","false","25","25","10","7.162534435261708","18.84057971014493"
"92","40","0","false","25","25","10","6.244260789715335","15.59633027522936"
"96","40","0","false","25","100","7","3.7649219467401287","10.049019607843137"
"97","40","0","false","25","100","5","4.224058769513315","11.031175059952037"
"95","40","0","false","25","25","13","9.45821854912764","24.700239808153476"
"85","40","0","false","25","0","20","10.1010101010101","24.60850111856823"
"98","40","0","false","25","100","8","3.7649219467401287","9.975669099756692"
"100","40","0","false","25","100","13","5.417814508723599","14.047619047619047"
"103","40","0","false","100","0","10","3.0303030303030303","7.710280373831775"
"104","40","0","false","100","0","8","5.234159779614325","13.970588235294118"
"105","40","0","false","100","0","9","4.591368227731864","11.312217194570136"
"94","40","0","false","25","25","8","5.601469237832874","13.406593406593407"
"101","40","0","false","100","0","18","5.601469237832874","14.454976303317535"
"102","40","0","false","100","0","18","6.978879706152434","18.225419664268586"
"107","40","0","false","100","5","18","6.703397612488522","16.82027649769585"
"110","40","0","false","100","5","3","1.7447199265381086","4.611650485436893"
"108","40","0","false","100","5","9","5.5096418732782375","14.705882352941178"
"109","40","0","false","100","5","8","4.40771349862259","12.18274111675127"
"112","40","0","false","100","25","6","2.6629935720844813","6.697459584295612"
"111","40","0","false","100","25","7","3.7649219467401287","9.975669099756692"
"114","40","0","false","100","25","17","7.80532598714417","18.93095768374165"
"115","40","0","false","100","25","13","7.162534435261708","18.13953488372093"
"116","40","0","false","100","100","11","5.785123966942149","15.035799522673033"
"117","40","0","false","100","100","10","3.948576675849403","10.141509433962264"
"118","40","0","false","100","100","12","8.264462809917356","19.693654266958426"
"99","40","0","false","25","100","21","8.907254361799815","23.15035799522673"
"106","40","0","false","100","5","11","5.142332415059688","13.30166270783848"
"120","40","0","false","100","100","11","3.6730945821854912","9.523809523809524"
"123","40","5","true","5","0","8","4.315886134067952","11.691542288557214"
"125","40","5","true","5","0","8","3.8567493112947657","10.44776119402985"
"119","40","0","false","100","100","25","9.274563820018365","22.799097065462753"
"126","40","5","true","5","5","8","4.132231404958678","11.479591836734695"
"113","40","0","false","100","25","13","10.376492194674013","25.16703786191537"
"127","40","5","true","5","5","9","4.866850321395775","13.118811881188119"
"128","40","5","true","5","5","6","2.7548209366391188","7.317073170731707"
"130","40","5","true","5","5","8","4.866850321395775","13.65979381443299"
"129","40","5","true","5","5","13","4.866850321395775","13.451776649746192"
"131","40","5","true","5","25","12","3.6730945821854912","9.501187648456057"
"122","40","5","true","5","0","5","4.040404040404041","10.918114143920596"
"137","40","5","true","5","100","9","4.683195592286501","12.259615384615383"
"124","40","5","true","5","0","51","88.88888888888889","243.21608040201005"
"47","40","0","true","100","5","11","4.499540863177227","11.161731207289293"
"135","40","5","true","5","25","79","97.0615243342516","264.91228070175436"
"141","40","5","true","25","0","5","3.948576675849403","10.311750599520384"
"133","40","5","true","5","25","131","99.72451790633609","270.8229426433915"
"142","40","5","true","25","0","6","3.948576675849403","10.093896713615024"
"143","40","5","true","25","0","5","1.7447199265381086","4.600484261501211"
"145","40","5","true","25","0","6","3.6730945821854912","10.025062656641603"
"144","40","5","true","25","0","21","8.356290174471992","22.413793103448278"
"146","40","5","true","25","5","9","6.152433425160698","15.914489311163896"
"147","40","5","true","25","5","15","4.775022956841139","12.560386473429952"
"149","40","5","true","25","5","8","5.142332415059688","14.249363867684478"
"150","40","5","true","25","5","12","7.621671258034894","20.145631067961165"
"148","40","5","true","25","5","5","2.0202020202020203","5.597964376590331"
"152","40","5","true","25","25","7","5.601469237832874","15.326633165829145"
"151","40","5","true","25","25","18","4.775022956841139","13.299232736572892"
"153","40","5","true","25","25","9","6.703397612488522","17.548076923076923"
"154","40","5","true","25","25","12","6.336088154269973","16.911764705882355"
"156","40","5","true","25","100","12","9.274563820018365","25"
"157","40","5","true","25","100","11","6.336088154269973","16.666666666666664"
"158","40","5","true","25","100","14","8.080808080808081","21.002386634844868"
"155","40","5","true","25","25","22","10.284664830119375","26.046511627906977"
"160","40","5","true","25","100","11","7.3461891643709825","19.002375296912113"
"159","40","5","true","25","100","29","12.029384756657484","32.75"
"161","40","5","true","100","0","15","8.080808080808081","22.448979591836736"
"140","40","5","true","5","100","9","4.224058769513315","11.73469387755102"
"163","40","5","true","100","0","8","4.40771349862259","11.707317073170733"
"162","40","5","true","100","0","12","7.162534435261708","19.597989949748744"
"166","40","5","true","100","5","6","3.1221303948576673","8.232445520581114"
"167","40","5","true","100","5","8","4.775022956841139","11.899313501144166"
"168","40","5","true","100","5","9","3.3057851239669422","7.9120879120879115"
"169","40","5","true","100","5","6","4.224058769513315","10.926365795724466"
"165","40","5","true","100","0","34","11.294765840220386","28.671328671328673"
"170","40","5","true","100","5","11","5.876951331496786","16.120906801007557"
"172","40","5","true","100","25","6","3.213957759412305","8.75"
"173","40","5","true","100","25","6","3.581267217630854","9.75"
"174","40","5","true","100","25","4","2.846648301193756","7.328605200945626"
"175","40","5","true","100","25","12","6.6115702479338845","16.9811320754717"
"171","40","5","true","100","25","18","7.7134986225895315","20.14388489208633"
"177","40","5","true","100","100","19","8.999081726354454","22.58064516129032"
"178","40","5","true","100","100","4","1.7447199265381086","5.039787798408488"
"176","40","5","true","100","100","21","9.550045913682277","23.74429223744292"
"179","40","5","true","100","100","14","10.1010101010101","27.77777777777778"
"180","40","5","true","100","100","4","2.846648301193756","7.788944723618091"
"182","40","5","false","5","0","18","7.529843893480257","18.937644341801384"
"183","40","5","false","5","0","49","88.1542699724518","206.89655172413794"
"184","40","5","false","5","0","12","6.6115702479338845","17.51824817518248"
"134","40","5","true","5","25","500","100","262.4096385542169"
"185","40","5","false","5","0","6","3.581267217630854","9.82367758186398"
"186","40","5","false","5","5","11","4.040404040404041","10.576923076923077"
"188","40","5","false","5","5","7","5.325987144168963","13.004484304932735"
"121","40","5","true","5","0","500","100","268.8888888888889"
"164","40","5","true","100","0","13","5.785123966942149","15.47911547911548"
"190","40","5","false","5","5","16","7.80532598714417","19.362186788154897"
"189","40","5","false","5","5","500","100","249.19908466819223"
"193","40","5","false","5","25","8","5.234159779614325","13.93643031784841"
"132","40","5","true","5","25","500","100","259.2857142857143"
"195","40","5","false","5","25","6","2.479338842975207","6.206896551724138"
"139","40","5","true","5","100","500","100","252.66821345707658"
"187","40","5","false","5","5","500","100","248.0637813211845"
"197","40","5","false","5","100","5","1.4692378328741964","3.827751196172249"
"198","40","5","false","5","100","41","81.91000918273646","220.2469135802469"
"136","40","5","true","5","100","500","100","298.35616438356163"
"201","40","5","false","25","0","11","8.999081726354454","21.826280623608017"
"200","40","5","false","5","100","55","81.26721763085399","203.91705069124427"
"203","40","5","false","25","0","6","3.7649219467401287","10.024449877750612"
"204","40","5","false","25","0","7","3.948576675849403","10.287081339712918"
"202","40","5","false","25","0","12","4.40771349862259","11.678832116788321"
"205","40","5","false","25","0","10","6.244260789715335","16.037735849056602"
"207","40","5","false","25","5","8","4.683195592286501","11.971830985915492"
"138","40","5","true","5","100","500","100","290.4"
"208","40","5","false","25","5","12","4.683195592286501","12.5"
"206","40","5","false","25","5","10","5.234159779614325","13.163972286374134"
"210","40","5","false","25","5","9","7.80532598714417","20.286396181384248"
"212","40","5","false","25","25","17","5.601469237832874","14.153132250580047"
"211","40","5","false","25","25","11","4.958677685950414","12.796208530805686"
"213","40","5","false","25","25","14","7.7134986225895315","20.947630922693268"
"215","40","5","false","25","25","14","7.621671258034894","19.437939110070257"
"216","40","5","false","25","100","9","4.775022956841139","11.479028697571744"
"209","40","5","false","25","5","25","12.85583103764922","31.180400890868597"
"214","40","5","false","25","25","10","4.591368227731864","11.904761904761903"
"217","40","5","false","25","100","11","5.325987144168963","13.908872901678656"
"194","40","5","false","5","25","500","100","277.09923664122135"
"199","40","5","false","5","100","117","99.63269054178146","241.64810690423164"
"220","40","5","false","25","100","9","5.876951331496786","15.802469135802468"
"221","40","5","false","100","0","10","6.42791551882461","16.50943396226415"
"218","40","5","false","25","100","7","5.234159779614325","14.004914004914005"
"224","40","5","false","100","0","5","3.6730945821854912","9.216589861751153"
"226","40","5","false","100","5","5","3.489439853076217","8.775981524249422"
"223","40","5","false","100","0","10","6.42791551882461","15.837104072398189"
"219","40","5","false","25","100","15","6.703397612488522","16.62870159453303"
"222","40","5","false","100","0","9","4.499540863177227","11.922141119221411"
"227","40","5","false","100","5","6","3.6730945821854912","9.900990099009901"
"225","40","5","false","100","0","7","6.7952249770431585","16.55480984340045"
"228","40","5","false","100","5","22","9.090909090909092","22.602739726027394"
"231","40","5","false","100","25","21","9.366391184573002","22.516556291390728"
"230","40","5","false","100","5","11","7.80532598714417","19.187358916478555"
"229","40","5","false","100","5","11","5.142332415059688","12.873563218390805"
"234","40","5","false","100","25","10","6.519742883379247","16.824644549763033"
"233","40","5","false","100","25","22","9.82552800734619","24.76851851851852"
"232","40","5","false","100","25","20","7.7134986225895315","20.437956204379564"
"236","40","5","false","100","100","9","6.152433425160698","16.543209876543212"
"237","40","5","false","100","100","35","17.63085399449036","42.01312910284464"
"235","40","5","false","100","25","17","5.601469237832874","14.523809523809526"
"238","40","5","false","100","100","23","10.560146923783286","28.967254408060455"
"240","40","5","false","100","100","8","4.040404040404041","10.232558139534884"
"243","40","25","true","5","0","6","3.7649219467401287","10.25"
"239","40","5","false","100","100","12","4.40771349862259","11.11111111111111"
"241","40","25","true","5","0","39","99.2653810835629","250.8120649651972"
"242","40","25","true","5","0","42","99.44903581267218","247.82608695652172"
"246","40","25","true","5","5","27","99.17355371900827","258.3732057416268"
"191","40","5","false","5","25","10","7.43801652892562","18.793503480278424"
"181","40","5","false","5","0","500","100","265.609756097561"
"247","40","25","true","5","5","500","100","266.9117647058823"
"192","40","5","false","5","25","500","100","251.50115473441107"
"245","40","25","true","5","0","500","100","261.7788461538462"
"252","40","25","true","5","25","500","100","262.4096385542169"
"255","40","25","true","5","25","39","99.35720844811755","286.2433862433862"
"196","40","5","false","5","100","500","100","248.0637813211845"
"251","40","25","true","5","25","500","100","263.680387409201"
"258","40","25","true","5","100","6","3.7649219467401287","10.25"
"256","40","25","true","5","100","500","100","264.3203883495146"
"260","40","25","true","5","100","46","100","281.3953488372093"
"261","40","25","true","25","0","13","5.693296602387512","14.797136038186157"
"262","40","25","true","25","0","12","8.907254361799815","22.24770642201835"
"263","40","25","true","25","0","14","6.703397612488522","18.295739348370926"
"264","40","25","true","25","0","15","8.44811753902663","21.445221445221446"
"265","40","25","true","25","0","7","5.05050505050505","13.285024154589372"
"266","40","25","true","25","5","6","5.05050505050505","13.064133016627078"
"254","40","25","true","5","25","500","100","267.5675675675676"
"267","40","25","true","25","5","94","100","257.4468085106383"
"268","40","25","true","25","5","10","4.591368227731864","13.966480446927374"
"270","40","25","true","25","5","9","4.958677685950414","13.77551020408163"
"271","40","25","true","25","25","17","5.693296602387512","14.187643020594965"
"272","40","25","true","25","25","11","4.591368227731864","12.468827930174564"
"273","40","25","true","25","25","12","5.693296602387512","15.196078431372548"
"274","40","25","true","25","25","8","6.7952249770431585","18.5"
"249","40","25","true","5","5","500","100","263.680387409201"
"275","40","25","true","25","25","11","5.876951331496786","15.238095238095239"
"269","40","25","true","25","5","162","100","264.3203883495146"
"277","40","25","true","25","100","20","10.009182736455463","24.94279176201373"
"248","40","25","true","5","5","500","100","267.5675675675676"
"279","40","25","true","25","100","10","7.897153351698806","21.287128712871286"
"276","40","25","true","25","100","15","5.142332415059688","13.333333333333334"
"281","40","25","true","100","0","10","7.254361799816346","18.67612293144208"
"280","40","25","true","25","100","12","6.0606060606060606","16.019417475728158"
"283","40","25","true","100","0","17","7.988980716253444","21.16788321167883"
"278","40","25","true","25","100","49","98.34710743801654","276.03092783505156"
"284","40","25","true","100","0","7","4.958677685950414","12.5"
"285","40","25","true","100","0","6","4.591368227731864","12.40694789081886"
"286","40","25","true","100","5","8","3.581267217630854","9.798994974874372"
"289","40","25","true","100","5","11","3.6730945821854912","9.852216748768473"
"288","40","25","true","100","5","18","5.968778696051423","16.290726817042607"
"290","40","25","true","100","5","14","4.224058769513315","11.6751269035533"
"287","40","25","true","100","5","14","6.0606060606060606","16.377171215880892"
"292","40","25","true","100","25","10","6.0606060606060606","17.098445595854923"
"291","40","25","true","100","25","27","9.090909090909092","24.264705882352942"
"294","40","25","true","100","25","9","4.040404040404041","11.609498680738787"
"295","40","25","true","100","25","9","5.142332415059688","13.023255813953488"
"244","40","25","true","5","0","500","100","261.7788461538462"
"296","40","25","true","100","100","14","6.887052341597796","19.5822454308094"
"299","40","25","true","100","100","6","3.7649219467401287","10"
"293","40","25","true","100","25","20","8.356290174471992","22.524752475247524"
"297","40","25","true","100","100","13","4.499540863177227","11.36890951276102"
"298","40","25","true","100","100","6","4.866850321395775","13.383838383838384"
"300","40","25","true","100","100","38","10.835629017447198","28.710462287104622"
"282","40","25","true","100","0","12","5.968778696051423","16.129032258064516"
"253","40","25","true","5","25","500","100","260.5263157894737"
"306","40","25","false","5","5","7","5.5096418732782375","14.527845036319611"
"305","40","25","false","5","0","39","99.35720844811755","245.9090909090909"
"304","40","25","false","5","0","500","100","248.0637813211845"
"302","40","25","false","5","0","500","100","266.2591687041565"
"310","40","25","false","5","5","31","98.89807162534436","238.27433628318585"
"259","40","25","true","5","100","500","100","263.04347826086956"
"257","40","25","true","5","100","500","100","276.3959390862944"
"307","40","25","false","5","5","500","100","261.7788461538462"
"309","40","25","false","5","5","500","100","244.7191011235955"
"301","40","25","false","5","0","500","100","243.6241610738255"
"303","40","25","false","5","0","500","100","269.55445544554453"
"308","40","25","false","5","5","500","100","276.3959390862944"
"311","40","25","false","5","25","500","100","255.03512880562062"
"315","40","25","false","5","25","500","100","255.03512880562062"
"320","40","25","false","5","100","5","2.203856749311295","5.853658536585367"
"312","40","25","false","5","25","500","100","258.6698337292161"
"321","40","25","false","25","0","13","5.142332415059688","12.903225806451612"
"322","40","25","false","25","0","5","3.6730945821854912","9.876543209876543"
"323","40","25","false","25","0","7","4.591368227731864","12.048192771084338"
"324","40","25","false","25","0","7","2.6629935720844813","7.038834951456311"
"325","40","25","false","25","0","18","4.866850321395775","12.100456621004566"
"327","40","25","false","25","5","15","6.152433425160698","15.764705882352942"
"326","40","25","false","25","5","12","8.539944903581267","20.575221238938052"
"328","40","25","false","25","5","6","5.601469237832874","14.878048780487804"
"330","40","25","false","25","5","6","2.571166207529844","6.71462829736211"
"329","40","25","false","25","5","8","6.978879706152434","17.391304347826086"
"331","40","25","false","25","25","12","6.0606060606060606","14.132762312633835"
"333","40","25","false","25","25","20","5.325987144168963","13.711583924349883"
"332","40","25","false","25","25","11","5.325987144168963","13.647058823529413"
"334","40","25","false","25","25","12","5.785123966942149","15.254237288135593"
"336","40","25","false","25","100","53","99.2653810835629","259.8557692307692"
"335","40","25","false","25","25","56","98.5307621671258","254.26540284360192"
"337","40","25","false","25","100","10","5.968778696051423","15.011547344110854"
"338","40","25","false","25","100","12","7.7134986225895315","19.090909090909093"
"339","40","25","false","25","100","17","4.315886134067952","11.352657004830919"
"341","40","25","false","100","0","14","7.254361799816346","18.67612293144208"
"340","40","25","false","25","100","15","9.45821854912764","24.178403755868544"
"342","40","25","false","100","0","21","9.82552800734619","24.941724941724942"
"343","40","25","false","100","0","11","3.948576675849403","10.436893203883495"
"344","40","25","false","100","0","8","3.3976124885215793","8.624708624708624"
"346","40","25","false","100","5","10","4.958677685950414","13.138686131386862"
"345","40","25","false","100","0","14","6.6115702479338845","16.74418604651163"
"347","40","25","false","100","5","18","11.84573002754821","30.935251798561154"
"349","40","25","false","100","5","9","7.897153351698806","19.23937360178971"
"348","40","25","false","100","5","10","3.581267217630854","9.397590361445783"
"350","40","25","false","100","5","7","3.6730945821854912","9.975062344139651"
"352","40","25","false","100","25","9","3.948576675849403","10.617283950617285"
"353","40","25","false","100","25","13","7.3461891643709825","18.39080459770115"
"351","40","25","false","100","25","23","8.723599632690542","21.300448430493272"
"354","40","25","false","100","25","30","9.917355371900827","26.024096385542165"
"355","40","25","false","100","25","13","4.40771349862259","11.793611793611793"
"356","40","25","false","100","100","24","7.07070707070707","19.298245614035086"
"358","40","25","false","100","100","20","7.529843893480257","19.069767441860467"
"359","40","25","false","100","100","14","4.866850321395775","12.296983758700696"
"360","40","25","false","100","100","15","8.631772268135904","22.11764705882353"
"313","40","25","false","5","25","500","100","279.2307692307692"
"319","40","25","false","5","100","500","100","252.66821345707658"
"316","40","25","false","5","100","500","100","256.2352941176471"
"357","40","25","false","100","100","13","5.142332415059688","13.82716049382716"
"314","40","25","false","5","25","500","100","258.6698337292161"
"317","40","25","false","5","100","500","100","246.38009049773757"
"361","40","100","true","5","0","500","100","252.08333333333334"
"363","40","100","true","5","0","500","100","275"
"369","40","100","true","5","5","5","3.581267217630854","9.24170616113744"
"318","40","25","false","5","100","500","100","245.82392776523702"
"364","40","100","true","5","0","500","100","261.7788461538462"
"368","40","100","true","5","5","500","100","268.8888888888889"
"373","40","100","true","5","25","5","5.142332415059688","13.930348258706468"
"370","40","100","true","5","5","500","100","277.09923664122135"
"366","40","100","true","5","5","500","100","249.77064220183487"
"362","40","100","true","5","0","500","100","255.6338028169014"
"367","40","100","true","5","5","500","100","270.8955223880597"
"365","40","100","true","5","0","500","100","265.609756097561"
"372","40","100","true","5","25","500","100","266.9117647058823"
"371","40","100","true","5","25","500","100","250.92165898617515"
"381","40","100","true","25","0","16","8.264462809917356","22.388059701492537"
"374","40","100","true","5","25","500","100","262.4096385542169"
"383","40","100","true","25","0","8","4.958677685950414","12.705882352941176"
"382","40","100","true","25","0","15","6.519742883379247","17.359413202933986"
"384","40","100","true","25","0","7","3.0303030303030303","8.375634517766498"
"385","40","100","true","25","0","4","2.203856749311295","6.282722513089005"
"375","40","100","true","5","25","500","100","261.7788461538462"
"387","40","100","true","25","5","7","6.6115702479338845","17.647058823529413"
"386","40","100","true","25","5","13","5.5096418732782375","13.88888888888889"
"388","40","100","true","25","5","14","5.325987144168963","14.215686274509803"
"390","40","100","true","25","5","16","4.224058769513315","11.057692307692307"
"389","40","100","true","25","5","15","8.723599632690542","22.511848341232227"
"391","40","100","true","25","25","14","5.5096418732782375","15.18987341772152"
"392","40","100","true","25","25","9","3.0303030303030303","8.16831683168317"
"395","40","100","true","25","25","6","3.0303030303030303","8.661417322834646"
"393","40","100","true","25","25","8","3.948576675849403","10.565110565110565"
"394","40","100","true","25","25","17","9.090909090909092","24.324324324324326"
"396","40","100","true","25","100","6","3.3057851239669422","9.498680738786279"
"399","40","100","true","25","100","10","6.244260789715335","16.113744075829384"
"398","40","100","true","25","100","23","13.498622589531681","34.345794392523366"
"397","40","100","true","25","100","10","6.244260789715335","16.152019002375297"
"401","40","100","true","100","0","5","2.846648301193756","7.294117647058823"
"402","40","100","true","100","0","7","4.040404040404041","10.81081081081081"
"400","40","100","true","25","100","14","5.417814508723599","14.5679012345679"
"404","40","100","true","100","0","5","3.489439853076217","9.382716049382717"
"403","40","100","true","100","0","11","3.213957759412305","9.114583333333332"
"406","40","100","true","100","5","8","4.499540863177227","12.894736842105264"
"405","40","100","true","100","0","24","6.887052341597796","19.480519480519483"
"407","40","100","true","100","5","21","7.162534435261708","19.948849104859335"
"410","40","100","true","100","5","8","5.968778696051423","14.73922902494331"
"408","40","100","true","100","5","14","5.785123966942149","15.441176470588236"
"409","40","100","true","100","5","16","8.356290174471992","22.63681592039801"
"413","40","100","true","100","25","8","4.591368227731864","11.848341232227488"
"414","40","100","true","100","25","9","4.591368227731864","12.31527093596059"
"411","40","100","true","100","25","23","5.417814508723599","14.532019704433496"
"412","40","100","true","100","25","16","7.3461891643709825","18.39080459770115"
"415","40","100","true","100","25","6","3.6730945821854912","10.204081632653061"
"416","40","100","true","100","100","9","4.040404040404041","11.488250652741515"
"419","40","100","true","100","100","8","4.040404040404041","11.139240506329113"
"418","40","100","true","100","100","20","9.182736455463727","23.923444976076556"
"420","40","100","true","100","100","15","6.887052341597796","17.985611510791365"
"417","40","100","true","100","100","24","11.11111111111111","28.337236533957842"
"376","40","100","true","5","100","500","100","262.4096385542169"
"378","40","100","true","5","100","500","100","268.22660098522164"
"377","40","100","true","5","100","500","100","268.8888888888889"
"379","40","100","true","5","100","500","100","284.3342036553525"
"421","40","100","false","5","0","500","100","263.04347826086956"
"380","40","100","true","5","100","500","100","268.8888888888889"
"422","40","100","false","5","0","500","100","265.609756097561"
"429","40","100","false","5","5","6","2.7548209366391188","6.960556844547564"
"425","40","100","false","5","0","500","100","243.08035714285717"
"426","40","100","false","5","5","500","100","247.5"
"424","40","100","false","5","0","500","100","256.83962264150944"
"423","40","100","false","5","0","500","100","263.680387409201"
"428","40","100","false","5","5","500","100","242.53897550111358"
"427","40","100","false","5","5","500","100","249.19908466819223"
"431","40","100","false","5","25","500","100","269.55445544554453"
"430","40","100","false","5","5","500","100","257.4468085106383"
"439","40","100","false","5","100","6","4.315886134067952","11.298076923076923"
"435","40","100","false","5","25","500","100","259.9045346062053"
"441","40","100","false","25","0","4","2.203856749311295","6.0606060606060606"
"432","40","100","false","5","25","500","100","253.25581395348834"
"442","40","100","false","25","0","12","4.132231404958678","10.869565217391305"
"443","40","100","false","25","0","4","2.6629935720844813","7.512953367875648"
"445","40","100","false","25","0","18","8.356290174471992","20.776255707762555"
"444","40","100","false","25","0","18","8.356290174471992","21.41176470588235"
"446","40","100","false","25","5","4","2.7548209366391188","7.0754716981132075"
"447","40","100","false","25","5","8","4.958677685950414","13.466334164588527"
"448","40","100","false","25","5","7","6.336088154269973","17.829457364341085"
"449","40","100","false","25","5","10","2.846648301193756","6.950672645739911"
"450","40","100","false","25","5","9","4.866850321395775","12.529550827423167"
"451","40","100","false","25","25","12","9.45821854912764","23.787528868360276"
"452","40","100","false","25","25","9","5.785123966942149","14.719626168224298"
"453","40","100","false","25","25","13","6.7952249770431585","18.829516539440203"
"454","40","100","false","25","25","7","4.40771349862259","11.1368909512761"
"433","40","100","false","5","25","500","100","246.38009049773757"
"456","40","100","false","25","100","12","5.05050505050505","13.414634146341465"
"434","40","100","false","5","25","500","100","265.609756097561"
"436","40","100","false","5","100","500","100","257.4468085106383"
"455","40","100","false","25","25","19","5.785123966942149","15.291262135922329"
"457","40","100","false","25","100","8","3.7649219467401287","10.539845758354756"
"460","40","100","false","25","100","11","8.907254361799815","22.298850574712645"
"458","40","100","false","25","100","18","8.356290174471992","21.875"
"461","40","100","false","100","0","16","7.529843893480257","20.098039215686274"
"463","40","100","false","100","0","10","6.42791551882461","16.587677725118482"
"464","40","100","false","100","0","6","4.224058769513315","10.74766355140187"
"462","40","100","false","100","0","11","7.3461891643709825","18.912529550827422"
"467","40","100","false","100","5","9","5.142332415059688","13.526570048309178"
"466","40","100","false","100","5","22","5.968778696051423","16.49746192893401"
"465","40","100","false","100","0","14","8.631772268135904","22.815533980582526"
"468","40","100","false","100","5","10","4.591368227731864","11.682242990654206"
"470","40","100","false","100","5","7","3.3057851239669422","8.530805687203792"
"469","40","100","false","100","5","12","5.325987144168963","13.77672209026128"
"473","40","100","false","100","25","6","5.693296602387512","14.975845410628018"
"471","40","100","false","100","25","8","4.591368227731864","11.82033096926714"
"475","40","100","false","100","25","9","6.887052341597796","17.441860465116278"
"474","40","100","false","100","25","12","6.244260789715335","15.813953488372093"
"472","40","100","false","100","25","7","6.0606060606060606","15.75178997613365"
"477","40","100","false","100","100","20","10.651974288337925","27.230046948356808"
"479","40","100","false","100","100","6","2.938475665748393","8.020050125313283"
"476","40","100","false","100","100","17","8.907254361799815","24.00990099009901"
"480","40","100","false","100","100","15","8.172635445362717","21.44578313253012"
"478","40","100","false","100","100","27","8.080808080808081","23.218997361477573"
"483","50","0","true","5","0","30","13.314967860422405","28.543307086614174"
"481","50","0","true","5","0","17","10.743801652892563","23.031496062992126"
"485","50","0","true","5","0","25","21.028466483011936","44.03846153846154"
"484","50","0","true","5","0","37","19.375573921028465","38.36363636363636"
"482","50","0","true","5","0","44","19.65105601469238","42.04322200392927"
"487","50","0","true","5","5","23","11.11111111111111","23.6328125"
"486","50","0","true","5","5","34","20.477502295684115","43.21705426356589"
"459","40","100","false","25","100","7","4.958677685950414","13.043478260869565"
"490","50","0","true","5","5","20","16.161616161616163","34.577603143418465"
"493","50","0","true","5","25","10","6.978879706152434","15.833333333333332"
"488","50","0","true","5","5","31","19.00826446280992","40.19417475728155"
"489","50","0","true","5","5","25","20.110192837465565","43.538767395626245"
"491","50","0","true","5","25","18","13.957759412304869","30.039525691699602"
"492","50","0","true","5","25","24","14.967860422405877","30.812854442344044"
"494","50","0","true","5","25","32","25.895316804407713","54.440154440154444"
"495","50","0","true","5","25","26","28.833792470156105","62.301587301587304"
"497","50","0","true","5","100","22","13.131313131313133","29.065040650406505"
"499","50","0","true","5","100","30","20.56932966023875","43.24324324324324"
"496","50","0","true","5","100","36","28.191000918273645","58.034026465028354"
"502","50","0","true","25","0","10","10.651974288337925","22.789783889980352"
"498","50","0","true","5","100","30","22.865013774104685","46.36871508379888"
"504","50","0","true","25","0","26","14.325068870523417","31.451612903225808"
"501","50","0","true","25","0","36","10.376492194674013","22.6"
"500","50","0","true","5","100","57","21.94674012855831","45.87332053742802"
"503","50","0","true","25","0","28","20.293847566574836","42.17557251908397"
"505","50","0","true","25","0","18","8.81542699724518","18.568665377176018"
"506","50","0","true","25","5","27","19.742883379247015","43.6105476673428"
"507","50","0","true","25","5","19","16.712580348943984","34.66666666666667"
"511","50","0","true","25","25","29","20.56932966023875","45.52845528455284"
"508","50","0","true","25","5","22","15.702479338842975","32.38636363636363"
"513","50","0","true","25","25","14","14.600550964187327","31.485148514851485"
"509","50","0","true","25","5","25","20.56932966023875","45.07042253521127"
"510","50","0","true","25","5","21","21.21212121212121","43.667296786389414"
"514","50","0","true","25","25","9","6.0606060606060606","13.750000000000002"
"515","50","0","true","25","25","17","13.131313131313133","28.888888888888886"
"519","50","0","true","25","100","20","28.558310376492198","59.35114503816794"
"518","50","0","true","25","100","25","23.415977961432507","51.204819277108435"
"517","50","0","true","25","100","20","15.426997245179063","33.201581027667984"
"520","50","0","true","25","100","15","15.61065197428834","32.38095238095238"
"516","50","0","true","25","100","28","19.28374655647383","38.88888888888889"
"512","50","0","true","25","25","43","19.100091827364555","41.269841269841265"
"523","50","0","true","100","0","18","17.17171717171717","34.88805970149254"
"526","50","0","true","100","5","17","13.039485766758494","28.68686868686869"
"522","50","0","true","100","0","26","25.987144168962352","55.490196078431374"
"521","50","0","true","100","0","40","10.743801652892563","23.78048780487805"
"527","50","0","true","100","5","14","8.44811753902663","18.217821782178216"
"525","50","0","true","100","0","21","13.498622589531681","30.184804928131413"
"530","50","0","true","100","5","21","11.662075298438934","26.07802874743326"
"528","50","0","true","100","5","22","16.62075298438935","35.009671179883945"
"524","50","0","true","100","0","55","25.068870523415974","50.93283582089553"
"532","50","0","true","100","25","30","19.100091827364555","41.68336673346693"
"529","50","0","true","100","5","37","28.46648301193756","61.1439842209073"
"531","50","0","true","100","25","27","17.99816345270891","37.83783783783784"
"536","50","0","true","100","100","17","15.151515151515152","32.67326732673268"
"535","50","0","true","100","25","38","30.945821854912765","63.34586466165414"
"440","40","100","false","5","100","500","100","246.38009049773757"
"533","50","0","true","100","25","35","34.25160697887971","67.45027124773961"
"534","50","0","true","100","25","41","26.813590449954088","53.47985347985348"
"438","40","100","false","5","100","500","100","256.2352941176471"
"538","50","0","true","100","100","21","17.26354453627181","37.75100401606426"
"539","50","0","true","100","100","27","19.65105601469238","41.796875"
"537","50","0","true","100","100","36","36.54729109274564","74.11545623836126"
"542","50","0","false","5","0","18","9.366391184573002","19.615384615384617"
"544","50","0","false","5","0","15","17.447199265381084","35.12014787430684"
"541","50","0","false","5","0","23","13.314967860422405","26.95167286245353"
"545","50","0","false","5","0","28","15.61065197428834","32.196969696969695"
"548","50","0","false","5","5","14","10.835629017447198","22.39089184060721"
"547","50","0","false","5","5","16","7.80532598714417","16.159695817490494"
"540","50","0","true","100","100","66","30.57851239669421","64.78599221789884"
"546","50","0","false","5","5","29","20.018365472910926","40.97744360902256"
"550","50","0","false","5","5","20","11.570247933884298","23.42007434944238"
"543","50","0","false","5","0","40","31.129476584022036","62.54612546125461"
"549","50","0","false","5","5","27","24.885215794306703","51.32575757575758"
"552","50","0","false","5","25","20","12.85583103764922","26.168224299065418"
"554","50","0","false","5","25","17","10.927456382001836","22.623574144486692"
"553","50","0","false","5","25","51","16.528925619834713","35.08771929824561"
"556","50","0","false","5","100","31","23.324150596877868","48.75239923224568"
"555","50","0","false","5","25","56","24.334251606978878","48.713235294117645"
"560","50","0","false","5","100","14","12.580348943985308","26.19502868068834"
"551","50","0","false","5","25","56","42.05693296602387","87.07224334600761"
"437","40","100","false","5","100","500","100","255.6338028169014"
"559","50","0","false","5","100","37","30.21120293847567","61.49532710280374"
"562","50","0","false","25","0","24","15.335169880624427","31.80952380952381"
"557","50","0","false","5","100","53","34.61891643709826","70.86466165413535"
"558","50","0","false","5","100","51","29.476584022038566","61.61228406909789"
"564","50","0","false","25","0","20","11.84573002754821","24.807692307692307"
"563","50","0","false","25","0","33","15.335169880624427","32.68101761252446"
"567","50","0","false","25","5","32","13.957759412304869","29.629629629629626"
"565","50","0","false","25","0","33","13.131313131313133","26.72897196261682"
"561","50","0","false","25","0","60","23.96694214876033","45.86994727592268"
"572","50","0","false","25","25","15","11.294765840220386","23.653846153846153"
"569","50","0","false","25","5","28","18.365472910927455","36.69724770642202"
"570","50","0","false","25","5","34","14.325068870523417","29.82791586998088"
"571","50","0","false","25","25","37","22.95684113865932","47.080979284369114"
"568","50","0","false","25","5","32","17.17171717171717","37.25099601593625"
"566","50","0","false","25","5","39","19.375573921028465","40.81237911025145"
"574","50","0","false","25","25","27","14.416896235078053","31.4"
"578","50","0","false","25","100","25","17.81450872359963","36.329588014981276"
"581","50","0","false","100","0","19","12.121212121212121","24.354243542435423"
"573","50","0","false","25","25","46","38.75114784205693","77.2893772893773"
"583","50","0","false","100","0","13","12.121212121212121","26.666666666666668"
"575","50","0","false","25","25","57","41.41414141414141","78.16291161178509"
"577","50","0","false","25","100","44","33.88429752066116","68.46011131725417"
"580","50","0","false","25","100","39","26.72176308539945","57.05882352941176"
"576","50","0","false","25","100","45","33.14967860422406","68.11320754716981"
"582","50","0","false","100","0","29","22.681359044995407","47.408829174664106"
"585","50","0","false","100","0","14","12.121212121212121","24.444444444444443"
"586","50","0","false","100","5","11","7.254361799816346","15.643564356435643"
"590","50","0","false","100","5","14","11.202938475665748","24.596774193548388"
"584","50","0","false","100","0","37","31.955922865013775","66.03415559772297"
"591","50","0","false","100","25","13","8.81542699724518","19.591836734693878"
"587","50","0","false","100","5","24","15.794306703397613","32.57575757575758"
"592","50","0","false","100","25","14","7.43801652892562","15.913555992141454"
"593","50","0","false","100","25","14","16.528925619834713","32.72727272727273"
"579","50","0","false","25","100","76","32.78236914600551","68.52207293666027"
"595","50","0","false","100","25","24","11.84573002754821","25.1953125"
"589","50","0","false","100","5","35","15.702479338842975","31.902985074626866"
"588","50","0","false","100","5","36","29.75206611570248","61.016949152542374"
"594","50","0","false","100","25","44","30.02754820936639","61.23595505617978"
"602","50","5","true","5","0","9","4.958677685950414","10.67193675889328"
"600","50","0","false","100","100","42","24.701561065197428","53.58565737051792"
"596","50","0","false","100","100","50","29.017447199265384","63.45381526104418"
"598","50","0","false","100","100","68","36.36363636363637","76.59574468085107"
"597","50","0","false","100","100","55","37.64921946740129","76.77902621722846"
"599","50","0","false","100","100","67","37.74104683195592","75.69060773480662"
"609","50","5","true","5","5","9","8.080808080808081","17.670682730923694"
"605","50","5","true","5","0","123","99.63269054178146","210.67961165048544"
"601","50","5","true","5","0","397","100","220.44534412955468"
"612","50","5","true","5","25","43","84.84848484848484","180.46875"
"607","50","5","true","5","5","500","100","207.42857142857142"
"603","50","5","true","5","0","500","100","207.82442748091606"
"606","50","5","true","5","5","500","100","211.046511627907"
"608","50","5","true","5","5","500","100","212.6953125"
"604","50","5","true","5","0","500","100","209.021113243762"
"617","50","5","true","5","100","11","8.999081726354454","20.081967213114755"
"611","50","5","true","5","25","500","100","205.08474576271186"
"616","50","5","true","5","100","72","96.05142332415059","206.7193675889328"
"618","50","5","true","5","100","36","82.18549127640037","179"
"622","50","5","true","25","0","72","89.80716253443526","196.78068410462777"
"623","50","5","true","25","0","14","11.937557392102846","24.761904761904763"
"624","50","5","true","25","0","16","8.907254361799815","18.19887429643527"
"610","50","5","true","5","5","500","100","217.36526946107784"
"621","50","5","true","25","0","126","98.43893480257117","198.88682745825602"
"626","50","5","true","25","5","11","8.81542699724518","18.461538461538463"
"625","50","5","true","25","0","29","16.89623507805326","36.507936507936506"
"627","50","5","true","25","5","70","89.53168044077135","188.5880077369439"
"630","50","5","true","25","5","16","11.753902662993571","24.951267056530213"
"628","50","5","true","25","5","73","85.30762167125803","182.5147347740668"
"629","50","5","true","25","5","74","90.633608815427","195.44554455445544"
"631","50","5","true","25","25","15","11.937557392102846","26.476578411405292"
"634","50","5","true","25","25","17","12.580348943985308","27.510040160642568"
"632","50","5","true","25","25","28","16.345270890725434","34.16506717850288"
"633","50","5","true","25","25","19","18.457300275482094","39.029126213592235"
"635","50","5","true","25","25","15","10.927456382001836","23.847695390781563"
"613","50","5","true","5","25","293","100","219.55645161290326"
"639","50","5","true","25","100","23","13.590449954086317","28.516377649325626"
"637","50","5","true","25","100","114","98.25528007346189","206.56370656370657"
"640","50","5","true","25","100","66","83.37924701561064","186.4476386036961"
"642","50","5","true","100","0","14","14.14141414141414","29.961089494163424"
"641","50","5","true","100","0","17","12.580348943985308","26.550387596899228"
"620","50","5","true","5","100","500","100","208.22179732313577"
"614","50","5","true","5","25","500","100","215.64356435643566"
"644","50","5","true","100","0","9","7.621671258034894","16.63326653306613"
"645","50","5","true","100","0","28","23.783287419651057","50.38910505836576"
"643","50","5","true","100","0","33","17.53902662993572","39.059304703476485"
"646","50","5","true","100","5","22","19.834710743801654","42.43614931237721"
"648","50","5","true","100","5","13","11.570247933884298","25.71428571428571"
"651","50","5","true","100","25","19","19.00826446280992","39.884393063583815"
"647","50","5","true","100","5","25","22.865013774104685","47.51908396946565"
"649","50","5","true","100","5","23","15.794306703397613","33.92504930966469"
"650","50","5","true","100","5","28","15.243342516069788","32.549019607843135"
"655","50","5","true","100","25","11","13.131313131313133","28.599999999999998"
"615","50","5","true","5","25","500","100","217.79999999999998"
"653","50","5","true","100","25","22","17.447199265381084","36.46833013435701"
"652","50","5","true","100","25","47","31.772268135904504","67.84313725490196"
"658","50","5","true","100","100","9","6.978879706152434","15.29175050301811"
"654","50","5","true","100","25","45","35.99632690541782","74.80916030534351"
"657","50","5","true","100","100","39","18.732782369146005","39.92172211350293"
"660","50","5","true","100","100","15","13.86593204775023","29.206963249516445"
"659","50","5","true","100","100","41","28.09917355371901","55.94149908592322"
"638","50","5","true","25","100","270","100","203.93258426966293"
"656","50","5","true","100","100","15","7.43801652892562","17.23404255319149"
"663","50","5","false","5","0","132","100","204.31519699812384"
"619","50","5","true","5","100","500","100","220.8924949290061"
"636","50","5","true","25","100","500","100","213.52941176470588"
"661","50","5","false","5","0","500","100","213.94891944990175"
"662","50","5","false","5","0","500","100","198.72262773722628"
"667","50","5","false","5","5","247","100","208.22179732313577"
"664","50","5","false","5","0","500","100","213.94891944990175"
"666","50","5","false","5","5","500","100","207.82442748091606"
"665","50","5","false","5","0","500","100","200.92250922509228"
"668","50","5","false","5","5","500","100","198"
"671","50","5","false","5","25","171","100","198.72262773722628"
"677","50","5","false","5","100","39","83.47107438016529","177.19298245614036"
"674","50","5","false","5","25","113","100","186.7924528301887"
"669","50","5","false","5","5","500","100","207.42857142857142"
"673","50","5","false","5","25","295","100","204.69924812030075"
"681","50","5","false","25","0","19","17.26354453627181","35.00931098696462"
"670","50","5","false","5","5","500","100","215.2173913043478"
"682","50","5","false","25","0","69","89.80716253443526","185.57874762808348"
"683","50","5","false","25","0","13","12.029384756657484","24.810606060606062"
"684","50","5","false","25","0","21","13.590449954086317","27.92452830188679"
"685","50","5","false","25","0","31","13.406795224977044","26.73992673992674"
"686","50","5","false","25","5","11","6.519742883379247","13.472485768500949"
"672","50","5","false","5","25","500","100","209.021113243762"
"687","50","5","false","25","5","130","99.90817263544535","197.45916515426498"
"689","50","5","false","25","5","61","81.26721763085399","172.51461988304092"
"691","50","5","false","25","25","21","14.784205693296604","30.725190839694655"
"688","50","5","false","25","5","176","99.90817263544535","204.5112781954887"
"675","50","5","false","5","25","500","100","206.6413662239089"
"694","50","5","false","25","25","14","10.376492194674013","21.32075471698113"
"692","50","5","false","25","25","65","85.9504132231405","177.27272727272728"
"680","50","5","false","5","100","442","100","212.28070175438597"
"690","50","5","false","25","5","150","99.35720844811755","198.5321100917431"
"695","50","5","false","25","25","67","85.2157943067034","183.03747534516765"
"699","50","5","false","25","100","18","11.019283746556475","22.813688212927758"
"696","50","5","false","25","100","60","78.87970615243343","162.99810246679317"
"679","50","5","false","5","100","500","100","216.07142857142856"
"701","50","5","false","100","0","41","21.21212121212121","44.5945945945946"
"697","50","5","false","25","100","80","86.68503213957759","172.2627737226277"
"702","50","5","false","100","0","47","23.048668503213957","48.36223506743738"
"705","50","5","false","100","0","13","10.651974288337925","22.393822393822393"
"703","50","5","false","100","0","33","13.682277318640956","28.709055876685934"
"704","50","5","false","100","0","17","13.131313131313133","26.879699248120303"
"676","50","5","false","5","100","500","100","195.863309352518"
"700","50","5","false","25","100","86","85.2157943067034","168.42105263157893"
"706","50","5","false","100","5","12","7.254361799816346","14.656771799628942"
"708","50","5","false","100","5","15","8.81542699724518","18.426103646833013"
"678","50","5","false","5","100","500","100","202.79329608938545"
"709","50","5","false","100","5","21","20.385674931129476","41.88679245283019"
"710","50","5","false","100","5","18","15.886134067952252","31.918819188191883"
"698","50","5","false","25","100","125","99.35720844811755","198.5321100917431"
"707","50","5","false","100","5","28","13.223140495867769","27.27272727272727"
"712","50","5","false","100","25","28","17.99816345270891","37.26235741444867"
"711","50","5","false","100","25","35","19.92653810835629","41.333333333333336"
"713","50","5","false","100","25","29","23.415977961432507","48.85057471264368"
"715","50","5","false","100","25","34","14.600550964187327","31.299212598425196"
"714","50","5","false","100","25","36","20.9366391184573","45.059288537549406"
"719","50","5","false","100","100","13","7.43801652892562","15.637065637065636"
"716","50","5","false","100","100","45","32.87419651056015","66.17375231053605"
"717","50","5","false","100","100","33","23.507805325987142","46.54545454545455"
"718","50","5","false","100","100","33","23.507805325987142","46.63023679417122"
"720","50","5","false","100","100","30","31.772268135904504","66.79536679536679"
"693","50","5","false","25","25","237","100","209.8265895953757"
"724","50","25","true","5","0","500","100","213.52941176470588"
"721","50","25","true","5","0","500","100","205.08474576271186"
"725","50","25","true","5","0","500","100","209.42307692307693"
"726","50","25","true","5","5","500","100","211.86770428015564"
"727","50","25","true","5","5","500","100","216.07142857142856"
"728","50","25","true","5","5","500","100","216.93227091633466"
"722","50","25","true","5","0","500","100","213.52941176470588"
"723","50","25","true","5","0","500","100","220.8924949290061"
"729","50","25","true","5","5","500","100","209.8265895953757"
"730","50","25","true","5","5","500","100","225.93360995850622"
"734","50","25","true","5","25","500","100","212.28070175438597"
"731","50","25","true","5","25","500","100","208.22179732313577"
"732","50","25","true","5","25","500","100","202.79329608938545"
"741","50","25","true","25","0","16","13.314967860422405","27.9383429672447"
"742","50","25","true","25","0","15","9.182736455463727","19.342359767891683"
"743","50","25","true","25","0","11","13.223140495867769","28.74251497005988"
"744","50","25","true","25","0","20","11.386593204775023","25.779625779625782"
"745","50","25","true","25","0","16","9.274563820018365","20.07952286282306"
"746","50","25","true","25","5","16","9.641873278236915","21.73913043478261"
"735","50","25","true","5","25","500","100","219.55645161290326"
"748","50","25","true","25","5","22","14.692378328741965","31.496062992125985"
"749","50","25","true","25","5","11","8.080808080808081","18.0327868852459"
"737","50","25","true","5","100","500","100","206.25"
"733","50","25","true","5","25","500","100","219.55645161290326"
"751","50","25","true","25","25","7","3.581267217630854","7.485604606525912"
"747","50","25","true","25","5","56","99.2653810835629","204.7348484848485"
"753","50","25","true","25","25","18","10.1010101010101","21.27659574468085"
"750","50","25","true","25","5","127","100","208.22179732313577"
"752","50","25","true","25","25","20","12.85583103764922","28.397565922920894"
"754","50","25","true","25","25","26","21.120293847566572","44.74708171206226"
"755","50","25","true","25","25","60","99.72451790633609","210.05802707930368"
"758","50","25","true","25","100","15","12.121212121212121","26.720647773279353"
"756","50","25","true","25","100","51","98.80624426078971","218.6991869918699"
"759","50","25","true","25","100","28","16.437098255280073","35.657370517928285"
"762","50","25","true","100","0","20","19.28374655647383","40.30710172744721"
"761","50","25","true","100","0","17","13.498622589531681","28.21497120921305"
"757","50","25","true","25","100","53","98.5307621671258","207.14285714285717"
"764","50","25","true","100","0","9","8.723599632690542","19.308943089430894"
"765","50","25","true","100","0","10","7.3461891643709825","16.194331983805668"
"763","50","25","true","100","0","38","16.804407713498623","37.65432098765432"
"768","50","25","true","100","5","20","17.447199265381084","35.916824196597354"
"760","50","25","true","25","100","55","98.43893480257117","209.78473581213305"
"766","50","25","true","100","5","29","23.140495867768596","47.54716981132076"
"769","50","25","true","100","5","25","19.4674012855831","42.14711729622266"
"736","50","25","true","5","100","500","100","203.17164179104478"
"767","50","25","true","100","5","20","17.90633608815427","36.11111111111111"
"772","50","25","true","100","25","20","16.437098255280073","34.22562141491396"
"770","50","25","true","100","5","33","29.10927456382002","60.38095238095238"
"775","50","25","true","100","25","39","30.02754820936639","62.643678160919535"
"773","50","25","true","100","25","35","21.30394857667585","44.96124031007752"
"774","50","25","true","100","25","25","30.670339761248854","62.0817843866171"
"777","50","25","true","100","100","26","18.91643709825528","39.23809523809524"
"776","50","25","true","100","100","34","15.794306703397613","34.26294820717131"
"779","50","25","true","100","100","27","18.089990817263544","37.16981132075471"
"780","50","25","true","100","100","33","22.22222222222222","47.63779527559055"
"778","50","25","true","100","100","42","34.61891643709826","69.55719557195572"
"739","50","25","true","5","100","500","100","218.67469879518075"
"738","50","25","true","5","100","500","100","218.67469879518075"
"771","50","25","true","100","25","21","18.365472910927455","39.603960396039604"
"740","50","25","true","5","100","500","100","217.79999999999998"
"783","50","25","false","5","0","500","100","206.25"
"782","50","25","false","5","0","500","100","208.6206896551724"
"786","50","25","false","5","5","500","100","207.42857142857142"
"784","50","25","false","5","0","500","100","211.86770428015564"
"785","50","25","false","5","0","500","100","207.42857142857142"
"781","50","25","false","5","0","500","100","208.22179732313577"
"788","50","25","false","5","5","500","100","196.2162162162162"
"789","50","25","false","5","5","500","100","202.0408163265306"
"787","50","25","false","5","5","500","100","209.42307692307693"
"791","50","25","false","5","25","500","100","216.93227091633466"
"793","50","25","false","5","25","500","100","217.79999999999998"
"792","50","25","false","5","25","500","100","214.3700787401575"
"794","50","25","false","5","25","500","100","213.11154598825829"
"790","50","25","false","5","5","500","100","204.69924812030075"
"796","50","25","false","5","100","500","100","207.42857142857142"
"802","50","25","false","25","0","18","9.641873278236915","19.626168224299064"
"803","50","25","false","25","0","51","98.07162534435263","198.1447124304267"
"804","50","25","false","25","0","18","14.325068870523417","29.05027932960894"
"801","50","25","false","25","0","122","100","199.45054945054946"
"806","50","25","false","25","5","56","98.5307621671258","196.5201465201465"
"805","50","25","false","25","0","123","100","197.64065335753176"
"809","50","25","false","25","5","17","15.702479338842975","32.142857142857146"
"808","50","25","false","25","5","56","97.61248852157944","199.81203007518798"
"811","50","25","false","25","25","13","11.386593204775023","23.846153846153847"
"810","50","25","false","25","5","56","99.08172635445362","196.8978102189781"
"812","50","25","false","25","25","53","99.08172635445362","203.96975425330814"
"813","50","25","false","25","25","90","100","202.79329608938545"
"815","50","25","false","25","25","22","11.937557392102846","25.291828793774318"
"814","50","25","false","25","25","18","9.641873278236915","19.626168224299064"
"816","50","25","false","25","100","25","18.181818181818183","37.28813559322034"
"799","50","25","false","5","100","500","100","216.07142857142856"
"817","50","25","false","25","100","26","20.56932966023875","42.66666666666667"
"819","50","25","false","25","100","21","13.223140495867769","27.533460803059274"
"795","50","25","false","5","25","500","100","209.42307692307693"
"822","50","25","false","100","0","22","14.14141414141414","29.902912621359224"
"820","50","25","false","25","100","58","98.62258953168043","203.02457466918713"
"821","50","25","false","100","0","66","29.292929292929294","61.228406909788866"
"823","50","25","false","100","0","34","26.078971533516988","52.59259259259259"
"825","50","25","false","100","0","12","8.907254361799815","18.98238747553816"
"824","50","25","false","100","0","18","14.967860422405877","29.908256880733948"
"797","50","25","false","5","100","500","100","210.23166023166024"
"827","50","25","false","100","5","33","18.91643709825528","39.31297709923664"
"798","50","25","false","5","100","500","100","194.11764705882354"
"828","50","25","false","100","5","21","13.957759412304869","28.625235404896422"
"830","50","25","false","100","5","30","12.580348943985308","26.601941747572816"
"807","50","25","false","25","5","261","100","198.72262773722628"
"829","50","25","false","100","5","19","12.947658402203857","27.011494252873565"
"833","50","25","false","100","25","21","10.743801652892563","21.428571428571427"
"835","50","25","false","100","25","10","10.651974288337925","22.264875239923224"
"826","50","25","false","100","5","46","30.21120293847567","59.27927927927929"
"831","50","25","false","100","25","30","20.752984389348025","44.054580896686154"
"837","50","25","false","100","100","13","11.47842056932966","22.977941176470587"
"832","50","25","false","100","25","24","11.11111111111111","23.679060665362034"
"838","50","25","false","100","100","14","10.835629017447198","22.306238185255197"
"836","50","25","false","100","100","31","34.52708907254362","67.38351254480287"
"800","50","25","false","5","100","500","100","199.0859232175503"
"818","50","25","false","25","100","225","100","203.93258426966293"
"834","50","25","false","100","25","51","33.33333333333333","69.27480916030534"
"839","50","25","false","100","100","37","32.047750229568415","63.45454545454545"
"840","50","25","false","100","100","43","27.089072543618","56.513409961685824"
"845","50","100","true","5","0","500","100","204.69924812030075"
"844","50","100","true","5","0","500","100","208.22179732313577"
"847","50","100","true","5","5","500","100","217.79999999999998"
"848","50","100","true","5","5","500","100","214.79289940828403"
"846","50","100","true","5","5","500","100","211.45631067961165"
"842","50","100","true","5","0","500","100","216.07142857142856"
"843","50","100","true","5","0","500","100","215.2173913043478"
"841","50","100","true","5","0","500","100","209.021113243762"
"854","50","100","true","5","25","500","100","207.0342205323194"
"851","50","100","true","5","25","500","100","216.50099403578528"
"850","50","100","true","5","5","500","100","209.021113243762"
"849","50","100","true","5","5","500","100","208.6206896551724"
"853","50","100","true","5","25","500","100","213.94891944990175"
"852","50","100","true","5","25","500","100","214.3700787401575"
"861","50","100","true","25","0","25","14.416896235078053","31.274900398406373"
"863","50","100","true","25","0","16","14.325068870523417","29.489603024574667"
"864","50","100","true","25","0","15","14.967860422405877","31.898238747553815"
"855","50","100","true","5","25","500","100","205.47169811320757"
"857","50","100","true","5","100","500","100","220.00000000000003"
"859","50","100","true","5","100","500","100","212.28070175438597"
"867","50","100","true","25","5","21","16.161616161616163","33.911368015414254"
"868","50","100","true","25","5","13","10.651974288337925","23.15369261477046"
"869","50","100","true","25","5","14","8.907254361799815","19.477911646586346"
"870","50","100","true","25","5","13","8.356290174471992","18.019801980198018"
"856","50","100","true","5","100","500","100","210.23166023166024"
"862","50","100","true","25","0","500","100","214.79289940828403"
"874","50","100","true","25","25","15","10.46831955922865","23.36065573770492"
"865","50","100","true","25","0","500","100","205.08474576271186"
"876","50","100","true","25","100","19","11.84573002754821","26.543209876543212"
"858","50","100","true","5","100","500","100","207.42857142857142"
"877","50","100","true","25","100","20","19.742883379247015","41.9921875"
"878","50","100","true","25","100","23","19.4674012855831","40.3041825095057"
"866","50","100","true","25","5","500","100","204.69924812030075"
"881","50","100","true","100","0","23","16.712580348943984","36.693548387096776"
"871","50","100","true","25","25","249","100","213.94891944990175"
"882","50","100","true","100","0","31","29.292929292929294","58.63970588235294"
"883","50","100","true","100","0","38","17.26354453627181","37.45019920318725"
"885","50","100","true","100","0","17","11.386593204775023","25.833333333333336"
"884","50","100","true","100","0","32","18.640955004591365","39.34108527131783"
"886","50","100","true","100","5","12","8.539944903581267","18.48906560636183"
"887","50","100","true","100","5","21","15.426997245179063","33.39960238568588"
"860","50","100","true","5","100","500","100","208.6206896551724"
"888","50","100","true","100","5","33","20.66115702479339","42.857142857142854"
"889","50","100","true","100","5","20","15.243342516069788","32.677165354330704"
"890","50","100","true","100","5","34","19.92653810835629","41.891891891891895"
"892","50","100","true","100","25","22","15.977961432506888","35.51020408163265"
"894","50","100","true","100","25","11","6.887052341597796","14.506769825918761"
"893","50","100","true","100","25","24","19.100091827364555","40.310077519379846"
"880","50","100","true","25","100","49","100","209.021113243762"
"895","50","100","true","100","25","26","14.416896235078053","31.274900398406373"
"896","50","100","true","100","100","14","13.682277318640956","28.875968992248062"
"898","50","100","true","100","100","29","20.385674931129476","42.20532319391635"
"897","50","100","true","100","100","32","25.71166207529844","53.63984674329502"
"899","50","100","true","100","100","50","29.292929292929294","63.41948310139165"
"900","50","100","true","100","100","62","29.10927456382002","60.96153846153847"
"891","50","100","true","100","25","13","10.284664830119375","21.57996146435453"
"875","50","100","true","25","25","500","100","206.25"
"879","50","100","true","25","100","500","100","217.79999999999998"
"872","50","100","true","25","25","500","100","208.6206896551724"
"873","50","100","true","25","25","500","100","201.66666666666666"
"902","50","100","false","5","0","500","100","205.8601134215501"
"901","50","100","false","5","0","500","100","210.63829787234042"
"904","50","100","false","5","0","500","100","207.82442748091606"
"906","50","100","false","5","5","500","100","210.23166023166024"
"903","50","100","false","5","0","500","100","213.52941176470588"
"905","50","100","false","5","0","500","100","199.0859232175503"
"909","50","100","false","5","5","500","100","205.8601134215501"
"908","50","100","false","5","5","500","100","207.82442748091606"
"907","50","100","false","5","5","500","100","205.08474576271186"
"910","50","100","false","5","5","500","100","217.79999999999998"
"917","50","100","false","5","100","500","100","212.28070175438597"
"915","50","100","false","5","25","500","100","205.8601134215501"
"911","50","100","false","5","25","500","100","216.07142857142856"
"912","50","100","false","5","25","500","100","201.29390018484287"
"922","50","100","false","25","0","18","9.82552800734619","20.537428023032632"
"913","50","100","false","5","25","500","100","197.64065335753176"
"914","50","100","false","5","25","500","100","216.07142857142856"
"916","50","100","false","5","100","500","100","214.3700787401575"
"925","50","100","false","25","0","22","19.92653810835629","40.48507462686567"
"921","50","100","false","25","0","500","100","209.021113243762"
"920","50","100","false","5","100","500","100","203.93258426966293"
"919","50","100","false","5","100","500","100","212.6953125"
"929","50","100","false","25","5","12","7.621671258034894","15.749525616698293"
"930","50","100","false","25","5","23","14.692378328741965","30.418250950570343"
"923","50","100","false","25","0","500","100","194.11764705882354"
"918","50","100","false","5","100","500","100","205.47169811320757"
"932","50","100","false","25","25","19","17.447199265381084","35.714285714285715"
"934","50","100","false","25","25","22","16.89623507805326","35.797665369649806"
"936","50","100","false","25","100","15","12.213039485766759","25.5278310940499"
"935","50","100","false","25","25","21","16.988062442607895","35.714285714285715"
"926","50","100","false","25","5","500","100","208.22179732313577"
"928","50","100","false","25","5","500","100","197.2826086956522"
"940","50","100","false","25","100","24","17.53902662993572","37.82178217821782"
"941","50","100","false","100","0","38","19.65105601469238","40.45368620037807"
"942","50","100","false","100","0","14","6.519742883379247","13.78640776699029"
"943","50","100","false","100","0","28","12.764003673094582","26.937984496124027"
"924","50","100","false","25","0","500","100","203.55140186915887"
"944","50","100","false","100","0","15","12.580348943985308","26.346153846153847"
"946","50","100","false","100","5","11","7.7134986225895315","16.342412451361866"
"927","50","100","false","25","5","500","100","202.0408163265306"
"947","50","100","false","100","5","32","20.2020202020202","41.745730550284634"
"945","50","100","false","100","0","39","21.671258034894397","41.18673647469459"
"948","50","100","false","100","5","38","19.00826446280992","40.828402366863905"
"950","50","100","false","100","5","26","10.651974288337925","23.868312757201647"
"949","50","100","false","100","5","47","21.395775941230486","44.212523719165084"
"951","50","100","false","100","25","21","19.19191919191919","39.73384030418251"
"953","50","100","false","100","25","21","17.447199265381084","34.862385321100916"
"952","50","100","false","100","25","31","15.794306703397613","33.204633204633204"
"954","50","100","false","100","25","10","7.988980716253444","17.193675889328063"
"956","50","100","false","100","100","22","11.84573002754821","24.339622641509433"
"955","50","100","false","100","25","38","19.28374655647383","40.69767441860465"
"959","50","100","false","100","100","16","13.314967860422405","28.543307086614174"
"957","50","100","false","100","100","48","31.588613406795226","66.28131021194605"
"958","50","100","false","100","100","61","40.86317722681359","79.32263814616756"
"960","50","100","false","100","100","35","19.375573921028465","41.61735700197239"
"962","60","0","true","5","0","38","55.09641873278237","93.16770186335404"
"963","60","0","true","5","0","32","41.78145087235997","74.1042345276873"
"964","60","0","true","5","0","36","34.80257116620753","62.64462809917355"
"965","60","0","true","5","0","43","49.95408631772268","91.2751677852349"
"966","60","0","true","5","5","36","54.9127640036731","95.22292993630573"
"967","60","0","true","5","5","45","50.78053259871441","87.91732909379968"
"968","60","0","true","5","5","37","22.58953168044077","40.19607843137255"
"937","50","100","false","25","100","500","100","198.36065573770492"
"969","60","0","true","5","5","34","43.25068870523416","77.85123966942149"
"961","60","0","true","5","0","26","28.37465564738292","53.09278350515464"
"971","60","0","true","5","25","40","43.70982552800734","76.28205128205127"
"970","60","0","true","5","5","65","48.484848484848484","85.16129032258064"
"938","50","100","false","25","100","500","100","191.3884007029877"
"973","60","0","true","5","25","37","51.606978879706155","88.50393700787401"
"974","60","0","true","5","25","31","43.15886134067952","77.17569786535303"
"977","60","0","true","5","100","35","44.995408631772264","81.3953488372093"
"976","60","0","true","5","100","36","45.08723599632691","80.22875816993465"
"978","60","0","true","5","100","30","52.157943067033976","91.76090468497577"
"975","60","0","true","5","25","42","53.81083562901745","92.86846275752774"
"979","60","0","true","5","100","25","45.45454545454545","79.96768982229402"
"982","60","0","true","25","0","37","39.21028466483012","71.04825291181365"
"981","60","0","true","25","0","29","37.9247015610652","67.48366013071896"
"980","60","0","true","5","100","44","48.852157943067034","87.07037643207856"
"985","60","0","true","25","0","31","52.43342516069789","91.21405750798722"
"984","60","0","true","25","0","31","57.3921028466483","96.15384615384616"
"983","60","0","true","25","0","45","48.668503213957756","85.76051779935275"
"972","60","0","true","5","25","28","23.783287419651057","45.1219512195122"
"989","60","0","true","25","5","29","41.1386593204775","72.25806451612902"
"987","60","0","true","25","5","24","25.987144168962352","45.645161290322584"
"988","60","0","true","25","5","24","52.157943067033976","89.0282131661442"
"933","50","100","false","25","25","500","100","201.29390018484287"
"990","60","0","true","25","5","51","45.63820018365473","81.60919540229885"
"991","60","0","true","25","25","39","53.535353535353536","92.10110584518168"
"986","60","0","true","25","5","47","53.71900826446281","94.20289855072464"
"995","60","0","true","25","25","27","42.97520661157025","75.48387096774194"
"993","60","0","true","25","25","29","37.1900826446281","65.53398058252428"
"992","60","0","true","25","25","33","55.00459136822773","94.18238993710692"
"994","60","0","true","25","25","37","54.269972451790636","95.16908212560386"
"996","60","0","true","25","100","46","46.28099173553719","84"
"998","60","0","true","25","100","42","41.04683195592286","76.80412371134021"
"1000","60","0","true","25","100","29","38.38383838383838","70.84745762711864"
"997","60","0","true","25","100","28","51.790633608815426","90.24"
"1002","60","0","true","100","0","43","51.05601469237833","91.44736842105263"
"999","60","0","true","25","100","48","55.188246097337","96.00638977635782"
"1003","60","0","true","100","0","39","37.55739210284665","69.32203389830508"
"1001","60","0","true","100","0","32","49.67860422405877","89.8671096345515"
"1006","60","0","true","100","5","28","39.21028466483012","69.88543371522094"
"1004","60","0","true","100","0","49","37.74104683195592","70.37671232876713"
"1008","60","0","true","100","5","29","57.3921028466483","98.27044025157232"
"1007","60","0","true","100","5","31","42.42424242424242","74.27652733118971"
"1010","60","0","true","100","5","25","35.35353535353536","66.60899653979239"
"1005","60","0","true","100","0","42","52.52525252525253","93.92446633825944"
"1012","60","0","true","100","25","43","40.67952249770432","73.71048252911814"
"1011","60","0","true","100","25","31","35.26170798898072","64.21404682274247"
"1014","60","0","true","100","25","28","42.14876033057851","74.63414634146342"
"939","50","100","false","25","100","500","100","211.046511627907"
"1009","60","0","true","100","5","78","50.229568411386595","91.47157190635451"
"1017","60","0","true","100","100","25","46.18916437098255","82.18954248366013"
"1015","60","0","true","100","25","39","48.94398530762167","87.66447368421053"
"1016","60","0","true","100","100","48","52.52525252525253","92.40710823909531"
"1013","60","0","true","100","25","68","48.301193755739206","86.22950819672131"
"1018","60","0","true","100","100","68","49.862258953168045","90.04975124378109"
"1019","60","0","true","100","100","44","46.92378328741965","85.45150501672241"
"1022","60","0","false","5","0","38","55.831037649219475","97.28"
"1020","60","0","true","100","100","50","52.80073461891644","93.64820846905538"
"1023","60","0","false","5","0","60","50.964187327823694","89.08507223113965"
"1025","60","0","false","5","0","43","57.02479338842975","94.52054794520548"
"1021","60","0","false","5","0","64","53.4435261707989","93.87096774193549"
"1024","60","0","false","5","0","44","56.19834710743802","95.03105590062113"
"1026","60","0","false","5","5","28","47.2910927456382","84.70394736842105"
"1031","60","0","false","5","25","35","48.760330578512395","85.23274478330659"
"1027","60","0","false","5","5","53","48.484848484848484","84.75120385232745"
"1028","60","0","false","5","5","57","52.249770431588615","90.03164556962025"
"1030","60","0","false","5","5","51","55.371900826446286","95.71428571428572"
"1032","60","0","false","5","25","49","55.9228650137741","94.85981308411215"
"1033","60","0","false","5","25","45","54.82093663911846","94.1640378548896"
"1029","60","0","false","5","5","77","48.025711662075295","85.04065040650407"
"1036","60","0","false","5","100","29","53.627180899908176","93.73996789727127"
"1037","60","0","false","5","100","37","54.178145087236","91.90031152647975"
"1038","60","0","false","5","100","25","56.10651974288338","91.74174174174175"
"1034","60","0","false","5","25","46","56.74931129476584","96.5625"
"1041","60","0","false","25","0","15","11.662075298438934","21.166666666666668"
"1039","60","0","false","5","100","36","55.9228650137741","94.56521739130434"
"1040","60","0","false","5","100","55","53.535353535353536","94.95114006514657"
"1035","60","0","false","5","25","51","46.005509641873275","81.46341463414633"
"1047","60","0","false","25","5","39","54.178145087236","91.47286821705426"
"1045","60","0","false","25","0","43","52.708907254361804","89.96865203761756"
"1049","60","0","false","25","5","42","55.46372819100092","96.02543720190779"
"1048","60","0","false","25","5","53","52.34159779614325","89.90536277602523"
"1051","60","0","false","25","25","37","48.576675849403124","81.88854489164086"
"1050","60","0","false","25","5","40","56.19834710743802","94.5904173106646"
"1053","60","0","false","25","25","51","48.025711662075295","81.84663536776213"
"1042","60","0","false","25","0","44","56.56565656565656","96.40062597809077"
"1052","60","0","false","25","25","47","57.85123966942148","96.47779479326188"
"1044","60","0","false","25","0","29","54.269972451790636","94.56"
"1054","60","0","false","25","25","43","50.688705234159784","86.79245283018868"
"1055","60","0","false","25","25","37","51.606978879706155","88.78357030015798"
"931","50","100","false","25","25","500","100","209.021113243762"
"1056","60","0","false","25","100","44","50.78053259871441","87.08661417322836"
"1059","60","0","false","25","100","33","55.188246097337","93.1782945736434"
"1060","60","0","false","25","100","39","56.29017447199265","96.99367088607595"
"1043","60","0","false","25","0","70","51.69880624426079","89.93610223642172"
"1064","60","0","false","100","0","11","11.019283746556475","18.89763779527559"
"1061","60","0","false","100","0","55","49.862258953168045","89.75206611570248"
"1063","60","0","false","100","0","55","47.658402203856745","86.21262458471762"
"1066","60","0","false","100","5","35","25.344352617079892","44.87804878048781"
"1067","60","0","false","100","5","31","25.160697887970617","45.89614740368509"
"1069","60","0","false","100","5","24","25.895316804407713","44.339622641509436"
"1068","60","0","false","100","5","37","56.19834710743802","94.44444444444444"
"1070","60","0","false","100","5","47","55.55555555555556","95.72784810126582"
"1072","60","0","false","100","25","57","58.03489439853077","98.4423676012461"
"1073","60","0","false","100","25","52","56.74931129476584","97.6303317535545"
"1074","60","0","false","100","25","46","50.78053259871441","87.5"
"1046","60","0","false","25","5","55","53.90266299357208","91.57566302652106"
"1075","60","0","false","100","25","45","58.8613406795225","98.01223241590215"
"1058","60","0","false","25","100","43","54.54545454545454","92.8125"
"1057","60","0","false","25","100","43","57.759412304866856","98.43505477308294"
"1079","60","0","false","100","100","34","60.97337006427915","99.84962406015038"
"1062","60","0","false","100","0","38","52.98438934802571","90.72327044025157"
"1076","60","0","false","100","100","43","58.8613406795225","97.12121212121212"
"1077","60","0","false","100","100","40","36.08815426997245","67.40994854202401"
"1078","60","0","false","100","100","47","48.484848484848484","85.85365853658537"
"1082","60","5","true","5","0","25","73.46189164370982","130.29315960912052"
"1080","60","0","false","100","100","44","54.178145087236","93.79968203497614"
"1065","60","0","false","100","0","40","57.116620752984396","96.13601236476043"
"1071","60","0","false","100","25","53","58.31037649219467","100.6339144215531"
"1081","60","5","true","5","0","111","99.54086317722681","179.4701986754967"
"1084","60","5","true","5","0","322","100","176.78571428571428"
"1083","60","5","true","5","0","500","100","184.5762711864407"
"1086","60","5","true","5","5","377","100","177.3615635179153"
"1087","60","5","true","5","5","500","100","177.94117647058823"
"1088","60","5","true","5","5","500","100","183.9527027027027"
"1085","60","5","true","5","0","500","100","182.71812080536913"
"1092","60","5","true","5","25","296","100","185.20408163265304"
"1094","60","5","true","5","25","278","100","172.85714285714286"
"1093","60","5","true","5","25","500","100","178.8177339901478"
"1089","60","5","true","5","5","500","100","177.0731707317073"
"1098","60","5","true","5","100","66","94.3067033976125","164.58333333333331"
"1090","60","5","true","5","5","500","100","179.40691927512356"
"1091","60","5","true","5","25","500","100","178.23240589198036"
"1096","60","5","true","5","100","500","100","176.2135922330097"
"1095","60","5","true","5","25","500","100","181.198003327787"
"1105","60","5","true","25","0","41","59.13682277318642","100.15552099533438"
"1104","60","5","true","25","0","183","100","180.8970099667774"
"1106","60","5","true","25","5","27","29.935720844811755","54.515050167224075"
"1107","60","5","true","25","5","29","32.966023875114786","60.437710437710436"
"1108","60","5","true","25","5","30","52.43342516069789","91.36"
"1097","60","5","true","5","100","500","100","188.4083044982699"
"1100","60","5","true","5","100","187","100","173.96166134185302"
"1111","60","5","true","25","25","44","53.71900826446281","93.30143540669856"
"1101","60","5","true","25","0","208","100","171.22641509433961"
"1103","60","5","true","25","0","82","95.77594123048668","162.96875"
"1113","60","5","true","25","25","143","99.72451790633609","174.3178170144462"
"1099","60","5","true","5","100","500","100","185.83617747440272"
"1116","60","5","true","25","100","94","97.0615243342516","169.39102564102564"
"1112","60","5","true","25","25","300","100","169.62616822429905"
"1114","60","5","true","25","25","220","100","176.78571428571428"
"1115","60","5","true","25","25","198","100","182.41206030150755"
"1117","60","5","true","25","100","145","99.90817263544535","177.1986970684039"
"1120","60","5","true","25","100","32","55.46372819100092","96.17834394904459"
"1109","60","5","true","25","5","381","100","190.3846153846154"
"1122","60","5","true","100","0","54","43.06703397612488","73.85826771653544"
"1123","60","5","true","100","0","34","50.505050505050505","89.43089430894308"
"1121","60","5","true","100","0","72","56.10651974288338","98.38969404186795"
"1125","60","5","true","100","0","30","51.69880624426079","90.08"
"1124","60","5","true","100","0","39","50.13774104683195","90.0990099009901"
"1128","60","5","true","100","5","24","38.9348025711662","67.51592356687898"
"1129","60","5","true","100","5","31","56.65748393021121","97.16535433070867"
"1126","60","5","true","100","5","45","40.77134986225895","75.1269035532995"
"1130","60","5","true","100","5","32","43.52617079889807","77.32463295269169"
"1132","60","5","true","100","25","29","45.45454545454545","83.33333333333334"
"1131","60","5","true","100","25","44","51.05601469237833","90.99836333878886"
"1133","60","5","true","100","25","43","55.9228650137741","93.54838709677419"
"1135","60","5","true","100","25","33","37.1900826446281","66.94214876033058"
"1134","60","5","true","100","25","44","38.01652892561984","68.54304635761589"
"1137","60","5","true","100","100","62","54.9127640036731","99.33554817275747"
"1118","60","5","true","25","100","131","99.2653810835629","188.6561954624782"
"1102","60","5","true","25","0","500","100","178.52459016393442"
"1127","60","5","true","100","5","47","50.13774104683195","90.39735099337747"
"1139","60","5","true","100","100","43","48.668503213957756","90.1360544217687"
"1119","60","5","true","25","100","115","98.5307621671258","175.9016393442623"
"1140","60","5","true","100","100","39","54.08631772268136","94.08945686900958"
"1136","60","5","true","100","100","27","46.28099173553719","82.35294117647058"
"1138","60","5","true","100","100","33","55.188246097337","95.3968253968254"
"1141","60","5","false","5","0","145","99.90817263544535","165.09863429438542"
"1142","60","5","false","5","0","198","100","172.85714285714286"
"1145","60","5","false","5","0","257","100","174.51923076923077"
"1110","60","5","true","25","5","500","100","174.79935794542536"
"1148","60","5","false","5","5","141","99.81634527089072","166.20795107033638"
"1143","60","5","false","5","0","312","100","171.49606299212599"
"1146","60","5","false","5","5","500","100","176.49918962722853"
"1154","60","5","false","5","25","35","79.24701561065197","137.6395534290271"
"1144","60","5","false","5","0","435","100","175.08038585209002"
"1153","60","5","false","5","25","500","100","170.4225352112676"
"1149","60","5","false","5","5","475","100","180"
"1147","60","5","false","5","5","500","100","168.57585139318886"
"1151","60","5","false","5","25","500","100","169.89079563182528"
"1150","60","5","false","5","5","500","100","165.2503793626707"
"1157","60","5","false","5","100","500","100","166.0060975609756"
"1155","60","5","false","5","25","500","100","178.52459016393442"
"1158","60","5","false","5","100","500","100","174.24"
"1152","60","5","false","5","25","500","100","170.68965517241378"
"1165","60","5","false","25","0","45","62.35078053259871","106.76100628930818"
"1166","60","5","false","25","5","40","45.08723599632691","78.18471337579618"
"1162","60","5","false","25","0","287","100","174.24"
"1160","60","5","false","5","100","391","100","165.2503793626707"
"1161","60","5","false","25","0","232","100","167.2811059907834"
"1169","60","5","false","25","5","86","94.94949494949495","162.57861635220127"
"1164","60","5","false","25","0","316","100","172.58320126782885"
"1172","60","5","false","25","25","130","99.54086317722681","166.25766871165644"
"1163","60","5","false","25","0","330","100","182.10702341137124"
"1171","60","5","false","25","25","38","47.015610651974285","80.88467614533965"
"1174","60","5","false","25","25","83","93.5720844811754","165.42207792207793"
"1156","60","5","false","5","100","500","100","172.58320126782885"
"1167","60","5","false","25","5","252","100","169.36236391912908"
"1176","60","5","false","25","100","103","97.88797061524335","167.61006289308176"
"1178","60","5","false","25","100","39","59.87144168962351","100.77279752704791"
"1159","60","5","false","5","100","500","100","179.7029702970297"
"1179","60","5","false","25","100","28","45.54637281910009","79.2332268370607"
"1168","60","5","false","25","5","500","100","167.53846153846155"
"1182","60","5","false","100","0","35","55.73921028466483","92.53048780487805"
"1180","60","5","false","25","100","44","62.71808999081726","107.05329153605017"
"1170","60","5","false","25","5","417","100","164.5015105740181"
"1183","60","5","false","100","0","47","44.53627180899908","77.72435897435898"
"1181","60","5","false","100","0","43","56.56565656565656","96.55172413793103"
"1184","60","5","false","100","0","45","55.28007346189165","95.25316455696202"
"1186","60","5","false","100","5","40","53.535353535353536","91.66666666666666"
"1185","60","5","false","100","0","46","58.40220385674931","100"
"1187","60","5","false","100","5","45","58.21854912764004","97.23926380368098"
"1190","60","5","false","100","5","34","55.09641873278237","96.30818619582665"
"1188","60","5","false","100","5","56","55.64738292011019","95.73459715639811"
"1189","60","5","false","100","5","49","55.28007346189165","94.80314960629921"
"1192","60","5","false","100","25","37","56.19834710743802","96.07535321821035"
"1191","60","5","false","100","25","36","54.637281910009186","92.3913043478261"
"1177","60","5","false","25","100","184","100","168.57585139318886"
"1197","60","5","false","100","100","33","52.066115702479344","90.14308426073131"
"1195","60","5","false","100","25","42","58.21854912764004","97.23926380368098"
"1196","60","5","false","100","100","44","50.505050505050505","89.43089430894308"
"1193","60","5","false","100","25","48","47.107438016528924","81.68789808917197"
"1200","60","5","false","100","100","29","53.535353535353536","96.20462046204621"
"1194","60","5","false","100","25","58","56.84113865932048","95.96899224806201"
"1198","60","5","false","100","100","39","53.535353535353536","93.42948717948718"
"1175","60","5","false","25","25","279","100","177.3615635179153"
"1199","60","5","false","100","100","36","59.59595959595959","99.5398773006135"
"1173","60","5","false","25","25","292","100","172.31012658227849"
"1201","60","25","true","5","0","500","100","189.3913043478261"
"1203","60","25","true","5","0","500","100","177.0731707317073"
"1202","60","25","true","5","0","500","100","181.5"
"1204","60","25","true","5","0","500","100","177.3615635179153"
"1205","60","25","true","5","0","500","100","178.52459016393442"
"1206","60","25","true","5","5","500","100","185.83617747440272"
"1207","60","25","true","5","5","500","100","178.8177339901478"
"1210","60","25","true","5","5","500","100","179.7029702970297"
"1209","60","25","true","5","5","500","100","177.0731707317073"
"1211","60","25","true","5","25","500","100","177.65089722675367"
"1208","60","25","true","5","5","500","100","179.7029702970297"
"1212","60","25","true","5","25","500","100","175.64516129032256"
"1214","60","25","true","5","25","500","100","178.23240589198036"
"1215","60","25","true","5","25","500","100","170.4225352112676"
"1222","60","25","true","25","0","26","21.487603305785125","40"
"1213","60","25","true","5","25","500","100","181.80300500834724"
"1218","60","25","true","5","100","500","100","176.2135922330097"
"1216","60","25","true","5","100","500","100","180.8970099667774"
"1221","60","25","true","25","0","500","100","177.94117647058823"
"1219","60","25","true","5","100","500","100","174.79935794542536"
"1217","60","25","true","5","100","500","100","174.79935794542536"
"1229","60","25","true","25","5","103","100","175.08038585209002"
"1220","60","25","true","5","100","500","100","175.92891760904686"
"1231","60","25","true","25","25","58","99.81634527089072","179.07742998352555"
"1226","60","25","true","25","5","441","100","181.80300500834724"
"1228","60","25","true","25","5","500","100","186.7924528301887"
"1227","60","25","true","25","5","500","100","174.24"
"1230","60","25","true","25","5","500","100","175.92891760904686"
"1225","60","25","true","25","0","500","100","180"
"1223","60","25","true","25","0","500","100","180.8970099667774"
"1224","60","25","true","25","0","500","100","176.2135922330097"
"1233","60","25","true","25","25","129","100","176.49918962722853"
"1232","60","25","true","25","25","327","100","178.23240589198036"
"1240","60","25","true","25","100","37","66.94214876033058","119.50819672131148"
"1241","60","25","true","100","0","36","52.249770431588615","91.18589743589743"
"1237","60","25","true","25","100","99","100","181.198003327787"
"1236","60","25","true","25","100","123","100","184.88964346349746"
"1242","60","25","true","100","0","32","52.708907254361804","93.18181818181817"
"1239","60","25","true","25","100","70","99.90817263544535","177.77777777777777"
"1243","60","25","true","100","0","32","30.02754820936639","54.31893687707641"
"1246","60","25","true","100","5","37","50.59687786960514","88.72785829307568"
"1244","60","25","true","100","0","38","44.62809917355372","81.4070351758794"
"1245","60","25","true","100","0","47","53.81083562901745","95.28455284552845"
"1247","60","25","true","100","5","32","26.078971533516988","46.71052631578947"
"1250","60","25","true","100","5","28","33.700642791551886","60.36184210526315"
"1251","60","25","true","100","25","28","31.955922865013775","55.769230769230774"
"1248","60","25","true","100","5","35","49.494949494949495","87.3581847649919"
"1249","60","25","true","100","5","39","51.147842056932966","87.44113029827315"
"1252","60","25","true","100","25","29","37.55739210284665","68.50921273031825"
"1254","60","25","true","100","25","42","49.494949494949495","85.96491228070175"
"1253","60","25","true","100","25","45","50.964187327823694","89.08507223113965"
"1256","60","25","true","100","100","51","48.025711662075295","86.7330016583748"
"1258","60","25","true","100","100","32","39.39393939393939","72.58883248730965"
"1257","60","25","true","100","100","38","54.82093663911846","95.21531100478468"
"1260","60","25","true","100","100","43","55.55555555555556","98.3739837398374"
"1259","60","25","true","100","100","43","49.403122130394856","90.87837837837837"
"1255","60","25","true","100","25","84","53.994490358126725","93.9297124600639"
"1234","60","25","true","25","25","500","100","173.4076433121019"
"1238","60","25","true","25","100","500","100","171.49606299212599"
"1235","60","25","true","25","25","500","100","175.36231884057972"
"1266","60","25","false","5","5","500","100","176.2135922330097"
"1263","60","25","false","5","0","500","100","171.22641509433961"
"1262","60","25","false","5","0","500","100","180.2980132450331"
"1265","60","25","false","5","0","500","100","179.40691927512356"
"1261","60","25","false","5","0","500","100","172.31012658227849"
"1264","60","25","false","5","0","500","100","177.3615635179153"
"1271","60","25","false","5","25","500","100","170.95761381475668"
"1270","60","25","false","5","5","500","100","176.2135922330097"
"1268","60","25","false","5","5","500","100","163.51351351351352"
"1272","60","25","false","5","25","500","100","175.08038585209002"
"1267","60","25","false","5","5","500","100","171.49606299212599"
"1273","60","25","false","5","25","500","100","174.51923076923077"
"1269","60","25","false","5","5","500","100","178.52459016393442"
"1274","60","25","false","5","25","500","100","178.52459016393442"
"1275","60","25","false","5","25","500","100","172.03791469194314"
"1276","60","25","false","5","100","500","100","176.2135922330097"
"1280","60","25","false","5","100","500","100","173.4076433121019"
"1277","60","25","false","5","100","500","100","166.5137614678899"
"1279","60","25","false","5","100","500","100","188.73483535528598"
"1278","60","25","false","5","100","500","100","174.79935794542536"
"1287","60","25","false","25","5","144","100","168.83720930232556"
"1282","60","25","false","25","0","500","100","158.7463556851312"
"1281","60","25","false","25","0","500","100","180.8970099667774"
"1284","60","25","false","25","0","500","100","167.53846153846155"
"1285","60","25","false","25","0","500","100","170.4225352112676"
"1283","60","25","false","25","0","500","100","170.95761381475668"
"1286","60","25","false","25","5","500","100","175.08038585209002"
"1288","60","25","false","25","5","500","100","170.15625"
"1294","60","25","false","25","25","95","100","175.92891760904686"
"1289","60","25","false","25","5","500","100","172.31012658227849"
"1290","60","25","false","25","5","500","100","174.79935794542536"
"1292","60","25","false","25","25","500","100","167.53846153846155"
"1293","60","25","false","25","25","500","100","172.58320126782885"
"1301","60","25","false","100","0","44","54.178145087236","93.79968203497614"
"1302","60","25","false","100","0","36","56.38200183654729","95.48989113530327"
"1291","60","25","false","25","25","500","100","170.68965517241378"
"1303","60","25","false","100","0","53","48.668503213957756","84.12698412698413"
"1304","60","25","false","100","0","43","55.64738292011019","94.98432601880877"
"1295","60","25","false","25","25","500","100","170.15625"
"1305","60","25","false","100","0","54","57.02479338842975","96.27906976744185"
"1307","60","25","false","100","5","29","55.73921028466483","94.69578783151326"
"1296","60","25","false","25","100","500","100","176.2135922330097"
"1308","60","25","false","100","5","40","55.00459136822773","94.62875197472354"
"1309","60","25","false","100","5","32","53.4435261707989","94.48051948051948"
"1310","60","25","false","100","5","31","55.28007346189165","95.10268562401264"
"1311","60","25","false","100","25","34","52.708907254361804","88.85448916408669"
"1312","60","25","false","100","25","45","49.494949494949495","86.37820512820514"
"1313","60","25","false","100","25","32","52.98438934802571","88.3614088820827"
"1299","60","25","false","25","100","500","100","168.31530139103555"
"1298","60","25","false","25","100","500","100","169.09937888198758"
"1297","60","25","false","25","100","500","100","170.95761381475668"
"1315","60","25","false","100","25","36","54.178145087236","90.9090909090909"
"1314","60","25","false","100","25","50","51.515151515151516","89.3312101910828"
"1318","60","25","false","100","100","40","55.09641873278237","94.9367088607595"
"1317","60","25","false","100","100","38","52.708907254361804","90.25157232704403"
"1316","60","25","false","100","100","49","46.83195592286501","82.1256038647343"
"1319","60","25","false","100","100","50","42.33241505968779","77.60942760942761"
"1320","60","25","false","100","100","43","49.770431588613405","87.98701298701299"
"1306","60","25","false","100","5","38","51.147842056932966","88.9776357827476"
"1300","60","25","false","25","100","500","100","172.58320126782885"
"1321","60","100","true","5","0","500","100","181.198003327787"
"1328","60","100","true","5","5","500","100","175.08038585209002"
"1327","60","100","true","5","5","500","100","180.8970099667774"
"1322","60","100","true","5","0","500","100","182.10702341137124"
"1325","60","100","true","5","0","500","100","179.7029702970297"
"1326","60","100","true","5","5","500","100","175.92891760904686"
"1324","60","100","true","5","0","500","100","175.92891760904686"
"1323","60","100","true","5","0","500","100","172.85714285714286"
"1329","60","100","true","5","5","500","100","176.78571428571428"
"1330","60","100","true","5","5","500","100","182.71812080536913"
"1332","60","100","true","5","25","500","100","183.6424957841484"
"1334","60","100","true","5","25","500","100","172.03791469194314"
"1331","60","100","true","5","25","500","100","180.2980132450331"
"1337","60","100","true","5","100","500","100","173.13195548489665"
"1333","60","100","true","5","25","500","100","178.8177339901478"
"1335","60","100","true","5","25","500","100","178.52459016393442"
"1338","60","100","true","5","100","500","100","169.09937888198758"
"1336","60","100","true","5","100","500","100","177.65089722675367"
"1341","60","100","true","25","0","500","100","175.36231884057972"
"1342","60","100","true","25","0","500","100","182.71812080536913"
"1339","60","100","true","5","100","500","100","165.2503793626707"
"1340","60","100","true","5","100","500","100","174.79935794542536"
"1344","60","100","true","25","0","500","100","174.24"
"1343","60","100","true","25","0","500","100","177.3615635179153"
"1346","60","100","true","25","5","500","100","177.3615635179153"
"1345","60","100","true","25","0","500","100","173.96166134185302"
"1349","60","100","true","25","5","500","100","177.94117647058823"
"1348","60","100","true","25","5","500","100","170.68965517241378"
"1352","60","100","true","25","25","500","100","169.09937888198758"
"1351","60","100","true","25","25","500","100","182.10702341137124"
"1347","60","100","true","25","5","500","100","169.09937888198758"
"1350","60","100","true","25","5","500","100","177.94117647058823"
"1354","60","100","true","25","25","500","100","180.8970099667774"
"1361","60","100","true","100","0","33","39.30211202938476","68.2615629984051"
"1362","60","100","true","100","0","46","54.54545454545454","95.80645161290322"
"1363","60","100","true","100","0","21","20.84481175390266","36.85064935064935"
"1364","60","100","true","100","0","52","51.515151515151516","90.92382495948137"
"1356","60","100","true","25","100","500","100","178.8177339901478"
"1353","60","100","true","25","25","500","100","177.0731707317073"
"1365","60","100","true","100","0","43","46.005509641873275","80.16"
"1366","60","100","true","100","5","43","38.01652892561984","67.09886547811993"
"1355","60","100","true","25","25","500","100","175.92891760904686"
"1367","60","100","true","100","5","34","35.90449954086318","67.29776247848537"
"1369","60","100","true","100","5","39","54.729109274563825","92.97971918876755"
"1358","60","100","true","25","100","500","100","175.92891760904686"
"1368","60","100","true","100","5","44","49.494949494949495","87.2168284789644"
"1371","60","100","true","100","25","26","42.33241505968779","74.23510466988728"
"1370","60","100","true","100","5","33","36.63911845730027","64.25120772946859"
"1357","60","100","true","25","100","500","100","181.5"
"1374","60","100","true","100","25","28","46.92378328741965","82.41935483870968"
"1372","60","100","true","100","25","31","47.474747474747474","81.67456556082149"
"1373","60","100","true","100","25","31","54.08631772268136","94.69453376205787"
"1376","60","100","true","100","100","32","52.892561983471076","93.20388349514563"
"1375","60","100","true","100","25","36","37.74104683195592","70.74010327022376"
"1377","60","100","true","100","100","39","55.64738292011019","97.58454106280193"
"1378","60","100","true","100","100","49","50.04591368227732","87.47993579454254"
"1380","60","100","true","100","100","41","42.79155188246097","77.28026533996683"
"1379","60","100","true","100","100","48","50.505050505050505","91.36212624584718"
"1360","60","100","true","25","100","500","100","176.78571428571428"
"1384","60","100","false","5","0","500","100","168.31530139103555"
"1382","60","100","false","5","0","500","100","175.08038585209002"
"1381","60","100","false","5","0","500","100","173.96166134185302"
"1385","60","100","false","5","0","500","100","179.7029702970297"
"1386","60","100","false","5","5","500","100","174.51923076923077"
"1359","60","100","true","25","100","500","100","175.64516129032256"
"1387","60","100","false","5","5","500","100","173.13195548489665"
"1383","60","100","false","5","0","500","100","176.78571428571428"
"1389","60","100","false","5","5","500","100","164.75037821482604"
"1391","60","100","false","5","25","500","100","173.4076433121019"
"1388","60","100","false","5","5","500","100","171.49606299212599"
"1390","60","100","false","5","5","500","100","170.15625"
"1393","60","100","false","5","25","500","100","176.49918962722853"
"1392","60","100","false","5","25","500","100","173.13195548489665"
"1397","60","100","false","5","100","500","100","174.24"
"1394","60","100","false","5","25","500","100","176.78571428571428"
"1396","60","100","false","5","100","500","100","169.36236391912908"
"1399","60","100","false","5","100","500","100","172.58320126782885"
"1395","60","100","false","5","25","500","100","170.68965517241378"
"1398","60","100","false","5","100","500","100","175.64516129032256"
"1401","60","100","false","25","0","500","100","176.2135922330097"
"1406","60","100","false","25","5","500","100","177.3615635179153"
"1400","60","100","false","5","100","500","100","170.4225352112676"
"1403","60","100","false","25","0","500","100","172.85714285714286"
"1408","60","100","false","25","5","500","100","180.59701492537314"
"1405","60","100","false","25","0","500","100","170.15625"
"1402","60","100","false","25","0","500","100","172.58320126782885"
"1407","60","100","false","25","5","500","100","176.78571428571428"
"1404","60","100","false","25","0","500","100","170.4225352112676"
"1410","60","100","false","25","5","500","100","170.4225352112676"
"1409","60","100","false","25","5","500","100","166.25954198473283"
"1411","60","100","false","25","25","500","100","168.57585139318886"
"1412","60","100","false","25","25","500","100","166.0060975609756"
"1413","60","100","false","25","25","500","100","165.2503793626707"
"1421","60","100","false","100","0","33","50.688705234159784","83.89057750759878"
"1422","60","100","false","100","0","38","55.73921028466483","95.89257503949446"
"1414","60","100","false","25","25","500","100","169.36236391912908"
"1423","60","100","false","100","0","38","53.71900826446281","91.98113207547169"
"1424","60","100","false","100","0","29","55.46372819100092","89.3491124260355"
"1425","60","100","false","100","0","43","53.627180899908176","91.53605015673982"
"1426","60","100","false","100","5","46","58.76951331496786","97.85932721712538"
"1427","60","100","false","100","5","42","61.799816345270884","100.14880952380953"
"1429","60","100","false","100","5","42","56.014692378328746","96.36650868878357"
"1428","60","100","false","100","5","43","48.760330578512395","83.35949764521193"
"1430","60","100","false","100","5","31","47.658402203856745","80.59006211180125"
"1431","60","100","false","100","25","37","55.188246097337","96.16"
"1432","60","100","false","100","25","32","24.426078971533517","46.913580246913575"
"1433","60","100","false","100","25","42","54.269972451790636","90.6441717791411"
"1434","60","100","false","100","25","35","56.65748393021121","97.16535433070867"
"1416","60","100","false","25","100","500","100","177.3615635179153"
"1415","60","100","false","25","25","500","100","166.0060975609756"
"1436","60","100","false","100","100","38","51.147842056932966","88.9776357827476"
"1435","60","100","false","100","25","42","56.014692378328746","95.46165884194053"
"1440","60","100","false","100","100","31","37.64921946740129","66.88417618270799"
"1438","60","100","false","100","100","44","56.38200183654729","97.46031746031746"
"1439","60","100","false","100","100","41","54.178145087236","93.65079365079364"
"1417","60","100","false","25","100","500","100","175.64516129032256"
"1443","70","0","true","5","0","24","67.03397612488521","102.09790209790211"
"1442","70","0","true","5","0","33","64.55463728191","99.71631205673759"
"1445","70","0","true","5","0","28","59.50413223140496","93.91304347826087"
"1444","70","0","true","5","0","28","66.57483930211203","102.40112994350284"
"1441","70","0","true","5","0","46","66.94214876033058","102.10084033613444"
"1447","70","0","true","5","5","28","62.25895316804407","101.19402985074626"
"1446","70","0","true","5","5","29","68.87052341597796","102.59917920656633"
"1449","70","0","true","5","5","28","65.0137741046832","100.28328611898016"
"1451","70","0","true","5","25","26","67.40128558310377","101.66204986149584"
"1450","70","0","true","5","5","29","68.2277318640955","100.13477088948788"
"1418","60","100","false","25","100","500","100","167.2811059907834"
"1452","70","0","true","5","25","26","65.65656565656566","100.70422535211267"
"1454","70","0","true","5","25","25","66.85032139577594","100.69156293222683"
"1453","70","0","true","5","25","25","68.77869605142332","102.88461538461537"
"1437","60","100","false","100","100","54","54.08631772268136","94.69453376205787"
"1456","70","0","true","5","100","25","66.66666666666666","101.11420612813372"
"1455","70","0","true","5","25","43","66.39118457300276","101.83098591549296"
"1457","70","0","true","5","100","34","62.8099173553719","98.55907780979827"
"1459","70","0","true","5","100","24","69.23783287419651","101.48048452220726"
"1458","70","0","true","5","100","28","64.92194674012856","99.85875706214689"
"1460","70","0","true","5","100","30","64.92194674012856","101"
"1462","70","0","true","25","0","25","66.11570247933885","98.22646657571623"
"1419","60","100","false","25","100","500","100","174.79935794542536"
"1464","70","0","true","25","0","26","68.50321395775941","101.4965986394558"
"1463","70","0","true","25","0","32","65.47291092745638","100.70621468926552"
"1465","70","0","true","25","0","26","66.94214876033058","100.69060773480662"
"1420","60","100","false","25","100","500","100","170.15625"
"1467","70","0","true","25","5","25","66.7584940312213","102.1067415730337"
"1466","70","0","true","25","5","32","64.92194674012856","99.29775280898876"
"1469","70","0","true","25","5","30","67.4931129476584","102.22531293463145"
"1448","70","0","true","5","5","31","66.20752984389348","101.40646976090014"
"1468","70","0","true","25","5","31","66.66666666666666","101.53846153846153"
"1470","70","0","true","25","5","28","67.58494031221304","102.50696378830084"
"1471","70","0","true","25","25","27","68.68686868686868","101.90735694822888"
"1473","70","0","true","25","25","26","68.77869605142332","100.80753701211304"
"1472","70","0","true","25","25","26","67.03397612488521","101.5299026425591"
"1475","70","0","true","25","25","30","66.29935720844811","101.1204481792717"
"1476","70","0","true","25","100","29","66.11570247933885","101.12359550561798"
"1478","70","0","true","25","100","28","68.2277318640955","102.20082530949107"
"1477","70","0","true","25","100","28","65.19742883379247","99.023709902371"
"1479","70","0","true","25","100","28","67.30945821854912","102.08913649025068"
"1480","70","0","true","25","100","26","66.7584940312213","100.27586206896552"
"1482","70","0","true","100","0","24","64.2791551882461","99.29078014184397"
"1481","70","0","true","100","0","29","64.73829201101928","99.71711456859971"
"1483","70","0","true","100","0","27","67.12580348943985","101.52777777777777"
"1485","70","0","true","100","0","27","67.12580348943985","102.38095238095238"
"1484","70","0","true","100","0","29","65.65656565656566","101.70697012802276"
"1486","70","0","true","100","5","31","64.55463728191","98.59747545582047"
"1488","70","0","true","100","5","28","67.76859504132231","100.81967213114753"
"1490","70","0","true","100","5","26","67.12580348943985","101.81058495821726"
"1491","70","0","true","100","25","26","64.46280991735537","99.43342776203966"
"1461","70","0","true","25","0","28","63.91184573002755","98.44413012729845"
"1487","70","0","true","100","5","34","65.28925619834712","100.42372881355932"
"1492","70","0","true","100","25","24","68.59504132231406","102.75103163686383"
"1489","70","0","true","100","5","43","64.2791551882461","100.14306151645206"
"1493","70","0","true","100","25","27","69.78879706152433","101.87667560321717"
"1494","70","0","true","100","25","31","69.23783287419651","102.1680216802168"
"1497","70","0","true","100","100","23","64.37098255280074","98.04195804195804"
"1499","70","0","true","100","100","27","68.04407713498622","101.22950819672131"
"1498","70","0","true","100","100","33","63.91184573002755","100.43290043290042"
"1501","70","0","false","5","0","25","69.6969696969697","102.15343203230147"
"1500","70","0","true","100","100","28","65.7483930211203","102.28571428571429"
"1502","70","0","false","5","0","26","68.41138659320477","100.81190798376186"
"1503","70","0","false","5","0","27","69.6969696969697","101.87919463087249"
"1474","70","0","true","25","25","29","67.67676767676768","101.09739368998629"
"1506","70","0","false","5","5","25","68.59504132231406","102.89256198347107"
"1507","70","0","false","5","5","28","65.93204775022957","101.55586987270155"
"1505","70","0","false","5","0","48","68.13590449954087","101.64383561643835"
"1508","70","0","false","5","5","30","67.12580348943985","100.82758620689656"
"1509","70","0","false","5","5","24","71.62534435261708","102.63157894736842"
"1510","70","0","false","5","5","25","69.14600550964187","102.30978260869566"
"1511","70","0","false","5","25","28","67.03397612488521","101.24826629680999"
"1514","70","0","false","5","25","29","69.14600550964187","101.75675675675674"
"1513","70","0","false","5","25","33","65.93204775022957","100.98452883263009"
"1515","70","0","false","5","25","27","68.04407713498622","101.92572214580468"
"1516","70","0","false","5","100","27","70.24793388429752","102.54691689008042"
"1517","70","0","false","5","100","26","70.24793388429752","102.27272727272727"
"1519","70","0","false","5","100","26","65.47291092745638","99.72027972027972"
"1518","70","0","false","5","100","26","67.21763085399449","99.59183673469387"
"1496","70","0","true","100","100","25","67.12580348943985","101.52777777777777"
"1495","70","0","true","100","25","28","65.7483930211203","102.13980028530672"
"1521","70","0","false","25","0","30","68.59504132231406","102.46913580246914"
"1523","70","0","false","25","0","29","64.00367309458218","98.86524822695036"
"1522","70","0","false","25","0","30","67.58494031221304","101.23796423658872"
"1526","70","0","false","25","5","25","72.72727272727273","102.7237354085603"
"1527","70","0","false","25","5","24","69.78879706152433","101.19840213049267"
"1524","70","0","false","25","0","31","67.21763085399449","99.59183673469387"
"1528","70","0","false","25","5","29","72.81910009182737","102.05920205920206"
"1504","70","0","false","5","0","28","70.06427915518825","102.41610738255034"
"1530","70","0","false","25","5","27","70.33976124885216","102.54350736278448"
"1531","70","0","false","25","25","30","68.50321395775941","101.3586956521739"
"1529","70","0","false","25","5","36","68.31955922865014","100.6765899864682"
"1533","70","0","false","25","25","30","70.15610651974288","102.5503355704698"
"1532","70","0","false","25","25","37","67.76859504132231","102.21606648199446"
"1534","70","0","false","25","25","30","71.34986225895317","101.83486238532109"
"1535","70","0","false","25","25","26","70.52341597796143","101.85676392572944"
"1537","70","0","false","25","100","24","70.70707070707071","101.85185185185186"
"1536","70","0","false","25","100","24","71.07438016528926","102.24570673712022"
"1512","70","0","false","5","25","28","67.58494031221304","102.93706293706293"
"1538","70","0","false","25","100","27","70.15610651974288","101.46082337317397"
"1539","70","0","false","25","100","30","66.85032139577594","100.13755158184318"
"1541","70","0","false","100","0","27","72.1763085399449","101.68175937904269"
"1540","70","0","false","25","100","30","69.14600550964187","102.17096336499321"
"1542","70","0","false","100","0","32","67.12580348943985","101.3869625520111"
"1545","70","0","false","100","0","24","71.62534435261708","101.96078431372548"
"1543","70","0","false","100","0","40","67.95224977043158","101.09289617486338"
"1544","70","0","false","100","0","36","68.50321395775941","102.47252747252746"
"1520","70","0","false","5","100","26","69.32966023875115","101.75202156334231"
"1548","70","0","false","100","5","26","68.50321395775941","101.63487738419619"
"1547","70","0","false","100","5","26","70.06427915518825","102.27882037533512"
"1546","70","0","false","100","5","25","73.00275482093664","102.71317829457365"
"1550","70","0","false","100","5","27","70.79889807162535","102.39043824701196"
"1549","70","0","false","100","5","31","67.4931129476584","102.08333333333333"
"1551","70","0","false","100","25","23","71.71717171717171","102.6281208935611"
"1552","70","0","false","100","25","28","66.66666666666666","100.83333333333333"
"1556","70","0","false","100","100","27","72.910927456382","102.71668822768434"
"1555","70","0","false","100","25","31","66.29935720844811","99.72375690607734"
"1557","70","0","false","100","100","27","68.77869605142332","101.49051490514904"
"1554","70","0","false","100","25","34","66.94214876033058","101.81564245810056"
"1525","70","0","false","25","0","42","68.31955922865014","102.33837689133425"
"1559","70","0","false","100","100","24","71.07438016528926","102.11081794195252"
"1558","70","0","false","100","100","28","69.88062442607898","101.60213618157543"
"1561","70","5","true","5","0","25","79.52249770431588","116.86909581646422"
"1560","70","0","false","100","100","29","67.03397612488521","102.38429172510519"
"1562","70","5","true","5","0","30","77.8696051423324","115.68894952251023"
"1564","70","5","true","5","0","23","80.25711662075298","117.00133868808567"
"1568","70","5","true","5","5","23","78.87970615243343","120.98591549295774"
"1565","70","5","true","5","0","26","77.96143250688705","120.76813655761025"
"1566","70","5","true","5","5","29","77.96143250688705","118.90756302521008"
"1571","70","5","true","5","25","23","78.78787878787878","117.37346101231189"
"1570","70","5","true","5","5","24","79.70615243342516","117.93478260869566"
"1572","70","5","true","5","25","24","78.23691460055096","117.03296703296704"
"1573","70","5","true","5","25","26","79.15518824609734","121.23769338959211"
"1575","70","5","true","5","25","23","79.15518824609734","117.43869209809263"
"1574","70","5","true","5","25","65","96.41873278236915","150.2145922746781"
"1579","70","5","true","5","100","21","76.85950413223141","115.13067400275104"
"1553","70","0","false","100","25","35","68.13590449954087","101.22783083219646"
"1581","70","5","true","25","0","27","70.70707070707071","102.803738317757"
"1577","70","5","true","5","100","130","100","152.0949720670391"
"1580","70","5","true","5","100","100","99.2653810835629","151.40056022408965"
"1582","70","5","true","25","0","24","69.23783287419651","101.48048452220726"
"1583","70","5","true","25","0","30","68.41138659320477","102.33516483516483"
"1584","70","5","true","25","0","41","68.04407713498622","104.21940928270041"
"1586","70","5","true","25","5","28","64.83011937557393","99.43661971830986"
"1587","70","5","true","25","5","26","63.45270890725436","97.73691654879774"
"1588","70","5","true","25","5","26","66.57483930211203","100.83449235048678"
"1589","70","5","true","25","5","36","66.29935720844811","102.26628895184136"
"1591","70","5","true","25","25","29","63.08539944903582","101.92878338278932"
"1590","70","5","true","25","5","34","69.14600550964187","102.03252032520325"
"1592","70","5","true","25","25","26","67.95224977043158","101.64835164835165"
"1593","70","5","true","25","25","27","65.93204775022957","101.84397163120566"
"1594","70","5","true","25","25","27","63.91184573002755","97.61570827489481"
"1595","70","5","true","25","25","28","68.13590449954087","100.95238095238095"
"1596","70","5","true","25","100","25","63.08539944903582","96.48876404494382"
"1585","70","5","true","25","0","177","99.90817263544535","156.998556998557"
"1597","70","5","true","25","100","28","68.13590449954087","100.95238095238095"
"1598","70","5","true","25","100","26","66.39118457300276","100"
"1599","70","5","true","25","100","32","67.67676767676768","101.6551724137931"
"1600","70","5","true","25","100","30","63.91184573002755","100.43290043290042"
"1601","70","5","true","100","0","27","67.30945821854912","101.52354570637118"
"1602","70","5","true","100","0","24","66.94214876033058","101.67364016736403"
"1603","70","5","true","100","0","30","67.67676767676768","102.0775623268698"
"1604","70","5","true","100","0","28","67.12580348943985","101.3869625520111"
"1607","70","5","true","100","5","26","65.38108356290174","99.85974754558204"
"1606","70","5","true","100","5","28","66.39118457300276","102.26308345120225"
"1608","70","5","true","100","5","38","67.30945821854912","101.24309392265194"
"1609","70","5","true","100","5","31","63.45270890725436","97.32394366197184"
"1610","70","5","true","100","5","27","66.11570247933885","100.5586592178771"
"1611","70","5","true","100","25","26","69.05417814508723","103.01369863013699"
"1578","70","5","true","5","100","500","100","153.1645569620253"
"1612","70","5","true","100","25","25","66.20752984389348","100.557880055788"
"1569","70","5","true","5","5","500","100","159.21052631578948"
"1616","70","5","true","100","100","23","67.86042240587695","100.68119891008173"
"1615","70","5","true","100","25","27","69.14600550964187","102.72851296043657"
"1576","70","5","true","5","100","500","100","152.3076923076923"
"1617","70","5","true","100","100","38","66.85032139577594","101.81818181818181"
"1619","70","5","true","100","100","33","67.86042240587695","103.35664335664336"
"1618","70","5","true","100","100","36","64.92194674012856","101.72661870503596"
"1567","70","5","true","5","5","500","100","150.8310249307479"
"1605","70","5","true","100","0","30","68.13590449954087","101.36612021857923"
"1621","70","5","false","5","0","23","77.59412304866851","115.9122085048011"
"1620","70","5","true","100","100","27","67.4931129476584","102.51046025104603"
"1622","70","5","false","5","0","24","80.16528925619835","117.33870967741935"
"1623","70","5","false","5","0","24","77.59412304866851","116.23108665749655"
"1625","70","5","false","5","0","26","81.45087235996327","117.6392572944297"
"1628","70","5","false","5","5","24","78.78787878787878","115.47779273216689"
"1629","70","5","false","5","5","26","78.32874196510559","117.17032967032968"
"1613","70","5","true","100","25","29","68.68686868686868","102.18579234972678"
"1614","70","5","true","100","25","29","64.55463728191","102.62773722627739"
"1563","70","5","true","5","0","436","100","152.9494382022472"
"1627","70","5","false","5","5","141","100","141.98174706649283"
"1633","70","5","false","5","25","27","80.53259871441689","117.40294511378848"
"1635","70","5","false","5","25","25","77.59412304866851","116.71270718232046"
"1624","70","5","false","5","0","24","77.96143250688705","118.90756302521008"
"1636","70","5","false","5","100","59","96.23507805325987","141.049798115747"
"1638","70","5","false","5","100","21","78.42056932966024","115.4054054054054"
"1631","70","5","false","5","25","136","100","148.16326530612244"
"1639","70","5","false","5","100","23","76.21671258034894","119.76911976911977"
"1641","70","5","false","25","0","31","68.68686868686868","102.74725274725273"
"1642","70","5","false","25","0","31","67.03397612488521","101.81311018131103"
"1644","70","5","false","25","0","28","67.4931129476584","100.27285129604367"
"1643","70","5","false","25","0","29","68.13590449954087","101.78326474622772"
"1646","70","5","false","25","5","25","69.78879706152433","102.01342281879195"
"1645","70","5","false","25","0","27","70.43158861340679","101.58940397350993"
"1648","70","5","false","25","5","27","68.50321395775941","101.91256830601093"
"1647","70","5","false","25","5","25","72.81910009182737","101.66666666666666"
"1649","70","5","false","25","5","27","68.13590449954087","100.81521739130434"
"1650","70","5","false","25","5","25","71.62534435261708","101.82767624020887"
"1651","70","5","false","25","25","27","70.33976124885216","102.26969292389853"
"1652","70","5","false","25","25","26","69.23783287419651","102.0297699594046"
"1626","70","5","false","5","5","500","100","148.97400820793433"
"1653","70","5","false","25","25","28","68.2277318640955","102.06043956043955"
"1655","70","5","false","25","25","23","71.71717171717171","102.09150326797385"
"1654","70","5","false","25","25","26","69.23783287419651","102.30664857530529"
"1656","70","5","false","25","100","24","65.38108356290174","100.4231311706629"
"1657","70","5","false","25","100","35","69.6969696969697","103.68852459016394"
"1659","70","5","false","25","100","21","68.31955922865014","100.13458950201883"
"1660","70","5","false","25","100","24","75.39026629935721","101.98757763975155"
"1658","70","5","false","25","100","31","69.88062442607898","102.83783783783784"
"1661","70","5","false","100","0","28","70.06427915518825","102.55376344086022"
"1662","70","5","false","100","0","26","71.25803489439852","101.57068062827226"
"1663","70","5","false","100","0","29","69.23783287419651","102.1680216802168"
"1664","70","5","false","100","0","28","66.57483930211203","100"
"1665","70","5","false","100","0","28","70.06427915518825","102.41610738255034"
"1630","70","5","false","5","5","500","100","151.25"
"1666","70","5","false","100","5","26","64.2791551882461","98.59154929577466"
"1668","70","5","false","100","5","24","73.6455463728191","102.95250320924264"
"1669","70","5","false","100","5","27","69.23783287419651","102.72479564032697"
"1667","70","5","false","100","5","28","69.32966023875115","101.34228187919463"
"1670","70","5","false","100","5","29","67.40128558310377","100.54794520547945"
"1671","70","5","false","100","25","28","69.32966023875115","102.02702702702702"
"1672","70","5","false","100","25","25","70.24793388429752","102.40963855421687"
"1673","70","5","false","100","25","26","65.7483930211203","98.62258953168043"
"1674","70","5","false","100","25","33","70.24793388429752","100.52562417871222"
"1675","70","5","false","100","25","24","69.6969696969697","102.01612903225808"
"1676","70","5","false","100","100","29","67.86042240587695","100.40760869565217"
"1677","70","5","false","100","100","24","68.13590449954087","101.64383561643835"
"1640","70","5","false","5","100","347","100","144.04761904761904"
"1679","70","5","false","100","100","30","68.41138659320477","101.91518467852256"
"1680","70","5","false","100","100","26","67.95224977043158","102.20994475138122"
"1678","70","5","false","100","100","26","68.59504132231406","102.6098901098901"
"1634","70","5","false","5","25","500","100","149.5879120879121"
"1637","70","5","false","5","100","500","100","145.2"
"1632","70","5","false","5","25","500","100","146.96356275303643"
"1687","70","25","true","5","5","500","100","158.51528384279476"
"1684","70","25","true","5","0","500","100","152.0949720670391"
"1685","70","25","true","5","0","500","100","150"
"1683","70","25","true","5","0","500","100","155.34950071326676"
"1686","70","25","true","5","5","500","100","154.90753911806542"
"1681","70","25","true","5","0","500","100","147.96195652173913"
"1682","70","25","true","5","0","500","100","150"
"1688","70","25","true","5","5","500","100","153.38028169014083"
"1692","70","25","true","5","25","500","100","151.67130919220057"
"1694","70","25","true","5","25","500","100","151.88284518828453"
"1689","70","25","true","5","5","500","100","150.41436464088397"
"1691","70","25","true","5","25","500","100","150.62240663900414"
"1690","70","25","true","5","5","500","100","151.4603616133519"
"1701","70","25","true","25","0","27","62.53443526170799","98.26839826839827"
"1702","70","25","true","25","0","77","100","155.12820512820514"
"1700","70","25","true","5","100","500","100","155.12820512820514"
"1704","70","25","true","25","0","30","67.30945821854912","102.37430167597765"
"1693","70","25","true","5","25","500","100","154.03111739745404"
"1703","70","25","true","25","0","103","100","151.67130919220057"
"1706","70","25","true","25","5","27","69.14600550964187","102.03252032520325"
"1708","70","25","true","25","5","26","65.47291092745638","102.44252873563218"
"1705","70","25","true","25","0","29","67.30945821854912","100.82530949105914"
"1707","70","25","true","25","5","25","62.16712580348944","97.9739507959479"
"1696","70","25","true","5","100","500","100","148.16326530612244"
"1711","70","25","true","25","25","29","67.4931129476584","101.51933701657458"
"1712","70","25","true","25","25","24","70.43158861340679","102.81501340482573"
"1713","70","25","true","25","25","28","68.87052341597796","102.73972602739727"
"1714","70","25","true","25","25","23","68.87052341597796","100.67114093959732"
"1699","70","25","true","5","100","500","100","152.9494382022472"
"1709","70","25","true","25","5","37","73.73737373737373","110.45392022008254"
"1715","70","25","true","25","25","27","66.20752984389348","100.69832402234637"
"1717","70","25","true","25","100","25","67.03397612488521","100.55096418732784"
"1720","70","25","true","25","100","26","67.40128558310377","102.22841225626742"
"1718","70","25","true","25","100","23","70.70707070707071","102.39361702127661"
"1721","70","25","true","100","0","26","68.2277318640955","101.64158686730507"
"1698","70","25","true","5","100","500","100","154.03111739745404"
"1723","70","25","true","100","0","29","64.37098255280074","98.45505617977528"
"1724","70","25","true","100","0","31","63.820018365472905","98.86201991465148"
"1725","70","25","true","100","0","27","67.03397612488521","101.38888888888889"
"1697","70","25","true","5","100","500","100","147.16216216216216"
"1726","70","25","true","100","5","27","67.86042240587695","101.93103448275862"
"1727","70","25","true","100","5","27","65.38108356290174","100.99290780141843"
"1728","70","25","true","100","5","30","64.92194674012856","100.85592011412268"
"1729","70","25","true","100","5","25","64.83011937557393","100"
"1730","70","25","true","100","5","27","67.03397612488521","101.38888888888889"
"1731","70","25","true","100","25","29","66.57483930211203","101.25698324022345"
"1716","70","25","true","25","100","78","100","152.52100840336135"
"1722","70","25","true","100","0","25","67.30945821854912","98.38926174496643"
"1733","70","25","true","100","25","30","65.84022038567493","100.70224719101124"
"1732","70","25","true","100","25","36","66.20752984389348","100"
"1736","70","25","true","100","100","30","67.76859504132231","102.49999999999999"
"1737","70","25","true","100","100","24","66.85032139577594","101.81818181818181"
"1734","70","25","true","100","25","30","69.9724517906336","101.32978723404256"
"1738","70","25","true","100","100","31","68.50321395775941","102.33196159122085"
"1735","70","25","true","100","25","28","64.37098255280074","99.57386363636364"
"1739","70","25","true","100","100","27","66.29935720844811","101.40449438202248"
"1740","70","25","true","100","100","27","68.59504132231406","102.46913580246914"
"1695","70","25","true","5","25","500","100","149.5879120879121"
"1710","70","25","true","25","5","500","100","152.73492286115007"
"1742","70","25","false","5","0","500","100","144.62151394422312"
"1744","70","25","false","5","0","500","100","148.5675306957708"
"1746","70","25","false","5","5","500","100","145.3938584779706"
"1747","70","25","false","5","5","500","100","149.3827160493827"
"1741","70","25","false","5","0","500","100","147.16216216216216"
"1719","70","25","true","25","100","500","100","151.25"
"1743","70","25","false","5","0","500","100","148.3651226158038"
"1745","70","25","false","5","0","500","100","148.3651226158038"
"1754","70","25","false","5","25","500","100","148.16326530612244"
"1751","70","25","false","5","25","500","100","148.3651226158038"
"1749","70","25","false","5","5","500","100","148.3651226158038"
"1752","70","25","false","5","25","500","100","147.76119402985074"
"1750","70","25","false","5","5","500","100","151.04022191400833"
"1748","70","25","false","5","5","500","100","145.00665778961385"
"1761","70","25","false","25","0","27","69.60514233241506","102.43243243243244"
"1762","70","25","false","25","0","32","70.70707070707071","103.2171581769437"
"1763","70","25","false","25","0","25","70.79889807162535","103.07486631016043"
"1764","70","25","false","25","0","101","100","144.04761904761904"
"1765","70","25","false","25","0","34","68.68686868686868","105.64971751412429"
"1766","70","25","false","25","5","35","71.16620752984389","107.04419889502763"
"1753","70","25","false","5","25","500","100","146.76549865229111"
"1767","70","25","false","25","5","27","66.39118457300276","99.86187845303867"
"1768","70","25","false","25","5","28","68.77869605142332","101.7663043478261"
"1755","70","25","false","5","25","500","100","143.1011826544021"
"1770","70","25","false","25","5","34","68.77869605142332","103.02613480055021"
"1771","70","25","false","25","25","27","70.61524334251607","101.58520475561428"
"1756","70","25","false","5","100","500","100","145.78313253012047"
"1769","70","25","false","25","5","109","100","144.81382978723406"
"1757","70","25","false","5","100","500","100","155.34950071326676"
"1772","70","25","false","25","25","38","69.51331496786042","103.13351498637601"
"1776","70","25","false","25","100","23","70.15610651974288","102.68817204301075"
"1758","70","25","false","5","100","500","100","145.78313253012047"
"1775","70","25","false","25","25","71","100","141.796875"
"1778","70","25","false","25","100","24","67.40128558310377","101.94444444444444"
"1779","70","25","false","25","100","26","67.67676767676768","101.09739368998629"
"1780","70","25","false","25","100","28","69.88062442607898","102.42261103633916"
"1781","70","25","false","100","0","28","69.6969696969697","101.2"
"1782","70","25","false","100","0","30","70.61524334251607","101.18421052631578"
"1777","70","25","false","25","100","61","99.90817263544535","146.63072776280325"
"1783","70","25","false","100","0","25","68.68686868686868","101.90735694822888"
"1759","70","25","false","5","100","500","100","148.5675306957708"
"1784","70","25","false","100","0","29","68.50321395775941","101.3586956521739"
"1785","70","25","false","100","0","33","68.68686868686868","101.21786197564275"
"1786","70","25","false","100","5","30","68.9623507805326","102.03804347826086"
"1788","70","25","false","100","5","28","69.14600550964187","102.17096336499321"
"1789","70","25","false","100","5","36","68.9623507805326","101.62381596752368"
"1791","70","25","false","100","25","25","70.06427915518825","101.59786950732357"
"1790","70","25","false","100","5","30","69.14600550964187","101.34589502018842"
"1792","70","25","false","100","25","24","69.14600550964187","100.53404539385849"
"1794","70","25","false","100","25","30","69.78879706152433","101.74029451137885"
"1795","70","25","false","100","25","30","67.21763085399449","100.82644628099173"
"1796","70","25","false","100","100","31","65.65656565656566","98.62068965517241"
"1793","70","25","false","100","25","36","63.72819100091828","93.78378378378378"
"1798","70","25","false","100","100","25","69.42148760330579","102.30040595399188"
"1799","70","25","false","100","100","26","68.2277318640955","102.48275862068965"
"1787","70","25","false","100","5","30","71.16620752984389","102.10803689064558"
"1797","70","25","false","100","100","26","69.88062442607898","101.33155792276965"
"1800","70","25","false","100","100","24","69.05417814508723","102.45231607629428"
"1760","70","25","false","5","100","500","100","144.81382978723406"
"1774","70","25","false","25","25","500","100","146.5679676985195"
"1773","70","25","false","25","25","500","100","148.16326530612244"
"1801","70","100","true","5","0","500","100","154.03111739745404"
"1803","70","100","true","5","0","500","100","153.59661495063472"
"1805","70","100","true","5","0","500","100","152.73492286115007"
"1806","70","100","true","5","5","500","100","148.5675306957708"
"1808","70","100","true","5","5","500","100","156.2410329985653"
"1807","70","100","true","5","5","500","100","148.5675306957708"
"1809","70","100","true","5","5","500","100","155.793991416309"
"1804","70","100","true","5","0","500","100","149.17808219178082"
"1802","70","100","true","5","0","500","100","156.2410329985653"
"1810","70","100","true","5","5","500","100","150.8310249307479"
"1811","70","100","true","5","25","500","100","151.4603616133519"
"1812","70","100","true","5","25","500","100","149.5879120879121"
"1814","70","100","true","5","25","500","100","152.3076923076923"
"1815","70","100","true","5","25","500","100","154.03111739745404"
"1813","70","100","true","5","25","500","100","149.3827160493827"
"1816","70","100","true","5","100","500","100","150.62240663900414"
"1824","70","100","true","25","0","25","68.41138659320477","102.33516483516483"
"1818","70","100","true","5","100","500","100","149.17808219178082"
"1817","70","100","true","5","100","500","100","150.8310249307479"
"1827","70","100","true","25","5","26","64.2791551882461","98.59154929577466"
"1821","70","100","true","25","0","500","100","151.25"
"1819","70","100","true","5","100","500","100","156.69064748201438"
"1829","70","100","true","25","5","25","68.68686868686868","102.18579234972678"
"1822","70","100","true","25","0","500","100","156.4655172413793"
"1831","70","100","true","25","25","26","63.91184573002755","101.60583941605839"
"1820","70","100","true","5","100","500","100","150"
"1823","70","100","true","25","0","500","100","146.3709677419355"
"1825","70","100","true","25","0","500","100","155.12820512820514"
"1836","70","100","true","25","100","26","69.42148760330579","102.85714285714285"
"1826","70","100","true","25","5","500","100","156.4655172413793"
"1838","70","100","true","25","100","34","71.900826446281","104.9597855227882"
"1828","70","100","true","25","5","500","100","154.03111739745404"
"1832","70","100","true","25","25","500","100","150.20689655172416"
"1841","70","100","true","100","0","34","61.52433425160698","95.17045454545455"
"1842","70","100","true","100","0","30","68.04407713498622","101.92572214580468"
"1843","70","100","true","100","0","29","66.94214876033058","102.3876404494382"
"1844","70","100","true","100","0","25","67.30945821854912","99.86376021798365"
"1834","70","100","true","25","25","500","100","143.47826086956522"
"1845","70","100","true","100","0","37","67.76859504132231","102.35783633841886"
"1830","70","100","true","25","5","500","100","153.59661495063472"
"1833","70","100","true","25","25","500","100","154.24929178470254"
"1848","70","100","true","100","5","32","62.62626262626263","98.27089337175792"
"1849","70","100","true","100","5","33","64.64646464646465","102.4745269286754"
"1850","70","100","true","100","5","27","65.93204775022957","102.13371266002844"
"1851","70","100","true","100","25","32","65.93204775022957","100.98452883263009"
"1852","70","100","true","100","25","25","64.46280991735537","98.45722300140253"
"1853","70","100","true","100","25","25","64.37098255280074","98.31697054698458"
"1854","70","100","true","100","25","27","66.29935720844811","102.12164073550211"
"1835","70","100","true","25","25","500","100","152.52100840336135"
"1856","70","100","true","100","100","26","66.57483930211203","99.45130315500685"
"1846","70","100","true","100","5","25","68.59504132231406","102.18878248974008"
"1855","70","100","true","100","25","49","60.97337006427915","99.1044776119403"
"1857","70","100","true","100","100","28","64.83011937557393","100.85714285714286"
"1847","70","100","true","100","5","26","65.38108356290174","101.28022759601707"
"1858","70","100","true","100","100","30","66.94214876033058","101.67364016736403"
"1859","70","100","true","100","100","26","66.94214876033058","99.86301369863013"
"1860","70","100","true","100","100","29","67.76859504132231","100.9575923392613"
"1839","70","100","true","25","100","500","100","151.04022191400833"
"1837","70","100","true","25","100","500","100","155.34950071326676"
"1840","70","100","true","25","100","500","100","156.4655172413793"
"1863","70","100","false","5","0","500","100","144.23841059602648"
"1862","70","100","false","5","0","500","100","151.25"
"1865","70","100","false","5","0","500","100","147.76119402985074"
"1866","70","100","false","5","5","500","100","146.1744966442953"
"1867","70","100","false","5","5","500","100","145.3938584779706"
"1861","70","100","false","5","0","500","100","148.77049180327867"
"1864","70","100","false","5","0","500","100","146.5679676985195"
"1868","70","100","false","5","5","500","100","150.8310249307479"
"1869","70","100","false","5","5","500","100","148.16326530612244"
"1870","70","100","false","5","5","500","100","145.78313253012047"
"1874","70","100","false","5","25","500","100","147.5609756097561"
"1872","70","100","false","5","25","500","100","138.54961832061068"
"1871","70","100","false","5","25","500","100","154.46808510638297"
"1881","70","100","false","25","0","36","76.40036730945822","117.68033946251768"
"1875","70","100","false","5","25","500","100","152.0949720670391"
"1873","70","100","false","5","25","500","100","147.5609756097561"
"1883","70","100","false","25","0","30","70.61524334251607","104.05953991880921"
"1884","70","100","false","25","0","33","73.18640955004592","106.26666666666667"
"1885","70","100","false","25","0","35","73.82920110192838","112.13389121338912"
"1886","70","100","false","25","5","24","70.98255280073462","101.17801047120419"
"1888","70","100","false","25","5","30","72.72727272727273","105.88235294117648"
"1889","70","100","false","25","5","26","70.61524334251607","103.22147651006712"
"1890","70","100","false","25","5","32","71.99265381083563","108.7378640776699"
"1891","70","100","false","25","25","26","71.25803489439852","102.23978919631094"
"1876","70","100","false","5","100","500","100","147.36129905277403"
"1893","70","100","false","25","25","23","69.42148760330579","102.30040595399188"
"1877","70","100","false","5","100","500","100","142.35294117647058"
"1894","70","100","false","25","25","23","70.06427915518825","102.55376344086022"
"1895","70","100","false","25","25","25","70.61524334251607","102.12483399734396"
"1896","70","100","false","25","100","23","69.32966023875115","102.30352303523036"
"1897","70","100","false","25","100","35","74.19651056014692","106.87830687830689"
"1899","70","100","false","25","100","24","67.40128558310377","100.13642564802183"
"1900","70","100","false","25","100","25","71.71717171717171","102.09150326797385"
"1901","70","100","false","100","0","28","70.15610651974288","102.5503355704698"
"1902","70","100","false","100","0","26","68.87052341597796","100.67114093959732"
"1903","70","100","false","100","0","29","67.67676767676768","100.27210884353741"
"1878","70","100","false","5","100","500","100","144.04761904761904"
"1879","70","100","false","5","100","500","100","147.36129905277403"
"1904","70","100","false","100","0","28","65.84022038567493","101.84659090909092"
"1905","70","100","false","100","0","27","70.33976124885216","101.86170212765957"
"1908","70","100","false","100","5","27","70.33976124885216","102.54350736278448"
"1906","70","100","false","100","5","33","68.77869605142332","101.9047619047619"
"1907","70","100","false","100","5","28","68.13590449954087","100.27027027027027"
"1909","70","100","false","100","5","27","71.99265381083563","102.61780104712042"
"1911","70","100","false","100","25","26","71.34986225895317","101.96850393700787"
"1910","70","100","false","100","5","42","68.77869605142332","101.7663043478261"
"1882","70","100","false","25","0","500","100","153.1645569620253"
"1914","70","100","false","100","25","25","72.63544536271809","102.59403372243838"
"1887","70","100","false","25","5","500","100","146.3709677419355"
"1913","70","100","false","100","25","29","66.85032139577594","101.25173852573018"
"1915","70","100","false","100","25","35","68.9623507805326","102.87671232876711"
"1918","70","100","false","100","100","24","70.33976124885216","103.09555854643338"
"1916","70","100","false","100","100","32","68.77869605142332","100.9433962264151"
"1917","70","100","false","100","100","29","70.33976124885216","101.99733688415446"
"1919","70","100","false","100","100","28","70.52341597796143","101.99203187250995"
"1920","70","100","false","100","100","28","67.95224977043158","101.92837465564739"
"1880","70","100","false","5","100","500","100","146.96356275303643"
"1912","70","100","false","100","25","27","67.58494031221304","100.5464480874317"
"1892","70","100","false","25","25","500","100","143.8573315719947"
"1898","70","100","false","25","100","500","100","151.25"
"250","40","25","true","5","5","500","100","258.0568720379147"
