"BehaviorSpace results (NetLogo 7.0.4)","Table version 2.0"
"forestfire.nlogox"
"forest_fire_experiment10"
"10/01/2026 13:35:38:987 +0530"
"min-pxcor","max-pxcor","min-pycor","max-pycor"
"-16","16","-16","16"
"[run number]","density","regrowth-chance","firebreak?","regrowth-time","reignite-chance","[step]","percent-ever-burned","percent-initial-trees-burned"
"5","60","5","false","5","5","0","1.9283746556473829","3.1818181818181817"
"3","60","5","false","5","5","0","1.7447199265381086","2.9275808936825887"
"8","60","5","false","5","5","0","1.9283746556473829","3.4710743801652892"
"5","60","5","false","5","5","1","4.040404040404041","6.666666666666667"
"4","60","5","false","5","5","0","1.7447199265381086","2.90519877675841"
"3","60","5","false","5","5","1","3.8567493112947657","6.471494607087827"
"5","60","5","false","5","5","2","5.876951331496786","9.696969696969697"
"3","60","5","false","5","5","2","6.244260789715335","10.477657935285054"
"9","60","5","false","5","5","0","1.8365472910927456","3.149606299212598"
"2","60","5","false","5","5","0","1.6528925619834711","2.857142857142857"
"7","60","5","false","5","5","0","1.9283746556473829","3.296703296703297"
"6","60","5","false","5","5","0","2.0202020202020203","3.4755134281200633"
"8","60","5","false","5","5","1","3.581267217630854","6.446280991735537"
"5","60","5","false","5","5","3","7.80532598714417","12.878787878787879"
"1","60","5","false","5","5","0","2.3875114784205693","4.05616224648986"
"3","60","5","false","5","5","3","8.356290174471992","14.021571648690292"
"8","60","5","false","5","5","2","5.234159779614325","9.421487603305785"
"5","60","5","false","5","5","4","9.82552800734619","16.21212121212121"
"4","60","5","false","5","5","1","3.8567493112947657","6.422018348623854"
"5","60","5","false","5","5","5","11.386593204775023","18.787878787878785"
"9","60","5","false","5","5","1","3.581267217630854","6.141732283464567"
"3","60","5","false","5","5","4","10.284664830119375","17.257318952234208"
"8","60","5","false","5","5","3","6.887052341597796","12.396694214876034"
"2","60","5","false","5","5","1","3.8567493112947657","6.666666666666667"
"7","60","5","false","5","5","1","4.040404040404041","6.907378335949764"
"5","60","5","false","5","5","6","12.672176308539946","20.909090909090907"
"9","60","5","false","5","5","2","5.785123966942149","9.921259842519685"
"7","60","5","false","5","5","2","5.968778696051423","10.204081632653061"
"5","60","5","false","5","5","7","14.692378328741965","24.242424242424242"
"8","60","5","false","5","5","4","7.80532598714417","14.049586776859504"
"6","60","5","false","5","5","1","4.132231404958678","7.109004739336493"
"4","60","5","false","5","5","2","6.703397612488522","11.162079510703364"
"3","60","5","false","5","5","5","11.84573002754821","19.876733436055467"
"7","60","5","false","5","5","3","7.43801652892562","12.71585557299843"
"2","60","5","false","5","5","2","6.336088154269973","10.952380952380953"
"6","60","5","false","5","5","2","6.42791551882461","11.058451816745656"
"5","60","5","false","5","5","8","16.988062442607895","28.030303030303028"
"9","60","5","false","5","5","3","8.356290174471992","14.330708661417324"
"3","60","5","false","5","5","6","13.590449954086317","22.80431432973806"
"8","60","5","false","5","5","5","8.81542699724518","15.867768595041323"
"5","60","5","false","5","5","9","20.110192837465565","33.18181818181819"
"2","60","5","false","5","5","3","8.172635445362717","14.126984126984127"
"3","60","5","false","5","5","7","15.5188246097337","26.040061633281976"
"6","60","5","false","5","5","3","8.356290174471992","14.375987361769353"
"4","60","5","false","5","5","3","8.81542699724518","14.678899082568808"
"2","60","5","false","5","5","4","9.917355371900827","17.142857142857142"
"5","60","5","false","5","5","10","23.415977961432507","38.63636363636363"
"7","60","5","false","5","5","4","8.999081726354454","15.384615384615385"
"8","60","5","false","5","5","6","9.917355371900827","17.85123966942149"
"6","60","5","false","5","5","4","10.560146923783286","18.167456556082147"
"5","60","5","false","5","5","11","26.813590449954088","44.24242424242424"
"2","60","5","false","5","5","5","11.47842056932966","19.841269841269842"
"3","60","5","false","5","5","8","17.53902662993572","29.429892141756547"
"9","60","5","false","5","5","4","10.192837465564738","17.480314960629922"
"4","60","5","false","5","5","4","10.651974288337925","17.737003058103976"
"5","60","5","false","5","5","12","29.75206611570248","49.09090909090909"
"8","60","5","false","5","5","7","11.019283746556475","19.834710743801654"
"6","60","5","false","5","5","5","12.947658402203857","22.274881516587676"
"9","60","5","false","5","5","5","12.029384756657484","20.629921259842522"
"7","60","5","false","5","5","5","10.651974288337925","18.210361067503925"
"8","60","5","false","5","5","8","12.396694214876034","22.31404958677686"
"5","60","5","false","5","5","13","33.51698806244261","55.3030303030303"
"2","60","5","false","5","5","6","12.947658402203857","22.380952380952383"
"3","60","5","false","5","5","9","19.55922865013774","32.81972265023113"
"6","60","5","false","5","5","6","15.059687786960515","25.908372827804104"
"7","60","5","false","5","5","6","11.84573002754821","20.251177394034535"
"8","60","5","false","5","5","9","14.14141414141414","25.454545454545453"
"4","60","5","false","5","5","5","12.48852157943067","20.795107033639145"
"7","60","5","false","5","5","7","13.223140495867769","22.605965463108323"
"8","60","5","false","5","5","10","15.977961432506888","28.760330578512395"
"5","60","5","false","5","5","14","37.64921946740129","62.121212121212125"
"6","60","5","false","5","5","7","17.079889807162534","29.383886255924168"
"9","60","5","false","5","5","6","13.86593204775023","23.77952755905512"
"2","60","5","false","5","5","7","14.325068870523417","24.761904761904763"
"7","60","5","false","5","5","8","14.967860422405877","25.588697017268448"
"8","60","5","false","5","5","11","17.99816345270891","32.396694214876035"
"6","60","5","false","5","5","8","19.28374655647383","33.175355450236964"
"9","60","5","false","5","5","7","16.161616161616163","27.716535433070867"
"7","60","5","false","5","5","9","16.712580348943984","28.57142857142857"
"8","60","5","false","5","5","12","20.293847566574836","36.52892561983471"
"3","60","5","false","5","5","10","21.85491276400367","36.67180277349769"
"6","60","5","false","5","5","9","21.21212121212121","36.492890995260666"
"8","60","5","false","5","5","13","22.681359044995407","40.82644628099173"
"9","60","5","false","5","5","8","18.91643709825528","32.44094488188976"
"5","60","5","false","5","5","15","41.8732782369146","69.0909090909091"
"2","60","5","false","5","5","8","15.702479338842975","27.142857142857142"
"4","60","5","false","5","5","6","14.508723599632692","24.159021406727827"
"6","60","5","false","5","5","10","23.59963269054178","40.60031595576619"
"3","60","5","false","5","5","11","24.242424242424242","40.67796610169492"
"7","60","5","false","5","5","10","18.365472910927455","31.39717425431711"
"8","60","5","false","5","5","14","25.6198347107438","46.11570247933884"
"6","60","5","false","5","5","11","26.078971533516988","44.86571879936809"
"9","60","5","false","5","5","9","21.57943067033976","37.00787401574803"
"2","60","5","false","5","5","9","17.355371900826448","30"
"7","60","5","false","5","5","11","20.018365472910926","34.22291993720565"
"6","60","5","false","5","5","12","28.650137741046834","49.28909952606635"
"8","60","5","false","5","5","15","28.92561983471074","52.066115702479344"
"2","60","5","false","5","5","10","19.55922865013774","33.80952380952381"
"7","60","5","false","5","5","12","21.94674012855831","37.51962323390895"
"6","60","5","false","5","5","13","31.496786042240586","54.18641390205371"
"5","60","5","false","5","5","16","46.372819100091824","76.51515151515152"
"2","60","5","false","5","5","11","22.58953168044077","39.04761904761905"
"8","60","5","false","5","5","16","32.87419651056015","59.17355371900827"
"4","60","5","false","5","5","7","16.345270890725434","27.217125382262996"
"3","60","5","false","5","5","12","27.45638200183655","46.070878274268104"
"2","60","5","false","5","5","12","25.6198347107438","44.285714285714285"
"8","60","5","false","5","5","17","38.20018365472911","68.7603305785124"
"5","60","5","false","5","5","17","51.05601469237833","84.24242424242424"
"9","60","5","false","5","5","10","24.242424242424242","41.574803149606296"
"7","60","5","false","5","5","13","23.96694214876033","40.97331240188383"
"3","60","5","false","5","5","13","30.303030303030305","50.847457627118644"
"6","60","5","false","5","5","14","34.710743801652896","59.71563981042654"
"8","60","5","false","5","5","18","42.97520661157025","77.35537190082644"
"7","60","5","false","5","5","14","25.6198347107438","43.79905808477237"
"2","60","5","false","5","5","13","29.017447199265384","50.15873015873016"
"4","60","5","false","5","5","8","18.732782369146005","31.19266055045872"
"9","60","5","false","5","5","11","27.089072543618","46.45669291338583"
"6","60","5","false","5","5","15","38.75114784205693","66.66666666666666"
"5","60","5","false","5","5","18","56.10651974288338","92.57575757575758"
"2","60","5","false","5","5","14","32.5068870523416","56.19047619047619"
"3","60","5","false","5","5","14","33.97612488521579","57.01078582434514"
"2","60","5","false","5","5","15","36.36363636363637","62.857142857142854"
"3","60","5","false","5","5","15","37.74104683195592","63.32819722650231"
"9","60","5","false","5","5","12","29.75206611570248","51.023622047244096"
"8","60","5","false","5","5","19","48.760330578512395","87.76859504132231"
"7","60","5","false","5","5","15","27.548209366391184","47.09576138147567"
"2","60","5","false","5","5","16","40.67952249770432","70.31746031746032"
"4","60","5","false","5","5","9","20.9366391184573","34.862385321100916"
"1","60","5","false","5","5","1","5.142332415059688","8.736349453978159"
"5","60","5","false","5","5","19","61.24885215794307","101.06060606060605"
"6","60","5","false","5","5","16","42.79155188246097","73.61769352290679"
"8","60","5","false","5","5","20","55.09641873278237","99.17355371900827"
"7","60","5","false","5","5","16","29.660238751147844","50.706436420722135"
"2","60","5","false","5","5","17","45.54637281910009","78.73015873015873"
"9","60","5","false","5","5","13","32.415059687786965","55.59055118110236"
"5","60","5","false","5","5","20","65.84022038567493","108.63636363636364"
"4","60","5","false","5","5","10","23.324150596877868","38.837920489296636"
"6","60","5","false","5","5","17","47.2910927456382","81.35860979462876"
"3","60","5","false","5","5","16","42.79155188246097","71.80277349768875"
"7","60","5","false","5","5","17","32.78236914600551","56.043956043956044"
"6","60","5","false","5","5","18","51.88246097337006","89.25750394944708"
"7","60","5","false","5","5","18","36.36363636363637","62.166405023547874"
"4","60","5","false","5","5","11","25.803489439853077","42.96636085626911"
"7","60","5","false","5","5","19","40.22038567493113","68.75981161695447"
"2","60","5","false","5","5","18","51.05601469237833","88.25396825396825"
"5","60","5","false","5","5","21","69.9724517906336","115.45454545454545"
"6","60","5","false","5","5","19","56.93296602387512","97.94628751974723"
"5","60","5","false","5","5","22","72.26813590449954","119.24242424242424"
"9","60","5","false","5","5","14","35.53719008264463","60.94488188976378"
"3","60","5","false","5","5","17","47.474747474747474","79.66101694915254"
"8","60","5","false","5","5","21","61.0651974288338","109.91735537190081"
"5","60","5","false","5","5","23","73.82920110192838","121.81818181818183"
"2","60","5","false","5","5","19","56.38200183654729","97.46031746031746"
"3","60","5","false","5","5","18","52.43342516069789","87.98151001540832"
"9","60","5","false","5","5","15","38.6593204775023","66.2992125984252"
"5","60","5","false","5","5","24","74.83930211202939","123.48484848484848"
"4","60","5","false","5","5","12","28.650137741046834","47.706422018348626"
"3","60","5","false","5","5","19","57.30027548209367","96.14791987673344"
"7","60","5","false","5","5","20","45.08723599632691","77.08006279434852"
"2","60","5","false","5","5","20","61.70798898071625","106.66666666666667"
"5","60","5","false","5","5","25","75.8494031221304","125.15151515151514"
"9","60","5","false","5","5","16","42.14876033057851","72.28346456692914"
"3","60","5","false","5","5","20","62.53443526170799","104.9306625577812"
"5","60","5","false","5","5","26","76.5840220385675","126.36363636363637"
"9","60","5","false","5","5","17","46.005509641873275","78.89763779527559"
"6","60","5","false","5","5","20","61.70798898071625","106.1611374407583"
"8","60","5","false","5","5","22","66.11570247933885","119.00826446280992"
"3","60","5","false","5","5","21","67.86042240587695","113.86748844375963"
"5","60","5","false","5","5","27","77.3186409550046","127.57575757575759"
"7","60","5","false","5","5","21","50.872359963269055","86.9701726844584"
"5","60","5","false","5","5","28","77.96143250688705","128.63636363636363"
"4","60","5","false","5","5","13","31.68044077134986","52.752293577981646"
"9","60","5","false","5","5","18","51.2396694214876","87.8740157480315"
"7","60","5","false","5","5","22","56.65748393021121","96.86028257456829"
"5","60","5","false","5","5","29","78.51239669421489","129.54545454545453"
"2","60","5","false","5","5","21","66.66666666666666","115.23809523809523"
"6","60","5","false","5","5","21","66.11570247933885","113.74407582938389"
"7","60","5","false","5","5","23","61.61616161616161","105.3375196232339"
"8","60","5","false","5","5","23","71.16620752984389","128.099173553719"
"5","60","5","false","5","5","30","79.15518824609734","130.60606060606062"
"5","60","5","false","5","5","31","79.7979797979798","131.66666666666666"
"6","60","5","false","5","5","22","70.06427915518825","120.53712480252766"
"3","60","5","false","5","5","22","72.54361799816346","121.72573189522342"
"9","60","5","false","5","5","19","55.831037649219475","95.74803149606299"
"2","60","5","false","5","5","22","71.53351698806244","123.65079365079366"
"4","60","5","false","5","5","14","34.9862258953168","58.256880733944946"
"6","60","5","false","5","5","23","73.37006427915519","126.22432859399683"
"4","60","5","false","5","5","15","38.10835629017447","63.455657492354746"
"7","60","5","false","5","5","24","65.84022038567493","112.55886970172683"
"8","60","5","false","5","5","24","75.20661157024794","135.37190082644628"
"5","60","5","false","5","5","32","79.98163452708907","131.96969696969697"
"6","60","5","false","5","5","24","75.1147842056933","129.2259083728278"
"5","60","5","false","5","5","33","80.34894398530761","132.57575757575756"
"4","60","5","false","5","5","16","41.8732782369146","69.72477064220183"
"6","60","5","false","5","5","25","76.03305785123968","130.80568720379148"
"8","60","5","false","5","5","25","76.30853994490359","137.35537190082644"
"3","60","5","false","5","5","23","76.21671258034894","127.88906009244991"
"2","60","5","false","5","5","23","75.02295684113865","129.6825396825397"
"9","60","5","false","5","5","20","61.15702479338842","104.88188976377953"
"4","60","5","false","5","5","17","45.821854912764","76.29969418960245"
"8","60","5","false","5","5","26","76.95133149678604","138.51239669421486"
"7","60","5","false","5","5","25","70.06427915518825","119.78021978021978"
"9","60","5","false","5","5","21","65.93204775022957","113.07086614173227"
"5","60","5","false","5","5","34","80.99173553719008","133.63636363636365"
"8","60","5","false","5","5","27","77.41046831955923","139.33884297520663"
"3","60","5","false","5","5","24","78.23691460055096","131.2788906009245"
"4","60","5","false","5","5","18","49.219467401285584","81.9571865443425"
"9","60","5","false","5","5","22","69.6969696969697","119.52755905511812"
"2","60","5","false","5","5","24","76.67584940312213","132.53968253968253"
"6","60","5","false","5","5","26","76.40036730945822","131.43759873617694"
"8","60","5","false","5","5","28","78.0532598714417","140.49586776859505"
"4","60","5","false","5","5","19","53.07621671258035","88.37920489296636"
"8","60","5","false","5","5","29","78.32874196510559","140.9917355371901"
"2","60","5","false","5","5","25","77.68595041322314","134.28571428571428"
"8","60","5","false","5","5","30","78.78787878787878","141.8181818181818"
"5","60","5","false","5","5","35","81.63452708907253","134.6969696969697"
"7","60","5","false","5","5","26","74.01285583103765","126.53061224489797"
"8","60","5","false","5","5","31","79.43067033976125","142.97520661157023"
"2","60","5","false","5","5","26","77.96143250688705","134.76190476190476"
"4","60","5","false","5","5","20","57.20844811753902","95.25993883792049"
"3","60","5","false","5","5","25","79.43067033976125","133.28197226502311"
"6","60","5","false","5","5","27","76.5840220385675","131.75355450236967"
"9","60","5","false","5","5","23","72.1763085399449","123.77952755905513"
"5","60","5","false","5","5","36","82.18549127640037","135.6060606060606"
"8","60","5","false","5","5","32","79.70615243342516","143.47107438016528"
"7","60","5","false","5","5","27","76.21671258034894","130.298273155416"
"9","60","5","false","5","5","24","73.92102846648301","126.77165354330708"
"2","60","5","false","5","5","27","78.60422405876952","135.87301587301587"
"7","60","5","false","5","5","28","78.23691460055096","133.7519623233909"
"9","60","5","false","5","5","25","74.56382001836546","127.8740157480315"
"5","60","5","false","5","5","37","82.92011019283747","136.8181818181818"
"4","60","5","false","5","5","21","61.70798898071625","102.75229357798166"
"6","60","5","false","5","5","28","77.13498622589532","132.70142180094786"
"8","60","5","false","5","5","33","79.98163452708907","143.96694214876032"
"3","60","5","false","5","5","26","80.16528925619835","134.5146379044684"
"7","60","5","false","5","5","29","80.16528925619835","137.0486656200942"
"8","60","5","false","5","5","34","80.0734618916437","144.13223140495867"
"7","60","5","false","5","5","30","81.5426997245179","139.40345368916797"
"8","60","5","false","5","5","35","80.25711662075298","144.46280991735537"
"5","60","5","false","5","5","38","83.37924701561064","137.57575757575756"
"2","60","5","false","5","5","28","78.87970615243343","136.34920634920636"
"9","60","5","false","5","5","26","74.83930211202939","128.3464566929134"
"4","60","5","false","5","5","22","66.0238751147842","109.9388379204893"
"8","60","5","false","5","5","36","80.62442607897154","145.12396694214874"
"1","60","5","false","5","5","2","7.988980716253444","13.57254290171607"
"3","60","5","false","5","5","27","80.53259871441689","135.13097072419106"
"6","60","5","false","5","5","29","77.50229568411386","133.33333333333331"
"7","60","5","false","5","5","31","82.46097337006428","140.97331240188382"
"3","60","5","false","5","5","28","80.8080808080808","135.59322033898303"
"8","60","5","false","5","5","37","81.08356290174473","145.9504132231405"
"6","60","5","false","5","5","30","77.8696051423324","133.9652448657188"
"5","60","5","false","5","5","39","84.02203856749311","138.63636363636365"
"7","60","5","false","5","5","32","83.56290174471994","142.85714285714286"
"9","60","5","false","5","5","27","75.39026629935721","129.29133858267716"
"8","60","5","false","5","5","38","81.81818181818183","147.27272727272725"
"2","60","5","false","5","5","29","79.43067033976125","137.3015873015873"
"9","60","5","false","5","5","28","75.8494031221304","130.0787401574803"
"7","60","5","false","5","5","33","83.93021120293848","143.4850863422292"
"4","60","5","false","5","5","23","69.23783287419651","115.29051987767585"
"9","60","5","false","5","5","29","76.49219467401286","131.18110236220474"
"6","60","5","false","5","5","31","78.32874196510559","134.75513428120064"
"8","60","5","false","5","5","39","82.09366391184572","147.76859504132233"
"3","60","5","false","5","5","29","80.99173553719008","135.90138674884437"
"2","60","5","false","5","5","30","79.98163452708907","138.25396825396825"
"5","60","5","false","5","5","40","84.48117539026629","139.3939393939394"
"7","60","5","false","5","5","34","84.57300275482093","144.5839874411303"
"4","60","5","false","5","5","24","72.08448117539027","120.03058103975535"
"3","60","5","false","5","5","30","81.08356290174473","136.05546995377503"
"8","60","5","false","5","5","40","82.46097337006428","148.4297520661157"
"6","60","5","false","5","5","32","78.87970615243343","135.70300157977883"
"9","60","5","false","5","5","30","77.22681359044995","132.44094488188975"
"8","60","5","false","5","5","41","83.28741965105601","149.91735537190084"
"7","60","5","false","5","5","35","85.12396694214877","145.5259026687598"
"8","60","5","false","5","5","42","83.83838383838383","150.9090909090909"
"5","60","5","false","5","5","41","85.49127640036731","141.06060606060606"
"4","60","5","false","5","5","25","74.65564738292011","124.31192660550458"
"7","60","5","false","5","5","36","85.49127640036731","146.15384615384613"
"2","60","5","false","5","5","31","80.53259871441689","139.2063492063492"
"3","60","5","false","5","5","31","81.26721763085399","136.36363636363635"
"7","60","5","false","5","5","37","85.67493112947659","146.4678178963893"
"6","60","5","false","5","5","33","79.52249770431588","136.8088467614534"
"9","60","5","false","5","5","31","77.77777777777779","133.38582677165354"
"4","60","5","false","5","5","26","77.04315886134067","128.2874617737003"
"2","60","5","false","5","5","32","81.08356290174473","140.15873015873015"
"8","60","5","false","5","5","43","84.66483011937558","152.39669421487602"
"7","60","5","false","5","5","38","85.9504132231405","146.9387755102041"
"4","60","5","false","5","5","27","78.60422405876952","130.8868501529052"
"5","60","5","false","5","5","42","86.22589531680441","142.27272727272725"
"8","60","5","false","5","5","44","85.67493112947659","154.21487603305786"
"3","60","5","false","5","5","32","81.63452708907253","136.97996918335903"
"8","60","5","false","5","5","45","86.50137741046832","155.70247933884298"
"4","60","5","false","5","5","28","79.15518824609734","131.80428134556576"
"7","60","5","false","5","5","39","86.13406795224977","147.25274725274727"
"9","60","5","false","5","5","32","78.42056932966024","134.48818897637796"
"5","60","5","false","5","5","43","86.9605142332415","143.48484848484847"
"3","60","5","false","5","5","33","82.09366391184572","137.75038520801232"
"6","60","5","false","5","5","34","80.44077134986226","138.38862559241707"
"2","60","5","false","5","5","33","81.91000918273646","141.5873015873016"
"4","60","5","false","5","5","29","79.52249770431588","132.41590214067278"
"8","60","5","false","5","5","46","86.9605142332415","156.52892561983472"
"7","60","5","false","5","5","40","86.40955004591369","147.723704866562"
"5","60","5","false","5","5","44","88.06244260789715","145.3030303030303"
"4","60","5","false","5","5","30","79.7979797979798","132.87461773700306"
"6","60","5","false","5","5","35","80.89990817263545","139.17851500789888"
"5","60","5","false","5","5","45","88.79706152433425","146.5151515151515"
"7","60","5","false","5","5","41","86.59320477502295","148.03767660910518"
"3","60","5","false","5","5","34","82.46097337006428","138.36671802773498"
"9","60","5","false","5","5","33","78.78787878787878","135.11811023622047"
"2","60","5","false","5","5","34","82.46097337006428","142.53968253968253"
"6","60","5","false","5","5","36","81.35904499540864","139.96840442338072"
"8","60","5","false","5","5","47","87.32782369146005","157.1900826446281"
"7","60","5","false","5","5","42","86.86868686868688","148.50863422291994"
"3","60","5","false","5","5","35","83.0119375573921","139.29121725731895"
"4","60","5","false","5","5","31","79.98163452708907","133.18042813455656"
"9","60","5","false","5","5","34","79.15518824609734","135.748031496063"
"2","60","5","false","5","5","35","83.28741965105601","143.96825396825398"
"5","60","5","false","5","5","46","89.1643709825528","147.12121212121212"
"7","60","5","false","5","5","43","87.14416896235078","148.9795918367347"
"8","60","5","false","5","5","48","87.78696051423324","158.01652892561984"
"9","60","5","false","5","5","35","79.43067033976125","136.2204724409449"
"8","60","5","false","5","5","49","88.42975206611571","159.17355371900825"
"5","60","5","false","5","5","47","90.08264462809917","148.63636363636363"
"6","60","5","false","5","5","37","81.91000918273646","140.91627172195894"
"7","60","5","false","5","5","44","87.41965105601469","149.45054945054946"
"8","60","5","false","5","5","50","89.07254361799816","160.3305785123967"
"2","60","5","false","5","5","36","83.65472910927456","144.6031746031746"
"9","60","5","false","5","5","36","79.88980716253444","137.00787401574803"
"3","60","5","false","5","5","36","83.47107438016529","140.06163328197226"
"4","60","5","false","5","5","32","80.25711662075298","133.63914373088684"
"8","60","5","false","5","5","51","90.35812672176309","162.64462809917356"
"5","60","5","false","5","5","48","90.633608815427","149.54545454545453"
"7","60","5","false","5","5","45","87.69513314967861","149.9215070643642"
"2","60","5","false","5","5","37","83.93021120293848","145.07936507936506"
"6","60","5","false","5","5","38","82.36914600550963","141.70616113744077"
"8","60","5","false","5","5","52","91.09274563820018","163.96694214876032"
"3","60","5","false","5","5","37","84.11386593204774","141.1402157164869"
"4","60","5","false","5","5","33","80.44077134986226","133.94495412844037"
"7","60","5","false","5","5","46","88.24609733700642","150.86342229199371"
"6","60","5","false","5","5","39","83.0119375573921","142.8120063191153"
"9","60","5","false","5","5","37","80.34894398530761","137.79527559055117"
"5","60","5","false","5","5","49","91.46005509641874","150.9090909090909"
"6","60","5","false","5","5","40","83.28741965105601","143.28593996840442"
"9","60","5","false","5","5","38","80.71625344352617","138.4251968503937"
"3","60","5","false","5","5","38","84.94031221303948","142.52696456086287"
"8","60","5","false","5","5","53","92.1028466483012","165.78512396694214"
"3","60","5","false","5","5","39","85.67493112947659","143.75963020030818"
"2","60","5","false","5","5","38","84.20569329660239","145.55555555555554"
"9","60","5","false","5","5","39","81.45087235996327","139.68503937007875"
"5","60","5","false","5","5","50","92.01101928374655","151.8181818181818"
"7","60","5","false","5","5","47","88.33792470156106","151.0204081632653"
"6","60","5","false","5","5","41","83.65472910927456","143.91785150078988"
"4","60","5","false","5","5","34","80.53259871441689","134.09785932721712"
"3","60","5","false","5","5","40","86.50137741046832","145.14637904468412"
"5","60","5","false","5","5","51","92.65381083562902","152.87878787878788"
"6","60","5","false","5","5","42","84.38934802571167","145.18167456556083"
"2","60","5","false","5","5","39","84.57300275482093","146.19047619047618"
"5","60","5","false","5","5","52","92.8374655647383","153.1818181818182"
"9","60","5","false","5","5","40","82.46097337006428","141.4173228346457"
"8","60","5","false","5","5","54","92.3783287419651","166.28099173553719"
"4","60","5","false","5","5","35","80.71625344352617","134.40366972477065"
"7","60","5","false","5","5","48","88.79706152433425","151.80533751962324"
"5","60","5","false","5","5","53","93.48025711662076","154.24242424242425"
"3","60","5","false","5","5","41","87.69513314967861","147.14946070878275"
"6","60","5","false","5","5","43","84.94031221303948","146.12954186413901"
"5","60","5","false","5","5","54","94.03122130394857","155.15151515151516"
"9","60","5","false","5","5","41","83.28741965105601","142.83464566929135"
"2","60","5","false","5","5","40","85.2157943067034","147.30158730158732"
"8","60","5","false","5","5","55","92.74563820018365","166.94214876033058"
"4","60","5","false","5","5","36","80.99173553719008","134.8623853211009"
"7","60","5","false","5","5","49","89.53168044077135","153.0612244897959"
"3","60","5","false","5","5","42","88.24609733700642","148.07395993836673"
"3","60","5","false","5","5","43","88.79706152433425","148.9984591679507"
"2","60","5","false","5","5","41","85.9504132231405","148.57142857142858"
"4","60","5","false","5","5","37","81.17539026629935","135.16819571865443"
"5","60","5","false","5","5","55","94.39853076216713","155.75757575757575"
"8","60","5","false","5","5","56","93.38842975206612","168.09917355371903"
"2","60","5","false","5","5","42","86.50137741046832","149.52380952380952"
"6","60","5","false","5","5","44","85.39944903581267","146.91943127962085"
"9","60","5","false","5","5","42","84.20569329660239","144.40944881889763"
"8","60","5","false","5","5","57","93.8475665748393","168.92561983471074"
"5","60","5","false","5","5","56","94.5821854912764","156.06060606060606"
"7","60","5","false","5","5","50","90.26629935720845","154.3171114599686"
"3","60","5","false","5","5","44","89.1643709825528","149.61479198767333"
"6","60","5","false","5","5","45","85.76675849403122","147.55134281200634"
"2","60","5","false","5","5","43","86.9605142332415","150.3174603174603"
"4","60","5","false","5","5","38","81.45087235996327","135.6269113149847"
"7","60","5","false","5","5","51","90.9090909090909","155.4160125588697"
"6","60","5","false","5","5","46","86.50137741046832","148.81516587677726"
"2","60","5","false","5","5","44","87.78696051423324","151.74603174603175"
"8","60","5","false","5","5","58","94.39853076216713","169.9173553719008"
"5","60","5","false","5","5","57","94.76584022038568","156.36363636363637"
"7","60","5","false","5","5","52","91.18457300275482","155.88697017268447"
"8","60","5","false","5","5","59","94.67401285583104","170.41322314049586"
"9","60","5","false","5","5","43","84.94031221303948","145.6692913385827"
"7","60","5","false","5","5","53","92.28650137741047","157.7708006279435"
"6","60","5","false","5","5","47","86.9605142332415","149.6050552922591"
"2","60","5","false","5","5","45","88.1542699724518","152.38095238095238"
"4","60","5","false","5","5","39","81.45087235996327","135.6269113149847"
"5","60","5","false","5","5","58","95.0413223140496","156.8181818181818"
"1","60","5","false","5","5","3","10.46831955922865","17.784711388455538"
"3","60","5","false","5","5","45","89.71533516988063","150.5392912172573"
"9","60","5","false","5","5","44","86.22589531680441","147.8740157480315"
"8","60","5","false","5","5","60","94.67401285583104","170.41322314049586"
"2","60","5","false","5","5","46","88.70523415977961","153.33333333333334"
"5","60","5","false","5","5","59","95.13314967860423","156.96969696969697"
"6","60","5","false","5","5","48","87.41965105601469","150.3949447077409"
"2","60","5","false","5","5","47","89.53168044077135","154.76190476190476"
"4","60","5","false","5","5","40","81.5426997245179","135.7798165137615"
"7","60","5","false","5","5","54","93.1129476584022","159.18367346938774"
"3","60","5","false","5","5","46","90.08264462809917","151.15562403698"
"8","60","5","false","5","5","61","94.94949494949495","170.9090909090909"
"8","60","5","false","5","5","62","95.13314967860423","171.2396694214876"
"2","60","5","false","5","5","48","89.99081726354453","155.55555555555557"
"9","60","5","false","5","5","45","87.41965105601469","149.9212598425197"
"5","60","5","false","5","5","60","95.22497704315886","157.12121212121212"
"6","60","5","false","5","5","49","88.1542699724518","151.65876777251185"
"4","60","5","false","5","5","41","81.63452708907253","135.93272171253824"
"9","60","5","false","5","5","46","87.97061524334252","150.86614173228347"
"6","60","5","false","5","5","50","88.33792470156106","151.97472353870458"
"3","60","5","false","5","5","47","90.81726354453627","152.38828967642525"
"7","60","5","false","5","5","55","93.75573921028466","160.28257456828885"
"8","60","5","false","5","5","63","95.40863177226814","171.73553719008265"
"2","60","5","false","5","5","49","90.72543617998163","156.82539682539684"
"5","60","5","false","5","5","61","95.22497704315886","157.12121212121212"
"7","60","5","false","5","5","56","94.39853076216713","161.38147566718993"
"4","60","5","false","5","5","42","81.72635445362718","136.085626911315"
"2","60","5","false","5","5","50","91.3682277318641","157.93650793650792"
"9","60","5","false","5","5","47","88.42975206611571","151.65354330708664"
"8","60","5","false","5","5","64","95.59228650137742","172.06611570247935"
"4","60","5","false","5","5","43","81.81818181818183","136.23853211009174"
"7","60","5","false","5","5","57","95.22497704315886","162.79434850863422"
"6","60","5","false","5","5","51","88.70523415977961","152.60663507109004"
"3","60","5","false","5","5","48","91.82736455463728","154.08320493066256"
"2","60","5","false","5","5","51","92.19467401285583","159.36507936507937"
"2","60","5","false","5","5","52","92.8374655647383","160.47619047619048"
"5","60","5","false","5","5","62","95.31680440771349","157.27272727272728"
"7","60","5","false","5","5","58","96.05142332415059","164.2072213500785"
"8","60","5","false","5","5","65","95.77594123048668","172.39669421487602"
"9","60","5","false","5","5","48","88.88888888888889","152.44094488188978"
"4","60","5","false","5","5","44","82.09366391184572","136.69724770642202"
"7","60","5","false","5","5","59","96.7860422405877","165.46310832025117"
"5","60","5","false","5","5","63","95.40863177226814","157.42424242424244"
"3","60","5","false","5","5","49","92.65381083562902","155.4699537750385"
"6","60","5","false","5","5","52","89.25619834710744","153.55450236966826"
"2","60","5","false","5","5","53","93.1129476584022","160.95238095238096"
"7","60","5","false","5","5","60","96.96969696969697","165.77708006279434"
"4","60","5","false","5","5","45","82.277318640955","137.00305810397552"
"6","60","5","false","5","5","53","89.99081726354453","154.81832543443917"
"9","60","5","false","5","5","49","89.34802571166207","153.22834645669292"
"5","60","5","false","5","5","64","95.40863177226814","157.42424242424244"
"8","60","5","false","5","5","66","96.05142332415059","172.89256198347107"
"9","60","5","false","5","5","50","89.99081726354453","154.3307086614173"
"3","60","5","false","5","5","50","93.02112029384757","156.0862865947612"
"5","60","5","false","5","5","65","95.50045913682277","157.57575757575756"
"7","60","5","false","5","5","61","97.42883379247016","166.56200941915228"
"9","60","5","false","5","5","51","90.72543617998163","155.59055118110237"
"5","60","5","false","5","5","66","95.86776859504133","158.1818181818182"
"4","60","5","false","5","5","46","82.73645546372819","137.76758409785933"
"2","60","5","false","5","5","54","93.8475665748393","162.22222222222223"
"6","60","5","false","5","5","54","90.54178145087236","155.76619273301736"
"5","60","5","false","5","5","67","95.95959595959596","158.33333333333331"
"2","60","5","false","5","5","55","94.12304866850322","162.6984126984127"
"8","60","5","false","5","5","67","96.23507805325987","173.22314049586777"
"7","60","5","false","5","5","62","97.70431588613407","167.03296703296704"
"3","60","5","false","5","5","51","93.5720844811754","157.01078582434516"
"4","60","5","false","5","5","47","83.19559228650138","138.5321100917431"
"9","60","5","false","5","5","52","91.3682277318641","156.69291338582678"
"8","60","5","false","5","5","68","96.23507805325987","173.22314049586777"
"5","60","5","false","5","5","68","96.05142332415059","158.4848484848485"
"7","60","5","false","5","5","63","97.97979797979798","167.5039246467818"
"4","60","5","false","5","5","48","83.93021120293848","139.7553516819572"
"6","60","5","false","5","5","55","90.9090909090909","156.39810426540285"
"2","60","5","false","5","5","56","94.39853076216713","163.17460317460316"
"5","60","5","false","5","5","69","96.05142332415059","158.4848484848485"
"3","60","5","false","5","5","52","94.03122130394857","157.78120184899848"
"5","60","5","false","5","5","70","96.14325068870524","158.63636363636365"
"8","60","5","false","5","5","69","96.23507805325987","173.22314049586777"
"9","60","5","false","5","5","53","92.01101928374655","157.79527559055117"
"7","60","5","false","5","5","64","98.07162534435263","167.66091051805338"
"5","60","5","false","5","5","71","96.14325068870524","158.63636363636365"
"2","60","5","false","5","5","57","95.0413223140496","164.28571428571428"
"6","60","5","false","5","5","56","91.18457300275482","156.87203791469196"
"4","60","5","false","5","5","49","84.57300275482093","140.8256880733945"
"3","60","5","false","5","5","53","94.49035812672176","158.55161787365176"
"5","60","5","false","5","5","72","96.69421487603306","159.54545454545453"
"8","60","5","false","5","5","70","96.23507805325987","173.22314049586777"
"7","60","5","false","5","5","65","98.07162534435263","167.66091051805338"
"6","60","5","false","5","5","57","91.46005509641874","157.34597156398104"
"2","60","5","false","5","5","58","95.13314967860423","164.44444444444443"
"9","60","5","false","5","5","54","92.47015610651974","158.5826771653543"
"5","60","5","false","5","5","73","96.96969696969697","160"
"7","60","5","false","5","5","66","98.16345270890724","167.81789638932497"
"3","60","5","false","5","5","54","94.8576675849403","159.16795069337442"
"4","60","5","false","5","5","50","85.03213957759412","141.5902140672783"
"8","60","5","false","5","5","71","96.23507805325987","173.22314049586777"
"9","60","5","false","5","5","55","93.02112029384757","159.5275590551181"
"6","60","5","false","5","5","58","92.01101928374655","158.29383886255923"
"2","60","5","false","5","5","59","95.68411386593205","165.3968253968254"
"7","60","5","false","5","5","67","98.16345270890724","167.81789638932497"
"9","60","5","false","5","5","56","93.38842975206612","160.15748031496062"
"6","60","5","false","5","5","59","92.3783287419651","158.92575039494469"
"5","60","5","false","5","5","74","97.15335169880625","160.3030303030303"
"4","60","5","false","5","5","51","85.9504132231405","143.11926605504587"
"6","60","5","false","5","5","60","92.47015610651974","159.08372827804106"
"8","60","5","false","5","5","72","96.41873278236915","173.55371900826447"
"3","60","5","false","5","5","55","95.0413223140496","159.47611710323574"
"2","60","5","false","5","5","60","95.86776859504133","165.71428571428572"
"3","60","5","false","5","5","56","95.40863177226814","160.0924499229584"
"9","60","5","false","5","5","57","93.75573921028466","160.78740157480317"
"6","60","5","false","5","5","61","92.74563820018365","159.55766192733017"
"7","60","5","false","5","5","68","98.16345270890724","167.81789638932497"
"5","60","5","false","5","5","75","97.15335169880625","160.3030303030303"
"2","60","5","false","5","5","61","96.32690541781452","166.5079365079365"
"4","60","5","false","5","5","52","86.9605142332415","144.8012232415902"
"8","60","5","false","5","5","73","96.41873278236915","173.55371900826447"
"6","60","5","false","5","5","62","93.1129476584022","160.18957345971566"
"7","60","5","false","5","5","69","98.25528007346189","167.97488226059653"
"2","60","5","false","5","5","62","96.41873278236915","166.66666666666669"
"6","60","5","false","5","5","63","93.48025711662076","160.82148499210112"
"3","60","5","false","5","5","57","95.77594123048668","160.70878274268105"
"9","60","5","false","5","5","58","94.03122130394857","161.25984251968504"
"7","60","5","false","5","5","70","98.25528007346189","167.97488226059653"
"5","60","5","false","5","5","76","97.42883379247016","160.75757575757578"
"6","60","5","false","5","5","64","93.75573921028466","161.2954186413902"
"7","60","5","false","5","5","71","98.25528007346189","167.97488226059653"
"2","60","5","false","5","5","63","96.60238751147841","166.984126984127"
"8","60","5","false","5","5","74","96.60238751147841","173.88429752066114"
"7","60","5","false","5","5","72","98.25528007346189","167.97488226059653"
"6","60","5","false","5","5","65","94.03122130394857","161.7693522906793"
"5","60","5","false","5","5","77","97.70431588613407","161.21212121212122"
"2","60","5","false","5","5","64","96.69421487603306","167.14285714285714"
"9","60","5","false","5","5","59","94.39853076216713","161.88976377952756"
"4","60","5","false","5","5","53","87.87878787878788","146.3302752293578"
"6","60","5","false","5","5","66","94.21487603305785","162.08530805687204"
"7","60","5","false","5","5","73","98.25528007346189","167.97488226059653"
"5","60","5","false","5","5","78","97.88797061524335","161.51515151515153"
"3","60","5","false","5","5","58","95.86776859504133","160.8628659476117"
"2","60","5","false","5","5","65","96.69421487603306","167.14285714285714"
"6","60","5","false","5","5","67","94.5821854912764","162.71721958925752"
"5","60","5","false","5","5","79","97.88797061524335","161.51515151515153"
"8","60","5","false","5","5","75","96.69421487603306","174.0495867768595"
"2","60","5","false","5","5","66","96.69421487603306","167.14285714285714"
"7","60","5","false","5","5","74","98.25528007346189","167.97488226059653"
"8","60","5","false","5","5","76","96.87786960514234","174.38016528925618"
"5","60","5","false","5","5","80","97.97979797979798","161.66666666666666"
"2","60","5","false","5","5","67","96.7860422405877","167.30158730158732"
"4","60","5","false","5","5","54","89.07254361799816","148.31804281345566"
"6","60","5","false","5","5","68","94.8576675849403","163.1911532385466"
"9","60","5","false","5","5","60","94.8576675849403","162.6771653543307"
"8","60","5","false","5","5","77","96.87786960514234","174.38016528925618"
"7","60","5","false","5","5","75","98.25528007346189","167.97488226059653"
"5","60","5","false","5","5","81","98.07162534435263","161.8181818181818"
"8","60","5","false","5","5","78","97.15335169880625","174.87603305785123"
"7","60","5","false","5","5","76","98.25528007346189","167.97488226059653"
"3","60","5","false","5","5","59","96.05142332415059","161.17103235747302"
"5","60","5","false","5","5","82","98.16345270890724","161.96969696969697"
"2","60","5","false","5","5","68","96.96969696969697","167.61904761904762"
"8","60","5","false","5","5","79","97.33700642791551","175.20661157024793"
"7","60","5","false","5","5","77","98.25528007346189","167.97488226059653"
"5","60","5","false","5","5","83","98.43893480257117","162.42424242424244"
"6","60","5","false","5","5","69","95.0413223140496","163.50710900473933"
"9","60","5","false","5","5","61","95.22497704315886","163.30708661417324"
"7","60","5","false","5","5","78","98.25528007346189","167.97488226059653"
"8","60","5","false","5","5","80","97.70431588613407","175.86776859504133"
"4","60","5","false","5","5","55","90.17447199265382","150.15290519877675"
"5","60","5","false","5","5","84","98.62258953168043","162.72727272727272"
"6","60","5","false","5","5","70","95.22497704315886","163.82306477093206"
"1","60","5","false","5","5","4","12.029384756657484","20.436817472698905"
"2","60","5","false","5","5","69","97.15335169880625","167.93650793650795"
"7","60","5","false","5","5","79","98.25528007346189","167.97488226059653"
"3","60","5","false","5","5","60","96.23507805325987","161.47919876733437"
"8","60","5","false","5","5","81","97.70431588613407","175.86776859504133"
"6","60","5","false","5","5","71","95.50045913682277","164.29699842022117"
"4","60","5","false","5","5","56","91.3682277318641","152.14067278287462"
"8","60","5","false","5","5","82","97.97979797979798","176.36363636363637"
"9","60","5","false","5","5","62","95.59228650137742","163.93700787401576"
"5","60","5","false","5","5","85","98.62258953168043","162.72727272727272"
"6","60","5","false","5","5","72","96.05142332415059","165.24486571879936"
"8","60","5","false","5","5","83","98.16345270890724","176.69421487603304"
"7","60","5","false","5","5","80","98.25528007346189","167.97488226059653"
"6","60","5","false","5","5","73","96.14325068870524","165.40284360189574"
"2","60","5","false","5","5","70","97.2451790633609","168.0952380952381"
"8","60","5","false","5","5","84","98.34710743801654","177.02479338842977"
"3","60","5","false","5","5","61","96.32690541781452","161.63328197226502"
"5","60","5","false","5","5","86","98.71441689623508","162.87878787878788"
"6","60","5","false","5","5","74","96.23507805325987","165.5608214849921"
"9","60","5","false","5","5","63","95.77594123048668","164.251968503937"
"6","60","5","false","5","5","75","96.69421487603306","166.35071090047393"
"4","60","5","false","5","5","57","91.73553719008265","152.75229357798165"
"2","60","5","false","5","5","71","97.42883379247016","168.4126984126984"
"7","60","5","false","5","5","81","98.25528007346189","167.97488226059653"
"3","60","5","false","5","5","62","96.41873278236915","161.7873651771957"
"8","60","5","false","5","5","85","98.43893480257117","177.1900826446281"
"5","60","5","false","5","5","87","98.80624426078971","163.03030303030303"
"6","60","5","false","5","5","76","96.69421487603306","166.35071090047393"
"8","60","5","false","5","5","86","98.62258953168043","177.5206611570248"
"9","60","5","false","5","5","64","95.77594123048668","164.251968503937"
"7","60","5","false","5","5","82","98.25528007346189","167.97488226059653"
"6","60","5","false","5","5","77","96.87786960514234","166.66666666666669"
"2","60","5","false","5","5","72","97.52066115702479","168.57142857142858"
"7","60","5","false","5","5","83","98.25528007346189","167.97488226059653"
"6","60","5","false","5","5","78","96.96969696969697","166.82464454976304"
"3","60","5","false","5","5","63","96.69421487603306","162.24961479198768"
"9","60","5","false","5","5","65","95.86776859504133","164.40944881889763"
"4","60","5","false","5","5","58","93.29660238751147","155.35168195718654"
"2","60","5","false","5","5","73","97.61248852157944","168.73015873015873"
"5","60","5","false","5","5","88","98.89807162534436","163.1818181818182"
"8","60","5","false","5","5","87","98.62258953168043","177.5206611570248"
"7","60","5","false","5","5","84","98.25528007346189","167.97488226059653"
"9","60","5","false","5","5","66","95.86776859504133","164.40944881889763"
"2","60","5","false","5","5","74","97.7961432506887","169.04761904761904"
"6","60","5","false","5","5","79","97.2451790633609","167.29857819905214"
"3","60","5","false","5","5","64","96.87786960514234","162.557781201849"
"5","60","5","false","5","5","89","98.98989898989899","163.33333333333334"
"8","60","5","false","5","5","88","98.62258953168043","177.5206611570248"
"2","60","5","false","5","5","75","97.88797061524335","169.20634920634922"
"6","60","5","false","5","5","80","97.2451790633609","167.29857819905214"
"5","60","5","false","5","5","90","99.17355371900827","163.63636363636365"
"7","60","5","false","5","5","85","98.25528007346189","167.97488226059653"
"8","60","5","false","5","5","89","98.71441689623508","177.68595041322314"
"9","60","5","false","5","5","67","95.86776859504133","164.40944881889763"
"4","60","5","false","5","5","59","94.49035812672176","157.3394495412844"
"3","60","5","false","5","5","65","96.87786960514234","162.557781201849"
"8","60","5","false","5","5","90","98.80624426078971","177.8512396694215"
"2","60","5","false","5","5","76","97.88797061524335","169.20634920634922"
"6","60","5","false","5","5","81","97.42883379247016","167.61453396524487"
"5","60","5","false","5","5","91","99.17355371900827","163.63636363636365"
"7","60","5","false","5","5","86","98.25528007346189","167.97488226059653"
"9","60","5","false","5","5","68","95.86776859504133","164.40944881889763"
"3","60","5","false","5","5","66","96.96969696969697","162.71186440677968"
"6","60","5","false","5","5","82","97.61248852157944","167.9304897314376"
"8","60","5","false","5","5","91","98.89807162534436","178.01652892561984"
"4","60","5","false","5","5","60","95.0413223140496","158.25688073394494"
"7","60","5","false","5","5","87","98.25528007346189","167.97488226059653"
"2","60","5","false","5","5","77","98.07162534435263","169.52380952380952"
"6","60","5","false","5","5","83","97.7961432506887","168.24644549763033"
"8","60","5","false","5","5","92","98.89807162534436","178.01652892561984"
"5","60","5","false","5","5","92","99.2653810835629","163.78787878787878"
"7","60","5","false","5","5","88","98.25528007346189","167.97488226059653"
"6","60","5","false","5","5","84","97.88797061524335","168.4044233807267"
"8","60","5","false","5","5","93","98.89807162534436","178.01652892561984"
"9","60","5","false","5","5","69","95.86776859504133","164.40944881889763"
"4","60","5","false","5","5","61","95.40863177226814","158.868501529052"
"5","60","5","false","5","5","93","99.35720844811755","163.93939393939394"
"3","60","5","false","5","5","67","97.0615243342516","162.8659476117103"
"8","60","5","false","5","5","94","99.08172635445362","178.34710743801654"
"7","60","5","false","5","5","89","98.25528007346189","167.97488226059653"
"6","60","5","false","5","5","85","97.88797061524335","168.4044233807267"
"2","60","5","false","5","5","78","98.07162534435263","169.52380952380952"
"3","60","5","false","5","5","68","97.15335169880625","163.02003081664097"
"4","60","5","false","5","5","62","95.77594123048668","159.48012232415903"
"9","60","5","false","5","5","70","95.86776859504133","164.40944881889763"
"7","60","5","false","5","5","90","98.25528007346189","167.97488226059653"
"8","60","5","false","5","5","95","99.17355371900827","178.51239669421489"
"2","60","5","false","5","5","79","98.43893480257117","170.15873015873015"
"4","60","5","false","5","5","63","95.77594123048668","159.48012232415903"
"6","60","5","false","5","5","86","97.88797061524335","168.4044233807267"
"5","60","5","false","5","5","94","99.44903581267218","164.0909090909091"
"7","60","5","false","5","5","91","98.25528007346189","167.97488226059653"
"8","60","5","false","5","5","96","99.17355371900827","178.51239669421489"
"6","60","5","false","5","5","87","97.88797061524335","168.4044233807267"
"7","60","5","false","5","5","92","98.34710743801654","168.13186813186815"
"9","60","5","false","5","5","71","95.95959595959596","164.56692913385825"
"3","60","5","false","5","5","69","97.42883379247016","163.48228043143297"
"8","60","5","false","5","5","97","99.17355371900827","178.51239669421489"
"7","60","5","false","5","5","93","98.43893480257117","168.2888540031397"
"9","60","5","false","5","5","72","96.05142332415059","164.7244094488189"
"6","60","5","false","5","5","88","98.07162534435263","168.72037914691944"
"2","60","5","false","5","5","80","98.71441689623508","170.63492063492063"
"8","60","5","false","5","5","98","99.17355371900827","178.51239669421489"
"7","60","5","false","5","5","94","98.62258953168043","168.60282574568288"
"6","60","5","false","5","5","89","98.07162534435263","168.72037914691944"
"5","60","5","false","5","5","95","99.44903581267218","164.0909090909091"
"8","60","5","false","5","5","99","99.2653810835629","178.67768595041323"
"7","60","5","false","5","5","95","98.71441689623508","168.7598116169545"
"4","60","5","false","5","5","64","96.05142332415059","159.9388379204893"
"6","60","5","false","5","5","90","98.16345270890724","168.8783570300158"
"8","60","5","false","5","5","100","99.2653810835629","178.67768595041323"
"7","60","5","false","5","5","96","98.71441689623508","168.7598116169545"
"6","60","5","false","5","5","91","98.25528007346189","169.03633491311217"
"1","60","5","false","5","5","5","13.590449954086317","23.08892355694228"
"9","60","5","false","5","5","73","96.05142332415059","164.7244094488189"
"2","60","5","false","5","5","81","98.71441689623508","170.63492063492063"
"8","60","5","false","5","5","101","99.2653810835629","178.67768595041323"
"3","60","5","false","5","5","70","97.42883379247016","163.48228043143297"
"6","60","5","false","5","5","92","98.25528007346189","169.03633491311217"
"7","60","5","false","5","5","97","98.71441689623508","168.7598116169545"
"5","60","5","false","5","5","96","99.44903581267218","164.0909090909091"
"2","60","5","false","5","5","82","98.80624426078971","170.79365079365078"
"8","60","5","false","5","5","102","99.2653810835629","178.67768595041323"
"6","60","5","false","5","5","93","98.43893480257117","169.3522906793049"
"3","60","5","false","5","5","71","97.7961432506887","164.09861325115563"
"8","60","5","false","5","5","103","99.2653810835629","178.67768595041323"
"5","60","5","false","5","5","97","99.44903581267218","164.0909090909091"
"4","60","5","false","5","5","65","96.05142332415059","159.9388379204893"
"6","60","5","false","5","5","94","98.43893480257117","169.3522906793049"
"9","60","5","false","5","5","74","96.14325068870524","164.88188976377953"
"2","60","5","false","5","5","83","98.89807162534436","170.95238095238093"
"8","60","5","false","5","5","104","99.2653810835629","178.67768595041323"
"7","60","5","false","5","5","98","98.89807162534436","169.07378335949767"
"9","60","5","false","5","5","75","96.14325068870524","164.88188976377953"
"6","60","5","false","5","5","95","98.43893480257117","169.3522906793049"
"8","60","5","false","5","5","105","99.2653810835629","178.67768595041323"
"7","60","5","false","5","5","99","98.98989898989899","169.23076923076923"
"5","60","5","false","5","5","98","99.44903581267218","164.0909090909091"
"3","60","5","false","5","5","72","97.7961432506887","164.09861325115563"
"8","60","5","false","5","5","106","99.2653810835629","178.67768595041323"
"9","60","5","false","5","5","76","96.23507805325987","165.03937007874018"
"6","60","5","false","5","5","96","98.43893480257117","169.3522906793049"
"2","60","5","false","5","5","84","98.89807162534436","170.95238095238093"
"8","60","5","false","5","5","107","99.2653810835629","178.67768595041323"
"4","60","5","false","5","5","66","96.14325068870524","160.09174311926606"
"5","60","5","false","5","5","99","99.44903581267218","164.0909090909091"
"7","60","5","false","5","5","100","98.98989898989899","169.23076923076923"
"9","60","5","false","5","5","77","96.60238751147841","165.66929133858267"
"6","60","5","false","5","5","97","98.43893480257117","169.3522906793049"
"9","60","5","false","5","5","78","96.87786960514234","166.14173228346456"
"7","60","5","false","5","5","101","98.98989898989899","169.23076923076923"
"2","60","5","false","5","5","85","98.89807162534436","170.95238095238093"
"3","60","5","false","5","5","73","97.7961432506887","164.09861325115563"
"5","60","5","false","5","5","100","99.44903581267218","164.0909090909091"
"4","60","5","false","5","5","67","96.14325068870524","160.09174311926606"
"7","60","5","false","5","5","102","99.08172635445362","169.3877551020408"
"9","60","5","false","5","5","79","97.0615243342516","166.45669291338584"
"6","60","5","false","5","5","98","98.43893480257117","169.3522906793049"
"8","60","5","false","5","5","108","99.2653810835629","178.67768595041323"
"7","60","5","false","5","5","103","99.17355371900827","169.5447409733124"
"5","60","5","false","5","5","101","99.44903581267218","164.0909090909091"
"6","60","5","false","5","5","99","98.5307621671258","169.51026856240125"
"8","60","5","false","5","5","109","99.2653810835629","178.67768595041323"
"2","60","5","false","5","5","86","98.98989898989899","171.11111111111111"
"3","60","5","false","5","5","74","97.7961432506887","164.09861325115563"
"4","60","5","false","5","5","68","96.23507805325987","160.2446483180428"
"6","60","5","false","5","5","100","98.5307621671258","169.51026856240125"
"9","60","5","false","5","5","80","97.0615243342516","166.45669291338584"
"7","60","5","false","5","5","104","99.35720844811755","169.85871271585557"
"8","60","5","false","5","5","110","99.2653810835629","178.67768595041323"
"4","60","5","false","5","5","69","96.23507805325987","160.2446483180428"
"3","60","5","false","5","5","75","97.7961432506887","164.09861325115563"
"7","60","5","false","5","5","105","99.44903581267218","170.01569858712716"
"9","60","5","false","5","5","81","97.0615243342516","166.45669291338584"
"8","60","5","false","5","5","111","99.2653810835629","178.67768595041323"
"5","60","5","false","5","5","102","99.44903581267218","164.0909090909091"
"2","60","5","false","5","5","87","99.08172635445362","171.26984126984127"
"6","60","5","false","5","5","101","98.71441689623508","169.826224328594"
"9","60","5","false","5","5","82","97.2451790633609","166.7716535433071"
"7","60","5","false","5","5","106","99.54086317722681","170.17268445839875"
"8","60","5","false","5","5","112","99.2653810835629","178.67768595041323"
"6","60","5","false","5","5","102","98.80624426078971","169.98420221169036"
"9","60","5","false","5","5","83","97.33700642791551","166.9291338582677"
"8","60","5","false","5","5","113","99.44903581267218","179.0082644628099"
"5","60","5","false","5","5","103","99.44903581267218","164.0909090909091"
"7","60","5","false","5","5","107","99.54086317722681","170.17268445839875"
"6","60","5","false","5","5","103","98.89807162534436","170.1421800947867"
"8","60","5","false","5","5","114","99.44903581267218","179.0082644628099"
"4","60","5","false","5","5","70","96.23507805325987","160.2446483180428"
"3","60","5","false","5","5","76","97.88797061524335","164.25269645608628"
"8","60","5","false","5","5","115","99.44903581267218","179.0082644628099"
"2","60","5","false","5","5","88","99.17355371900827","171.42857142857142"
"9","60","5","false","5","5","84","97.70431588613407","167.55905511811025"
"5","60","5","false","5","5","104","99.44903581267218","164.0909090909091"
"6","60","5","false","5","5","104","98.89807162534436","170.1421800947867"
"3","60","5","false","5","5","77","98.16345270890724","164.71494607087826"
"8","60","5","false","5","5","116","99.54086317722681","179.17355371900828"
"2","60","5","false","5","5","89","99.17355371900827","171.42857142857142"
"9","60","5","false","5","5","85","98.16345270890724","168.3464566929134"
"7","60","5","false","5","5","108","99.63269054178146","170.32967032967034"
"5","60","5","false","5","5","105","99.44903581267218","164.0909090909091"
"8","60","5","false","5","5","117","99.54086317722681","179.17355371900828"
"6","60","5","false","5","5","105","98.89807162534436","170.1421800947867"
"4","60","5","false","5","5","71","96.23507805325987","160.2446483180428"
"3","60","5","false","5","5","78","98.25528007346189","164.86902927580894"
"8","60","5","false","5","5","118","99.63269054178146","179.3388429752066"
"7","60","5","false","5","5","109","99.63269054178146","170.32967032967034"
"6","60","5","false","5","5","106","98.89807162534436","170.1421800947867"
"5","60","5","false","5","5","106","99.44903581267218","164.0909090909091"
"7","60","5","false","5","5","110","99.72451790633609","170.48665620094192"
"2","60","5","false","5","5","90","99.17355371900827","171.42857142857142"
"3","60","5","false","5","5","79","98.25528007346189","164.86902927580894"
"9","60","5","false","5","5","86","98.71441689623508","169.29133858267718"
"8","60","5","false","5","5","119","99.63269054178146","179.3388429752066"
"6","60","5","false","5","5","107","98.89807162534436","170.1421800947867"
"2","60","5","false","5","5","91","99.17355371900827","171.42857142857142"
"8","60","5","false","5","5","120","99.63269054178146","179.3388429752066"
"3","60","5","false","5","5","80","98.25528007346189","164.86902927580894"
"9","60","5","false","5","5","87","98.71441689623508","169.29133858267718"
"5","60","5","false","5","5","107","99.44903581267218","164.0909090909091"
"4","60","5","false","5","5","72","96.23507805325987","160.2446483180428"
"2","60","5","false","5","5","92","99.17355371900827","171.42857142857142"
"6","60","5","false","5","5","108","98.89807162534436","170.1421800947867"
"8","60","5","false","5","5","121","99.63269054178146","179.3388429752066"
"7","60","5","false","5","5","111","99.81634527089072","170.6436420722135"
"6","60","5","false","5","5","109","98.89807162534436","170.1421800947867"
"3","60","5","false","5","5","81","98.43893480257117","165.17719568567026"
"8","60","5","false","5","5","122","99.72451790633609","179.50413223140495"
"9","60","5","false","5","5","88","99.08172635445362","169.9212598425197"
"4","60","5","false","5","5","73","96.32690541781452","160.39755351681956"
"7","60","5","false","5","5","112","99.81634527089072","170.6436420722135"
"5","60","5","false","5","5","108","99.44903581267218","164.0909090909091"
"2","60","5","false","5","5","93","99.17355371900827","171.42857142857142"
"8","60","5","false","5","5","123","99.72451790633609","179.50413223140495"
"6","60","5","false","5","5","110","98.89807162534436","170.1421800947867"
"4","60","5","false","5","5","74","96.41873278236915","160.55045871559633"
"6","60","5","false","5","5","111","98.89807162534436","170.1421800947867"
"3","60","5","false","5","5","82","98.5307621671258","165.33127889060094"
"9","60","5","false","5","5","89","99.08172635445362","169.9212598425197"
"8","60","5","false","5","5","124","99.72451790633609","179.50413223140495"
"7","60","5","false","5","5","113","99.81634527089072","170.6436420722135"
"5","60","5","false","5","5","109","99.44903581267218","164.0909090909091"
"6","60","5","false","5","5","112","98.89807162534436","170.1421800947867"
"2","60","5","false","5","5","94","99.17355371900827","171.42857142857142"
"4","60","5","false","5","5","75","96.41873278236915","160.55045871559633"
"8","60","5","false","5","5","125","99.72451790633609","179.50413223140495"
"9","60","5","false","5","5","90","99.2653810835629","170.23622047244095"
"5","60","5","false","5","5","110","99.44903581267218","164.0909090909091"
"2","60","5","false","5","5","95","99.17355371900827","171.42857142857142"
"6","60","5","false","5","5","113","98.98989898989899","170.3001579778831"
"3","60","5","false","5","5","83","98.62258953168043","165.4853620955316"
"7","60","5","false","5","5","114","99.81634527089072","170.6436420722135"
"8","60","5","false","5","5","126","99.72451790633609","179.50413223140495"
"4","60","5","false","5","5","76","96.41873278236915","160.55045871559633"
"7","60","5","false","5","5","115","99.81634527089072","170.6436420722135"
"9","60","5","false","5","5","91","99.44903581267218","170.5511811023622"
"8","60","5","false","5","5","127","99.72451790633609","179.50413223140495"
"5","60","5","false","5","5","111","99.44903581267218","164.0909090909091"
"2","60","5","false","5","5","96","99.2653810835629","171.58730158730157"
"7","60","5","false","5","5","116","99.81634527089072","170.6436420722135"
"6","60","5","false","5","5","114","98.98989898989899","170.3001579778831"
"3","60","5","false","5","5","84","98.62258953168043","165.4853620955316"
"8","60","5","false","5","5","128","99.90817263544535","179.83471074380165"
"2","60","5","false","5","5","97","99.2653810835629","171.58730158730157"
"7","60","5","false","5","5","117","99.81634527089072","170.6436420722135"
"4","60","5","false","5","5","77","96.41873278236915","160.55045871559633"
"5","60","5","false","5","5","112","99.63269054178146","164.3939393939394"
"9","60","5","false","5","5","92","99.44903581267218","170.5511811023622"
"8","60","5","false","5","5","129","99.90817263544535","179.83471074380165"
"3","60","5","false","5","5","85","98.89807162534436","165.94761171032357"
"6","60","5","false","5","5","115","98.98989898989899","170.3001579778831"
"4","60","5","false","5","5","78","96.51056014692378","160.70336391437309"
"3","60","5","false","5","5","86","98.98989898989899","166.10169491525423"
"9","60","5","false","5","5","93","99.63269054178146","170.86614173228347"
"2","60","5","false","5","5","98","99.2653810835629","171.58730158730157"
"5","60","5","false","5","5","113","99.63269054178146","164.3939393939394"
"7","60","5","false","5","5","118","99.81634527089072","170.6436420722135"
"8","60","5","false","5","5","130","99.90817263544535","179.83471074380165"
"6","60","5","false","5","5","116","99.08172635445362","170.45813586097947"
"2","60","5","false","5","5","99","99.2653810835629","171.58730158730157"
"3","60","5","false","5","5","87","98.98989898989899","166.10169491525423"
"1","60","5","false","5","5","6","14.967860422405877","25.429017160686428"
"4","60","5","false","5","5","79","96.87786960514234","161.31498470948011"
"6","60","5","false","5","5","117","99.17355371900827","170.61611374407585"
"8","60","5","false","5","5","131","99.90817263544535","179.83471074380165"
"5","60","5","false","5","5","114","99.63269054178146","164.3939393939394"
"9","60","5","false","5","5","94","99.63269054178146","170.86614173228347"
"6","60","5","false","5","5","118","99.35720844811755","170.93206951026855"
"2","60","5","false","5","5","100","99.2653810835629","171.58730158730157"
"3","60","5","false","5","5","88","98.98989898989899","166.10169491525423"
"8","60","5","false","5","5","132","99.90817263544535","179.83471074380165"
"7","60","5","false","5","5","119","99.81634527089072","170.6436420722135"
"9","60","5","false","5","5","95","99.63269054178146","170.86614173228347"
"7","60","5","false","5","5","120","99.81634527089072","170.6436420722135"
"5","60","5","false","5","5","115","99.63269054178146","164.3939393939394"
"2","60","5","false","5","5","101","99.2653810835629","171.58730158730157"
"8","60","5","false","5","5","133","99.90817263544535","179.83471074380165"
"4","60","5","false","5","5","80","96.96969696969697","161.4678899082569"
"7","60","5","false","5","5","121","99.81634527089072","170.6436420722135"
"8","60","5","false","5","5","134","99.90817263544535","179.83471074380165"
"6","60","5","false","5","5","119","99.35720844811755","170.93206951026855"
"7","60","5","false","5","5","122","99.81634527089072","170.6436420722135"
"8","60","5","false","5","5","135","99.90817263544535","179.83471074380165"
"5","60","5","false","5","5","116","99.72451790633609","164.54545454545456"
"9","60","5","false","5","5","96","99.63269054178146","170.86614173228347"
"3","60","5","false","5","5","89","98.98989898989899","166.10169491525423"
"8","60","5","false","5","5","136","99.90817263544535","179.83471074380165"
"9","60","5","false","5","5","97","99.63269054178146","170.86614173228347"
"7","60","5","false","5","5","123","99.81634527089072","170.6436420722135"
"8","60","5","false","5","5","137","99.90817263544535","179.83471074380165"
"2","60","5","false","5","5","102","99.44903581267218","171.90476190476193"
"3","60","5","false","5","5","90","98.98989898989899","166.10169491525423"
"4","60","5","false","5","5","81","97.42883379247016","162.23241590214067"
"6","60","5","false","5","5","120","99.44903581267218","171.09004739336493"
"9","60","5","false","5","5","98","99.63269054178146","170.86614173228347"
"3","60","5","false","5","5","91","99.08172635445362","166.2557781201849"
"7","60","5","false","5","5","124","99.81634527089072","170.6436420722135"
"5","60","5","false","5","5","117","99.72451790633609","164.54545454545456"
"8","60","5","false","5","5","138","99.90817263544535","179.83471074380165"
"2","60","5","false","5","5","103","99.54086317722681","172.06349206349208"
"5","60","5","false","5","5","118","99.72451790633609","164.54545454545456"
"8","60","5","false","5","5","139","99.90817263544535","179.83471074380165"
"4","60","5","false","5","5","82","97.70431588613407","162.69113149847095"
"6","60","5","false","5","5","121","99.54086317722681","171.2480252764613"
"7","60","5","false","5","5","125","99.81634527089072","170.6436420722135"
"9","60","5","false","5","5","99","99.63269054178146","170.86614173228347"
"2","60","5","false","5","5","104","99.54086317722681","172.06349206349208"
"3","60","5","false","5","5","92","99.08172635445362","166.2557781201849"
"6","60","5","false","5","5","122","99.63269054178146","171.40600315955766"
"8","60","5","false","5","5","140","99.90817263544535","179.83471074380165"
"7","60","5","false","5","5","126","99.81634527089072","170.6436420722135"
"2","60","5","false","5","5","105","99.54086317722681","172.06349206349208"
"8","60","5","false","5","5","141","99.90817263544535","179.83471074380165"
"6","60","5","false","5","5","123","99.63269054178146","171.40600315955766"
"9","60","5","false","5","5","100","99.63269054178146","170.86614173228347"
"5","60","5","false","5","5","119","99.72451790633609","164.54545454545456"
"8","60","5","false","5","5","142","99.90817263544535","179.83471074380165"
"2","60","5","false","5","5","106","99.54086317722681","172.06349206349208"
"3","60","5","false","5","5","93","99.08172635445362","166.2557781201849"
"4","60","5","false","5","5","83","97.70431588613407","162.69113149847095"
"6","60","5","false","5","5","124","99.63269054178146","171.40600315955766"
"7","60","5","false","5","5","127","99.81634527089072","170.6436420722135"
"8","60","5","false","5","5","143","99.90817263544535","179.83471074380165"
"2","60","5","false","5","5","107","99.54086317722681","172.06349206349208"
"5","60","5","false","5","5","120","99.81634527089072","164.6969696969697"
"8","60","5","false","5","5","144","99.90817263544535","179.83471074380165"
"7","60","5","false","5","5","128","99.81634527089072","170.6436420722135"
"9","60","5","false","5","5","101","99.63269054178146","170.86614173228347"
"8","60","5","false","5","5","145","99.90817263544535","179.83471074380165"
"7","60","5","false","5","5","129","99.90817263544535","170.8006279434851"
"5","60","5","false","5","5","121","99.81634527089072","164.6969696969697"
"3","60","5","false","5","5","94","99.08172635445362","166.2557781201849"
"4","60","5","false","5","5","84","97.70431588613407","162.69113149847095"
"2","60","5","false","5","5","108","99.54086317722681","172.06349206349208"
"8","60","5","false","5","5","146","99.90817263544535","179.83471074380165"
"6","60","5","false","5","5","125","99.63269054178146","171.40600315955766"
"5","60","5","false","5","5","122","99.90817263544535","164.84848484848484"
"8","60","5","false","5","5","147","99.90817263544535","179.83471074380165"
"3","60","5","false","5","5","95","99.08172635445362","166.2557781201849"
"7","60","5","false","5","5","130","99.90817263544535","170.8006279434851"
"6","60","5","false","5","5","126","99.63269054178146","171.40600315955766"
"5","60","5","false","5","5","123","99.90817263544535","164.84848484848484"
"3","60","5","false","5","5","96","99.08172635445362","166.2557781201849"
"8","60","5","false","5","5","148","99.90817263544535","179.83471074380165"
"9","60","5","false","5","5","102","99.63269054178146","170.86614173228347"
"2","60","5","false","5","5","109","99.72451790633609","172.38095238095238"
"6","60","5","false","5","5","127","99.63269054178146","171.40600315955766"
"4","60","5","false","5","5","85","97.70431588613407","162.69113149847095"
"8","60","5","false","5","5","149","99.90817263544535","179.83471074380165"
"2","60","5","false","5","5","110","99.81634527089072","172.53968253968256"
"8","60","5","false","5","5","150","99.90817263544535","179.83471074380165"
"5","60","5","false","5","5","124","99.90817263544535","164.84848484848484"
"6","60","5","false","5","5","128","99.63269054178146","171.40600315955766"
"7","60","5","false","5","5","131","99.90817263544535","170.8006279434851"
"4","60","5","false","5","5","86","97.70431588613407","162.69113149847095"
"6","60","5","false","5","5","129","99.81634527089072","171.72195892575039"
"7","60","5","false","5","5","132","99.90817263544535","170.8006279434851"
"5","60","5","false","5","5","125","99.90817263544535","164.84848484848484"
"8","60","5","false","5","5","151","99.90817263544535","179.83471074380165"
"3","60","5","false","5","5","97","99.08172635445362","166.2557781201849"
"6","60","5","false","5","5","130","99.81634527089072","171.72195892575039"
"9","60","5","false","5","5","103","99.63269054178146","170.86614173228347"
"2","60","5","false","5","5","111","99.81634527089072","172.53968253968256"
"5","60","5","false","5","5","126","100","165"
"8","60","5","false","5","5","152","99.90817263544535","179.83471074380165"
"4","60","5","false","5","5","87","97.70431588613407","162.69113149847095"
"2","60","5","false","5","5","112","99.81634527089072","172.53968253968256"
"8","60","5","false","5","5","153","99.90817263544535","179.83471074380165"
"8","60","5","false","5","5","154","99.90817263544535","179.83471074380165"
"7","60","5","false","5","5","133","99.90817263544535","170.8006279434851"
"6","60","5","false","5","5","131","99.81634527089072","171.72195892575039"
"8","60","5","false","5","5","155","99.90817263544535","179.83471074380165"
"2","60","5","false","5","5","113","99.81634527089072","172.53968253968256"
"7","60","5","false","5","5","134","99.90817263544535","170.8006279434851"
"8","60","5","false","5","5","156","99.90817263544535","179.83471074380165"
"9","60","5","false","5","5","104","99.63269054178146","170.86614173228347"
"3","60","5","false","5","5","98","99.08172635445362","166.2557781201849"
"6","60","5","false","5","5","132","100","172.03791469194314"
"5","60","5","false","5","5","127","100","165"
"8","60","5","false","5","5","157","99.90817263544535","179.83471074380165"
"7","60","5","false","5","5","135","99.90817263544535","170.8006279434851"
"4","60","5","false","5","5","88","97.70431588613407","162.69113149847095"
"6","60","5","false","5","5","133","100","172.03791469194314"
"2","60","5","false","5","5","114","99.81634527089072","172.53968253968256"
"7","60","5","false","5","5","136","99.90817263544535","170.8006279434851"
"8","60","5","false","5","5","158","99.90817263544535","179.83471074380165"
"6","60","5","false","5","5","134","100","172.03791469194314"
"5","60","5","false","5","5","128","100","165"
"7","60","5","false","5","5","137","99.90817263544535","170.8006279434851"
"8","60","5","false","5","5","159","99.90817263544535","179.83471074380165"
"4","60","5","false","5","5","89","97.97979797979798","163.14984709480123"
"6","60","5","false","5","5","135","100","172.03791469194314"
"9","60","5","false","5","5","105","99.63269054178146","170.86614173228347"
"3","60","5","false","5","5","99","99.08172635445362","166.2557781201849"
"8","60","5","false","5","5","160","99.90817263544535","179.83471074380165"
"7","60","5","false","5","5","138","99.90817263544535","170.8006279434851"
"2","60","5","false","5","5","115","99.81634527089072","172.53968253968256"
"9","60","5","false","5","5","106","99.63269054178146","170.86614173228347"
"5","60","5","false","5","5","129","100","165"
"2","60","5","false","5","5","116","99.81634527089072","172.53968253968256"
"4","60","5","false","5","5","90","98.07162534435263","163.30275229357798"
"6","60","5","false","5","5","136","100","172.03791469194314"
"2","60","5","false","5","5","117","99.81634527089072","172.53968253968256"
"6","60","5","false","5","5","137","100","172.03791469194314"
"9","60","5","false","5","5","107","99.63269054178146","170.86614173228347"
"7","60","5","false","5","5","139","99.90817263544535","170.8006279434851"
"3","60","5","false","5","5","100","99.08172635445362","166.2557781201849"
"8","60","5","false","5","5","161","99.90817263544535","179.83471074380165"
"5","60","5","false","5","5","130","100","165"
"9","60","5","false","5","5","108","99.63269054178146","170.86614173228347"
"8","60","5","false","5","5","162","100","180"
"4","60","5","false","5","5","91","98.16345270890724","163.45565749235473"
"2","60","5","false","5","5","118","99.81634527089072","172.53968253968256"
"3","60","5","false","5","5","101","99.17355371900827","166.40986132511557"
"8","60","5","false","5","5","163","100","180"
"6","60","5","false","5","5","138","100","172.03791469194314"
"5","60","5","false","5","5","131","100","165"
"7","60","5","false","5","5","140","100","170.95761381475668"
"3","60","5","false","5","5","102","99.17355371900827","166.40986132511557"
"9","60","5","false","5","5","109","99.72451790633609","171.0236220472441"
"8","60","5","false","5","5","164","100","180"
"7","60","5","false","5","5","141","100","170.95761381475668"
"2","60","5","false","5","5","119","99.81634527089072","172.53968253968256"
"6","60","5","false","5","5","139","100","172.03791469194314"
"4","60","5","false","5","5","92","98.16345270890724","163.45565749235473"
"8","60","5","false","5","5","165","100","180"
"8","60","5","false","5","5","166","100","180"
"5","60","5","false","5","5","132","100","165"
"7","60","5","false","5","5","142","100","170.95761381475668"
"3","60","5","false","5","5","103","99.17355371900827","166.40986132511557"
"2","60","5","false","5","5","120","99.81634527089072","172.53968253968256"
"9","60","5","false","5","5","110","99.72451790633609","171.0236220472441"
"8","60","5","false","5","5","167","100","180"
"7","60","5","false","5","5","143","100","170.95761381475668"
"6","60","5","false","5","5","140","100","172.03791469194314"
"8","60","5","false","5","5","168","100","180"
"4","60","5","false","5","5","93","98.25528007346189","163.6085626911315"
"7","60","5","false","5","5","144","100","170.95761381475668"
"5","60","5","false","5","5","133","100","165"
"8","60","5","false","5","5","169","100","180"
"2","60","5","false","5","5","121","99.81634527089072","172.53968253968256"
"9","60","5","false","5","5","111","99.72451790633609","171.0236220472441"
"6","60","5","false","5","5","141","100","172.03791469194314"
"3","60","5","false","5","5","104","99.17355371900827","166.40986132511557"
"4","60","5","false","5","5","94","98.5307621671258","164.06727828746176"
"7","60","5","false","5","5","145","100","170.95761381475668"
"8","60","5","false","5","5","170","100","180"
"5","60","5","false","5","5","134","100","165"
"9","60","5","false","5","5","112","99.72451790633609","171.0236220472441"
"3","60","5","false","5","5","105","99.17355371900827","166.40986132511557"
"6","60","5","false","5","5","142","100","172.03791469194314"
"7","60","5","false","5","5","146","100","170.95761381475668"
"8","60","5","false","5","5","171","100","180"
"9","60","5","false","5","5","113","99.72451790633609","171.0236220472441"
"4","60","5","false","5","5","95","99.17355371900827","165.1376146788991"
"8","60","5","false","5","5","172","100","180"
"2","60","5","false","5","5","122","99.81634527089072","172.53968253968256"
"7","60","5","false","5","5","147","100","170.95761381475668"
"6","60","5","false","5","5","143","100","172.03791469194314"
"5","60","5","false","5","5","135","100","165"
"8","60","5","false","5","5","173","100","180"
"6","60","5","false","5","5","144","100","172.03791469194314"
"8","60","5","false","5","5","174","100","180"
"6","60","5","false","5","5","145","100","172.03791469194314"
"4","60","5","false","5","5","96","99.17355371900827","165.1376146788991"
"3","60","5","false","5","5","106","99.17355371900827","166.40986132511557"
"8","60","5","false","5","5","175","100","180"
"9","60","5","false","5","5","114","99.72451790633609","171.0236220472441"
"6","60","5","false","5","5","146","100","172.03791469194314"
"8","60","5","false","5","5","176","100","180"
"7","60","5","false","5","5","148","100","170.95761381475668"
"5","60","5","false","5","5","136","100","165"
"2","60","5","false","5","5","123","99.81634527089072","172.53968253968256"
"6","60","5","false","5","5","147","100","172.03791469194314"
"1","60","5","false","5","5","7","16.161616161616163","27.45709828393136"
"4","60","5","false","5","5","97","99.54086317722681","165.7492354740061"
"3","60","5","false","5","5","107","99.17355371900827","166.40986132511557"
"9","60","5","false","5","5","115","99.72451790633609","171.0236220472441"
"8","60","5","false","5","5","177","100","180"
"2","60","5","false","5","5","124","99.81634527089072","172.53968253968256"
"6","60","5","false","5","5","148","100","172.03791469194314"
"5","60","5","false","5","5","137","100","165"
"7","60","5","false","5","5","149","100","170.95761381475668"
"4","60","5","false","5","5","98","99.63269054178146","165.90214067278288"
"8","60","5","false","5","5","178","100","180"
"5","60","5","false","5","5","138","100","165"
"2","60","5","false","5","5","125","99.81634527089072","172.53968253968256"
"3","60","5","false","5","5","108","99.17355371900827","166.40986132511557"
"7","60","5","false","5","5","150","100","170.95761381475668"
"8","60","5","false","5","5","179","100","180"
"9","60","5","false","5","5","116","99.72451790633609","171.0236220472441"
"6","60","5","false","5","5","149","100","172.03791469194314"
"4","60","5","false","5","5","99","99.63269054178146","165.90214067278288"
"8","60","5","false","5","5","180","100","180"
"3","60","5","false","5","5","109","99.35720844811755","166.71802773497689"
"5","60","5","false","5","5","139","100","165"
"8","60","5","false","5","5","181","100","180"
"4","60","5","false","5","5","100","99.63269054178146","165.90214067278288"
"8","60","5","false","5","5","182","100","180"
"7","60","5","false","5","5","151","100","170.95761381475668"
"5","60","5","false","5","5","140","100","165"
"6","60","5","false","5","5","150","100","172.03791469194314"
"2","60","5","false","5","5","126","99.81634527089072","172.53968253968256"
"8","60","5","false","5","5","183","100","180"
"9","60","5","false","5","5","117","99.72451790633609","171.0236220472441"
"3","60","5","false","5","5","110","99.44903581267218","166.87211093990754"
"7","60","5","false","5","5","152","100","170.95761381475668"
"4","60","5","false","5","5","101","99.63269054178146","165.90214067278288"
"5","60","5","false","5","5","141","100","165"
"8","60","5","false","5","5","184","100","180"
"6","60","5","false","5","5","151","100","172.03791469194314"
"8","60","5","false","5","5","185","100","180"
"9","60","5","false","5","5","118","99.72451790633609","171.0236220472441"
"2","60","5","false","5","5","127","99.81634527089072","172.53968253968256"
"7","60","5","false","5","5","153","100","170.95761381475668"
"8","60","5","false","5","5","186","100","180"
"3","60","5","false","5","5","111","99.44903581267218","166.87211093990754"
"5","60","5","false","5","5","142","100","165"
"2","60","5","false","5","5","128","99.81634527089072","172.53968253968256"
"4","60","5","false","5","5","102","99.63269054178146","165.90214067278288"
"7","60","5","false","5","5","154","100","170.95761381475668"
"6","60","5","false","5","5","152","100","172.03791469194314"
"9","60","5","false","5","5","119","99.72451790633609","171.0236220472441"
"7","60","5","false","5","5","155","100","170.95761381475668"
"3","60","5","false","5","5","112","99.54086317722681","167.0261941448382"
"6","60","5","false","5","5","153","100","172.03791469194314"
"7","60","5","false","5","5","156","100","170.95761381475668"
"8","60","5","false","5","5","187","100","180"
"4","60","5","false","5","5","103","99.63269054178146","165.90214067278288"
"2","60","5","false","5","5","129","99.81634527089072","172.53968253968256"
"8","60","5","false","5","5","188","100","180"
"3","60","5","false","5","5","113","99.54086317722681","167.0261941448382"
"7","60","5","false","5","5","157","100","170.95761381475668"
"9","60","5","false","5","5","120","99.72451790633609","171.0236220472441"
"8","60","5","false","5","5","189","100","180"
"4","60","5","false","5","5","104","99.63269054178146","165.90214067278288"
"2","60","5","false","5","5","130","99.81634527089072","172.53968253968256"
"5","60","5","false","5","5","143","100","165"
"6","60","5","false","5","5","154","100","172.03791469194314"
"8","60","5","false","5","5","190","100","180"
"7","60","5","false","5","5","158","100","170.95761381475668"
"4","60","5","false","5","5","105","99.63269054178146","165.90214067278288"
"2","60","5","false","5","5","131","99.81634527089072","172.53968253968256"
"8","60","5","false","5","5","191","100","180"
"9","60","5","false","5","5","121","99.72451790633609","171.0236220472441"
"3","60","5","false","5","5","114","99.54086317722681","167.0261941448382"
"5","60","5","false","5","5","144","100","165"
"6","60","5","false","5","5","155","100","172.03791469194314"
"8","60","5","false","5","5","192","100","180"
"7","60","5","false","5","5","159","100","170.95761381475668"
"6","60","5","false","5","5","156","100","172.03791469194314"
"8","60","5","false","5","5","193","100","180"
"4","60","5","false","5","5","106","99.63269054178146","165.90214067278288"
"2","60","5","false","5","5","132","99.81634527089072","172.53968253968256"
"9","60","5","false","5","5","122","99.72451790633609","171.0236220472441"
"3","60","5","false","5","5","115","99.54086317722681","167.0261941448382"
"5","60","5","false","5","5","145","100","165"
"7","60","5","false","5","5","160","100","170.95761381475668"
"8","60","5","false","5","5","194","100","180"
"7","60","5","false","5","5","161","100","170.95761381475668"
"6","60","5","false","5","5","157","100","172.03791469194314"
"4","60","5","false","5","5","107","99.63269054178146","165.90214067278288"
"8","60","5","false","5","5","195","100","180"
"3","60","5","false","5","5","116","99.54086317722681","167.0261941448382"
"7","60","5","false","5","5","162","100","170.95761381475668"
"9","60","5","false","5","5","123","99.72451790633609","171.0236220472441"
"2","60","5","false","5","5","133","99.81634527089072","172.53968253968256"
"6","60","5","false","5","5","158","100","172.03791469194314"
"5","60","5","false","5","5","146","100","165"
"8","60","5","false","5","5","196","100","180"
"7","60","5","false","5","5","163","100","170.95761381475668"
"4","60","5","false","5","5","108","99.63269054178146","165.90214067278288"
"8","60","5","false","5","5","197","100","180"
"3","60","5","false","5","5","117","99.72451790633609","167.33436055469954"
"9","60","5","false","5","5","124","99.72451790633609","171.0236220472441"
"5","60","5","false","5","5","147","100","165"
"2","60","5","false","5","5","134","99.81634527089072","172.53968253968256"
"6","60","5","false","5","5","159","100","172.03791469194314"
"8","60","5","false","5","5","198","100","180"
"7","60","5","false","5","5","164","100","170.95761381475668"
"4","60","5","false","5","5","109","99.63269054178146","165.90214067278288"
"6","60","5","false","5","5","160","100","172.03791469194314"
"3","60","5","false","5","5","118","99.72451790633609","167.33436055469954"
"8","60","5","false","5","5","199","100","180"
"9","60","5","false","5","5","125","99.72451790633609","171.0236220472441"
"7","60","5","false","5","5","165","100","170.95761381475668"
"5","60","5","false","5","5","148","100","165"
"6","60","5","false","5","5","161","100","172.03791469194314"
"2","60","5","false","5","5","135","99.81634527089072","172.53968253968256"
"8","60","5","false","5","5","200","100","180"
"8","60","5","false","5","5","201","100","180"
"7","60","5","false","5","5","166","100","170.95761381475668"
"4","60","5","false","5","5","110","99.63269054178146","165.90214067278288"
"3","60","5","false","5","5","119","99.72451790633609","167.33436055469954"
"6","60","5","false","5","5","162","100","172.03791469194314"
"9","60","5","false","5","5","126","99.72451790633609","171.0236220472441"
"5","60","5","false","5","5","149","100","165"
"8","60","5","false","5","5","202","100","180"
"7","60","5","false","5","5","167","100","170.95761381475668"
"2","60","5","false","5","5","136","99.81634527089072","172.53968253968256"
"3","60","5","false","5","5","120","99.72451790633609","167.33436055469954"
"1","60","5","false","5","5","8","17.63085399449036","29.95319812792512"
"9","60","5","false","5","5","127","99.72451790633609","171.0236220472441"
"6","60","5","false","5","5","163","100","172.03791469194314"
"8","60","5","false","5","5","203","100","180"
"7","60","5","false","5","5","168","100","170.95761381475668"
"3","60","5","false","5","5","121","99.72451790633609","167.33436055469954"
"2","60","5","false","5","5","137","99.81634527089072","172.53968253968256"
"8","60","5","false","5","5","204","100","180"
"4","60","5","false","5","5","111","99.63269054178146","165.90214067278288"
"5","60","5","false","5","5","150","100","165"
"7","60","5","false","5","5","169","100","170.95761381475668"
"9","60","5","false","5","5","128","99.81634527089072","171.1811023622047"
"3","60","5","false","5","5","122","99.72451790633609","167.33436055469954"
"7","60","5","false","5","5","170","100","170.95761381475668"
"6","60","5","false","5","5","164","100","172.03791469194314"
"8","60","5","false","5","5","205","100","180"
"2","60","5","false","5","5","138","99.81634527089072","172.53968253968256"
"9","60","5","false","5","5","129","99.81634527089072","171.1811023622047"
"6","60","5","false","5","5","165","100","172.03791469194314"
"3","60","5","false","5","5","123","99.72451790633609","167.33436055469954"
"7","60","5","false","5","5","171","100","170.95761381475668"
"8","60","5","false","5","5","206","100","180"
"2","60","5","false","5","5","139","99.81634527089072","172.53968253968256"
"7","60","5","false","5","5","172","100","170.95761381475668"
"5","60","5","false","5","5","151","100","165"
"4","60","5","false","5","5","112","99.63269054178146","165.90214067278288"
"8","60","5","false","5","5","207","100","180"
"9","60","5","false","5","5","130","99.81634527089072","171.1811023622047"
"3","60","5","false","5","5","124","99.81634527089072","167.4884437596302"
"5","60","5","false","5","5","152","100","165"
"7","60","5","false","5","5","173","100","170.95761381475668"
"6","60","5","false","5","5","166","100","172.03791469194314"
"8","60","5","false","5","5","208","100","180"
"2","60","5","false","5","5","140","99.81634527089072","172.53968253968256"
"6","60","5","false","5","5","167","100","172.03791469194314"
"4","60","5","false","5","5","113","99.63269054178146","165.90214067278288"
"7","60","5","false","5","5","174","100","170.95761381475668"
"5","60","5","false","5","5","153","100","165"
"9","60","5","false","5","5","131","99.81634527089072","171.1811023622047"
"3","60","5","false","5","5","125","99.81634527089072","167.4884437596302"
"8","60","5","false","5","5","209","100","180"
"6","60","5","false","5","5","168","100","172.03791469194314"
"9","60","5","false","5","5","132","99.81634527089072","171.1811023622047"
"8","60","5","false","5","5","210","100","180"
"7","60","5","false","5","5","175","100","170.95761381475668"
"5","60","5","false","5","5","154","100","165"
"2","60","5","false","5","5","141","99.81634527089072","172.53968253968256"
"4","60","5","false","5","5","114","99.63269054178146","165.90214067278288"
"8","60","5","false","5","5","211","100","180"
"6","60","5","false","5","5","169","100","172.03791469194314"
"3","60","5","false","5","5","126","99.81634527089072","167.4884437596302"
"7","60","5","false","5","5","176","100","170.95761381475668"
"8","60","5","false","5","5","212","100","180"
"9","60","5","false","5","5","133","99.81634527089072","171.1811023622047"
"6","60","5","false","5","5","170","100","172.03791469194314"
"5","60","5","false","5","5","155","100","165"
"7","60","5","false","5","5","177","100","170.95761381475668"
"3","60","5","false","5","5","127","99.81634527089072","167.4884437596302"
"2","60","5","false","5","5","142","99.81634527089072","172.53968253968256"
"4","60","5","false","5","5","115","99.63269054178146","165.90214067278288"
"8","60","5","false","5","5","213","100","180"
"6","60","5","false","5","5","171","100","172.03791469194314"
"5","60","5","false","5","5","156","100","165"
"7","60","5","false","5","5","178","100","170.95761381475668"
"8","60","5","false","5","5","214","100","180"
"3","60","5","false","5","5","128","99.81634527089072","167.4884437596302"
"6","60","5","false","5","5","172","100","172.03791469194314"
"9","60","5","false","5","5","134","99.90817263544535","171.33858267716536"
"4","60","5","false","5","5","116","99.63269054178146","165.90214067278288"
"2","60","5","false","5","5","143","99.81634527089072","172.53968253968256"
"8","60","5","false","5","5","215","100","180"
"7","60","5","false","5","5","179","100","170.95761381475668"
"5","60","5","false","5","5","157","100","165"
"6","60","5","false","5","5","173","100","172.03791469194314"
"8","60","5","false","5","5","216","100","180"
"3","60","5","false","5","5","129","99.81634527089072","167.4884437596302"
"7","60","5","false","5","5","180","100","170.95761381475668"
"9","60","5","false","5","5","135","99.90817263544535","171.33858267716536"
"2","60","5","false","5","5","144","99.90817263544535","172.6984126984127"
"6","60","5","false","5","5","174","100","172.03791469194314"
"4","60","5","false","5","5","117","99.63269054178146","165.90214067278288"
"7","60","5","false","5","5","181","100","170.95761381475668"
"8","60","5","false","5","5","217","100","180"
"5","60","5","false","5","5","158","100","165"
"8","60","5","false","5","5","218","100","180"
"7","60","5","false","5","5","182","100","170.95761381475668"
"9","60","5","false","5","5","136","99.90817263544535","171.33858267716536"
"3","60","5","false","5","5","130","99.81634527089072","167.4884437596302"
"6","60","5","false","5","5","175","100","172.03791469194314"
"2","60","5","false","5","5","145","99.90817263544535","172.6984126984127"
"7","60","5","false","5","5","183","100","170.95761381475668"
"4","60","5","false","5","5","118","99.63269054178146","165.90214067278288"
"8","60","5","false","5","5","219","100","180"
"2","60","5","false","5","5","146","99.90817263544535","172.6984126984127"
"9","60","5","false","5","5","137","99.90817263544535","171.33858267716536"
"7","60","5","false","5","5","184","100","170.95761381475668"
"5","60","5","false","5","5","159","100","165"
"9","60","5","false","5","5","138","99.90817263544535","171.33858267716536"
"8","60","5","false","5","5","220","100","180"
"3","60","5","false","5","5","131","99.81634527089072","167.4884437596302"
"7","60","5","false","5","5","185","100","170.95761381475668"
"4","60","5","false","5","5","119","99.63269054178146","165.90214067278288"
"8","60","5","false","5","5","221","100","180"
"7","60","5","false","5","5","186","100","170.95761381475668"
"3","60","5","false","5","5","132","99.81634527089072","167.4884437596302"
"2","60","5","false","5","5","147","99.90817263544535","172.6984126984127"
"3","60","5","false","5","5","133","99.81634527089072","167.4884437596302"
"5","60","5","false","5","5","160","100","165"
"9","60","5","false","5","5","139","99.90817263544535","171.33858267716536"
"8","60","5","false","5","5","222","100","180"
"6","60","5","false","5","5","176","100","172.03791469194314"
"7","60","5","false","5","5","187","100","170.95761381475668"
"8","60","5","false","5","5","223","100","180"
"4","60","5","false","5","5","120","99.63269054178146","165.90214067278288"
"2","60","5","false","5","5","148","99.90817263544535","172.6984126984127"
"9","60","5","false","5","5","140","99.90817263544535","171.33858267716536"
"7","60","5","false","5","5","188","100","170.95761381475668"
"8","60","5","false","5","5","224","100","180"
"2","60","5","false","5","5","149","99.90817263544535","172.6984126984127"
"3","60","5","false","5","5","134","99.81634527089072","167.4884437596302"
"6","60","5","false","5","5","177","100","172.03791469194314"
"5","60","5","false","5","5","161","100","165"
"7","60","5","false","5","5","189","100","170.95761381475668"
"3","60","5","false","5","5","135","99.81634527089072","167.4884437596302"
"4","60","5","false","5","5","121","99.63269054178146","165.90214067278288"
"8","60","5","false","5","5","225","100","180"
"9","60","5","false","5","5","141","99.90817263544535","171.33858267716536"
"7","60","5","false","5","5","190","100","170.95761381475668"
"2","60","5","false","5","5","150","99.90817263544535","172.6984126984127"
"3","60","5","false","5","5","136","99.81634527089072","167.4884437596302"
"8","60","5","false","5","5","226","100","180"
"6","60","5","false","5","5","178","100","172.03791469194314"
"7","60","5","false","5","5","191","100","170.95761381475668"
"2","60","5","false","5","5","151","99.90817263544535","172.6984126984127"
"5","60","5","false","5","5","162","100","165"
"8","60","5","false","5","5","227","100","180"
"4","60","5","false","5","5","122","99.63269054178146","165.90214067278288"
"7","60","5","false","5","5","192","100","170.95761381475668"
"9","60","5","false","5","5","142","100","171.49606299212599"
"8","60","5","false","5","5","228","100","180"
"3","60","5","false","5","5","137","99.81634527089072","167.4884437596302"
"7","60","5","false","5","5","193","100","170.95761381475668"
"2","60","5","false","5","5","152","99.90817263544535","172.6984126984127"
"6","60","5","false","5","5","179","100","172.03791469194314"
"4","60","5","false","5","5","123","99.63269054178146","165.90214067278288"
"2","60","5","false","5","5","153","99.90817263544535","172.6984126984127"
"5","60","5","false","5","5","163","100","165"
"7","60","5","false","5","5","194","100","170.95761381475668"
"8","60","5","false","5","5","229","100","180"
"6","60","5","false","5","5","180","100","172.03791469194314"
"5","60","5","false","5","5","164","100","165"
"9","60","5","false","5","5","143","100","171.49606299212599"
"2","60","5","false","5","5","154","99.90817263544535","172.6984126984127"
"8","60","5","false","5","5","230","100","180"
"3","60","5","false","5","5","138","99.81634527089072","167.4884437596302"
"7","60","5","false","5","5","195","100","170.95761381475668"
"6","60","5","false","5","5","181","100","172.03791469194314"
"4","60","5","false","5","5","124","99.63269054178146","165.90214067278288"
"8","60","5","false","5","5","231","100","180"
"7","60","5","false","5","5","196","100","170.95761381475668"
"2","60","5","false","5","5","155","99.90817263544535","172.6984126984127"
"5","60","5","false","5","5","165","100","165"
"9","60","5","false","5","5","144","100","171.49606299212599"
"6","60","5","false","5","5","182","100","172.03791469194314"
"7","60","5","false","5","5","197","100","170.95761381475668"
"8","60","5","false","5","5","232","100","180"
"3","60","5","false","5","5","139","99.90817263544535","167.64252696456086"
"1","60","5","false","5","5","9","19.375573921028465","32.91731669266771"
"4","60","5","false","5","5","125","99.63269054178146","165.90214067278288"
"5","60","5","false","5","5","166","100","165"
"9","60","5","false","5","5","145","100","171.49606299212599"
"7","60","5","false","5","5","198","100","170.95761381475668"
"8","60","5","false","5","5","233","100","180"
"6","60","5","false","5","5","183","100","172.03791469194314"
"3","60","5","false","5","5","140","99.90817263544535","167.64252696456086"
"2","60","5","false","5","5","156","100","172.85714285714286"
"3","60","5","false","5","5","141","99.90817263544535","167.64252696456086"
"8","60","5","false","5","5","234","100","180"
"7","60","5","false","5","5","199","100","170.95761381475668"
"6","60","5","false","5","5","184","100","172.03791469194314"
"9","60","5","false","5","5","146","100","171.49606299212599"
"4","60","5","false","5","5","126","99.72451790633609","166.05504587155963"
"5","60","5","false","5","5","167","100","165"
"8","60","5","false","5","5","235","100","180"
"9","60","5","false","5","5","147","100","171.49606299212599"
"7","60","5","false","5","5","200","100","170.95761381475668"
"6","60","5","false","5","5","185","100","172.03791469194314"
"3","60","5","false","5","5","142","99.90817263544535","167.64252696456086"
"2","60","5","false","5","5","157","100","172.85714285714286"
"8","60","5","false","5","5","236","100","180"
"9","60","5","false","5","5","148","100","171.49606299212599"
"7","60","5","false","5","5","201","100","170.95761381475668"
"4","60","5","false","5","5","127","99.81634527089072","166.20795107033638"
"5","60","5","false","5","5","168","100","165"
"6","60","5","false","5","5","186","100","172.03791469194314"
"8","60","5","false","5","5","237","100","180"
"2","60","5","false","5","5","158","100","172.85714285714286"
"3","60","5","false","5","5","143","99.90817263544535","167.64252696456086"
"4","60","5","false","5","5","128","99.81634527089072","166.20795107033638"
"7","60","5","false","5","5","202","100","170.95761381475668"
"6","60","5","false","5","5","187","100","172.03791469194314"
"2","60","5","false","5","5","159","100","172.85714285714286"
"7","60","5","false","5","5","203","100","170.95761381475668"
"5","60","5","false","5","5","169","100","165"
"9","60","5","false","5","5","149","100","171.49606299212599"
"3","60","5","false","5","5","144","99.90817263544535","167.64252696456086"
"4","60","5","false","5","5","129","99.81634527089072","166.20795107033638"
"7","60","5","false","5","5","204","100","170.95761381475668"
"6","60","5","false","5","5","188","100","172.03791469194314"
"2","60","5","false","5","5","160","100","172.85714285714286"
"8","60","5","false","5","5","238","100","180"
"9","60","5","false","5","5","150","100","171.49606299212599"
"7","60","5","false","5","5","205","100","170.95761381475668"
"6","60","5","false","5","5","189","100","172.03791469194314"
"3","60","5","false","5","5","145","99.90817263544535","167.64252696456086"
"5","60","5","false","5","5","170","100","165"
"7","60","5","false","5","5","206","100","170.95761381475668"
"4","60","5","false","5","5","130","99.81634527089072","166.20795107033638"
"9","60","5","false","5","5","151","100","171.49606299212599"
"8","60","5","false","5","5","239","100","180"
"6","60","5","false","5","5","190","100","172.03791469194314"
"2","60","5","false","5","5","161","100","172.85714285714286"
"5","60","5","false","5","5","171","100","165"
"7","60","5","false","5","5","207","100","170.95761381475668"
"8","60","5","false","5","5","240","100","180"
"9","60","5","false","5","5","152","100","171.49606299212599"
"3","60","5","false","5","5","146","100","167.79661016949152"
"6","60","5","false","5","5","191","100","172.03791469194314"
"4","60","5","false","5","5","131","99.81634527089072","166.20795107033638"
"7","60","5","false","5","5","208","100","170.95761381475668"
"8","60","5","false","5","5","241","100","180"
"4","60","5","false","5","5","132","99.81634527089072","166.20795107033638"
"2","60","5","false","5","5","162","100","172.85714285714286"
"5","60","5","false","5","5","172","100","165"
"6","60","5","false","5","5","192","100","172.03791469194314"
"3","60","5","false","5","5","147","100","167.79661016949152"
"7","60","5","false","5","5","209","100","170.95761381475668"
"9","60","5","false","5","5","153","100","171.49606299212599"
"8","60","5","false","5","5","242","100","180"
"6","60","5","false","5","5","193","100","172.03791469194314"
"7","60","5","false","5","5","210","100","170.95761381475668"
"2","60","5","false","5","5","163","100","172.85714285714286"
"4","60","5","false","5","5","133","99.81634527089072","166.20795107033638"
"5","60","5","false","5","5","173","100","165"
"8","60","5","false","5","5","243","100","180"
"4","60","5","false","5","5","134","99.81634527089072","166.20795107033638"
"3","60","5","false","5","5","148","100","167.79661016949152"
"8","60","5","false","5","5","244","100","180"
"6","60","5","false","5","5","194","100","172.03791469194314"
"7","60","5","false","5","5","211","100","170.95761381475668"
"9","60","5","false","5","5","154","100","171.49606299212599"
"6","60","5","false","5","5","195","100","172.03791469194314"
"2","60","5","false","5","5","164","100","172.85714285714286"
"7","60","5","false","5","5","212","100","170.95761381475668"
"5","60","5","false","5","5","174","100","165"
"8","60","5","false","5","5","245","100","180"
"4","60","5","false","5","5","135","99.81634527089072","166.20795107033638"
"3","60","5","false","5","5","149","100","167.79661016949152"
"6","60","5","false","5","5","196","100","172.03791469194314"
"5","60","5","false","5","5","175","100","165"
"7","60","5","false","5","5","213","100","170.95761381475668"
"9","60","5","false","5","5","155","100","171.49606299212599"
"8","60","5","false","5","5","246","100","180"
"5","60","5","false","5","5","176","100","165"
"6","60","5","false","5","5","197","100","172.03791469194314"
"7","60","5","false","5","5","214","100","170.95761381475668"
"3","60","5","false","5","5","150","100","167.79661016949152"
"4","60","5","false","5","5","136","99.81634527089072","166.20795107033638"
"8","60","5","false","5","5","247","100","180"
"2","60","5","false","5","5","165","100","172.85714285714286"
"9","60","5","false","5","5","156","100","171.49606299212599"
"6","60","5","false","5","5","198","100","172.03791469194314"
"7","60","5","false","5","5","215","100","170.95761381475668"
"5","60","5","false","5","5","177","100","165"
"3","60","5","false","5","5","151","100","167.79661016949152"
"4","60","5","false","5","5","137","99.81634527089072","166.20795107033638"
"8","60","5","false","5","5","248","100","180"
"6","60","5","false","5","5","199","100","172.03791469194314"
"7","60","5","false","5","5","216","100","170.95761381475668"
"2","60","5","false","5","5","166","100","172.85714285714286"
"6","60","5","false","5","5","200","100","172.03791469194314"
"9","60","5","false","5","5","157","100","171.49606299212599"
"8","60","5","false","5","5","249","100","180"
"7","60","5","false","5","5","217","100","170.95761381475668"
"6","60","5","false","5","5","201","100","172.03791469194314"
"3","60","5","false","5","5","152","100","167.79661016949152"
"7","60","5","false","5","5","218","100","170.95761381475668"
"5","60","5","false","5","5","178","100","165"
"4","60","5","false","5","5","138","99.81634527089072","166.20795107033638"
"6","60","5","false","5","5","202","100","172.03791469194314"
"8","60","5","false","5","5","250","100","180"
"2","60","5","false","5","5","167","100","172.85714285714286"
"9","60","5","false","5","5","158","100","171.49606299212599"
"3","60","5","false","5","5","153","100","167.79661016949152"
"7","60","5","false","5","5","219","100","170.95761381475668"
"6","60","5","false","5","5","203","100","172.03791469194314"
"9","60","5","false","5","5","159","100","171.49606299212599"
"7","60","5","false","5","5","220","100","170.95761381475668"
"8","60","5","false","5","5","251","100","180"
"3","60","5","false","5","5","154","100","167.79661016949152"
"5","60","5","false","5","5","179","100","165"
"6","60","5","false","5","5","204","100","172.03791469194314"
"4","60","5","false","5","5","139","99.81634527089072","166.20795107033638"
"2","60","5","false","5","5","168","100","172.85714285714286"
"9","60","5","false","5","5","160","100","171.49606299212599"
"8","60","5","false","5","5","252","100","180"
"7","60","5","false","5","5","221","100","170.95761381475668"
"6","60","5","false","5","5","205","100","172.03791469194314"
"5","60","5","false","5","5","180","100","165"
"3","60","5","false","5","5","155","100","167.79661016949152"
"7","60","5","false","5","5","222","100","170.95761381475668"
"8","60","5","false","5","5","253","100","180"
"6","60","5","false","5","5","206","100","172.03791469194314"
"2","60","5","false","5","5","169","100","172.85714285714286"
"9","60","5","false","5","5","161","100","171.49606299212599"
"7","60","5","false","5","5","223","100","170.95761381475668"
"3","60","5","false","5","5","156","100","167.79661016949152"
"5","60","5","false","5","5","181","100","165"
"2","60","5","false","5","5","170","100","172.85714285714286"
"8","60","5","false","5","5","254","100","180"
"6","60","5","false","5","5","207","100","172.03791469194314"
"7","60","5","false","5","5","224","100","170.95761381475668"
"8","60","5","false","5","5","255","100","180"
"5","60","5","false","5","5","182","100","165"
"9","60","5","false","5","5","162","100","171.49606299212599"
"2","60","5","false","5","5","171","100","172.85714285714286"
"6","60","5","false","5","5","208","100","172.03791469194314"
"10","60","5","false","5","5","0","2.295684113865932","3.7481259370314843"
"7","60","5","false","5","5","225","100","170.95761381475668"
"2","60","5","false","5","5","172","100","172.85714285714286"
"3","60","5","false","5","5","157","100","167.79661016949152"
"8","60","5","false","5","5","256","100","180"
"9","60","5","false","5","5","163","100","171.49606299212599"
"10","60","5","false","5","5","1","5.693296602387512","9.295352323838081"
"5","60","5","false","5","5","183","100","165"
"6","60","5","false","5","5","209","100","172.03791469194314"
"7","60","5","false","5","5","226","100","170.95761381475668"
"2","60","5","false","5","5","173","100","172.85714285714286"
"10","60","5","false","5","5","2","9.182736455463727","14.992503748125937"
"5","60","5","false","5","5","184","100","165"
"8","60","5","false","5","5","257","100","180"
"6","60","5","false","5","5","210","100","172.03791469194314"
"10","60","5","false","5","5","3","12.580348943985308","20.539730134932537"
"3","60","5","false","5","5","158","100","167.79661016949152"
"7","60","5","false","5","5","227","100","170.95761381475668"
"8","60","5","false","5","5","258","100","180"
"2","60","5","false","5","5","174","100","172.85714285714286"
"5","60","5","false","5","5","185","100","165"
"9","60","5","false","5","5","164","100","171.49606299212599"
"6","60","5","false","5","5","211","100","172.03791469194314"
"10","60","5","false","5","5","4","15.61065197428834","25.487256371814095"
"7","60","5","false","5","5","228","100","170.95761381475668"
"9","60","5","false","5","5","165","100","171.49606299212599"
"5","60","5","false","5","5","186","100","165"
"8","60","5","false","5","5","259","100","180"
"1","60","5","false","5","5","10","21.57943067033976","36.661466458658346"
"3","60","5","false","5","5","159","100","167.79661016949152"
"6","60","5","false","5","5","212","100","172.03791469194314"
"7","60","5","false","5","5","229","100","170.95761381475668"
"8","60","5","false","5","5","260","100","180"
"5","60","5","false","5","5","187","100","165"
"9","60","5","false","5","5","166","100","171.49606299212599"
"2","60","5","false","5","5","175","100","172.85714285714286"
"10","60","5","false","5","5","5","18.27364554637282","29.83508245877061"
"8","60","5","false","5","5","261","100","180"
"7","60","5","false","5","5","230","100","170.95761381475668"
"6","60","5","false","5","5","213","100","172.03791469194314"
"8","60","5","false","5","5","262","100","180"
"2","60","5","false","5","5","176","100","172.85714285714286"
"3","60","5","false","5","5","160","100","167.79661016949152"
"6","60","5","false","5","5","214","100","172.03791469194314"
"5","60","5","false","5","5","188","100","165"
"9","60","5","false","5","5","167","100","171.49606299212599"
"7","60","5","false","5","5","231","100","170.95761381475668"
"10","60","5","false","5","5","6","20.84481175390266","34.03298350824588"
"8","60","5","false","5","5","263","100","180"
"6","60","5","false","5","5","215","100","172.03791469194314"
"7","60","5","false","5","5","232","100","170.95761381475668"
"9","60","5","false","5","5","168","100","171.49606299212599"
"2","60","5","false","5","5","177","100","172.85714285714286"
"6","60","5","false","5","5","216","100","172.03791469194314"
"8","60","5","false","5","5","264","100","180"
"3","60","5","false","5","5","161","100","167.79661016949152"
"5","60","5","false","5","5","189","100","165"
"10","60","5","false","5","5","7","22.95684113865932","37.48125937031484"
"6","60","5","false","5","5","217","100","172.03791469194314"
"2","60","5","false","5","5","178","100","172.85714285714286"
"8","60","5","false","5","5","265","100","180"
"7","60","5","false","5","5","233","100","170.95761381475668"
"5","60","5","false","5","5","190","100","165"
"9","60","5","false","5","5","169","100","171.49606299212599"
"6","60","5","false","5","5","218","100","172.03791469194314"
"3","60","5","false","5","5","162","100","167.79661016949152"
"7","60","5","false","5","5","234","100","170.95761381475668"
"8","60","5","false","5","5","266","100","180"
"9","60","5","false","5","5","170","100","171.49606299212599"
"10","60","5","false","5","5","8","25.344352617079892","41.37931034482759"
"5","60","5","false","5","5","191","100","165"
"2","60","5","false","5","5","179","100","172.85714285714286"
"6","60","5","false","5","5","219","100","172.03791469194314"
"8","60","5","false","5","5","267","100","180"
"7","60","5","false","5","5","235","100","170.95761381475668"
"2","60","5","false","5","5","180","100","172.85714285714286"
"3","60","5","false","5","5","163","100","167.79661016949152"
"10","60","5","false","5","5","9","27.823691460055095","45.42728635682159"
"9","60","5","false","5","5","171","100","171.49606299212599"
"8","60","5","false","5","5","268","100","180"
"5","60","5","false","5","5","192","100","165"
"6","60","5","false","5","5","220","100","172.03791469194314"
"7","60","5","false","5","5","236","100","170.95761381475668"
"2","60","5","false","5","5","181","100","172.85714285714286"
"10","60","5","false","5","5","10","30.853994490358126","50.37481259370315"
"3","60","5","false","5","5","164","100","167.79661016949152"
"8","60","5","false","5","5","269","100","180"
"2","60","5","false","5","5","182","100","172.85714285714286"
"9","60","5","false","5","5","172","100","171.49606299212599"
"6","60","5","false","5","5","221","100","172.03791469194314"
"7","60","5","false","5","5","237","100","170.95761381475668"
"5","60","5","false","5","5","193","100","165"
"3","60","5","false","5","5","165","100","167.79661016949152"
"8","60","5","false","5","5","270","100","180"
"9","60","5","false","5","5","173","100","171.49606299212599"
"10","60","5","false","5","5","11","33.057851239669425","53.973013493253376"
"6","60","5","false","5","5","222","100","172.03791469194314"
"3","60","5","false","5","5","166","100","167.79661016949152"
"7","60","5","false","5","5","238","100","170.95761381475668"
"8","60","5","false","5","5","271","100","180"
"2","60","5","false","5","5","183","100","172.85714285714286"
"5","60","5","false","5","5","194","100","165"
"6","60","5","false","5","5","223","100","172.03791469194314"
"8","60","5","false","5","5","272","100","180"
"7","60","5","false","5","5","239","100","170.95761381475668"
"2","60","5","false","5","5","184","100","172.85714285714286"
"9","60","5","false","5","5","174","100","171.49606299212599"
"8","60","5","false","5","5","273","100","180"
"5","60","5","false","5","5","195","100","165"
"10","60","5","false","5","5","12","35.90449954086318","58.620689655172406"
"3","60","5","false","5","5","167","100","167.79661016949152"
"9","60","5","false","5","5","175","100","171.49606299212599"
"6","60","5","false","5","5","224","100","172.03791469194314"
"7","60","5","false","5","5","240","100","170.95761381475668"
"8","60","5","false","5","5","274","100","180"
"2","60","5","false","5","5","185","100","172.85714285714286"
"9","60","5","false","5","5","176","100","171.49606299212599"
"5","60","5","false","5","5","196","100","165"
"8","60","5","false","5","5","275","100","180"
"6","60","5","false","5","5","225","100","172.03791469194314"
"9","60","5","false","5","5","177","100","171.49606299212599"
"7","60","5","false","5","5","241","100","170.95761381475668"
"10","60","5","false","5","5","13","39.02662993572085","63.718140929535224"
"3","60","5","false","5","5","168","100","167.79661016949152"
"2","60","5","false","5","5","186","100","172.85714285714286"
"8","60","5","false","5","5","276","100","180"
"6","60","5","false","5","5","226","100","172.03791469194314"
"9","60","5","false","5","5","178","100","171.49606299212599"
"5","60","5","false","5","5","197","100","165"
"7","60","5","false","5","5","242","100","170.95761381475668"
"8","60","5","false","5","5","277","100","180"
"9","60","5","false","5","5","179","100","171.49606299212599"
"2","60","5","false","5","5","187","100","172.85714285714286"
"10","60","5","false","5","5","14","42.240587695133144","68.96551724137932"
"6","60","5","false","5","5","227","100","172.03791469194314"
"3","60","5","false","5","5","169","100","167.79661016949152"
"2","60","5","false","5","5","188","100","172.85714285714286"
"8","60","5","false","5","5","278","100","180"
"9","60","5","false","5","5","180","100","171.49606299212599"
"5","60","5","false","5","5","198","100","165"
"7","60","5","false","5","5","243","100","170.95761381475668"
"8","60","5","false","5","5","279","100","180"
"7","60","5","false","5","5","244","100","170.95761381475668"
"5","60","5","false","5","5","199","100","165"
"3","60","5","false","5","5","170","100","167.79661016949152"
"2","60","5","false","5","5","189","100","172.85714285714286"
"8","60","5","false","5","5","280","100","180"
"6","60","5","false","5","5","228","100","172.03791469194314"
"1","60","5","false","5","5","11","24.242424242424242","41.18564742589704"
"9","60","5","false","5","5","181","100","171.49606299212599"
"10","60","5","false","5","5","15","46.005509641873275","75.11244377811094"
"8","60","5","false","5","5","281","100","180"
"6","60","5","false","5","5","229","100","172.03791469194314"
"5","60","5","false","5","5","200","100","165"
"7","60","5","false","5","5","245","100","170.95761381475668"
"8","60","5","false","5","5","282","100","180"
"2","60","5","false","5","5","190","100","172.85714285714286"
"6","60","5","false","5","5","230","100","172.03791469194314"
"7","60","5","false","5","5","246","100","170.95761381475668"
"5","60","5","false","5","5","201","100","165"
"3","60","5","false","5","5","171","100","167.79661016949152"
"10","60","5","false","5","5","16","49.862258953168045","81.40929535232384"
"9","60","5","false","5","5","182","100","171.49606299212599"
"8","60","5","false","5","5","283","100","180"
"8","60","5","false","5","5","284","100","180"
"6","60","5","false","5","5","231","100","172.03791469194314"
"5","60","5","false","5","5","202","100","165"
"2","60","5","false","5","5","191","100","172.85714285714286"
"7","60","5","false","5","5","247","100","170.95761381475668"
"6","60","5","false","5","5","232","100","172.03791469194314"
"8","60","5","false","5","5","285","100","180"
"3","60","5","false","5","5","172","100","167.79661016949152"
"5","60","5","false","5","5","203","100","165"
"7","60","5","false","5","5","248","100","170.95761381475668"
"2","60","5","false","5","5","192","100","172.85714285714286"
"8","60","5","false","5","5","286","100","180"
"10","60","5","false","5","5","17","54.36179981634527","88.75562218890555"
"9","60","5","false","5","5","183","100","171.49606299212599"
"6","60","5","false","5","5","233","100","172.03791469194314"
"8","60","5","false","5","5","287","100","180"
"7","60","5","false","5","5","249","100","170.95761381475668"
"6","60","5","false","5","5","234","100","172.03791469194314"
"5","60","5","false","5","5","204","100","165"
"3","60","5","false","5","5","173","100","167.79661016949152"
"8","60","5","false","5","5","288","100","180"
"7","60","5","false","5","5","250","100","170.95761381475668"
"2","60","5","false","5","5","193","100","172.85714285714286"
"9","60","5","false","5","5","184","100","171.49606299212599"
"10","60","5","false","5","5","18","58.31037649219467","95.2023988005997"
"5","60","5","false","5","5","205","100","165"
"6","60","5","false","5","5","235","100","172.03791469194314"
"3","60","5","false","5","5","174","100","167.79661016949152"
"8","60","5","false","5","5","289","100","180"
"2","60","5","false","5","5","194","100","172.85714285714286"
"7","60","5","false","5","5","251","100","170.95761381475668"
"8","60","5","false","5","5","290","100","180"
"2","60","5","false","5","5","195","100","172.85714285714286"
"9","60","5","false","5","5","185","100","171.49606299212599"
"6","60","5","false","5","5","236","100","172.03791469194314"
"10","60","5","false","5","5","19","62.53443526170799","102.09895052473763"
"5","60","5","false","5","5","206","100","165"
"3","60","5","false","5","5","175","100","167.79661016949152"
"7","60","5","false","5","5","252","100","170.95761381475668"
"2","60","5","false","5","5","196","100","172.85714285714286"
"8","60","5","false","5","5","291","100","180"
"6","60","5","false","5","5","237","100","172.03791469194314"
"8","60","5","false","5","5","292","100","180"
"5","60","5","false","5","5","207","100","165"
"10","60","5","false","5","5","20","66.85032139577594","109.1454272863568"
"3","60","5","false","5","5","176","100","167.79661016949152"
"9","60","5","false","5","5","186","100","171.49606299212599"
"7","60","5","false","5","5","253","100","170.95761381475668"
"5","60","5","false","5","5","208","100","165"
"6","60","5","false","5","5","238","100","172.03791469194314"
"8","60","5","false","5","5","293","100","180"
"2","60","5","false","5","5","197","100","172.85714285714286"
"10","60","5","false","5","5","21","70.70707070707071","115.44227886056973"
"7","60","5","false","5","5","254","100","170.95761381475668"
"9","60","5","false","5","5","187","100","171.49606299212599"
"3","60","5","false","5","5","177","100","167.79661016949152"
"8","60","5","false","5","5","294","100","180"
"5","60","5","false","5","5","209","100","165"
"6","60","5","false","5","5","239","100","172.03791469194314"
"7","60","5","false","5","5","255","100","170.95761381475668"
"8","60","5","false","5","5","295","100","180"
"5","60","5","false","5","5","210","100","165"
"2","60","5","false","5","5","198","100","172.85714285714286"
"9","60","5","false","5","5","188","100","171.49606299212599"
"6","60","5","false","5","5","240","100","172.03791469194314"
"3","60","5","false","5","5","178","100","167.79661016949152"
"10","60","5","false","5","5","22","73.46189164370982","119.9400299850075"
"8","60","5","false","5","5","296","100","180"
"7","60","5","false","5","5","256","100","170.95761381475668"
"9","60","5","false","5","5","189","100","171.49606299212599"
"6","60","5","false","5","5","241","100","172.03791469194314"
"8","60","5","false","5","5","297","100","180"
"5","60","5","false","5","5","211","100","165"
"2","60","5","false","5","5","199","100","172.85714285714286"
"3","60","5","false","5","5","179","100","167.79661016949152"
"7","60","5","false","5","5","257","100","170.95761381475668"
"8","60","5","false","5","5","298","100","180"
"10","60","5","false","5","5","23","74.74747474747475","122.03898050974513"
"6","60","5","false","5","5","242","100","172.03791469194314"
"7","60","5","false","5","5","258","100","170.95761381475668"
"5","60","5","false","5","5","212","100","165"
"9","60","5","false","5","5","190","100","171.49606299212599"
"8","60","5","false","5","5","299","100","180"
"6","60","5","false","5","5","243","100","172.03791469194314"
"2","60","5","false","5","5","200","100","172.85714285714286"
"8","60","5","false","5","5","300","100","180"
"7","60","5","false","5","5","259","100","170.95761381475668"
"6","60","5","false","5","5","244","100","172.03791469194314"
"10","60","5","false","5","5","24","75.94123048668503","123.98800599700151"
"8","60","5","false","5","5","301","100","180"
"3","60","5","false","5","5","180","100","167.79661016949152"
"5","60","5","false","5","5","213","100","165"
"7","60","5","false","5","5","260","100","170.95761381475668"
"2","60","5","false","5","5","201","100","172.85714285714286"
"6","60","5","false","5","5","245","100","172.03791469194314"
"10","60","5","false","5","5","25","76.67584940312213","125.18740629685156"
"8","60","5","false","5","5","302","100","180"
"5","60","5","false","5","5","214","100","165"
"7","60","5","false","5","5","261","100","170.95761381475668"
"3","60","5","false","5","5","181","100","167.79661016949152"
"9","60","5","false","5","5","191","100","171.49606299212599"
"6","60","5","false","5","5","246","100","172.03791469194314"
"8","60","5","false","5","5","303","100","180"
"2","60","5","false","5","5","202","100","172.85714285714286"
"9","60","5","false","5","5","192","100","171.49606299212599"
"5","60","5","false","5","5","215","100","165"
"7","60","5","false","5","5","262","100","170.95761381475668"
"10","60","5","false","5","5","26","77.13498622589532","125.93703148425787"
"8","60","5","false","5","5","304","100","180"
"2","60","5","false","5","5","203","100","172.85714285714286"
"6","60","5","false","5","5","247","100","172.03791469194314"
"3","60","5","false","5","5","182","100","167.79661016949152"
"7","60","5","false","5","5","263","100","170.95761381475668"
"5","60","5","false","5","5","216","100","165"
"8","60","5","false","5","5","305","100","180"
"9","60","5","false","5","5","193","100","171.49606299212599"
"10","60","5","false","5","5","27","77.59412304866851","126.68665667166417"
"6","60","5","false","5","5","248","100","172.03791469194314"
"7","60","5","false","5","5","264","100","170.95761381475668"
"2","60","5","false","5","5","204","100","172.85714285714286"
"3","60","5","false","5","5","183","100","167.79661016949152"
"8","60","5","false","5","5","306","100","180"
"5","60","5","false","5","5","217","100","165"
"3","60","5","false","5","5","184","100","167.79661016949152"
"9","60","5","false","5","5","194","100","171.49606299212599"
"6","60","5","false","5","5","249","100","172.03791469194314"
"7","60","5","false","5","5","265","100","170.95761381475668"
"8","60","5","false","5","5","307","100","180"
"10","60","5","false","5","5","28","77.8696051423324","127.13643178410794"
"3","60","5","false","5","5","185","100","167.79661016949152"
"2","60","5","false","5","5","205","100","172.85714285714286"
"5","60","5","false","5","5","218","100","165"
"6","60","5","false","5","5","250","100","172.03791469194314"
"8","60","5","false","5","5","308","100","180"
"7","60","5","false","5","5","266","100","170.95761381475668"
"9","60","5","false","5","5","195","100","171.49606299212599"
"1","60","5","false","5","5","12","27.27272727272727","46.33385335413416"
"5","60","5","false","5","5","219","100","165"
"10","60","5","false","5","5","29","78.32874196510559","127.88605697151425"
"6","60","5","false","5","5","251","100","172.03791469194314"
"7","60","5","false","5","5","267","100","170.95761381475668"
"3","60","5","false","5","5","186","100","167.79661016949152"
"2","60","5","false","5","5","206","100","172.85714285714286"
"8","60","5","false","5","5","309","100","180"
"8","60","5","false","5","5","310","100","180"
"7","60","5","false","5","5","268","100","170.95761381475668"
"8","60","5","false","5","5","311","100","180"
"9","60","5","false","5","5","196","100","171.49606299212599"
"2","60","5","false","5","5","207","100","172.85714285714286"
"5","60","5","false","5","5","220","100","165"
"6","60","5","false","5","5","252","100","172.03791469194314"
"8","60","5","false","5","5","312","100","180"
"3","60","5","false","5","5","187","100","167.79661016949152"
"10","60","5","false","5","5","30","78.78787878787878","128.63568215892053"
"7","60","5","false","5","5","269","100","170.95761381475668"
"8","60","5","false","5","5","313","100","180"
"2","60","5","false","5","5","208","100","172.85714285714286"
"6","60","5","false","5","5","253","100","172.03791469194314"
"3","60","5","false","5","5","188","100","167.79661016949152"
"9","60","5","false","5","5","197","100","171.49606299212599"
"8","60","5","false","5","5","314","100","180"
"5","60","5","false","5","5","221","100","165"
"7","60","5","false","5","5","270","100","170.95761381475668"
"10","60","5","false","5","5","31","79.06336088154269","129.0854572713643"
"2","60","5","false","5","5","209","100","172.85714285714286"
"9","60","5","false","5","5","198","100","171.49606299212599"
"8","60","5","false","5","5","315","100","180"
"6","60","5","false","5","5","254","100","172.03791469194314"
"5","60","5","false","5","5","222","100","165"
"3","60","5","false","5","5","189","100","167.79661016949152"
"7","60","5","false","5","5","271","100","170.95761381475668"
"2","60","5","false","5","5","210","100","172.85714285714286"
"10","60","5","false","5","5","32","79.15518824609734","129.23538230884557"
"8","60","5","false","5","5","316","100","180"
"6","60","5","false","5","5","255","100","172.03791469194314"
"3","60","5","false","5","5","190","100","167.79661016949152"
"5","60","5","false","5","5","223","100","165"
"9","60","5","false","5","5","199","100","171.49606299212599"
"8","60","5","false","5","5","317","100","180"
"2","60","5","false","5","5","211","100","172.85714285714286"
"7","60","5","false","5","5","272","100","170.95761381475668"
"6","60","5","false","5","5","256","100","172.03791469194314"
"10","60","5","false","5","5","33","79.52249770431588","129.83508245877061"
"5","60","5","false","5","5","224","100","165"
"3","60","5","false","5","5","191","100","167.79661016949152"
"2","60","5","false","5","5","212","100","172.85714285714286"
"8","60","5","false","5","5","318","100","180"
"7","60","5","false","5","5","273","100","170.95761381475668"
"9","60","5","false","5","5","200","100","171.49606299212599"
"10","60","5","false","5","5","34","79.61432506887053","129.98500749625188"
"8","60","5","false","5","5","319","100","180"
"6","60","5","false","5","5","257","100","172.03791469194314"
"5","60","5","false","5","5","225","100","165"
"2","60","5","false","5","5","213","100","172.85714285714286"
"3","60","5","false","5","5","192","100","167.79661016949152"
"9","60","5","false","5","5","201","100","171.49606299212599"
"10","60","5","false","5","5","35","80.16528925619835","130.88455772113943"
"7","60","5","false","5","5","274","100","170.95761381475668"
"8","60","5","false","5","5","320","100","180"
"5","60","5","false","5","5","226","100","165"
"9","60","5","false","5","5","202","100","171.49606299212599"
"6","60","5","false","5","5","258","100","172.03791469194314"
"3","60","5","false","5","5","193","100","167.79661016949152"
"2","60","5","false","5","5","214","100","172.85714285714286"
"7","60","5","false","5","5","275","100","170.95761381475668"
"8","60","5","false","5","5","321","100","180"
"10","60","5","false","5","5","36","80.25711662075298","131.0344827586207"
"6","60","5","false","5","5","259","100","172.03791469194314"
"10","60","5","false","5","5","37","80.62442607897154","131.63418290854574"
"5","60","5","false","5","5","227","100","165"
"2","60","5","false","5","5","215","100","172.85714285714286"
"9","60","5","false","5","5","203","100","171.49606299212599"
"8","60","5","false","5","5","322","100","180"
"7","60","5","false","5","5","276","100","170.95761381475668"
"3","60","5","false","5","5","194","100","167.79661016949152"
"2","60","5","false","5","5","216","100","172.85714285714286"
"6","60","5","false","5","5","260","100","172.03791469194314"
"10","60","5","false","5","5","38","80.99173553719008","132.23388305847078"
"9","60","5","false","5","5","204","100","171.49606299212599"
"5","60","5","false","5","5","228","100","165"
"10","60","5","false","5","5","39","81.45087235996327","132.98350824587706"
"8","60","5","false","5","5","323","100","180"
"10","60","5","false","5","5","40","81.91000918273646","133.73313343328337"
"7","60","5","false","5","5","277","100","170.95761381475668"
"8","60","5","false","5","5","324","100","180"
"5","60","5","false","5","5","229","100","165"
"2","60","5","false","5","5","217","100","172.85714285714286"
"6","60","5","false","5","5","261","100","172.03791469194314"
"3","60","5","false","5","5","195","100","167.79661016949152"
"9","60","5","false","5","5","205","100","171.49606299212599"
"8","60","5","false","5","5","325","100","180"
"10","60","5","false","5","5","41","82.36914600550963","134.48275862068965"
"6","60","5","false","5","5","262","100","172.03791469194314"
"7","60","5","false","5","5","278","100","170.95761381475668"
"3","60","5","false","5","5","196","100","167.79661016949152"
"5","60","5","false","5","5","230","100","165"
"2","60","5","false","5","5","218","100","172.85714285714286"
"10","60","5","false","5","5","42","83.0119375573921","135.53223388305847"
"9","60","5","false","5","5","206","100","171.49606299212599"
"8","60","5","false","5","5","326","100","180"
"6","60","5","false","5","5","263","100","172.03791469194314"
"7","60","5","false","5","5","279","100","170.95761381475668"
"5","60","5","false","5","5","231","100","165"
"8","60","5","false","5","5","327","100","180"
"2","60","5","false","5","5","219","100","172.85714285714286"
"3","60","5","false","5","5","197","100","167.79661016949152"
"10","60","5","false","5","5","43","83.65472910927456","136.58170914542728"
"9","60","5","false","5","5","207","100","171.49606299212599"
"6","60","5","false","5","5","264","100","172.03791469194314"
"7","60","5","false","5","5","280","100","170.95761381475668"
"8","60","5","false","5","5","328","100","180"
"2","60","5","false","5","5","220","100","172.85714285714286"
"5","60","5","false","5","5","232","100","165"
"3","60","5","false","5","5","198","100","167.79661016949152"
"6","60","5","false","5","5","265","100","172.03791469194314"
"9","60","5","false","5","5","208","100","171.49606299212599"
"10","60","5","false","5","5","44","84.38934802571167","137.78110944527737"
"8","60","5","false","5","5","329","100","180"
"7","60","5","false","5","5","281","100","170.95761381475668"
"2","60","5","false","5","5","221","100","172.85714285714286"
"6","60","5","false","5","5","266","100","172.03791469194314"
"5","60","5","false","5","5","233","100","165"
"8","60","5","false","5","5","330","100","180"
"10","60","5","false","5","5","45","84.84848484848484","138.53073463268368"
"9","60","5","false","5","5","209","100","171.49606299212599"
"3","60","5","false","5","5","199","100","167.79661016949152"
"7","60","5","false","5","5","282","100","170.95761381475668"
"2","60","5","false","5","5","222","100","172.85714285714286"
"8","60","5","false","5","5","331","100","180"
"5","60","5","false","5","5","234","100","165"
"6","60","5","false","5","5","267","100","172.03791469194314"
"7","60","5","false","5","5","283","100","170.95761381475668"
"2","60","5","false","5","5","223","100","172.85714285714286"
"10","60","5","false","5","5","46","85.9504132231405","140.32983508245877"
"9","60","5","false","5","5","210","100","171.49606299212599"
"8","60","5","false","5","5","332","100","180"
"3","60","5","false","5","5","200","100","167.79661016949152"
"5","60","5","false","5","5","235","100","165"
"6","60","5","false","5","5","268","100","172.03791469194314"
"8","60","5","false","5","5","333","100","180"
"2","60","5","false","5","5","224","100","172.85714285714286"
"7","60","5","false","5","5","284","100","170.95761381475668"
"6","60","5","false","5","5","269","100","172.03791469194314"
"10","60","5","false","5","5","47","86.86868686868688","141.82908545727136"
"9","60","5","false","5","5","211","100","171.49606299212599"
"5","60","5","false","5","5","236","100","165"
"3","60","5","false","5","5","201","100","167.79661016949152"
"8","60","5","false","5","5","334","100","180"
"7","60","5","false","5","5","285","100","170.95761381475668"
"2","60","5","false","5","5","225","100","172.85714285714286"
"3","60","5","false","5","5","202","100","167.79661016949152"
"7","60","5","false","5","5","286","100","170.95761381475668"
"8","60","5","false","5","5","335","100","180"
"6","60","5","false","5","5","270","100","172.03791469194314"
"5","60","5","false","5","5","237","100","165"
"10","60","5","false","5","5","48","88.24609733700642","144.07796101949026"
"9","60","5","false","5","5","212","100","171.49606299212599"
"7","60","5","false","5","5","287","100","170.95761381475668"
"8","60","5","false","5","5","336","100","180"
"3","60","5","false","5","5","203","100","167.79661016949152"
"2","60","5","false","5","5","226","100","172.85714285714286"
"6","60","5","false","5","5","271","100","172.03791469194314"
"5","60","5","false","5","5","238","100","165"
"8","60","5","false","5","5","337","100","180"
"9","60","5","false","5","5","213","100","171.49606299212599"
"1","60","5","false","5","5","13","30.486685032139576","51.794071762870516"
"10","60","5","false","5","5","49","89.34802571166207","145.87706146926536"
"7","60","5","false","5","5","288","100","170.95761381475668"
"3","60","5","false","5","5","204","100","167.79661016949152"
"8","60","5","false","5","5","338","100","180"
"2","60","5","false","5","5","227","100","172.85714285714286"
"5","60","5","false","5","5","239","100","165"
"6","60","5","false","5","5","272","100","172.03791469194314"
"9","60","5","false","5","5","214","100","171.49606299212599"
"10","60","5","false","5","5","50","89.8989898989899","146.77661169415293"
"8","60","5","false","5","5","339","100","180"
"3","60","5","false","5","5","205","100","167.79661016949152"
"7","60","5","false","5","5","289","100","170.95761381475668"
"2","60","5","false","5","5","228","100","172.85714285714286"
"6","60","5","false","5","5","273","100","172.03791469194314"
"5","60","5","false","5","5","240","100","165"
"9","60","5","false","5","5","215","100","171.49606299212599"
"8","60","5","false","5","5","340","100","180"
"10","60","5","false","5","5","51","90.633608815427","147.97601199400302"
"7","60","5","false","5","5","290","100","170.95761381475668"
"3","60","5","false","5","5","206","100","167.79661016949152"
"2","60","5","false","5","5","229","100","172.85714285714286"
"5","60","5","false","5","5","241","100","165"
"8","60","5","false","5","5","341","100","180"
"6","60","5","false","5","5","274","100","172.03791469194314"
"8","60","5","false","5","5","342","100","180"
"9","60","5","false","5","5","216","100","171.49606299212599"
"3","60","5","false","5","5","207","100","167.79661016949152"
"7","60","5","false","5","5","291","100","170.95761381475668"
"5","60","5","false","5","5","242","100","165"
"10","60","5","false","5","5","52","91.55188246097336","149.47526236881558"
"8","60","5","false","5","5","343","100","180"
"2","60","5","false","5","5","230","100","172.85714285714286"
"6","60","5","false","5","5","275","100","172.03791469194314"
"7","60","5","false","5","5","292","100","170.95761381475668"
"8","60","5","false","5","5","344","100","180"
"3","60","5","false","5","5","208","100","167.79661016949152"
"9","60","5","false","5","5","217","100","171.49606299212599"
"5","60","5","false","5","5","243","100","165"
"8","60","5","false","5","5","345","100","180"
"10","60","5","false","5","5","53","91.91919191919192","150.07496251874065"
"2","60","5","false","5","5","231","100","172.85714285714286"
"6","60","5","false","5","5","276","100","172.03791469194314"
"8","60","5","false","5","5","346","100","180"
"7","60","5","false","5","5","293","100","170.95761381475668"
"3","60","5","false","5","5","209","100","167.79661016949152"
"5","60","5","false","5","5","244","100","165"
"6","60","5","false","5","5","277","100","172.03791469194314"
"8","60","5","false","5","5","347","100","180"
"9","60","5","false","5","5","218","100","171.49606299212599"
"2","60","5","false","5","5","232","100","172.85714285714286"
"10","60","5","false","5","5","54","92.56198347107438","151.12443778110944"
"7","60","5","false","5","5","294","100","170.95761381475668"
"8","60","5","false","5","5","348","100","180"
"5","60","5","false","5","5","245","100","165"
"6","60","5","false","5","5","278","100","172.03791469194314"
"10","60","5","false","5","5","55","92.92929292929293","151.72413793103448"
"8","60","5","false","5","5","349","100","180"
"9","60","5","false","5","5","219","100","171.49606299212599"
"2","60","5","false","5","5","233","100","172.85714285714286"
"3","60","5","false","5","5","210","100","167.79661016949152"
"6","60","5","false","5","5","279","100","172.03791469194314"
"7","60","5","false","5","5","295","100","170.95761381475668"
"5","60","5","false","5","5","246","100","165"
"8","60","5","false","5","5","350","100","180"
"9","60","5","false","5","5","220","100","171.49606299212599"
"2","60","5","false","5","5","234","100","172.85714285714286"
"10","60","5","false","5","5","56","93.20477502295684","152.17391304347828"
"7","60","5","false","5","5","296","100","170.95761381475668"
"8","60","5","false","5","5","351","100","180"
"3","60","5","false","5","5","211","100","167.79661016949152"
"6","60","5","false","5","5","280","100","172.03791469194314"
"8","60","5","false","5","5","352","100","180"
"5","60","5","false","5","5","247","100","165"
"7","60","5","false","5","5","297","100","170.95761381475668"
"9","60","5","false","5","5","221","100","171.49606299212599"
"2","60","5","false","5","5","235","100","172.85714285714286"
"10","60","5","false","5","5","57","94.03122130394857","153.5232383808096"
"8","60","5","false","5","5","353","100","180"
"6","60","5","false","5","5","281","100","172.03791469194314"
"3","60","5","false","5","5","212","100","167.79661016949152"
"5","60","5","false","5","5","248","100","165"
"7","60","5","false","5","5","298","100","170.95761381475668"
"8","60","5","false","5","5","354","100","180"
"9","60","5","false","5","5","222","100","171.49606299212599"
"6","60","5","false","5","5","282","100","172.03791469194314"
"10","60","5","false","5","5","58","94.12304866850322","153.67316341829084"
"3","60","5","false","5","5","213","100","167.79661016949152"
"2","60","5","false","5","5","236","100","172.85714285714286"
"8","60","5","false","5","5","355","100","180"
"7","60","5","false","5","5","299","100","170.95761381475668"
"10","60","5","false","5","5","59","94.3067033976125","153.97301349325338"
"6","60","5","false","5","5","283","100","172.03791469194314"
"3","60","5","false","5","5","214","100","167.79661016949152"
"5","60","5","false","5","5","249","100","165"
"8","60","5","false","5","5","356","100","180"
"9","60","5","false","5","5","223","100","171.49606299212599"
"6","60","5","false","5","5","284","100","172.03791469194314"
"2","60","5","false","5","5","237","100","172.85714285714286"
"7","60","5","false","5","5","300","100","170.95761381475668"
"10","60","5","false","5","5","60","94.49035812672176","154.2728635682159"
"8","60","5","false","5","5","357","100","180"
"3","60","5","false","5","5","215","100","167.79661016949152"
"5","60","5","false","5","5","250","100","165"
"1","60","5","false","5","5","14","33.42516069788797","56.78627145085804"
"9","60","5","false","5","5","224","100","171.49606299212599"
"8","60","5","false","5","5","358","100","180"
"6","60","5","false","5","5","285","100","172.03791469194314"
"8","60","5","false","5","5","359","100","180"
"5","60","5","false","5","5","251","100","165"
"3","60","5","false","5","5","216","100","167.79661016949152"
"2","60","5","false","5","5","238","100","172.85714285714286"
"7","60","5","false","5","5","301","100","170.95761381475668"
"10","60","5","false","5","5","61","94.67401285583104","154.57271364317842"
"6","60","5","false","5","5","286","100","172.03791469194314"
"8","60","5","false","5","5","360","100","180"
"7","60","5","false","5","5","302","100","170.95761381475668"
"10","60","5","false","5","5","62","95.13314967860423","155.3223388305847"
"9","60","5","false","5","5","225","100","171.49606299212599"
"3","60","5","false","5","5","217","100","167.79661016949152"
"6","60","5","false","5","5","287","100","172.03791469194314"
"5","60","5","false","5","5","252","100","165"
"8","60","5","false","5","5","361","100","180"
"9","60","5","false","5","5","226","100","171.49606299212599"
"2","60","5","false","5","5","239","100","172.85714285714286"
"8","60","5","false","5","5","362","100","180"
"6","60","5","false","5","5","288","100","172.03791469194314"
"3","60","5","false","5","5","218","100","167.79661016949152"
"8","60","5","false","5","5","363","100","180"
"5","60","5","false","5","5","253","100","165"
"7","60","5","false","5","5","303","100","170.95761381475668"
"10","60","5","false","5","5","63","95.22497704315886","155.47226386806597"
"2","60","5","false","5","5","240","100","172.85714285714286"
"9","60","5","false","5","5","227","100","171.49606299212599"
"8","60","5","false","5","5","364","100","180"
"6","60","5","false","5","5","289","100","172.03791469194314"
"8","60","5","false","5","5","365","100","180"
"3","60","5","false","5","5","219","100","167.79661016949152"
"7","60","5","false","5","5","304","100","170.95761381475668"
"5","60","5","false","5","5","254","100","165"
"8","60","5","false","5","5","366","100","180"
"9","60","5","false","5","5","228","100","171.49606299212599"
"10","60","5","false","5","5","64","95.31680440771349","155.62218890554723"
"2","60","5","false","5","5","241","100","172.85714285714286"
"6","60","5","false","5","5","290","100","172.03791469194314"
"8","60","5","false","5","5","367","100","180"
"3","60","5","false","5","5","220","100","167.79661016949152"
"8","60","5","false","5","5","368","100","180"
"5","60","5","false","5","5","255","100","165"
"7","60","5","false","5","5","305","100","170.95761381475668"
"9","60","5","false","5","5","229","100","171.49606299212599"
"10","60","5","false","5","5","65","95.77594123048668","156.37181409295354"
"6","60","5","false","5","5","291","100","172.03791469194314"
"8","60","5","false","5","5","369","100","180"
"2","60","5","false","5","5","242","100","172.85714285714286"
"5","60","5","false","5","5","256","100","165"
"10","60","5","false","5","5","66","95.95959595959596","156.67166416791605"
"9","60","5","false","5","5","230","100","171.49606299212599"
"8","60","5","false","5","5","370","100","180"
"7","60","5","false","5","5","306","100","170.95761381475668"
"3","60","5","false","5","5","221","100","167.79661016949152"
"6","60","5","false","5","5","292","100","172.03791469194314"
"10","60","5","false","5","5","67","96.23507805325987","157.12143928035982"
"8","60","5","false","5","5","371","100","180"
"2","60","5","false","5","5","243","100","172.85714285714286"
"7","60","5","false","5","5","307","100","170.95761381475668"
"5","60","5","false","5","5","257","100","165"
"9","60","5","false","5","5","231","100","171.49606299212599"
"8","60","5","false","5","5","372","100","180"
"3","60","5","false","5","5","222","100","167.79661016949152"
"10","60","5","false","5","5","68","96.23507805325987","157.12143928035982"
"8","60","5","false","5","5","373","100","180"
"2","60","5","false","5","5","244","100","172.85714285714286"
"6","60","5","false","5","5","293","100","172.03791469194314"
"5","60","5","false","5","5","258","100","165"
"8","60","5","false","5","5","374","100","180"
"9","60","5","false","5","5","232","100","171.49606299212599"
"7","60","5","false","5","5","308","100","170.95761381475668"
"10","60","5","false","5","5","69","96.41873278236915","157.42128935532233"
"3","60","5","false","5","5","223","100","167.79661016949152"
"8","60","5","false","5","5","375","100","180"
"7","60","5","false","5","5","309","100","170.95761381475668"
"2","60","5","false","5","5","245","100","172.85714285714286"
"5","60","5","false","5","5","259","100","165"
"9","60","5","false","5","5","233","100","171.49606299212599"
"8","60","5","false","5","5","376","100","180"
"6","60","5","false","5","5","294","100","172.03791469194314"
"8","60","5","false","5","5","377","100","180"
"10","60","5","false","5","5","70","96.51056014692378","157.5712143928036"
"3","60","5","false","5","5","224","100","167.79661016949152"
"5","60","5","false","5","5","260","100","165"
"8","60","5","false","5","5","378","100","180"
"7","60","5","false","5","5","310","100","170.95761381475668"
"8","60","5","false","5","5","379","100","180"
"2","60","5","false","5","5","246","100","172.85714285714286"
"6","60","5","false","5","5","295","100","172.03791469194314"
"9","60","5","false","5","5","234","100","171.49606299212599"
"8","60","5","false","5","5","380","100","180"
"10","60","5","false","5","5","71","96.51056014692378","157.5712143928036"
"3","60","5","false","5","5","225","100","167.79661016949152"
"5","60","5","false","5","5","261","100","165"
"8","60","5","false","5","5","381","100","180"
"2","60","5","false","5","5","247","100","172.85714285714286"
"7","60","5","false","5","5","311","100","170.95761381475668"
"9","60","5","false","5","5","235","100","171.49606299212599"
"6","60","5","false","5","5","296","100","172.03791469194314"
"10","60","5","false","5","5","72","96.60238751147841","157.72113943028486"
"8","60","5","false","5","5","382","100","180"
"5","60","5","false","5","5","262","100","165"
"3","60","5","false","5","5","226","100","167.79661016949152"
"7","60","5","false","5","5","312","100","170.95761381475668"
"9","60","5","false","5","5","236","100","171.49606299212599"
"8","60","5","false","5","5","383","100","180"
"2","60","5","false","5","5","248","100","172.85714285714286"
"10","60","5","false","5","5","73","96.69421487603306","157.8710644677661"
"6","60","5","false","5","5","297","100","172.03791469194314"
"8","60","5","false","5","5","384","100","180"
"5","60","5","false","5","5","263","100","165"
"1","60","5","false","5","5","15","36.27180899908173","61.62246489859594"
"9","60","5","false","5","5","237","100","171.49606299212599"
"7","60","5","false","5","5","313","100","170.95761381475668"
"2","60","5","false","5","5","249","100","172.85714285714286"
"3","60","5","false","5","5","227","100","167.79661016949152"
"8","60","5","false","5","5","385","100","180"
"6","60","5","false","5","5","298","100","172.03791469194314"
"10","60","5","false","5","5","74","96.96969696969697","158.3208395802099"
"7","60","5","false","5","5","314","100","170.95761381475668"
"5","60","5","false","5","5","264","100","165"
"8","60","5","false","5","5","386","100","180"
"2","60","5","false","5","5","250","100","172.85714285714286"
"9","60","5","false","5","5","238","100","171.49606299212599"
"10","60","5","false","5","5","75","96.96969696969697","158.3208395802099"
"8","60","5","false","5","5","387","100","180"
"6","60","5","false","5","5","299","100","172.03791469194314"
"7","60","5","false","5","5","315","100","170.95761381475668"
"3","60","5","false","5","5","228","100","167.79661016949152"
"8","60","5","false","5","5","388","100","180"
"2","60","5","false","5","5","251","100","172.85714285714286"
"10","60","5","false","5","5","76","96.96969696969697","158.3208395802099"
"6","60","5","false","5","5","300","100","172.03791469194314"
"5","60","5","false","5","5","265","100","165"
"9","60","5","false","5","5","239","100","171.49606299212599"
"8","60","5","false","5","5","389","100","180"
"7","60","5","false","5","5","316","100","170.95761381475668"
"3","60","5","false","5","5","229","100","167.79661016949152"
"8","60","5","false","5","5","390","100","180"
"2","60","5","false","5","5","252","100","172.85714285714286"
"10","60","5","false","5","5","77","97.2451790633609","158.77061469265368"
"9","60","5","false","5","5","240","100","171.49606299212599"
"5","60","5","false","5","5","266","100","165"
"8","60","5","false","5","5","391","100","180"
"6","60","5","false","5","5","301","100","172.03791469194314"
"7","60","5","false","5","5","317","100","170.95761381475668"
"10","60","5","false","5","5","78","97.2451790633609","158.77061469265368"
"8","60","5","false","5","5","392","100","180"
"2","60","5","false","5","5","253","100","172.85714285714286"
"3","60","5","false","5","5","230","100","167.79661016949152"
"9","60","5","false","5","5","241","100","171.49606299212599"
"5","60","5","false","5","5","267","100","165"
"8","60","5","false","5","5","393","100","180"
"6","60","5","false","5","5","302","100","172.03791469194314"
"3","60","5","false","5","5","231","100","167.79661016949152"
"2","60","5","false","5","5","254","100","172.85714285714286"
"7","60","5","false","5","5","318","100","170.95761381475668"
"10","60","5","false","5","5","79","97.2451790633609","158.77061469265368"
"8","60","5","false","5","5","394","100","180"
"9","60","5","false","5","5","242","100","171.49606299212599"
"8","60","5","false","5","5","395","100","180"
"5","60","5","false","5","5","268","100","165"
"8","60","5","false","5","5","396","100","180"
"3","60","5","false","5","5","232","100","167.79661016949152"
"6","60","5","false","5","5","303","100","172.03791469194314"
"10","60","5","false","5","5","80","97.33700642791551","158.92053973013495"
"7","60","5","false","5","5","319","100","170.95761381475668"
"2","60","5","false","5","5","255","100","172.85714285714286"
"8","60","5","false","5","5","397","100","180"
"9","60","5","false","5","5","243","100","171.49606299212599"
"5","60","5","false","5","5","269","100","165"
"8","60","5","false","5","5","398","100","180"
"10","60","5","false","5","5","81","97.52066115702479","159.22038980509745"
"3","60","5","false","5","5","233","100","167.79661016949152"
"6","60","5","false","5","5","304","100","172.03791469194314"
"7","60","5","false","5","5","320","100","170.95761381475668"
"9","60","5","false","5","5","244","100","171.49606299212599"
"8","60","5","false","5","5","399","100","180"
"2","60","5","false","5","5","256","100","172.85714285714286"
"5","60","5","false","5","5","270","100","165"
"8","60","5","false","5","5","400","100","180"
"6","60","5","false","5","5","305","100","172.03791469194314"
"3","60","5","false","5","5","234","100","167.79661016949152"
"9","60","5","false","5","5","245","100","171.49606299212599"
"10","60","5","false","5","5","82","97.52066115702479","159.22038980509745"
"8","60","5","false","5","5","401","100","180"
"7","60","5","false","5","5","321","100","170.95761381475668"
"2","60","5","false","5","5","257","100","172.85714285714286"
"5","60","5","false","5","5","271","100","165"
"8","60","5","false","5","5","402","100","180"
"6","60","5","false","5","5","306","100","172.03791469194314"
"3","60","5","false","5","5","235","100","167.79661016949152"
"8","60","5","false","5","5","403","100","180"
"7","60","5","false","5","5","322","100","170.95761381475668"
"10","60","5","false","5","5","83","97.7961432506887","159.67016491754123"
"2","60","5","false","5","5","258","100","172.85714285714286"
"6","60","5","false","5","5","307","100","172.03791469194314"
"5","60","5","false","5","5","272","100","165"
"8","60","5","false","5","5","404","100","180"
"9","60","5","false","5","5","246","100","171.49606299212599"
"10","60","5","false","5","5","84","97.88797061524335","159.82008995502247"
"6","60","5","false","5","5","308","100","172.03791469194314"
"3","60","5","false","5","5","236","100","167.79661016949152"
"8","60","5","false","5","5","405","100","180"
"7","60","5","false","5","5","323","100","170.95761381475668"
"2","60","5","false","5","5","259","100","172.85714285714286"
"5","60","5","false","5","5","273","100","165"
"9","60","5","false","5","5","247","100","171.49606299212599"
"8","60","5","false","5","5","406","100","180"
"3","60","5","false","5","5","237","100","167.79661016949152"
"8","60","5","false","5","5","407","100","180"
"7","60","5","false","5","5","324","100","170.95761381475668"
"6","60","5","false","5","5","309","100","172.03791469194314"
"10","60","5","false","5","5","85","98.16345270890724","160.26986506746627"
"2","60","5","false","5","5","260","100","172.85714285714286"
"8","60","5","false","5","5","408","100","180"
"3","60","5","false","5","5","238","100","167.79661016949152"
"5","60","5","false","5","5","274","100","165"
"9","60","5","false","5","5","248","100","171.49606299212599"
"8","60","5","false","5","5","409","100","180"
"7","60","5","false","5","5","325","100","170.95761381475668"
"6","60","5","false","5","5","310","100","172.03791469194314"
"5","60","5","false","5","5","275","100","165"
"10","60","5","false","5","5","86","98.62258953168043","161.01949025487258"
"8","60","5","false","5","5","410","100","180"
"3","60","5","false","5","5","239","100","167.79661016949152"
"2","60","5","false","5","5","261","100","172.85714285714286"
"8","60","5","false","5","5","411","100","180"
"8","60","5","false","5","5","412","100","180"
"5","60","5","false","5","5","276","100","165"
"6","60","5","false","5","5","311","100","172.03791469194314"
"7","60","5","false","5","5","326","100","170.95761381475668"
"3","60","5","false","5","5","240","100","167.79661016949152"
"9","60","5","false","5","5","249","100","171.49606299212599"
"10","60","5","false","5","5","87","98.71441689623508","161.16941529235382"
"8","60","5","false","5","5","413","100","180"
"8","60","5","false","5","5","414","100","180"
"5","60","5","false","5","5","277","100","165"
"10","60","5","false","5","5","88","98.80624426078971","161.3193403298351"
"2","60","5","false","5","5","262","100","172.85714285714286"
"7","60","5","false","5","5","327","100","170.95761381475668"
"8","60","5","false","5","5","415","100","180"
"6","60","5","false","5","5","312","100","172.03791469194314"
"8","60","5","false","5","5","416","100","180"
"1","60","5","false","5","5","16","38.84297520661157","65.99063962558502"
"5","60","5","false","5","5","278","100","165"
"9","60","5","false","5","5","250","100","171.49606299212599"
"3","60","5","false","5","5","241","100","167.79661016949152"
"8","60","5","false","5","5","417","100","180"
"10","60","5","false","5","5","89","99.08172635445362","161.76911544227886"
"2","60","5","false","5","5","263","100","172.85714285714286"
"7","60","5","false","5","5","328","100","170.95761381475668"
"6","60","5","false","5","5","313","100","172.03791469194314"
"8","60","5","false","5","5","418","100","180"
"8","60","5","false","5","5","419","100","180"
"5","60","5","false","5","5","279","100","165"
"8","60","5","false","5","5","420","100","180"
"3","60","5","false","5","5","242","100","167.79661016949152"
"9","60","5","false","5","5","251","100","171.49606299212599"
"2","60","5","false","5","5","264","100","172.85714285714286"
"7","60","5","false","5","5","329","100","170.95761381475668"
"10","60","5","false","5","5","90","99.17355371900827","161.9190404797601"
"6","60","5","false","5","5","314","100","172.03791469194314"
"8","60","5","false","5","5","421","100","180"
"8","60","5","false","5","5","422","100","180"
"9","60","5","false","5","5","252","100","171.49606299212599"
"5","60","5","false","5","5","280","100","165"
"3","60","5","false","5","5","243","100","167.79661016949152"
"2","60","5","false","5","5","265","100","172.85714285714286"
"7","60","5","false","5","5","330","100","170.95761381475668"
"8","60","5","false","5","5","423","100","180"
"6","60","5","false","5","5","315","100","172.03791469194314"
"10","60","5","false","5","5","91","99.2653810835629","162.06896551724137"
"5","60","5","false","5","5","281","100","165"
"8","60","5","false","5","5","424","100","180"
"9","60","5","false","5","5","253","100","171.49606299212599"
"8","60","5","false","5","5","425","100","180"
"3","60","5","false","5","5","244","100","167.79661016949152"
"2","60","5","false","5","5","266","100","172.85714285714286"
"6","60","5","false","5","5","316","100","172.03791469194314"
"8","60","5","false","5","5","426","100","180"
"5","60","5","false","5","5","282","100","165"
"7","60","5","false","5","5","331","100","170.95761381475668"
"10","60","5","false","5","5","92","99.2653810835629","162.06896551724137"
"9","60","5","false","5","5","254","100","171.49606299212599"
"3","60","5","false","5","5","245","100","167.79661016949152"
"8","60","5","false","5","5","427","100","180"
"7","60","5","false","5","5","332","100","170.95761381475668"
"6","60","5","false","5","5","317","100","172.03791469194314"
"2","60","5","false","5","5","267","100","172.85714285714286"
"8","60","5","false","5","5","428","100","180"
"8","60","5","false","5","5","429","100","180"
"5","60","5","false","5","5","283","100","165"
"3","60","5","false","5","5","246","100","167.79661016949152"
"10","60","5","false","5","5","93","99.2653810835629","162.06896551724137"
"8","60","5","false","5","5","430","100","180"
"9","60","5","false","5","5","255","100","171.49606299212599"
"5","60","5","false","5","5","284","100","165"
"8","60","5","false","5","5","431","100","180"
"3","60","5","false","5","5","247","100","167.79661016949152"
"7","60","5","false","5","5","333","100","170.95761381475668"
"6","60","5","false","5","5","318","100","172.03791469194314"
"8","60","5","false","5","5","432","100","180"
"2","60","5","false","5","5","268","100","172.85714285714286"
"8","60","5","false","5","5","433","100","180"
"8","60","5","false","5","5","434","100","180"
"10","60","5","false","5","5","94","99.2653810835629","162.06896551724137"
"8","60","5","false","5","5","435","100","180"
"7","60","5","false","5","5","334","100","170.95761381475668"
"9","60","5","false","5","5","256","100","171.49606299212599"
"8","60","5","false","5","5","436","100","180"
"5","60","5","false","5","5","285","100","165"
"6","60","5","false","5","5","319","100","172.03791469194314"
"3","60","5","false","5","5","248","100","167.79661016949152"
"2","60","5","false","5","5","269","100","172.85714285714286"
"8","60","5","false","5","5","437","100","180"
"8","60","5","false","5","5","438","100","180"
"10","60","5","false","5","5","95","99.2653810835629","162.06896551724137"
"8","60","5","false","5","5","439","100","180"
"3","60","5","false","5","5","249","100","167.79661016949152"
"6","60","5","false","5","5","320","100","172.03791469194314"
"7","60","5","false","5","5","335","100","170.95761381475668"
"8","60","5","false","5","5","440","100","180"
"5","60","5","false","5","5","286","100","165"
"2","60","5","false","5","5","270","100","172.85714285714286"
"9","60","5","false","5","5","257","100","171.49606299212599"
"8","60","5","false","5","5","441","100","180"
"10","60","5","false","5","5","96","99.35720844811755","162.21889055472263"
"6","60","5","false","5","5","321","100","172.03791469194314"
"7","60","5","false","5","5","336","100","170.95761381475668"
"8","60","5","false","5","5","442","100","180"
"3","60","5","false","5","5","250","100","167.79661016949152"
"8","60","5","false","5","5","443","100","180"
"7","60","5","false","5","5","337","100","170.95761381475668"
"5","60","5","false","5","5","287","100","165"
"8","60","5","false","5","5","444","100","180"
"2","60","5","false","5","5","271","100","172.85714285714286"
"6","60","5","false","5","5","322","100","172.03791469194314"
"9","60","5","false","5","5","258","100","171.49606299212599"
"8","60","5","false","5","5","445","100","180"
"3","60","5","false","5","5","251","100","167.79661016949152"
"6","60","5","false","5","5","323","100","172.03791469194314"
"8","60","5","false","5","5","446","100","180"
"10","60","5","false","5","5","97","99.35720844811755","162.21889055472263"
"8","60","5","false","5","5","447","100","180"
"7","60","5","false","5","5","338","100","170.95761381475668"
"5","60","5","false","5","5","288","100","165"
"8","60","5","false","5","5","448","100","180"
"9","60","5","false","5","5","259","100","171.49606299212599"
"2","60","5","false","5","5","272","100","172.85714285714286"
"3","60","5","false","5","5","252","100","167.79661016949152"
"8","60","5","false","5","5","449","100","180"
"8","60","5","false","5","5","450","100","180"
"1","60","5","false","5","5","17","41.59779614325069","70.67082683307332"
"8","60","5","false","5","5","451","100","180"
"7","60","5","false","5","5","339","100","170.95761381475668"
"5","60","5","false","5","5","289","100","165"
"6","60","5","false","5","5","324","100","172.03791469194314"
"10","60","5","false","5","5","98","99.35720844811755","162.21889055472263"
"8","60","5","false","5","5","452","100","180"
"8","60","5","false","5","5","453","100","180"
"3","60","5","false","5","5","253","100","167.79661016949152"
"8","60","5","false","5","5","454","100","180"
"8","60","5","false","5","5","455","100","180"
"8","60","5","false","5","5","456","100","180"
"2","60","5","false","5","5","273","100","172.85714285714286"
"9","60","5","false","5","5","260","100","171.49606299212599"
"6","60","5","false","5","5","325","100","172.03791469194314"
"5","60","5","false","5","5","290","100","165"
"8","60","5","false","5","5","457","100","180"
"7","60","5","false","5","5","340","100","170.95761381475668"
"10","60","5","false","5","5","99","99.35720844811755","162.21889055472263"
"8","60","5","false","5","5","458","100","180"
"2","60","5","false","5","5","274","100","172.85714285714286"
"3","60","5","false","5","5","254","100","167.79661016949152"
"8","60","5","false","5","5","459","100","180"
"9","60","5","false","5","5","261","100","171.49606299212599"
"6","60","5","false","5","5","326","100","172.03791469194314"
"8","60","5","false","5","5","460","100","180"
"5","60","5","false","5","5","291","100","165"
"7","60","5","false","5","5","341","100","170.95761381475668"
"10","60","5","false","5","5","100","99.35720844811755","162.21889055472263"
"8","60","5","false","5","5","461","100","180"
"9","60","5","false","5","5","262","100","171.49606299212599"
"2","60","5","false","5","5","275","100","172.85714285714286"
"3","60","5","false","5","5","255","100","167.79661016949152"
"6","60","5","false","5","5","327","100","172.03791469194314"
"8","60","5","false","5","5","462","100","180"
"7","60","5","false","5","5","342","100","170.95761381475668"
"10","60","5","false","5","5","101","99.44903581267218","162.3688155922039"
"8","60","5","false","5","5","463","100","180"
"5","60","5","false","5","5","292","100","165"
"8","60","5","false","5","5","464","100","180"
"9","60","5","false","5","5","263","100","171.49606299212599"
"2","60","5","false","5","5","276","100","172.85714285714286"
"6","60","5","false","5","5","328","100","172.03791469194314"
"8","60","5","false","5","5","465","100","180"
"7","60","5","false","5","5","343","100","170.95761381475668"
"3","60","5","false","5","5","256","100","167.79661016949152"
"5","60","5","false","5","5","293","100","165"
"10","60","5","false","5","5","102","99.44903581267218","162.3688155922039"
"8","60","5","false","5","5","466","100","180"
"9","60","5","false","5","5","264","100","171.49606299212599"
"8","60","5","false","5","5","467","100","180"
"7","60","5","false","5","5","344","100","170.95761381475668"
"6","60","5","false","5","5","329","100","172.03791469194314"
"2","60","5","false","5","5","277","100","172.85714285714286"
"8","60","5","false","5","5","468","100","180"
"3","60","5","false","5","5","257","100","167.79661016949152"
"10","60","5","false","5","5","103","99.44903581267218","162.3688155922039"
"8","60","5","false","5","5","469","100","180"
"5","60","5","false","5","5","294","100","165"
"8","60","5","false","5","5","470","100","180"
"9","60","5","false","5","5","265","100","171.49606299212599"
"8","60","5","false","5","5","471","100","180"
"8","60","5","false","5","5","472","100","180"
"7","60","5","false","5","5","345","100","170.95761381475668"
"8","60","5","false","5","5","473","100","180"
"6","60","5","false","5","5","330","100","172.03791469194314"
"5","60","5","false","5","5","295","100","165"
"2","60","5","false","5","5","278","100","172.85714285714286"
"10","60","5","false","5","5","104","99.44903581267218","162.3688155922039"
"8","60","5","false","5","5","474","100","180"
"3","60","5","false","5","5","258","100","167.79661016949152"
"9","60","5","false","5","5","266","100","171.49606299212599"
"8","60","5","false","5","5","475","100","180"
"6","60","5","false","5","5","331","100","172.03791469194314"
"7","60","5","false","5","5","346","100","170.95761381475668"
"8","60","5","false","5","5","476","100","180"
"5","60","5","false","5","5","296","100","165"
"8","60","5","false","5","5","477","100","180"
"9","60","5","false","5","5","267","100","171.49606299212599"
"10","60","5","false","5","5","105","99.44903581267218","162.3688155922039"
"2","60","5","false","5","5","279","100","172.85714285714286"
"3","60","5","false","5","5","259","100","167.79661016949152"
"8","60","5","false","5","5","478","100","180"
"6","60","5","false","5","5","332","100","172.03791469194314"
"8","60","5","false","5","5","479","100","180"
"7","60","5","false","5","5","347","100","170.95761381475668"
"5","60","5","false","5","5","297","100","165"
"8","60","5","false","5","5","480","100","180"
"9","60","5","false","5","5","268","100","171.49606299212599"
"2","60","5","false","5","5","280","100","172.85714285714286"
"10","60","5","false","5","5","106","99.44903581267218","162.3688155922039"
"6","60","5","false","5","5","333","100","172.03791469194314"
"3","60","5","false","5","5","260","100","167.79661016949152"
"8","60","5","false","5","5","481","100","180"
"8","60","5","false","5","5","482","100","180"
"7","60","5","false","5","5","348","100","170.95761381475668"
"10","60","5","false","5","5","107","99.44903581267218","162.3688155922039"
"8","60","5","false","5","5","483","100","180"
"5","60","5","false","5","5","298","100","165"
"9","60","5","false","5","5","269","100","171.49606299212599"
"6","60","5","false","5","5","334","100","172.03791469194314"
"2","60","5","false","5","5","281","100","172.85714285714286"
"3","60","5","false","5","5","261","100","167.79661016949152"
"8","60","5","false","5","5","484","100","180"
"7","60","5","false","5","5","349","100","170.95761381475668"
"8","60","5","false","5","5","485","100","180"
"9","60","5","false","5","5","270","100","171.49606299212599"
"5","60","5","false","5","5","299","100","165"
"10","60","5","false","5","5","108","99.54086317722681","162.51874062968517"
"8","60","5","false","5","5","486","100","180"
"6","60","5","false","5","5","335","100","172.03791469194314"
"2","60","5","false","5","5","282","100","172.85714285714286"
"7","60","5","false","5","5","350","100","170.95761381475668"
"8","60","5","false","5","5","487","100","180"
"3","60","5","false","5","5","262","100","167.79661016949152"
"9","60","5","false","5","5","271","100","171.49606299212599"
"8","60","5","false","5","5","488","100","180"
"10","60","5","false","5","5","109","99.54086317722681","162.51874062968517"
"6","60","5","false","5","5","336","100","172.03791469194314"
"5","60","5","false","5","5","300","100","165"
"7","60","5","false","5","5","351","100","170.95761381475668"
"2","60","5","false","5","5","283","100","172.85714285714286"
"3","60","5","false","5","5","263","100","167.79661016949152"
"8","60","5","false","5","5","489","100","180"
"10","60","5","false","5","5","110","99.54086317722681","162.51874062968517"
"9","60","5","false","5","5","272","100","171.49606299212599"
"8","60","5","false","5","5","490","100","180"
"2","60","5","false","5","5","284","100","172.85714285714286"
"7","60","5","false","5","5","352","100","170.95761381475668"
"8","60","5","false","5","5","491","100","180"
"6","60","5","false","5","5","337","100","172.03791469194314"
"5","60","5","false","5","5","301","100","165"
"3","60","5","false","5","5","264","100","167.79661016949152"
"9","60","5","false","5","5","273","100","171.49606299212599"
"8","60","5","false","5","5","492","100","180"
"10","60","5","false","5","5","111","99.54086317722681","162.51874062968517"
"8","60","5","false","5","5","493","100","180"
"2","60","5","false","5","5","285","100","172.85714285714286"
"7","60","5","false","5","5","353","100","170.95761381475668"
"5","60","5","false","5","5","302","100","165"
"1","60","5","false","5","5","18","44.90358126721763","76.28705148205928"
"6","60","5","false","5","5","338","100","172.03791469194314"
"9","60","5","false","5","5","274","100","171.49606299212599"
"3","60","5","false","5","5","265","100","167.79661016949152"
"8","60","5","false","5","5","494","100","180"
"5","60","5","false","5","5","303","100","165"
"8","60","5","false","5","5","495","100","180"
"2","60","5","false","5","5","286","100","172.85714285714286"
"10","60","5","false","5","5","112","99.54086317722681","162.51874062968517"
"7","60","5","false","5","5","354","100","170.95761381475668"
"8","60","5","false","5","5","496","100","180"
"6","60","5","false","5","5","339","100","172.03791469194314"
"9","60","5","false","5","5","275","100","171.49606299212599"
"2","60","5","false","5","5","287","100","172.85714285714286"
"5","60","5","false","5","5","304","100","165"
"10","60","5","false","5","5","113","99.54086317722681","162.51874062968517"
"3","60","5","false","5","5","266","100","167.79661016949152"
"8","60","5","false","5","5","497","100","180"
"7","60","5","false","5","5","355","100","170.95761381475668"
"8","60","5","false","5","5","498","100","180"
"2","60","5","false","5","5","288","100","172.85714285714286"
"6","60","5","false","5","5","340","100","172.03791469194314"
"5","60","5","false","5","5","305","100","165"
"8","60","5","false","5","5","499","100","180"
"3","60","5","false","5","5","267","100","167.79661016949152"
"9","60","5","false","5","5","276","100","171.49606299212599"
"10","60","5","false","5","5","114","99.63269054178146","162.66866566716644"
"8","60","5","false","5","5","500","100","180"
"7","60","5","false","5","5","356","100","170.95761381475668"
"2","60","5","false","5","5","289","100","172.85714285714286"
"6","60","5","false","5","5","341","100","172.03791469194314"
"3","60","5","false","5","5","268","100","167.79661016949152"
"9","60","5","false","5","5","277","100","171.49606299212599"
"5","60","5","false","5","5","306","100","165"
"10","60","5","false","5","5","115","99.63269054178146","162.66866566716644"
"7","60","5","false","5","5","357","100","170.95761381475668"
"2","60","5","false","5","5","290","100","172.85714285714286"
"5","60","5","false","5","5","307","100","165"
"11","60","5","false","25","5","0","1.8365472910927456","3.15955766192733"
"6","60","5","false","5","5","342","100","172.03791469194314"
"11","60","5","false","25","5","1","3.948576675849403","6.79304897314376"
"3","60","5","false","5","5","269","100","167.79661016949152"
"9","60","5","false","5","5","278","100","171.49606299212599"
"10","60","5","false","5","5","116","99.72451790633609","162.81859070464768"
"11","60","5","false","25","5","2","6.244260789715335","10.742496050552923"
"7","60","5","false","5","5","358","100","170.95761381475668"
"5","60","5","false","5","5","308","100","165"
"2","60","5","false","5","5","291","100","172.85714285714286"
"11","60","5","false","25","5","3","8.356290174471992","14.375987361769353"
"6","60","5","false","5","5","343","100","172.03791469194314"
"11","60","5","false","25","5","4","10.192837465564738","17.535545023696685"
"9","60","5","false","5","5","279","100","171.49606299212599"
"7","60","5","false","5","5","359","100","170.95761381475668"
"2","60","5","false","5","5","292","100","172.85714285714286"
"3","60","5","false","5","5","270","100","167.79661016949152"
"11","60","5","false","25","5","5","11.937557392102846","20.537124802527646"
"11","60","5","false","25","5","6","13.682277318640956","23.538704581358612"
"5","60","5","false","5","5","309","100","165"
"10","60","5","false","5","5","117","99.72451790633609","162.81859070464768"
"11","60","5","false","25","5","7","15.702479338842975","27.014218009478675"
"7","60","5","false","5","5","360","100","170.95761381475668"
"9","60","5","false","5","5","280","100","171.49606299212599"
"6","60","5","false","5","5","344","100","172.03791469194314"
"11","60","5","false","25","5","8","17.17171717171717","29.541864139020536"
"5","60","5","false","5","5","310","100","165"
"3","60","5","false","5","5","271","100","167.79661016949152"
"2","60","5","false","5","5","293","100","172.85714285714286"
"11","60","5","false","25","5","9","19.375573921028465","33.33333333333333"
"10","60","5","false","5","5","118","99.81634527089072","162.96851574212894"
"11","60","5","false","25","5","10","20.9366391184573","36.018957345971565"
"6","60","5","false","5","5","345","100","172.03791469194314"
"7","60","5","false","5","5","361","100","170.95761381475668"
"2","60","5","false","5","5","294","100","172.85714285714286"
"11","60","5","false","25","5","11","22.58953168044077","38.862559241706165"
"9","60","5","false","5","5","281","100","171.49606299212599"
"3","60","5","false","5","5","272","100","167.79661016949152"
"5","60","5","false","5","5","311","100","165"
"11","60","5","false","25","5","12","24.609733700642792","42.338072669826225"
"10","60","5","false","5","5","119","99.81634527089072","162.96851574212894"
"11","60","5","false","25","5","13","26.62993572084481","45.813586097946285"
"7","60","5","false","5","5","362","100","170.95761381475668"
"9","60","5","false","5","5","282","100","171.49606299212599"
"3","60","5","false","5","5","273","100","167.79661016949152"
"11","60","5","false","25","5","14","28.650137741046834","49.28909952606635"
"6","60","5","false","5","5","346","100","172.03791469194314"
"2","60","5","false","5","5","295","100","172.85714285714286"
"11","60","5","false","25","5","15","31.22130394857668","53.712480252764614"
"5","60","5","false","5","5","312","100","165"
"10","60","5","false","5","5","120","99.81634527089072","162.96851574212894"
"7","60","5","false","5","5","363","100","170.95761381475668"
"11","60","5","false","25","5","16","33.42516069788797","57.50394944707741"
"6","60","5","false","5","5","347","100","172.03791469194314"
"3","60","5","false","5","5","274","100","167.79661016949152"
"11","60","5","false","25","5","17","34.710743801652896","59.71563981042654"
"5","60","5","false","5","5","313","100","165"
"9","60","5","false","5","5","283","100","171.49606299212599"
"2","60","5","false","5","5","296","100","172.85714285714286"
"11","60","5","false","25","5","18","36.17998163452709","62.24328593996841"
"11","60","5","false","25","5","19","37.64921946740129","64.77093206951027"
"10","60","5","false","5","5","121","99.81634527089072","162.96851574212894"
"7","60","5","false","5","5","364","100","170.95761381475668"
"9","60","5","false","5","5","284","100","171.49606299212599"
"11","60","5","false","25","5","20","39.39393939393939","67.77251184834124"
"6","60","5","false","5","5","348","100","172.03791469194314"
"3","60","5","false","5","5","275","100","167.79661016949152"
"11","60","5","false","25","5","21","41.04683195592286","70.61611374407583"
"5","60","5","false","5","5","314","100","165"
"2","60","5","false","5","5","297","100","172.85714285714286"
"11","60","5","false","25","5","22","43.06703397612488","74.0916271721959"
"7","60","5","false","5","5","365","100","170.95761381475668"
"10","60","5","false","5","5","122","99.81634527089072","162.96851574212894"
"6","60","5","false","5","5","349","100","172.03791469194314"
"3","60","5","false","5","5","276","100","167.79661016949152"
"11","60","5","false","25","5","23","44.90358126721763","77.25118483412322"
"11","60","5","false","25","5","24","46.83195592286501","80.56872037914692"
"9","60","5","false","5","5","285","100","171.49606299212599"
"5","60","5","false","5","5","315","100","165"
"11","60","5","false","25","5","25","48.668503213957756","83.72827804107425"
"2","60","5","false","5","5","298","100","172.85714285714286"
"10","60","5","false","5","5","123","99.90817263544535","163.11844077961018"
"7","60","5","false","5","5","366","100","170.95761381475668"
"11","60","5","false","25","5","26","50.13774104683195","86.25592417061611"
"6","60","5","false","5","5","350","100","172.03791469194314"
"3","60","5","false","5","5","277","100","167.79661016949152"
"11","60","5","false","25","5","27","51.69880624426079","88.94154818325435"
"9","60","5","false","5","5","286","100","171.49606299212599"
"5","60","5","false","5","5","316","100","165"
"11","60","5","false","25","5","28","52.43342516069789","90.20537124802527"
"10","60","5","false","5","5","124","99.90817263544535","163.11844077961018"
"7","60","5","false","5","5","367","100","170.95761381475668"
"2","60","5","false","5","5","299","100","172.85714285714286"
"9","60","5","false","5","5","287","100","171.49606299212599"
"11","60","5","false","25","5","29","53.07621671258035","91.31121642969984"
"6","60","5","false","5","5","351","100","172.03791469194314"
"3","60","5","false","5","5","278","100","167.79661016949152"
"11","60","5","false","25","5","30","53.4435261707989","91.9431279620853"
"11","60","5","false","25","5","31","53.994490358126725","92.89099526066352"
"7","60","5","false","5","5","368","100","170.95761381475668"
"5","60","5","false","5","5","317","100","165"
"10","60","5","false","5","5","125","99.90817263544535","163.11844077961018"
"11","60","5","false","25","5","32","54.54545454545454","93.8388625592417"
"9","60","5","false","5","5","288","100","171.49606299212599"
"11","60","5","false","25","5","33","55.00459136822773","94.62875197472354"
"2","60","5","false","5","5","300","100","172.85714285714286"
"11","60","5","false","25","5","34","55.55555555555556","95.57661927330173"
"11","60","5","false","25","5","35","55.9228650137741","96.2085308056872"
"5","60","5","false","5","5","318","100","165"
"6","60","5","false","5","5","352","100","172.03791469194314"
"3","60","5","false","5","5","279","100","167.79661016949152"
"11","60","5","false","25","5","36","56.38200183654729","96.99842022116904"
"11","60","5","false","25","5","37","56.74931129476584","97.6303317535545"
"10","60","5","false","5","5","126","99.90817263544535","163.11844077961018"
"11","60","5","false","25","5","38","56.93296602387512","97.94628751974723"
"2","60","5","false","5","5","301","100","172.85714285714286"
"5","60","5","false","5","5","319","100","165"
"7","60","5","false","5","5","369","100","170.95761381475668"
"1","60","5","false","5","5","19","49.127640036730945","83.46333853354135"
"6","60","5","false","5","5","353","100","172.03791469194314"
"9","60","5","false","5","5","289","100","171.49606299212599"
"11","60","5","false","25","5","39","57.116620752984396","98.26224328593996"
"7","60","5","false","5","5","370","100","170.95761381475668"
"10","60","5","false","5","5","127","99.90817263544535","163.11844077961018"
"2","60","5","false","5","5","302","100","172.85714285714286"
"5","60","5","false","5","5","320","100","165"
"3","60","5","false","5","5","280","100","167.79661016949152"
"11","60","5","false","25","5","40","57.30027548209367","98.5781990521327"
"6","60","5","false","5","5","354","100","172.03791469194314"
"9","60","5","false","5","5","290","100","171.49606299212599"
"11","60","5","false","25","5","41","57.48393021120294","98.89415481832543"
"10","60","5","false","5","5","128","99.90817263544535","163.11844077961018"
"5","60","5","false","5","5","321","100","165"
"7","60","5","false","5","5","371","100","170.95761381475668"
"11","60","5","false","25","5","42","57.66758494031221","99.21011058451816"
"2","60","5","false","5","5","303","100","172.85714285714286"
"3","60","5","false","5","5","281","100","167.79661016949152"
"11","60","5","false","25","5","43","57.94306703397613","99.68404423380727"
"6","60","5","false","5","5","355","100","172.03791469194314"
"10","60","5","false","5","5","129","99.90817263544535","163.11844077961018"
"11","60","5","false","25","5","44","58.40220385674931","100.4739336492891"
"9","60","5","false","5","5","291","100","171.49606299212599"
"5","60","5","false","5","5","322","100","165"
"7","60","5","false","5","5","372","100","170.95761381475668"
"11","60","5","false","25","5","45","59.04499540863177","101.57977883096368"
"2","60","5","false","5","5","304","100","172.85714285714286"
"3","60","5","false","5","5","282","100","167.79661016949152"
"10","60","5","false","5","5","130","99.90817263544535","163.11844077961018"
"11","60","5","false","25","5","46","59.59595959595959","102.52764612954186"
"6","60","5","false","5","5","356","100","172.03791469194314"
"9","60","5","false","5","5","292","100","171.49606299212599"
"5","60","5","false","5","5","323","100","165"
"3","60","5","false","5","5","283","100","167.79661016949152"
"11","60","5","false","25","5","47","60.33057851239669","103.7914691943128"
"2","60","5","false","5","5","305","100","172.85714285714286"
"7","60","5","false","5","5","373","100","170.95761381475668"
"11","60","5","false","25","5","48","61.24885215794307","105.37124802527646"
"10","60","5","false","5","5","131","99.90817263544535","163.11844077961018"
"6","60","5","false","5","5","357","100","172.03791469194314"
"11","60","5","false","25","5","49","62.16712580348944","106.95102685624012"
"2","60","5","false","5","5","306","100","172.85714285714286"
"9","60","5","false","5","5","293","100","171.49606299212599"
"5","60","5","false","5","5","324","100","165"
"3","60","5","false","5","5","284","100","167.79661016949152"
"11","60","5","false","25","5","50","62.90174471992653","108.21484992101107"
"7","60","5","false","5","5","374","100","170.95761381475668"
"11","60","5","false","25","5","51","63.63636363636363","109.478672985782"
"10","60","5","false","5","5","132","99.90817263544535","163.11844077961018"
"6","60","5","false","5","5","358","100","172.03791469194314"
"9","60","5","false","5","5","294","100","171.49606299212599"
"11","60","5","false","25","5","52","64.55463728191","111.05845181674565"
"2","60","5","false","5","5","307","100","172.85714285714286"
"3","60","5","false","5","5","285","100","167.79661016949152"
"5","60","5","false","5","5","325","100","165"
"7","60","5","false","5","5","375","100","170.95761381475668"
"11","60","5","false","25","5","53","65.0137741046832","111.84834123222748"
"11","60","5","false","25","5","54","65.0137741046832","111.84834123222748"
"10","60","5","false","5","5","133","99.90817263544535","163.11844077961018"
"2","60","5","false","5","5","308","100","172.85714285714286"
"7","60","5","false","5","5","376","100","170.95761381475668"
"5","60","5","false","5","5","326","100","165"
"11","60","5","false","25","5","55","65.19742883379247","112.16429699842023"
"6","60","5","false","5","5","359","100","172.03791469194314"
"3","60","5","false","5","5","286","100","167.79661016949152"
"9","60","5","false","5","5","295","100","171.49606299212599"
"11","60","5","false","25","5","56","65.38108356290174","112.48025276461296"
"10","60","5","false","5","5","134","99.90817263544535","163.11844077961018"
"11","60","5","false","25","5","57","65.7483930211203","113.11216429699842"
"6","60","5","false","5","5","360","100","172.03791469194314"
"5","60","5","false","5","5","327","100","165"
"2","60","5","false","5","5","309","100","172.85714285714286"
"7","60","5","false","5","5","377","100","170.95761381475668"
"11","60","5","false","25","5","58","66.11570247933885","113.74407582938389"
"3","60","5","false","5","5","287","100","167.79661016949152"
"11","60","5","false","25","5","59","66.4830119375574","114.37598736176935"
"9","60","5","false","5","5","296","100","171.49606299212599"
"11","60","5","false","25","5","60","66.94214876033058","115.16587677725119"
"6","60","5","false","5","5","361","100","172.03791469194314"
"10","60","5","false","5","5","135","99.90817263544535","163.11844077961018"
"11","60","5","false","25","5","61","67.4931129476584","116.1137440758294"
"2","60","5","false","5","5","310","100","172.85714285714286"
"5","60","5","false","5","5","328","100","165"
"7","60","5","false","5","5","378","100","170.95761381475668"
"11","60","5","false","25","5","62","68.2277318640955","117.37756714060032"
"3","60","5","false","5","5","288","100","167.79661016949152"
"11","60","5","false","25","5","63","68.87052341597796","118.48341232227489"
"10","60","5","false","5","5","136","99.90817263544535","163.11844077961018"
"6","60","5","false","5","5","362","100","172.03791469194314"
"5","60","5","false","5","5","329","100","165"
"11","60","5","false","25","5","64","69.78879706152433","120.06319115323856"
"9","60","5","false","5","5","297","100","171.49606299212599"
"2","60","5","false","5","5","311","100","172.85714285714286"
"11","60","5","false","25","5","65","70.52341597796143","121.32701421800948"
"7","60","5","false","5","5","379","100","170.95761381475668"
"11","60","5","false","25","5","66","71.07438016528926","122.27488151658767"
"10","60","5","false","5","5","137","99.90817263544535","163.11844077961018"
"6","60","5","false","5","5","363","100","172.03791469194314"
"11","60","5","false","25","5","67","72.1763085399449","124.17061611374407"
"3","60","5","false","5","5","289","100","167.79661016949152"
"11","60","5","false","25","5","68","73.27823691460054","126.06635071090047"
"2","60","5","false","5","5","312","100","172.85714285714286"
"7","60","5","false","5","5","380","100","170.95761381475668"
"9","60","5","false","5","5","298","100","171.49606299212599"
"5","60","5","false","5","5","330","100","165"
"10","60","5","false","5","5","138","99.90817263544535","163.11844077961018"
"11","60","5","false","25","5","69","75.1147842056933","129.2259083728278"
"3","60","5","false","5","5","290","100","167.79661016949152"
"11","60","5","false","25","5","70","76.67584940312213","131.91153238546602"
"6","60","5","false","5","5","364","100","172.03791469194314"
"7","60","5","false","5","5","381","100","170.95761381475668"
"2","60","5","false","5","5","313","100","172.85714285714286"
"11","60","5","false","25","5","71","78.69605142332415","135.3870458135861"
"9","60","5","false","5","5","299","100","171.49606299212599"
"11","60","5","false","25","5","72","80.25711662075298","138.0726698262243"
"6","60","5","false","5","5","365","100","172.03791469194314"
"1","60","5","false","5","5","20","54.36179981634527","92.35569422776912"
"7","60","5","false","5","5","382","100","170.95761381475668"
"10","60","5","false","5","5","139","99.90817263544535","163.11844077961018"
"2","60","5","false","5","5","314","100","172.85714285714286"
"11","60","5","false","25","5","73","82.36914600550963","141.70616113744077"
"3","60","5","false","5","5","291","100","167.79661016949152"
"5","60","5","false","5","5","331","100","165"
"11","60","5","false","25","5","74","84.75665748393021","145.81358609794628"
"6","60","5","false","5","5","366","100","172.03791469194314"
"9","60","5","false","5","5","300","100","171.49606299212599"
"11","60","5","false","25","5","75","86.68503213957759","149.13112164297"
"3","60","5","false","5","5","292","100","167.79661016949152"
"2","60","5","false","5","5","315","100","172.85714285714286"
"10","60","5","false","5","5","140","99.90817263544535","163.11844077961018"
"11","60","5","false","25","5","76","89.62350780532599","154.18641390205372"
"5","60","5","false","5","5","332","100","165"
"7","60","5","false","5","5","383","100","170.95761381475668"
"11","60","5","false","25","5","77","91.46005509641874","157.34597156398104"
"6","60","5","false","5","5","367","100","172.03791469194314"
"9","60","5","false","5","5","301","100","171.49606299212599"
"2","60","5","false","5","5","316","100","172.85714285714286"
"11","60","5","false","25","5","78","92.1028466483012","158.4518167456556"
"3","60","5","false","5","5","293","100","167.79661016949152"
"10","60","5","false","5","5","141","99.90817263544535","163.11844077961018"
"11","60","5","false","25","5","79","93.1129476584022","160.18957345971566"
"7","60","5","false","5","5","384","100","170.95761381475668"
"11","60","5","false","25","5","80","93.5720844811754","160.97946287519747"
"6","60","5","false","5","5","368","100","172.03791469194314"
"5","60","5","false","5","5","333","100","165"
"9","60","5","false","5","5","302","100","171.49606299212599"
"2","60","5","false","5","5","317","100","172.85714285714286"
"11","60","5","false","25","5","81","94.03122130394857","161.7693522906793"
"3","60","5","false","5","5","294","100","167.79661016949152"
"11","60","5","false","25","5","82","94.5821854912764","162.71721958925752"
"10","60","5","false","5","5","142","99.90817263544535","163.11844077961018"
"6","60","5","false","5","5","369","100","172.03791469194314"
"7","60","5","false","5","5","385","100","170.95761381475668"
"11","60","5","false","25","5","83","95.31680440771349","163.98104265402844"
"2","60","5","false","5","5","318","100","172.85714285714286"
"9","60","5","false","5","5","303","100","171.49606299212599"
"3","60","5","false","5","5","295","100","167.79661016949152"
"11","60","5","false","25","5","84","95.86776859504133","164.92890995260663"
"6","60","5","false","5","5","370","100","172.03791469194314"
"5","60","5","false","5","5","334","100","165"
"10","60","5","false","5","5","143","99.90817263544535","163.11844077961018"
"11","60","5","false","25","5","85","96.05142332415059","165.24486571879936"
"2","60","5","false","5","5","319","100","172.85714285714286"
"11","60","5","false","25","5","86","96.51056014692378","166.0347551342812"
"7","60","5","false","5","5","386","100","170.95761381475668"
"3","60","5","false","5","5","296","100","167.79661016949152"
"9","60","5","false","5","5","304","100","171.49606299212599"
"11","60","5","false","25","5","87","96.69421487603306","166.35071090047393"
"5","60","5","false","5","5","335","100","165"
"11","60","5","false","25","5","88","96.87786960514234","166.66666666666669"
"10","60","5","false","5","5","144","99.90817263544535","163.11844077961018"
"6","60","5","false","5","5","371","100","172.03791469194314"
"11","60","5","false","25","5","89","96.87786960514234","166.66666666666669"
"11","60","5","false","25","5","90","96.87786960514234","166.66666666666669"
"2","60","5","false","5","5","320","100","172.85714285714286"
"7","60","5","false","5","5","387","100","170.95761381475668"
"11","60","5","false","25","5","91","96.87786960514234","166.66666666666669"
"3","60","5","false","5","5","297","100","167.79661016949152"
"9","60","5","false","5","5","305","100","171.49606299212599"
"6","60","5","false","5","5","372","100","172.03791469194314"
"11","60","5","false","25","5","92","96.96969696969697","166.82464454976304"
"10","60","5","false","5","5","145","99.90817263544535","163.11844077961018"
"5","60","5","false","5","5","336","100","165"
"11","60","5","false","25","5","93","97.0615243342516","166.9826224328594"
"7","60","5","false","5","5","388","100","170.95761381475668"
"11","60","5","false","25","5","94","97.2451790633609","167.29857819905214"
"2","60","5","false","5","5","321","100","172.85714285714286"
"3","60","5","false","5","5","298","100","167.79661016949152"
"11","60","5","false","25","5","95","97.2451790633609","167.29857819905214"
"9","60","5","false","5","5","306","100","171.49606299212599"
"6","60","5","false","5","5","373","100","172.03791469194314"
"10","60","5","false","5","5","146","99.90817263544535","163.11844077961018"
"11","60","5","false","25","5","96","97.2451790633609","167.29857819905214"
"11","60","5","false","25","5","97","97.2451790633609","167.29857819905214"
"7","60","5","false","5","5","389","100","170.95761381475668"
"3","60","5","false","5","5","299","100","167.79661016949152"
"5","60","5","false","5","5","337","100","165"
"6","60","5","false","5","5","374","100","172.03791469194314"
"11","60","5","false","25","5","98","97.2451790633609","167.29857819905214"
"2","60","5","false","5","5","322","100","172.85714285714286"
"9","60","5","false","5","5","307","100","171.49606299212599"
"11","60","5","false","25","5","99","97.2451790633609","167.29857819905214"
"10","60","5","false","5","5","147","99.90817263544535","163.11844077961018"
"5","60","5","false","5","5","338","100","165"
"7","60","5","false","5","5","390","100","170.95761381475668"
"2","60","5","false","5","5","323","100","172.85714285714286"
"3","60","5","false","5","5","300","100","167.79661016949152"
"6","60","5","false","5","5","375","100","172.03791469194314"
"12","60","5","false","25","5","0","1.7447199265381086","2.923076923076923"
"9","60","5","false","5","5","308","100","171.49606299212599"
"12","60","5","false","25","5","1","3.8567493112947657","6.461538461538462"
"12","60","5","false","25","5","2","6.336088154269973","10.615384615384615"
"7","60","5","false","5","5","391","100","170.95761381475668"
"10","60","5","false","5","5","148","99.90817263544535","163.11844077961018"
"12","60","5","false","25","5","3","9.182736455463727","15.384615384615385"
"5","60","5","false","5","5","339","100","165"
"12","60","5","false","25","5","4","11.294765840220386","18.923076923076923"
"9","60","5","false","5","5","309","100","171.49606299212599"
"2","60","5","false","5","5","324","100","172.85714285714286"
"7","60","5","false","5","5","392","100","170.95761381475668"
"6","60","5","false","5","5","376","100","172.03791469194314"
"12","60","5","false","25","5","5","13.590449954086317","22.76923076923077"
"3","60","5","false","5","5","301","100","167.79661016949152"
"10","60","5","false","5","5","149","99.90817263544535","163.11844077961018"
"12","60","5","false","25","5","6","15.886134067952252","26.615384615384613"
"9","60","5","false","5","5","310","100","171.49606299212599"
"2","60","5","false","5","5","325","100","172.85714285714286"
"12","60","5","false","25","5","7","17.90633608815427","30"
"5","60","5","false","5","5","340","100","165"
"7","60","5","false","5","5","393","100","170.95761381475668"
"12","60","5","false","25","5","8","20.110192837465565","33.69230769230769"
"6","60","5","false","5","5","377","100","172.03791469194314"
"2","60","5","false","5","5","326","100","172.85714285714286"
"12","60","5","false","25","5","9","21.94674012855831","36.769230769230774"
"10","60","5","false","5","5","150","99.90817263544535","163.11844077961018"
"7","60","5","false","5","5","394","100","170.95761381475668"
"3","60","5","false","5","5","302","100","167.79661016949152"
"12","60","5","false","25","5","10","23.783287419651057","39.84615384615385"
"9","60","5","false","5","5","311","100","171.49606299212599"
"5","60","5","false","5","5","341","100","165"
"12","60","5","false","25","5","11","25.344352617079892","42.46153846153846"
"2","60","5","false","5","5","327","100","172.85714285714286"
"12","60","5","false","25","5","12","27.27272727272727","45.69230769230769"
"10","60","5","false","5","5","151","99.90817263544535","163.11844077961018"
"12","60","5","false","25","5","13","29.10927456382002","48.769230769230774"
"7","60","5","false","5","5","395","100","170.95761381475668"
"12","60","5","false","25","5","14","30.853994490358126","51.69230769230769"
"6","60","5","false","5","5","378","100","172.03791469194314"
"3","60","5","false","5","5","303","100","167.79661016949152"
"2","60","5","false","5","5","328","100","172.85714285714286"
"12","60","5","false","25","5","15","32.323232323232325","54.15384615384615"
"9","60","5","false","5","5","312","100","171.49606299212599"
"5","60","5","false","5","5","342","100","165"
"10","60","5","false","5","5","152","99.90817263544535","163.11844077961018"
"12","60","5","false","25","5","16","34.43526170798898","57.692307692307686"
"7","60","5","false","5","5","396","100","170.95761381475668"
"6","60","5","false","5","5","379","100","172.03791469194314"
"12","60","5","false","25","5","17","37.1900826446281","62.30769230769231"
"2","60","5","false","5","5","329","100","172.85714285714286"
"3","60","5","false","5","5","304","100","167.79661016949152"
"12","60","5","false","25","5","18","40.22038567493113","67.38461538461539"
"10","60","5","false","5","5","153","99.90817263544535","163.11844077961018"
"5","60","5","false","5","5","343","100","165"
"12","60","5","false","25","5","19","43.52617079889807","72.92307692307692"
"7","60","5","false","5","5","397","100","170.95761381475668"
"9","60","5","false","5","5","313","100","171.49606299212599"
"6","60","5","false","5","5","380","100","172.03791469194314"
"1","60","5","false","5","5","21","59.59595959595959","101.24804992199688"
"12","60","5","false","25","5","20","46.648301193755735","78.15384615384615"
"3","60","5","false","5","5","305","100","167.79661016949152"
"12","60","5","false","25","5","21","49.770431588613405","83.38461538461537"
"2","60","5","false","5","5","330","100","172.85714285714286"
"5","60","5","false","5","5","344","100","165"
"7","60","5","false","5","5","398","100","170.95761381475668"
"12","60","5","false","25","5","22","52.34159779614325","87.6923076923077"
"10","60","5","false","5","5","154","99.90817263544535","163.11844077961018"
"9","60","5","false","5","5","314","100","171.49606299212599"
"6","60","5","false","5","5","381","100","172.03791469194314"
"12","60","5","false","25","5","23","54.45362718089991","91.23076923076923"
"7","60","5","false","5","5","399","100","170.95761381475668"
"2","60","5","false","5","5","331","100","172.85714285714286"
"12","60","5","false","25","5","24","55.46372819100092","92.92307692307692"
"10","60","5","false","5","5","155","99.90817263544535","163.11844077961018"
"3","60","5","false","5","5","306","100","167.79661016949152"
"5","60","5","false","5","5","345","100","165"
"12","60","5","false","25","5","25","56.473829201101935","94.61538461538461"
"12","60","5","false","25","5","26","57.116620752984396","95.6923076923077"
"7","60","5","false","5","5","400","100","170.95761381475668"
"9","60","5","false","5","5","315","100","171.49606299212599"
"12","60","5","false","25","5","27","57.57575757575758","96.46153846153847"
"2","60","5","false","5","5","332","100","172.85714285714286"
"6","60","5","false","5","5","382","100","172.03791469194314"
"12","60","5","false","25","5","28","57.66758494031221","96.61538461538461"
"3","60","5","false","5","5","307","100","167.79661016949152"
"10","60","5","false","5","5","156","99.90817263544535","163.11844077961018"
"12","60","5","false","25","5","29","57.66758494031221","96.61538461538461"
"5","60","5","false","5","5","346","100","165"
"7","60","5","false","5","5","401","100","170.95761381475668"
"6","60","5","false","5","5","383","100","172.03791469194314"
"2","60","5","false","5","5","333","100","172.85714285714286"
"9","60","5","false","5","5","316","100","171.49606299212599"
"3","60","5","false","5","5","308","100","167.79661016949152"
"13","60","5","false","25","5","0","1.8365472910927456","3.231017770597738"
"13","60","5","false","25","5","1","4.591368227731864","8.077544426494345"
"6","60","5","false","5","5","384","100","172.03791469194314"
"7","60","5","false","5","5","402","100","170.95761381475668"
"10","60","5","false","5","5","157","99.90817263544535","163.11844077961018"
"13","60","5","false","25","5","2","6.703397612488522","11.793214862681744"
"5","60","5","false","5","5","347","100","165"
"9","60","5","false","5","5","317","100","171.49606299212599"
"2","60","5","false","5","5","334","100","172.85714285714286"
"13","60","5","false","25","5","3","8.907254361799815","15.670436187399032"
"3","60","5","false","5","5","309","100","167.79661016949152"
"7","60","5","false","5","5","403","100","170.95761381475668"
"13","60","5","false","25","5","4","11.019283746556475","19.38610662358643"
"13","60","5","false","25","5","5","12.85583103764922","22.617124394184167"
"13","60","5","false","25","5","6","14.14141414141414","24.878836833602584"
"13","60","5","false","25","5","7","15.151515151515152","26.65589660743134"
"9","60","5","false","5","5","318","100","171.49606299212599"
"5","60","5","false","5","5","348","100","165"
"13","60","5","false","25","5","8","16.069788797061523","28.27140549273021"
"7","60","5","false","5","5","404","100","170.95761381475668"
"2","60","5","false","5","5","335","100","172.85714285714286"
"13","60","5","false","25","5","9","17.17171717171717","30.210016155088855"
"10","60","5","false","5","5","158","99.90817263544535","163.11844077961018"
"6","60","5","false","5","5","385","100","172.03791469194314"
"13","60","5","false","25","5","10","18.640955004591365","32.794830371567045"
"3","60","5","false","5","5","310","100","167.79661016949152"
"7","60","5","false","5","5","405","100","170.95761381475668"
"9","60","5","false","5","5","319","100","171.49606299212599"
"13","60","5","false","25","5","11","19.742883379247015","34.733441033925686"
"13","60","5","false","25","5","12","20.9366391184573","36.833602584814216"
"5","60","5","false","5","5","349","100","165"
"2","60","5","false","5","5","336","100","172.85714285714286"
"13","60","5","false","25","5","13","22.31404958677686","39.25686591276252"
"10","60","5","false","5","5","159","99.90817263544535","163.11844077961018"
"3","60","5","false","5","5","311","100","167.79661016949152"
"13","60","5","false","25","5","14","23.875114784205692","42.003231017770595"
"7","60","5","false","5","5","406","100","170.95761381475668"
"6","60","5","false","5","5","386","100","172.03791469194314"
"9","60","5","false","5","5","320","100","171.49606299212599"
"13","60","5","false","25","5","15","25.068870523415974","44.103392568659125"
"2","60","5","false","5","5","337","100","172.85714285714286"
"13","60","5","false","25","5","16","26.446280991735538","46.52665589660743"
"5","60","5","false","5","5","350","100","165"
"3","60","5","false","5","5","312","100","167.79661016949152"
"7","60","5","false","5","5","407","100","170.95761381475668"
"10","60","5","false","5","5","160","99.90817263544535","163.11844077961018"
"13","60","5","false","25","5","17","28.28282828282828","49.75767366720517"
"6","60","5","false","5","5","387","100","172.03791469194314"
"13","60","5","false","25","5","18","30.02754820936639","52.827140549273025"
"9","60","5","false","5","5","321","100","171.49606299212599"
"13","60","5","false","25","5","19","31.588613406795226","55.5735056542811"
"13","60","5","false","25","5","20","32.966023875114786","57.996768982229405"
"7","60","5","false","5","5","408","100","170.95761381475668"
"10","60","5","false","5","5","161","99.90817263544535","163.11844077961018"
"13","60","5","false","25","5","21","34.710743801652896","61.066235864297255"
"5","60","5","false","5","5","351","100","165"
"2","60","5","false","5","5","338","100","172.85714285714286"
"3","60","5","false","5","5","313","100","167.79661016949152"
"13","60","5","false","25","5","22","36.27180899908173","63.812600969305336"
"6","60","5","false","5","5","388","100","172.03791469194314"
"7","60","5","false","5","5","409","100","170.95761381475668"
"9","60","5","false","5","5","322","100","171.49606299212599"
"13","60","5","false","25","5","23","37.64921946740129","66.23586429725363"
"5","60","5","false","5","5","352","100","165"
"13","60","5","false","25","5","24","39.85307621671258","70.11308562197091"
"7","60","5","false","5","5","410","100","170.95761381475668"
"6","60","5","false","5","5","389","100","172.03791469194314"
"13","60","5","false","25","5","25","42.6078971533517","74.95961227786752"
"2","60","5","false","5","5","339","100","172.85714285714286"
"10","60","5","false","5","5","162","99.90817263544535","163.11844077961018"
"3","60","5","false","5","5","314","100","167.79661016949152"
"9","60","5","false","5","5","323","100","171.49606299212599"
"13","60","5","false","25","5","26","44.352617079889804","78.02907915993538"
"5","60","5","false","5","5","353","100","165"
"13","60","5","false","25","5","27","45.91368227731864","80.77544426494345"
"2","60","5","false","5","5","340","100","172.85714285714286"
"7","60","5","false","5","5","411","100","170.95761381475668"
"6","60","5","false","5","5","390","100","172.03791469194314"
"13","60","5","false","25","5","28","47.2910927456382","83.19870759289176"
"13","60","5","false","25","5","29","48.301193755739206","84.97576736672052"
"13","60","5","false","25","5","30","49.311294765840216","86.75282714054927"
"3","60","5","false","5","5","315","100","167.79661016949152"
"13","60","5","false","25","5","31","50.321395775941234","88.52988691437803"
"5","60","5","false","5","5","354","100","165"
"9","60","5","false","5","5","324","100","171.49606299212599"
"13","60","5","false","25","5","32","51.147842056932966","89.98384491114702"
"7","60","5","false","5","5","412","100","170.95761381475668"
"2","60","5","false","5","5","341","100","172.85714285714286"
"10","60","5","false","5","5","163","99.90817263544535","163.11844077961018"
"3","60","5","false","5","5","316","100","167.79661016949152"
"13","60","5","false","25","5","33","52.43342516069789","92.24555735056543"
"6","60","5","false","5","5","391","100","172.03791469194314"
"7","60","5","false","5","5","413","100","170.95761381475668"
"13","60","5","false","25","5","34","53.81083562901745","94.66882067851373"
"5","60","5","false","5","5","355","100","165"
"9","60","5","false","5","5","325","100","171.49606299212599"
"10","60","5","false","5","5","164","99.90817263544535","163.11844077961018"
"13","60","5","false","25","5","35","55.46372819100092","97.5767366720517"
"2","60","5","false","5","5","342","100","172.85714285714286"
"6","60","5","false","5","5","392","100","172.03791469194314"
"7","60","5","false","5","5","414","100","170.95761381475668"
"3","60","5","false","5","5","317","100","167.79661016949152"
"13","60","5","false","25","5","36","56.65748393021121","99.67689822294022"
"9","60","5","false","5","5","326","100","171.49606299212599"
"13","60","5","false","25","5","37","57.66758494031221","101.45395799676898"
"10","60","5","false","5","5","165","99.90817263544535","163.11844077961018"
"5","60","5","false","5","5","356","100","165"
"13","60","5","false","25","5","38","58.58585858585859","103.06946688206786"
"7","60","5","false","5","5","415","100","170.95761381475668"
"2","60","5","false","5","5","343","100","172.85714285714286"
"9","60","5","false","5","5","327","100","171.49606299212599"
"3","60","5","false","5","5","318","100","167.79661016949152"
"13","60","5","false","25","5","39","59.04499540863177","103.87722132471728"
"6","60","5","false","5","5","393","100","172.03791469194314"
"13","60","5","false","25","5","40","59.13682277318642","104.03877221324717"
"7","60","5","false","5","5","416","100","170.95761381475668"
"5","60","5","false","5","5","357","100","165"
"2","60","5","false","5","5","344","100","172.85714285714286"
"6","60","5","false","5","5","394","100","172.03791469194314"
"10","60","5","false","5","5","166","99.90817263544535","163.11844077961018"
"13","60","5","false","25","5","41","59.13682277318642","104.03877221324717"
"9","60","5","false","5","5","328","100","171.49606299212599"
"5","60","5","false","5","5","358","100","165"
"7","60","5","false","5","5","417","100","170.95761381475668"
"3","60","5","false","5","5","319","100","167.79661016949152"
"2","60","5","false","5","5","345","100","172.85714285714286"
"14","60","5","false","25","5","0","1.6528925619834711","2.941176470588235"
"6","60","5","false","5","5","395","100","172.03791469194314"
"14","60","5","false","25","5","1","3.7649219467401287","6.699346405228758"
"10","60","5","false","5","5","167","99.90817263544535","163.11844077961018"
"7","60","5","false","5","5","418","100","170.95761381475668"
"5","60","5","false","5","5","359","100","165"
"9","60","5","false","5","5","329","100","171.49606299212599"
"14","60","5","false","25","5","2","5.968778696051423","10.620915032679738"
"2","60","5","false","5","5","346","100","172.85714285714286"
"14","60","5","false","25","5","3","7.43801652892562","13.23529411764706"
"6","60","5","false","5","5","396","100","172.03791469194314"
"3","60","5","false","5","5","320","100","167.79661016949152"
"14","60","5","false","25","5","4","8.723599632690542","15.522875816993464"
"14","60","5","false","25","5","5","10.284664830119375","18.30065359477124"
"7","60","5","false","5","5","419","100","170.95761381475668"
"14","60","5","false","25","5","6","11.84573002754821","21.07843137254902"
"14","60","5","false","25","5","7","13.590449954086317","24.18300653594771"
"14","60","5","false","25","5","8","15.335169880624427","27.287581699346404"
"10","60","5","false","5","5","168","99.90817263544535","163.11844077961018"
"7","60","5","false","5","5","420","100","170.95761381475668"
"5","60","5","false","5","5","360","100","165"
"9","60","5","false","5","5","330","100","171.49606299212599"
"14","60","5","false","25","5","9","16.712580348943984","29.73856209150327"
"2","60","5","false","5","5","347","100","172.85714285714286"
"14","60","5","false","25","5","10","17.81450872359963","31.699346405228756"
"3","60","5","false","5","5","321","100","167.79661016949152"
"14","60","5","false","25","5","11","19.19191919191919","34.150326797385624"
"6","60","5","false","5","5","397","100","172.03791469194314"
"14","60","5","false","25","5","12","19.92653810835629","35.45751633986928"
"1","60","5","false","5","5","22","64.64646464646465","109.82839313572543"
"5","60","5","false","5","5","361","100","165"
"10","60","5","false","5","5","169","99.90817263544535","163.11844077961018"
"7","60","5","false","5","5","421","100","170.95761381475668"
"2","60","5","false","5","5","348","100","172.85714285714286"
"14","60","5","false","25","5","13","20.56932966023875","36.60130718954248"
"6","60","5","false","5","5","398","100","172.03791469194314"
"14","60","5","false","25","5","14","21.30394857667585","37.908496732026144"
"14","60","5","false","25","5","15","21.94674012855831","39.052287581699346"
"3","60","5","false","5","5","322","100","167.79661016949152"
"9","60","5","false","5","5","331","100","171.49606299212599"
"7","60","5","false","5","5","422","100","170.95761381475668"
"14","60","5","false","25","5","16","22.865013774104685","40.68627450980392"
"14","60","5","false","25","5","17","23.783287419651057","42.3202614379085"
"6","60","5","false","5","5","399","100","172.03791469194314"
"10","60","5","false","5","5","170","99.90817263544535","163.11844077961018"
"14","60","5","false","25","5","18","24.793388429752067","44.11764705882353"
"5","60","5","false","5","5","362","100","165"
"9","60","5","false","5","5","332","100","171.49606299212599"
"14","60","5","false","25","5","19","25.71166207529844","45.751633986928105"
"2","60","5","false","5","5","349","100","172.85714285714286"
"7","60","5","false","5","5","423","100","170.95761381475668"
"14","60","5","false","25","5","20","26.62993572084481","47.385620915032675"
"3","60","5","false","5","5","323","100","167.79661016949152"
"14","60","5","false","25","5","21","27.73186409550046","49.34640522875817"
"7","60","5","false","5","5","424","100","170.95761381475668"
"10","60","5","false","5","5","171","99.90817263544535","163.11844077961018"
"2","60","5","false","5","5","350","100","172.85714285714286"
"6","60","5","false","5","5","400","100","172.03791469194314"
"14","60","5","false","25","5","22","28.92561983471074","51.470588235294116"
"7","60","5","false","5","5","425","100","170.95761381475668"
"9","60","5","false","5","5","333","100","171.49606299212599"
"5","60","5","false","5","5","363","100","165"
"14","60","5","false","25","5","23","30.39485766758494","54.084967320261434"
"10","60","5","false","5","5","172","99.90817263544535","163.11844077961018"
"3","60","5","false","5","5","324","100","167.79661016949152"
"7","60","5","false","5","5","426","100","170.95761381475668"
"14","60","5","false","25","5","24","31.68044077134986","56.372549019607845"
"6","60","5","false","5","5","401","100","172.03791469194314"
"2","60","5","false","5","5","351","100","172.85714285714286"
"14","60","5","false","25","5","25","32.87419651056015","58.496732026143796"
"10","60","5","false","5","5","173","99.90817263544535","163.11844077961018"
"7","60","5","false","5","5","427","100","170.95761381475668"
"14","60","5","false","25","5","26","33.97612488521579","60.45751633986928"
"5","60","5","false","5","5","364","100","165"
"9","60","5","false","5","5","334","100","171.49606299212599"
"6","60","5","false","5","5","402","100","172.03791469194314"
"14","60","5","false","25","5","27","34.89439853076217","62.091503267973856"
"3","60","5","false","5","5","325","100","167.79661016949152"
"14","60","5","false","25","5","28","35.99632690541782","64.05228758169935"
"7","60","5","false","5","5","428","100","170.95761381475668"
"14","60","5","false","25","5","29","37.46556473829201","66.66666666666666"
"2","60","5","false","5","5","352","100","172.85714285714286"
"10","60","5","false","5","5","174","99.90817263544535","163.11844077961018"
"9","60","5","false","5","5","335","100","171.49606299212599"
"5","60","5","false","5","5","365","100","165"
"14","60","5","false","25","5","30","39.57759412304867","70.42483660130719"
"3","60","5","false","5","5","326","100","167.79661016949152"
"6","60","5","false","5","5","403","100","172.03791469194314"
"14","60","5","false","25","5","31","41.1386593204775","73.20261437908496"
"2","60","5","false","5","5","353","100","172.85714285714286"
"7","60","5","false","5","5","429","100","170.95761381475668"
"10","60","5","false","5","5","175","99.90817263544535","163.11844077961018"
"14","60","5","false","25","5","32","42.6078971533517","75.81699346405229"
"14","60","5","false","25","5","33","43.89348025711662","78.10457516339869"
"5","60","5","false","5","5","366","100","165"
"9","60","5","false","5","5","336","100","171.49606299212599"
"14","60","5","false","25","5","34","45.362718089990814","80.71895424836602"
"2","60","5","false","5","5","354","100","172.85714285714286"
"7","60","5","false","5","5","430","100","170.95761381475668"
"3","60","5","false","5","5","327","100","167.79661016949152"
"6","60","5","false","5","5","404","100","172.03791469194314"
"14","60","5","false","25","5","35","46.74012855831038","83.16993464052288"
"10","60","5","false","5","5","176","99.90817263544535","163.11844077961018"
"14","60","5","false","25","5","36","48.209366391184574","85.7843137254902"
"5","60","5","false","5","5","367","100","165"
"7","60","5","false","5","5","431","100","170.95761381475668"
"14","60","5","false","25","5","37","49.403122130394856","87.90849673202614"
"2","60","5","false","5","5","355","100","172.85714285714286"
"9","60","5","false","5","5","337","100","171.49606299212599"
"3","60","5","false","5","5","328","100","167.79661016949152"
"14","60","5","false","25","5","38","50.964187327823694","90.68627450980392"
"6","60","5","false","5","5","405","100","172.03791469194314"
"5","60","5","false","5","5","368","100","165"
"14","60","5","false","25","5","39","52.98438934802571","94.28104575163398"
"10","60","5","false","5","5","177","99.90817263544535","163.11844077961018"
"7","60","5","false","5","5","432","100","170.95761381475668"
"14","60","5","false","25","5","40","55.09641873278237","98.0392156862745"
"9","60","5","false","5","5","338","100","171.49606299212599"
"2","60","5","false","5","5","356","100","172.85714285714286"
"3","60","5","false","5","5","329","100","167.79661016949152"
"14","60","5","false","25","5","41","56.93296602387512","101.30718954248366"
"10","60","5","false","5","5","178","99.90817263544535","163.11844077961018"
"5","60","5","false","5","5","369","100","165"
"6","60","5","false","5","5","406","100","172.03791469194314"
"14","60","5","false","25","5","42","59.04499540863177","105.06535947712419"
"7","60","5","false","5","5","433","100","170.95761381475668"
"14","60","5","false","25","5","43","61.70798898071625","109.80392156862746"
"7","60","5","false","5","5","434","100","170.95761381475668"
"9","60","5","false","5","5","339","100","171.49606299212599"
"14","60","5","false","25","5","44","64.00367309458218","113.88888888888889"
"5","60","5","false","5","5","370","100","165"
"3","60","5","false","5","5","330","100","167.79661016949152"
"2","60","5","false","5","5","357","100","172.85714285714286"
"6","60","5","false","5","5","407","100","172.03791469194314"
"10","60","5","false","5","5","179","99.90817263544535","163.11844077961018"
"14","60","5","false","25","5","45","65.56473829201101","116.66666666666667"
"14","60","5","false","25","5","46","67.12580348943985","119.44444444444444"
"7","60","5","false","5","5","435","100","170.95761381475668"
"14","60","5","false","25","5","47","68.2277318640955","121.40522875816993"
"5","60","5","false","5","5","371","100","165"
"9","60","5","false","5","5","340","100","171.49606299212599"
"2","60","5","false","5","5","358","100","172.85714285714286"
"14","60","5","false","25","5","48","69.51331496786042","123.69281045751634"
"3","60","5","false","5","5","331","100","167.79661016949152"
"10","60","5","false","5","5","180","99.90817263544535","163.11844077961018"
"14","60","5","false","25","5","49","70.52341597796143","125.49019607843137"
"6","60","5","false","5","5","408","100","172.03791469194314"
"7","60","5","false","5","5","436","100","170.95761381475668"
"5","60","5","false","5","5","372","100","165"
"14","60","5","false","25","5","50","71.25803489439852","126.79738562091502"
"2","60","5","false","5","5","359","100","172.85714285714286"
"9","60","5","false","5","5","341","100","171.49606299212599"
"14","60","5","false","25","5","51","72.08448117539027","128.26797385620915"
"10","60","5","false","5","5","181","99.90817263544535","163.11844077961018"
"7","60","5","false","5","5","437","100","170.95761381475668"
"3","60","5","false","5","5","332","100","167.79661016949152"
"14","60","5","false","25","5","52","72.910927456382","129.73856209150327"
"6","60","5","false","5","5","409","100","172.03791469194314"
"14","60","5","false","25","5","53","73.18640955004592","130.22875816993465"
"2","60","5","false","5","5","360","100","172.85714285714286"
"14","60","5","false","25","5","54","73.46189164370982","130.718954248366"
"7","60","5","false","5","5","438","100","170.95761381475668"
"14","60","5","false","25","5","55","73.55371900826447","130.88235294117646"
"10","60","5","false","5","5","182","99.90817263544535","163.11844077961018"
"1","60","5","false","5","5","23","69.78879706152433","118.5647425897036"
"5","60","5","false","5","5","373","100","165"
"9","60","5","false","5","5","342","100","171.49606299212599"
"14","60","5","false","25","5","56","73.73737373737373","131.20915032679738"
"7","60","5","false","5","5","439","100","170.95761381475668"
"14","60","5","false","25","5","57","74.10468319559229","131.86274509803923"
"3","60","5","false","5","5","333","100","167.79661016949152"
"6","60","5","false","5","5","410","100","172.03791469194314"
"14","60","5","false","25","5","58","74.56382001836546","132.6797385620915"
"14","60","5","false","25","5","59","74.83930211202939","133.16993464052288"
"14","60","5","false","25","5","60","75.48209366391184","134.31372549019608"
"7","60","5","false","5","5","440","100","170.95761381475668"
"9","60","5","false","5","5","343","100","171.49606299212599"
"10","60","5","false","5","5","183","99.90817263544535","163.11844077961018"
"14","60","5","false","25","5","61","76.67584940312213","136.43790849673204"
"6","60","5","false","5","5","411","100","172.03791469194314"
"2","60","5","false","5","5","361","100","172.85714285714286"
"14","60","5","false","25","5","62","77.50229568411386","137.90849673202615"
"7","60","5","false","5","5","441","100","170.95761381475668"
"14","60","5","false","25","5","63","78.32874196510559","139.37908496732027"
"9","60","5","false","5","5","344","100","171.49606299212599"
"3","60","5","false","5","5","334","100","167.79661016949152"
"14","60","5","false","25","5","64","79.15518824609734","140.84967320261438"
"5","60","5","false","5","5","374","100","165"
"7","60","5","false","5","5","442","100","170.95761381475668"
"14","60","5","false","25","5","65","79.88980716253444","142.15686274509804"
"6","60","5","false","5","5","412","100","172.03791469194314"
"14","60","5","false","25","5","66","80.8080808080808","143.79084967320262"
"7","60","5","false","5","5","443","100","170.95761381475668"
"9","60","5","false","5","5","345","100","171.49606299212599"
"2","60","5","false","5","5","362","100","172.85714285714286"
"6","60","5","false","5","5","413","100","172.03791469194314"
"14","60","5","false","25","5","67","81.72635445362718","145.4248366013072"
"3","60","5","false","5","5","335","100","167.79661016949152"
"7","60","5","false","5","5","444","100","170.95761381475668"
"5","60","5","false","5","5","375","100","165"
"14","60","5","false","25","5","68","82.09366391184572","146.078431372549"
"14","60","5","false","25","5","69","82.82828282828282","147.3856209150327"
"9","60","5","false","5","5","346","100","171.49606299212599"
"7","60","5","false","5","5","445","100","170.95761381475668"
"6","60","5","false","5","5","414","100","172.03791469194314"
"10","60","5","false","5","5","184","99.90817263544535","163.11844077961018"
"14","60","5","false","25","5","70","83.7465564738292","149.01960784313727"
"5","60","5","false","5","5","376","100","165"
"3","60","5","false","5","5","336","100","167.79661016949152"
"2","60","5","false","5","5","363","100","172.85714285714286"
"7","60","5","false","5","5","446","100","170.95761381475668"
"14","60","5","false","25","5","71","84.66483011937558","150.65359477124184"
"14","60","5","false","25","5","72","85.2157943067034","151.63398692810458"
"9","60","5","false","5","5","347","100","171.49606299212599"
"5","60","5","false","5","5","377","100","165"
"10","60","5","false","5","5","185","99.90817263544535","163.11844077961018"
"3","60","5","false","5","5","337","100","167.79661016949152"
"6","60","5","false","5","5","415","100","172.03791469194314"
"7","60","5","false","5","5","447","100","170.95761381475668"
"2","60","5","false","5","5","364","100","172.85714285714286"
"14","60","5","false","25","5","73","85.85858585858585","152.77777777777777"
"14","60","5","false","25","5","74","86.59320477502295","154.08496732026146"
"6","60","5","false","5","5","416","100","172.03791469194314"
"9","60","5","false","5","5","348","100","171.49606299212599"
"14","60","5","false","25","5","75","87.14416896235078","155.0653594771242"
"7","60","5","false","5","5","448","100","170.95761381475668"
"3","60","5","false","5","5","338","100","167.79661016949152"
"14","60","5","false","25","5","76","88.52157943067034","157.51633986928104"
"5","60","5","false","5","5","378","100","165"
"10","60","5","false","5","5","186","99.90817263544535","163.11844077961018"
"2","60","5","false","5","5","365","100","172.85714285714286"
"7","60","5","false","5","5","449","100","170.95761381475668"
"14","60","5","false","25","5","77","89.07254361799816","158.49673202614377"
"6","60","5","false","5","5","417","100","172.03791469194314"
"9","60","5","false","5","5","349","100","171.49606299212599"
"7","60","5","false","5","5","450","100","170.95761381475668"
"14","60","5","false","25","5","78","90.08264462809917","160.29411764705884"
"3","60","5","false","5","5","339","100","167.79661016949152"
"10","60","5","false","5","5","187","99.90817263544535","163.11844077961018"
"5","60","5","false","5","5","379","100","165"
"14","60","5","false","25","5","79","90.81726354453627","161.6013071895425"
"6","60","5","false","5","5","418","100","172.03791469194314"
"14","60","5","false","25","5","80","91.46005509641874","162.7450980392157"
"2","60","5","false","5","5","366","100","172.85714285714286"
"7","60","5","false","5","5","451","100","170.95761381475668"
"9","60","5","false","5","5","350","100","171.49606299212599"
"14","60","5","false","25","5","81","91.643709825528","163.0718954248366"
"10","60","5","false","5","5","188","99.90817263544535","163.11844077961018"
"3","60","5","false","5","5","340","100","167.79661016949152"
"7","60","5","false","5","5","452","100","170.95761381475668"
"14","60","5","false","25","5","82","91.82736455463728","163.3986928104575"
"6","60","5","false","5","5","419","100","172.03791469194314"
"14","60","5","false","25","5","83","91.82736455463728","163.3986928104575"
"9","60","5","false","5","5","351","100","171.49606299212599"
"7","60","5","false","5","5","453","100","170.95761381475668"
"5","60","5","false","5","5","380","100","165"
"14","60","5","false","25","5","84","92.01101928374655","163.72549019607843"
"2","60","5","false","5","5","367","100","172.85714285714286"
"7","60","5","false","5","5","454","100","170.95761381475668"
"3","60","5","false","5","5","341","100","167.79661016949152"
"10","60","5","false","5","5","189","99.90817263544535","163.11844077961018"
"14","60","5","false","25","5","85","92.19467401285583","164.05228758169935"
"5","60","5","false","5","5","381","100","165"
"6","60","5","false","5","5","420","100","172.03791469194314"
"14","60","5","false","25","5","86","92.28650137741047","164.2156862745098"
"7","60","5","false","5","5","455","100","170.95761381475668"
"2","60","5","false","5","5","368","100","172.85714285714286"
"9","60","5","false","5","5","352","100","171.49606299212599"
"14","60","5","false","25","5","87","92.3783287419651","164.37908496732027"
"7","60","5","false","5","5","456","100","170.95761381475668"
"3","60","5","false","5","5","342","100","167.79661016949152"
"14","60","5","false","25","5","88","92.65381083562902","164.86928104575162"
"10","60","5","false","5","5","190","99.90817263544535","163.11844077961018"
"2","60","5","false","5","5","369","100","172.85714285714286"
"6","60","5","false","5","5","421","100","172.03791469194314"
"9","60","5","false","5","5","353","100","171.49606299212599"
"14","60","5","false","25","5","89","92.8374655647383","165.19607843137254"
"5","60","5","false","5","5","382","100","165"
"7","60","5","false","5","5","457","100","170.95761381475668"
"14","60","5","false","25","5","90","93.38842975206612","166.1764705882353"
"7","60","5","false","5","5","458","100","170.95761381475668"
"2","60","5","false","5","5","370","100","172.85714285714286"
"10","60","5","false","5","5","191","99.90817263544535","163.11844077961018"
"14","60","5","false","25","5","91","93.5720844811754","166.50326797385623"
"3","60","5","false","5","5","343","100","167.79661016949152"
"14","60","5","false","25","5","92","93.93939393939394","167.15686274509804"
"6","60","5","false","5","5","422","100","172.03791469194314"
"7","60","5","false","5","5","459","100","170.95761381475668"
"9","60","5","false","5","5","354","100","171.49606299212599"
"5","60","5","false","5","5","383","100","165"
"2","60","5","false","5","5","371","100","172.85714285714286"
"14","60","5","false","25","5","93","94.12304866850322","167.48366013071896"
"10","60","5","false","5","5","192","99.90817263544535","163.11844077961018"
"14","60","5","false","25","5","94","94.39853076216713","167.97385620915034"
"7","60","5","false","5","5","460","100","170.95761381475668"
"6","60","5","false","5","5","423","100","172.03791469194314"
"14","60","5","false","25","5","95","94.5821854912764","168.30065359477123"
"7","60","5","false","5","5","461","100","170.95761381475668"
"3","60","5","false","5","5","344","100","167.79661016949152"
"14","60","5","false","25","5","96","94.94949494949495","168.95424836601308"
"5","60","5","false","5","5","384","100","165"
"2","60","5","false","5","5","372","100","172.85714285714286"
"9","60","5","false","5","5","355","100","171.49606299212599"
"7","60","5","false","5","5","462","100","170.95761381475668"
"14","60","5","false","25","5","97","95.31680440771349","169.6078431372549"
"6","60","5","false","5","5","424","100","172.03791469194314"
"10","60","5","false","5","5","193","99.90817263544535","163.11844077961018"
"7","60","5","false","5","5","463","100","170.95761381475668"
"14","60","5","false","25","5","98","95.59228650137742","170.09803921568627"
"3","60","5","false","5","5","345","100","167.79661016949152"
"7","60","5","false","5","5","464","100","170.95761381475668"
"2","60","5","false","5","5","373","100","172.85714285714286"
"14","60","5","false","25","5","99","95.68411386593205","170.26143790849673"
"9","60","5","false","5","5","356","100","171.49606299212599"
"5","60","5","false","5","5","385","100","165"
"6","60","5","false","5","5","425","100","172.03791469194314"
"14","60","5","false","25","5","100","95.95959595959596","170.75163398692808"
"10","60","5","false","5","5","194","99.90817263544535","163.11844077961018"
"7","60","5","false","5","5","465","100","170.95761381475668"
"3","60","5","false","5","5","346","100","167.79661016949152"
"14","60","5","false","25","5","101","96.14325068870524","171.078431372549"
"7","60","5","false","5","5","466","100","170.95761381475668"
"9","60","5","false","5","5","357","100","171.49606299212599"
"14","60","5","false","25","5","102","96.41873278236915","171.5686274509804"
"2","60","5","false","5","5","374","100","172.85714285714286"
"7","60","5","false","5","5","467","100","170.95761381475668"
"14","60","5","false","25","5","103","96.51056014692378","171.73202614379085"
"5","60","5","false","5","5","386","100","165"
"6","60","5","false","5","5","426","100","172.03791469194314"
"10","60","5","false","5","5","195","99.90817263544535","163.11844077961018"
"14","60","5","false","25","5","104","96.60238751147841","171.8954248366013"
"3","60","5","false","5","5","347","100","167.79661016949152"
"7","60","5","false","5","5","468","100","170.95761381475668"
"9","60","5","false","5","5","358","100","171.49606299212599"
"14","60","5","false","25","5","105","96.60238751147841","171.8954248366013"
"2","60","5","false","5","5","375","100","172.85714285714286"
"14","60","5","false","25","5","106","96.87786960514234","172.3856209150327"
"5","60","5","false","5","5","387","100","165"
"7","60","5","false","5","5","469","100","170.95761381475668"
"3","60","5","false","5","5","348","100","167.79661016949152"
"14","60","5","false","25","5","107","96.96969696969697","172.54901960784315"
"6","60","5","false","5","5","427","100","172.03791469194314"
"10","60","5","false","5","5","196","99.90817263544535","163.11844077961018"
"9","60","5","false","5","5","359","100","171.49606299212599"
"14","60","5","false","25","5","108","97.42883379247016","173.36601307189542"
"2","60","5","false","5","5","376","100","172.85714285714286"
"7","60","5","false","5","5","470","100","170.95761381475668"
"5","60","5","false","5","5","388","100","165"
"14","60","5","false","25","5","109","97.61248852157944","173.69281045751634"
"10","60","5","false","5","5","197","99.90817263544535","163.11844077961018"
"6","60","5","false","5","5","428","100","172.03791469194314"
"9","60","5","false","5","5","360","100","171.49606299212599"
"7","60","5","false","5","5","471","100","170.95761381475668"
"14","60","5","false","25","5","110","97.7961432506887","174.01960784313727"
"7","60","5","false","5","5","472","100","170.95761381475668"
"1","60","5","false","5","5","24","74.01285583103765","125.74102964118565"
"2","60","5","false","5","5","377","100","172.85714285714286"
"3","60","5","false","5","5","349","100","167.79661016949152"
"5","60","5","false","5","5","389","100","165"
"14","60","5","false","25","5","111","97.7961432506887","174.01960784313727"
"7","60","5","false","5","5","473","100","170.95761381475668"
"10","60","5","false","5","5","198","99.90817263544535","163.11844077961018"
"7","60","5","false","5","5","474","100","170.95761381475668"
"14","60","5","false","25","5","112","97.88797061524335","174.18300653594773"
"7","60","5","false","5","5","475","100","170.95761381475668"
"6","60","5","false","5","5","429","100","172.03791469194314"
"9","60","5","false","5","5","361","100","171.49606299212599"
"7","60","5","false","5","5","476","100","170.95761381475668"
"14","60","5","false","25","5","113","97.97979797979798","174.34640522875816"
"3","60","5","false","5","5","350","100","167.79661016949152"
"2","60","5","false","5","5","378","100","172.85714285714286"
"14","60","5","false","25","5","114","97.97979797979798","174.34640522875816"
"7","60","5","false","5","5","477","100","170.95761381475668"
"7","60","5","false","5","5","478","100","170.95761381475668"
"5","60","5","false","5","5","390","100","165"
"14","60","5","false","25","5","115","98.16345270890724","174.67320261437908"
"7","60","5","false","5","5","479","100","170.95761381475668"
"14","60","5","false","25","5","116","98.5307621671258","175.32679738562092"
"7","60","5","false","5","5","480","100","170.95761381475668"
"10","60","5","false","5","5","199","99.90817263544535","163.11844077961018"
"6","60","5","false","5","5","430","100","172.03791469194314"
"9","60","5","false","5","5","362","100","171.49606299212599"
"7","60","5","false","5","5","481","100","170.95761381475668"
"14","60","5","false","25","5","117","98.71441689623508","175.65359477124184"
"2","60","5","false","5","5","379","100","172.85714285714286"
"7","60","5","false","5","5","482","100","170.95761381475668"
"5","60","5","false","5","5","391","100","165"
"6","60","5","false","5","5","431","100","172.03791469194314"
"3","60","5","false","5","5","351","100","167.79661016949152"
"10","60","5","false","5","5","200","99.90817263544535","163.11844077961018"
"14","60","5","false","25","5","118","98.80624426078971","175.81699346405227"
"7","60","5","false","5","5","483","100","170.95761381475668"
"14","60","5","false","25","5","119","98.98989898989899","176.1437908496732"
"7","60","5","false","5","5","484","100","170.95761381475668"
"7","60","5","false","5","5","485","100","170.95761381475668"
"14","60","5","false","25","5","120","99.08172635445362","176.30718954248366"
"2","60","5","false","5","5","380","100","172.85714285714286"
"6","60","5","false","5","5","432","100","172.03791469194314"
"14","60","5","false","25","5","121","99.08172635445362","176.30718954248366"
"7","60","5","false","5","5","486","100","170.95761381475668"
"10","60","5","false","5","5","201","99.90817263544535","163.11844077961018"
"9","60","5","false","5","5","363","100","171.49606299212599"
"5","60","5","false","5","5","392","100","165"
"14","60","5","false","25","5","122","99.08172635445362","176.30718954248366"
"3","60","5","false","5","5","352","100","167.79661016949152"
"7","60","5","false","5","5","487","100","170.95761381475668"
"2","60","5","false","5","5","381","100","172.85714285714286"
"14","60","5","false","25","5","123","99.17355371900827","176.47058823529412"
"7","60","5","false","5","5","488","100","170.95761381475668"
"6","60","5","false","5","5","433","100","172.03791469194314"
"10","60","5","false","5","5","202","99.90817263544535","163.11844077961018"
"9","60","5","false","5","5","364","100","171.49606299212599"
"7","60","5","false","5","5","489","100","170.95761381475668"
"14","60","5","false","25","5","124","99.2653810835629","176.63398692810458"
"7","60","5","false","5","5","490","100","170.95761381475668"
"5","60","5","false","5","5","393","100","165"
"14","60","5","false","25","5","125","99.2653810835629","176.63398692810458"
"2","60","5","false","5","5","382","100","172.85714285714286"
"3","60","5","false","5","5","353","100","167.79661016949152"
"7","60","5","false","5","5","491","100","170.95761381475668"
"7","60","5","false","5","5","492","100","170.95761381475668"
"14","60","5","false","25","5","126","99.35720844811755","176.79738562091504"
"7","60","5","false","5","5","493","100","170.95761381475668"
"14","60","5","false","25","5","127","99.35720844811755","176.79738562091504"
"7","60","5","false","5","5","494","100","170.95761381475668"
"10","60","5","false","5","5","203","99.90817263544535","163.11844077961018"
"6","60","5","false","5","5","434","100","172.03791469194314"
"7","60","5","false","5","5","495","100","170.95761381475668"
"14","60","5","false","25","5","128","99.35720844811755","176.79738562091504"
"9","60","5","false","5","5","365","100","171.49606299212599"
"7","60","5","false","5","5","496","100","170.95761381475668"
"3","60","5","false","5","5","354","100","167.79661016949152"
"5","60","5","false","5","5","394","100","165"
"6","60","5","false","5","5","435","100","172.03791469194314"
"14","60","5","false","25","5","129","99.44903581267218","176.96078431372547"
"2","60","5","false","5","5","383","100","172.85714285714286"
"7","60","5","false","5","5","497","100","170.95761381475668"
"14","60","5","false","25","5","130","99.44903581267218","176.96078431372547"
"10","60","5","false","5","5","204","99.90817263544535","163.11844077961018"
"14","60","5","false","25","5","131","99.54086317722681","177.12418300653593"
"9","60","5","false","5","5","366","100","171.49606299212599"
"7","60","5","false","5","5","498","100","170.95761381475668"
"14","60","5","false","25","5","132","99.54086317722681","177.12418300653593"
"7","60","5","false","5","5","499","100","170.95761381475668"
"10","60","5","false","5","5","205","99.90817263544535","163.11844077961018"
"14","60","5","false","25","5","133","99.63269054178146","177.2875816993464"
"9","60","5","false","5","5","367","100","171.49606299212599"
"3","60","5","false","5","5","355","100","167.79661016949152"
"5","60","5","false","5","5","395","100","165"
"6","60","5","false","5","5","436","100","172.03791469194314"
"2","60","5","false","5","5","384","100","172.85714285714286"
"7","60","5","false","5","5","500","100","170.95761381475668"
"14","60","5","false","25","5","134","99.72451790633609","177.45098039215685"
"14","60","5","false","25","5","135","99.72451790633609","177.45098039215685"
"14","60","5","false","25","5","136","99.81634527089072","177.6143790849673"
"5","60","5","false","5","5","396","100","165"
"6","60","5","false","5","5","437","100","172.03791469194314"
"9","60","5","false","5","5","368","100","171.49606299212599"
"15","60","5","false","25","5","0","1.7447199265381086","2.9921259842519685"
"14","60","5","false","25","5","137","99.81634527089072","177.6143790849673"
"15","60","5","false","25","5","1","3.8567493112947657","6.6141732283464565"
"2","60","5","false","5","5","385","100","172.85714285714286"
"10","60","5","false","5","5","206","99.90817263544535","163.11844077961018"
"15","60","5","false","25","5","2","6.519742883379247","11.181102362204724"
"14","60","5","false","25","5","138","99.81634527089072","177.6143790849673"
"3","60","5","false","5","5","356","100","167.79661016949152"
"15","60","5","false","25","5","3","9.090909090909092","15.590551181102363"
"6","60","5","false","5","5","438","100","172.03791469194314"
"14","60","5","false","25","5","139","99.81634527089072","177.6143790849673"
"15","60","5","false","25","5","4","11.294765840220386","19.37007874015748"
"5","60","5","false","5","5","397","100","165"
"9","60","5","false","5","5","369","100","171.49606299212599"
"14","60","5","false","25","5","140","99.81634527089072","177.6143790849673"
"15","60","5","false","25","5","5","13.406795224977044","22.992125984251967"
"6","60","5","false","5","5","439","100","172.03791469194314"
"2","60","5","false","5","5","386","100","172.85714285714286"
"10","60","5","false","5","5","207","99.90817263544535","163.11844077961018"
"15","60","5","false","25","5","6","15.61065197428834","26.77165354330709"
"14","60","5","false","25","5","141","99.81634527089072","177.6143790849673"
"14","60","5","false","25","5","142","99.81634527089072","177.6143790849673"
"9","60","5","false","5","5","370","100","171.49606299212599"
"15","60","5","false","25","5","7","17.17171717171717","29.448818897637796"
"3","60","5","false","5","5","357","100","167.79661016949152"
"5","60","5","false","5","5","398","100","165"
"2","60","5","false","5","5","387","100","172.85714285714286"
"6","60","5","false","5","5","440","100","172.03791469194314"
"14","60","5","false","25","5","143","99.81634527089072","177.6143790849673"
"15","60","5","false","25","5","8","18.732782369146005","32.125984251968504"
"10","60","5","false","5","5","208","99.90817263544535","163.11844077961018"
"15","60","5","false","25","5","9","20.018365472910926","34.330708661417326"
"14","60","5","false","25","5","144","99.81634527089072","177.6143790849673"
"5","60","5","false","5","5","399","100","165"
"9","60","5","false","5","5","371","100","171.49606299212599"
"15","60","5","false","25","5","10","21.21212121212121","36.37795275590551"
"14","60","5","false","25","5","145","99.81634527089072","177.6143790849673"
"14","60","5","false","25","5","146","99.81634527089072","177.6143790849673"
"2","60","5","false","5","5","388","100","172.85714285714286"
"15","60","5","false","25","5","11","22.773186409550046","39.05511811023622"
"10","60","5","false","5","5","209","99.90817263544535","163.11844077961018"
"6","60","5","false","5","5","441","100","172.03791469194314"
"3","60","5","false","5","5","358","100","167.79661016949152"
"15","60","5","false","25","5","12","24.334251606978878","41.732283464566926"
"14","60","5","false","25","5","147","99.81634527089072","177.6143790849673"
"15","60","5","false","25","5","13","25.803489439853077","44.25196850393701"
"5","60","5","false","5","5","400","100","165"
"9","60","5","false","5","5","372","100","171.49606299212599"
"15","60","5","false","25","5","14","27.45638200183655","47.08661417322835"
"14","60","5","false","25","5","148","99.81634527089072","177.6143790849673"
"2","60","5","false","5","5","389","100","172.85714285714286"
"15","60","5","false","25","5","15","28.833792470156105","49.4488188976378"
"15","60","5","false","25","5","16","30.486685032139576","52.28346456692914"
"14","60","5","false","25","5","149","99.81634527089072","177.6143790849673"
"15","60","5","false","25","5","17","31.772268135904504","54.48818897637795"
"6","60","5","false","5","5","442","100","172.03791469194314"
"10","60","5","false","5","5","210","99.90817263544535","163.11844077961018"
"14","60","5","false","25","5","150","99.81634527089072","177.6143790849673"
"15","60","5","false","25","5","18","33.14967860422406","56.85039370078741"
"14","60","5","false","25","5","151","99.81634527089072","177.6143790849673"
"15","60","5","false","25","5","19","34.61891643709826","59.37007874015748"
"14","60","5","false","25","5","152","99.81634527089072","177.6143790849673"
"3","60","5","false","5","5","359","100","167.79661016949152"
"15","60","5","false","25","5","20","35.99632690541782","61.732283464566926"
"14","60","5","false","25","5","153","99.81634527089072","177.6143790849673"
"2","60","5","false","5","5","390","100","172.85714285714286"
"15","60","5","false","25","5","21","37.37373737373738","64.09448818897637"
"5","60","5","false","5","5","401","100","165"
"14","60","5","false","25","5","154","99.81634527089072","177.6143790849673"
"9","60","5","false","5","5","373","100","171.49606299212599"
"15","60","5","false","25","5","22","38.6593204775023","66.2992125984252"
"15","60","5","false","25","5","23","39.94490358126722","68.50393700787401"
"6","60","5","false","5","5","443","100","172.03791469194314"
"14","60","5","false","25","5","155","99.81634527089072","177.6143790849673"
"15","60","5","false","25","5","24","41.1386593204775","70.55118110236221"
"14","60","5","false","25","5","156","99.81634527089072","177.6143790849673"
"2","60","5","false","5","5","391","100","172.85714285714286"
"10","60","5","false","5","5","211","99.90817263544535","163.11844077961018"
"15","60","5","false","25","5","25","42.69972451790633","73.22834645669292"
"3","60","5","false","5","5","360","100","167.79661016949152"
"5","60","5","false","5","5","402","100","165"
"14","60","5","false","25","5","157","99.81634527089072","177.6143790849673"
"15","60","5","false","25","5","26","43.52617079889807","74.64566929133858"
"9","60","5","false","5","5","374","100","171.49606299212599"
"6","60","5","false","5","5","444","100","172.03791469194314"
"10","60","5","false","5","5","212","99.90817263544535","163.11844077961018"
"2","60","5","false","5","5","392","100","172.85714285714286"
"14","60","5","false","25","5","158","99.81634527089072","177.6143790849673"
"15","60","5","false","25","5","27","44.352617079889804","76.06299212598425"
"14","60","5","false","25","5","159","99.81634527089072","177.6143790849673"
"15","60","5","false","25","5","28","45.17906336088154","77.48031496062993"
"3","60","5","false","5","5","361","100","167.79661016949152"
"6","60","5","false","5","5","445","100","172.03791469194314"
"5","60","5","false","5","5","403","100","165"
"14","60","5","false","25","5","160","99.90817263544535","177.77777777777777"
"9","60","5","false","5","5","375","100","171.49606299212599"
"15","60","5","false","25","5","29","46.097337006427914","79.05511811023622"
"14","60","5","false","25","5","161","99.90817263544535","177.77777777777777"
"15","60","5","false","25","5","30","46.92378328741965","80.47244094488188"
"2","60","5","false","5","5","393","100","172.85714285714286"
"15","60","5","false","25","5","31","47.842056932966024","82.04724409448819"
"10","60","5","false","5","5","213","99.90817263544535","163.11844077961018"
"15","60","5","false","25","5","32","48.760330578512395","83.62204724409449"
"5","60","5","false","5","5","404","100","165"
"15","60","5","false","25","5","33","49.770431588613405","85.35433070866142"
"14","60","5","false","25","5","162","99.90817263544535","177.77777777777777"
"15","60","5","false","25","5","34","50.688705234159784","86.92913385826772"
"14","60","5","false","25","5","163","99.90817263544535","177.77777777777777"
"15","60","5","false","25","5","35","51.606978879706155","88.50393700787401"
"6","60","5","false","5","5","446","100","172.03791469194314"
"15","60","5","false","25","5","36","52.43342516069789","89.92125984251969"
"14","60","5","false","25","5","164","99.90817263544535","177.77777777777777"
"3","60","5","false","5","5","362","100","167.79661016949152"
"9","60","5","false","5","5","376","100","171.49606299212599"
"2","60","5","false","5","5","394","100","172.85714285714286"
"14","60","5","false","25","5","165","99.90817263544535","177.77777777777777"
"15","60","5","false","25","5","37","53.07621671258035","91.02362204724409"
"10","60","5","false","5","5","214","99.90817263544535","163.11844077961018"
"5","60","5","false","5","5","405","100","165"
"15","60","5","false","25","5","38","53.351698806244265","91.49606299212599"
"14","60","5","false","25","5","166","99.90817263544535","177.77777777777777"
"6","60","5","false","5","5","447","100","172.03791469194314"
"3","60","5","false","5","5","363","100","167.79661016949152"
"15","60","5","false","25","5","39","53.71900826446281","92.1259842519685"
"2","60","5","false","5","5","395","100","172.85714285714286"
"14","60","5","false","25","5","167","99.90817263544535","177.77777777777777"
"5","60","5","false","5","5","406","100","165"
"9","60","5","false","5","5","377","100","171.49606299212599"
"15","60","5","false","25","5","40","54.269972451790636","93.07086614173228"
"10","60","5","false","5","5","215","99.90817263544535","163.11844077961018"
"14","60","5","false","25","5","168","99.90817263544535","177.77777777777777"
"15","60","5","false","25","5","41","55.00459136822773","94.33070866141732"
"6","60","5","false","5","5","448","100","172.03791469194314"
"14","60","5","false","25","5","169","99.90817263544535","177.77777777777777"
"3","60","5","false","5","5","364","100","167.79661016949152"
"15","60","5","false","25","5","42","55.9228650137741","95.90551181102363"
"5","60","5","false","5","5","407","100","165"
"2","60","5","false","5","5","396","100","172.85714285714286"
"10","60","5","false","5","5","216","99.90817263544535","163.11844077961018"
"14","60","5","false","25","5","170","99.90817263544535","177.77777777777777"
"6","60","5","false","5","5","449","100","172.03791469194314"
"9","60","5","false","5","5","378","100","171.49606299212599"
"15","60","5","false","25","5","43","57.30027548209367","98.26771653543307"
"15","60","5","false","25","5","44","58.58585858585859","100.47244094488188"
"15","60","5","false","25","5","45","59.68778696051423","102.36220472440945"
"14","60","5","false","25","5","171","99.90817263544535","177.77777777777777"
"1","60","5","false","5","5","25","77.68595041322314","131.98127925117004"
"3","60","5","false","5","5","365","100","167.79661016949152"
"6","60","5","false","5","5","450","100","172.03791469194314"
"15","60","5","false","25","5","46","61.0651974288338","104.72440944881889"
"14","60","5","false","25","5","172","99.90817263544535","177.77777777777777"
"14","60","5","false","25","5","173","99.90817263544535","177.77777777777777"
"9","60","5","false","5","5","379","100","171.49606299212599"
"15","60","5","false","25","5","47","62.53443526170799","107.24409448818896"
"2","60","5","false","5","5","397","100","172.85714285714286"
"15","60","5","false","25","5","48","64.00367309458218","109.76377952755905"
"10","60","5","false","5","5","217","99.90817263544535","163.11844077961018"
"5","60","5","false","5","5","408","100","165"
"6","60","5","false","5","5","451","100","172.03791469194314"
"14","60","5","false","25","5","174","99.90817263544535","177.77777777777777"
"15","60","5","false","25","5","49","65.28925619834712","111.96850393700788"
"14","60","5","false","25","5","175","99.90817263544535","177.77777777777777"
"15","60","5","false","25","5","50","66.29935720844811","113.70078740157481"
"2","60","5","false","5","5","398","100","172.85714285714286"
"14","60","5","false","25","5","176","99.90817263544535","177.77777777777777"
"15","60","5","false","25","5","51","67.4931129476584","115.74803149606299"
"3","60","5","false","5","5","366","100","167.79661016949152"
"14","60","5","false","25","5","177","99.90817263544535","177.77777777777777"
"15","60","5","false","25","5","52","68.68686868686868","117.79527559055119"
"6","60","5","false","5","5","452","100","172.03791469194314"
"9","60","5","false","5","5","380","100","171.49606299212599"
"15","60","5","false","25","5","53","69.6969696969697","119.52755905511812"
"14","60","5","false","25","5","178","99.90817263544535","177.77777777777777"
"10","60","5","false","5","5","218","99.90817263544535","163.11844077961018"
"15","60","5","false","25","5","54","70.61524334251607","121.10236220472441"
"5","60","5","false","5","5","409","100","165"
"2","60","5","false","5","5","399","100","172.85714285714286"
"14","60","5","false","25","5","179","99.90817263544535","177.77777777777777"
"14","60","5","false","25","5","180","99.90817263544535","177.77777777777777"
"15","60","5","false","25","5","55","71.44168962350781","122.51968503937007"
"6","60","5","false","5","5","453","100","172.03791469194314"
"15","60","5","false","25","5","56","72.35996326905418","124.09448818897637"
"14","60","5","false","25","5","181","99.90817263544535","177.77777777777777"
"3","60","5","false","5","5","367","100","167.79661016949152"
"15","60","5","false","25","5","57","73.92102846648301","126.77165354330708"
"15","60","5","false","25","5","58","75.39026629935721","129.29133858267716"
"5","60","5","false","5","5","410","100","165"
"9","60","5","false","5","5","381","100","171.49606299212599"
"14","60","5","false","25","5","182","100","177.94117647058823"
"14","60","5","false","25","5","183","100","177.94117647058823"
"6","60","5","false","5","5","454","100","172.03791469194314"
"15","60","5","false","25","5","59","77.04315886134067","132.1259842519685"
"10","60","5","false","5","5","219","99.90817263544535","163.11844077961018"
"14","60","5","false","25","5","184","100","177.94117647058823"
"15","60","5","false","25","5","60","78.51239669421489","134.64566929133858"
"14","60","5","false","25","5","185","100","177.94117647058823"
"2","60","5","false","5","5","400","100","172.85714285714286"
"14","60","5","false","25","5","186","100","177.94117647058823"
"5","60","5","false","5","5","411","100","165"
"14","60","5","false","25","5","187","100","177.94117647058823"
"3","60","5","false","5","5","368","100","167.79661016949152"
"15","60","5","false","25","5","61","79.7979797979798","136.8503937007874"
"15","60","5","false","25","5","62","81.08356290174473","139.05511811023624"
"10","60","5","false","5","5","220","99.90817263544535","163.11844077961018"
"14","60","5","false","25","5","188","100","177.94117647058823"
"9","60","5","false","5","5","382","100","171.49606299212599"
"15","60","5","false","25","5","63","82.277318640955","141.10236220472441"
"6","60","5","false","5","5","455","100","172.03791469194314"
"14","60","5","false","25","5","189","100","177.94117647058823"
"5","60","5","false","5","5","412","100","165"
"2","60","5","false","5","5","401","100","172.85714285714286"
"15","60","5","false","25","5","64","83.37924701561064","142.99212598425197"
"14","60","5","false","25","5","190","100","177.94117647058823"
"6","60","5","false","5","5","456","100","172.03791469194314"
"15","60","5","false","25","5","65","84.38934802571167","144.7244094488189"
"14","60","5","false","25","5","191","100","177.94117647058823"
"3","60","5","false","5","5","369","100","167.79661016949152"
"9","60","5","false","5","5","383","100","171.49606299212599"
"10","60","5","false","5","5","221","99.90817263544535","163.11844077961018"
"14","60","5","false","25","5","192","100","177.94117647058823"
"14","60","5","false","25","5","193","100","177.94117647058823"
"15","60","5","false","25","5","66","85.76675849403122","147.08661417322836"
"14","60","5","false","25","5","194","100","177.94117647058823"
"6","60","5","false","5","5","457","100","172.03791469194314"
"15","60","5","false","25","5","67","86.50137741046832","148.34645669291336"
"14","60","5","false","25","5","195","100","177.94117647058823"
"14","60","5","false","25","5","196","100","177.94117647058823"
"15","60","5","false","25","5","68","87.87878787878788","150.70866141732284"
"5","60","5","false","5","5","413","100","165"
"2","60","5","false","5","5","402","100","172.85714285714286"
"10","60","5","false","5","5","222","99.90817263544535","163.11844077961018"
"15","60","5","false","25","5","69","88.79706152433425","152.28346456692913"
"6","60","5","false","5","5","458","100","172.03791469194314"
"3","60","5","false","5","5","370","100","167.79661016949152"
"14","60","5","false","25","5","197","100","177.94117647058823"
"15","60","5","false","25","5","70","89.34802571166207","153.22834645669292"
"14","60","5","false","25","5","198","100","177.94117647058823"
"14","60","5","false","25","5","199","100","177.94117647058823"
"15","60","5","false","25","5","71","90.17447199265382","154.64566929133858"
"14","60","5","false","25","5","200","100","177.94117647058823"
"15","60","5","false","25","5","72","90.633608815427","155.43307086614172"
"9","60","5","false","5","5","384","100","171.49606299212599"
"14","60","5","false","25","5","201","100","177.94117647058823"
"15","60","5","false","25","5","73","91.00091827364555","156.06299212598424"
"14","60","5","false","25","5","202","100","177.94117647058823"
"15","60","5","false","25","5","74","91.27640036730946","156.53543307086613"
"14","60","5","false","25","5","203","100","177.94117647058823"
"14","60","5","false","25","5","204","100","177.94117647058823"
"10","60","5","false","5","5","223","99.90817263544535","163.11844077961018"
"3","60","5","false","5","5","371","100","167.79661016949152"
"2","60","5","false","5","5","403","100","172.85714285714286"
"9","60","5","false","5","5","385","100","171.49606299212599"
"5","60","5","false","5","5","414","100","165"
"14","60","5","false","25","5","205","100","177.94117647058823"
"15","60","5","false","25","5","75","91.55188246097336","157.00787401574803"
"6","60","5","false","5","5","459","100","172.03791469194314"
"15","60","5","false","25","5","76","91.91919191919192","157.63779527559055"
"14","60","5","false","25","5","206","100","177.94117647058823"
"15","60","5","false","25","5","77","92.28650137741047","158.26771653543307"
"14","60","5","false","25","5","207","100","177.94117647058823"
"10","60","5","false","5","5","224","99.90817263544535","163.11844077961018"
"15","60","5","false","25","5","78","92.3783287419651","158.4251968503937"
"5","60","5","false","5","5","415","100","165"
"15","60","5","false","25","5","79","92.56198347107438","158.74015748031496"
"14","60","5","false","25","5","208","100","177.94117647058823"
"15","60","5","false","25","5","80","92.65381083562902","158.89763779527559"
"9","60","5","false","5","5","386","100","171.49606299212599"
"14","60","5","false","25","5","209","100","177.94117647058823"
"6","60","5","false","5","5","460","100","172.03791469194314"
"15","60","5","false","25","5","81","92.65381083562902","158.89763779527559"
"3","60","5","false","5","5","372","100","167.79661016949152"
"2","60","5","false","5","5","404","100","172.85714285714286"
"15","60","5","false","25","5","82","92.65381083562902","158.89763779527559"
"14","60","5","false","25","5","210","100","177.94117647058823"
"15","60","5","false","25","5","83","92.65381083562902","158.89763779527559"
"14","60","5","false","25","5","211","100","177.94117647058823"
"14","60","5","false","25","5","212","100","177.94117647058823"
"16","60","5","false","25","5","0","1.7447199265381086","3.015873015873016"
"10","60","5","false","5","5","225","99.90817263544535","163.11844077961018"
"5","60","5","false","5","5","416","100","165"
"9","60","5","false","5","5","387","100","171.49606299212599"
"16","60","5","false","25","5","1","3.6730945821854912","6.349206349206349"
"14","60","5","false","25","5","213","100","177.94117647058823"
"6","60","5","false","5","5","461","100","172.03791469194314"
"2","60","5","false","5","5","405","100","172.85714285714286"
"16","60","5","false","25","5","2","4.958677685950414","8.571428571428571"
"14","60","5","false","25","5","214","100","177.94117647058823"
"3","60","5","false","5","5","373","100","167.79661016949152"
"16","60","5","false","25","5","3","6.152433425160698","10.634920634920634"
"14","60","5","false","25","5","215","100","177.94117647058823"
"16","60","5","false","25","5","4","7.7134986225895315","13.333333333333334"
"16","60","5","false","25","5","5","9.274563820018365","16.03174603174603"
"14","60","5","false","25","5","216","100","177.94117647058823"
"16","60","5","false","25","5","6","10.743801652892563","18.571428571428573"
"10","60","5","false","5","5","226","99.90817263544535","163.11844077961018"
"9","60","5","false","5","5","388","100","171.49606299212599"
"6","60","5","false","5","5","462","100","172.03791469194314"
"5","60","5","false","5","5","417","100","165"
"16","60","5","false","25","5","7","12.396694214876034","21.428571428571427"
"14","60","5","false","25","5","217","100","177.94117647058823"
"16","60","5","false","25","5","8","14.325068870523417","24.761904761904763"
"1","60","5","false","5","5","26","79.33884297520662","134.78939157566302"
"3","60","5","false","5","5","374","100","167.79661016949152"
"2","60","5","false","5","5","406","100","172.85714285714286"
"14","60","5","false","25","5","218","100","177.94117647058823"
"16","60","5","false","25","5","9","16.161616161616163","27.936507936507937"
"14","60","5","false","25","5","219","100","177.94117647058823"
"16","60","5","false","25","5","10","18.089990817263544","31.26984126984127"
"6","60","5","false","5","5","463","100","172.03791469194314"
"14","60","5","false","25","5","220","100","177.94117647058823"
"14","60","5","false","25","5","221","100","177.94117647058823"
"9","60","5","false","5","5","389","100","171.49606299212599"
"10","60","5","false","5","5","227","99.90817263544535","163.11844077961018"
"14","60","5","false","25","5","222","100","177.94117647058823"
"16","60","5","false","25","5","11","20.110192837465565","34.76190476190476"
"5","60","5","false","5","5","418","100","165"
"16","60","5","false","25","5","12","21.487603305785125","37.142857142857146"
"2","60","5","false","5","5","407","100","172.85714285714286"
"14","60","5","false","25","5","223","100","177.94117647058823"
"6","60","5","false","5","5","464","100","172.03791469194314"
"16","60","5","false","25","5","13","22.58953168044077","39.04761904761905"
"3","60","5","false","5","5","375","100","167.79661016949152"
"16","60","5","false","25","5","14","24.242424242424242","41.904761904761905"
"14","60","5","false","25","5","224","100","177.94117647058823"
"14","60","5","false","25","5","225","100","177.94117647058823"
"16","60","5","false","25","5","15","25.895316804407713","44.761904761904766"
"5","60","5","false","5","5","419","100","165"
"9","60","5","false","5","5","390","100","171.49606299212599"
"16","60","5","false","25","5","16","27.73186409550046","47.93650793650794"
"14","60","5","false","25","5","226","100","177.94117647058823"
"10","60","5","false","5","5","228","99.90817263544535","163.11844077961018"
"16","60","5","false","25","5","17","29.660238751147844","51.269841269841265"
"6","60","5","false","5","5","465","100","172.03791469194314"
"16","60","5","false","25","5","18","31.22130394857668","53.96825396825397"
"2","60","5","false","5","5","408","100","172.85714285714286"
"16","60","5","false","25","5","19","32.87419651056015","56.82539682539682"
"3","60","5","false","5","5","376","100","167.79661016949152"
"14","60","5","false","25","5","227","100","177.94117647058823"
"16","60","5","false","25","5","20","34.15977961432507","59.04761904761905"
"5","60","5","false","5","5","420","100","165"
"14","60","5","false","25","5","228","100","177.94117647058823"
"6","60","5","false","5","5","466","100","172.03791469194314"
"16","60","5","false","25","5","21","35.62901744719926","61.58730158730159"
"9","60","5","false","5","5","391","100","171.49606299212599"
"10","60","5","false","5","5","229","99.90817263544535","163.11844077961018"
"14","60","5","false","25","5","229","100","177.94117647058823"
"2","60","5","false","5","5","409","100","172.85714285714286"
"16","60","5","false","25","5","22","36.82277318640955","63.650793650793645"
"14","60","5","false","25","5","230","100","177.94117647058823"
"16","60","5","false","25","5","23","37.83287419651056","65.39682539682539"
"5","60","5","false","5","5","421","100","165"
"3","60","5","false","5","5","377","100","167.79661016949152"
"14","60","5","false","25","5","231","100","177.94117647058823"
"16","60","5","false","25","5","24","39.02662993572085","67.46031746031747"
"14","60","5","false","25","5","232","100","177.94117647058823"
"6","60","5","false","5","5","467","100","172.03791469194314"
"16","60","5","false","25","5","25","39.94490358126722","69.04761904761905"
"9","60","5","false","5","5","392","100","171.49606299212599"
"14","60","5","false","25","5","233","100","177.94117647058823"
"2","60","5","false","5","5","410","100","172.85714285714286"
"10","60","5","false","5","5","230","99.90817263544535","163.11844077961018"
"5","60","5","false","5","5","422","100","165"
"16","60","5","false","25","5","26","40.86317722681359","70.63492063492063"
"6","60","5","false","5","5","468","100","172.03791469194314"
"14","60","5","false","25","5","234","100","177.94117647058823"
"16","60","5","false","25","5","27","41.78145087235997","72.22222222222221"
"3","60","5","false","5","5","378","100","167.79661016949152"
"14","60","5","false","25","5","235","100","177.94117647058823"
"16","60","5","false","25","5","28","42.79155188246097","73.96825396825398"
"14","60","5","false","25","5","236","100","177.94117647058823"
"16","60","5","false","25","5","29","43.98530762167126","76.03174603174602"
"9","60","5","false","5","5","393","100","171.49606299212599"
"14","60","5","false","25","5","237","100","177.94117647058823"
"16","60","5","false","25","5","30","45.45454545454545","78.57142857142857"
"14","60","5","false","25","5","238","100","177.94117647058823"
"6","60","5","false","5","5","469","100","172.03791469194314"
"5","60","5","false","5","5","423","100","165"
"14","60","5","false","25","5","239","100","177.94117647058823"
"16","60","5","false","25","5","31","46.92378328741965","81.11111111111111"
"2","60","5","false","5","5","411","100","172.85714285714286"
"10","60","5","false","5","5","231","99.90817263544535","163.11844077961018"
"9","60","5","false","5","5","394","100","171.49606299212599"
"3","60","5","false","5","5","379","100","167.79661016949152"
"16","60","5","false","25","5","32","48.301193755739206","83.4920634920635"
"14","60","5","false","25","5","240","100","177.94117647058823"
"14","60","5","false","25","5","241","100","177.94117647058823"
"6","60","5","false","5","5","470","100","172.03791469194314"
"14","60","5","false","25","5","242","100","177.94117647058823"
"16","60","5","false","25","5","33","49.95408631772268","86.34920634920636"
"14","60","5","false","25","5","243","100","177.94117647058823"
"5","60","5","false","5","5","424","100","165"
"14","60","5","false","25","5","244","100","177.94117647058823"
"16","60","5","false","25","5","34","51.606978879706155","89.20634920634922"
"2","60","5","false","5","5","412","100","172.85714285714286"
"10","60","5","false","5","5","232","99.90817263544535","163.11844077961018"
"3","60","5","false","5","5","380","100","167.79661016949152"
"6","60","5","false","5","5","471","100","172.03791469194314"
"16","60","5","false","25","5","35","53.07621671258035","91.74603174603175"
"9","60","5","false","5","5","395","100","171.49606299212599"
"14","60","5","false","25","5","245","100","177.94117647058823"
"5","60","5","false","5","5","425","100","165"
"16","60","5","false","25","5","36","54.269972451790636","93.80952380952381"
"14","60","5","false","25","5","246","100","177.94117647058823"
"2","60","5","false","5","5","413","100","172.85714285714286"
"10","60","5","false","5","5","233","99.90817263544535","163.11844077961018"
"16","60","5","false","25","5","37","55.64738292011019","96.19047619047619"
"14","60","5","false","25","5","247","100","177.94117647058823"
"9","60","5","false","5","5","396","100","171.49606299212599"
"16","60","5","false","25","5","38","56.93296602387512","98.4126984126984"
"14","60","5","false","25","5","248","100","177.94117647058823"
"6","60","5","false","5","5","472","100","172.03791469194314"
"5","60","5","false","5","5","426","100","165"
"3","60","5","false","5","5","381","100","167.79661016949152"
"16","60","5","false","25","5","39","58.49403122130394","101.11111111111111"
"14","60","5","false","25","5","249","100","177.94117647058823"
"10","60","5","false","5","5","234","99.90817263544535","163.11844077961018"
"16","60","5","false","25","5","40","60.05509641873278","103.80952380952382"
"2","60","5","false","5","5","414","100","172.85714285714286"
"9","60","5","false","5","5","397","100","171.49606299212599"
"6","60","5","false","5","5","473","100","172.03791469194314"
"14","60","5","false","25","5","250","100","177.94117647058823"
"16","60","5","false","25","5","41","61.70798898071625","106.66666666666667"
"16","60","5","false","25","5","42","62.8099173553719","108.57142857142857"
"5","60","5","false","5","5","427","100","165"
"16","60","5","false","25","5","43","63.72819100091828","110.15873015873017"
"14","60","5","false","25","5","251","100","177.94117647058823"
"10","60","5","false","5","5","235","99.90817263544535","163.11844077961018"
"3","60","5","false","5","5","382","100","167.79661016949152"
"16","60","5","false","25","5","44","64.64646464646465","111.74603174603175"
"14","60","5","false","25","5","252","100","177.94117647058823"
"5","60","5","false","5","5","428","100","165"
"6","60","5","false","5","5","474","100","172.03791469194314"
"2","60","5","false","5","5","415","100","172.85714285714286"
"16","60","5","false","25","5","45","65.84022038567493","113.80952380952381"
"14","60","5","false","25","5","253","100","177.94117647058823"
"16","60","5","false","25","5","46","66.85032139577594","115.55555555555554"
"9","60","5","false","5","5","398","100","171.49606299212599"
"6","60","5","false","5","5","475","100","172.03791469194314"
"16","60","5","false","25","5","47","67.40128558310377","116.50793650793652"
"5","60","5","false","5","5","429","100","165"
"10","60","5","false","5","5","236","99.90817263544535","163.11844077961018"
"17","60","5","false","25","5","0","1.6528925619834711","2.8169014084507045"
"2","60","5","false","5","5","416","100","172.85714285714286"
"16","60","5","false","25","5","48","67.86042240587695","117.3015873015873"
"17","60","5","false","25","5","1","3.948576675849403","6.729264475743349"
"17","60","5","false","25","5","2","6.0606060606060606","10.328638497652582"
"3","60","5","false","5","5","383","100","167.79661016949152"
"16","60","5","false","25","5","49","68.13590449954087","117.77777777777779"
"17","60","5","false","25","5","3","8.080808080808081","13.77151799687011"
"17","60","5","false","25","5","4","10.192837465564738","17.370892018779344"
"16","60","5","false","25","5","50","68.59504132231406","118.57142857142857"
"6","60","5","false","5","5","476","100","172.03791469194314"
"5","60","5","false","5","5","430","100","165"
"9","60","5","false","5","5","399","100","171.49606299212599"
"17","60","5","false","25","5","5","12.304866850321396","20.970266040688575"
"16","60","5","false","25","5","51","69.05417814508723","119.36507936507937"
"2","60","5","false","5","5","417","100","172.85714285714286"
"17","60","5","false","25","5","6","14.416896235078053","24.56964006259781"
"16","60","5","false","25","5","52","69.51331496786042","120.15873015873015"
"10","60","5","false","5","5","237","99.90817263544535","163.11844077961018"
"17","60","5","false","25","5","7","16.89623507805326","28.794992175273865"
"16","60","5","false","25","5","53","70.24793388429752","121.42857142857142"
"17","60","5","false","25","5","8","19.19191919191919","32.70735524256651"
"6","60","5","false","5","5","477","100","172.03791469194314"
"5","60","5","false","5","5","431","100","165"
"2","60","5","false","5","5","418","100","172.85714285714286"
"3","60","5","false","5","5","384","100","167.79661016949152"
"9","60","5","false","5","5","400","100","171.49606299212599"
"17","60","5","false","25","5","9","20.9366391184573","35.68075117370892"
"16","60","5","false","25","5","54","70.89072543617998","122.53968253968254"
"10","60","5","false","5","5","238","100","163.26836581709145"
"17","60","5","false","25","5","10","22.22222222222222","37.8716744913928"
"16","60","5","false","25","5","55","71.62534435261708","123.80952380952381"
"17","60","5","false","25","5","11","23.69146005509642","40.375586854460096"
"3","60","5","false","5","5","385","100","167.79661016949152"
"6","60","5","false","5","5","478","100","172.03791469194314"
"16","60","5","false","25","5","56","72.54361799816346","125.39682539682539"
"17","60","5","false","25","5","12","25.160697887970617","42.87949921752739"
"2","60","5","false","5","5","419","100","172.85714285714286"
"9","60","5","false","5","5","401","100","171.49606299212599"
"17","60","5","false","25","5","13","26.354453627180902","44.91392801251956"
"16","60","5","false","25","5","57","73.18640955004592","126.5079365079365"
"10","60","5","false","5","5","239","100","163.26836581709145"
"6","60","5","false","5","5","479","100","172.03791469194314"
"5","60","5","false","5","5","432","100","165"
"17","60","5","false","25","5","14","27.089072543618","46.165884194053206"
"16","60","5","false","25","5","58","74.10468319559229","128.09523809523807"
"17","60","5","false","25","5","15","27.915518824609737","47.57433489827856"
"2","60","5","false","5","5","420","100","172.85714285714286"
"16","60","5","false","25","5","59","75.39026629935721","130.31746031746033"
"3","60","5","false","5","5","386","100","167.79661016949152"
"17","60","5","false","25","5","16","28.833792470156105","49.13928012519562"
"6","60","5","false","5","5","480","100","172.03791469194314"
"16","60","5","false","25","5","60","76.49219467401286","132.22222222222223"
"9","60","5","false","5","5","402","100","171.49606299212599"
"17","60","5","false","25","5","17","29.75206611570248","50.70422535211267"
"16","60","5","false","25","5","61","77.8696051423324","134.6031746031746"
"5","60","5","false","5","5","433","100","165"
"10","60","5","false","5","5","240","100","163.26836581709145"
"2","60","5","false","5","5","421","100","172.85714285714286"
"17","60","5","false","25","5","18","30.853994490358126","52.58215962441315"
"16","60","5","false","25","5","62","79.06336088154269","136.66666666666666"
"9","60","5","false","5","5","403","100","171.49606299212599"
"3","60","5","false","5","5","387","100","167.79661016949152"
"5","60","5","false","5","5","434","100","165"
"17","60","5","false","25","5","19","32.047750229568415","54.61658841940532"
"16","60","5","false","25","5","63","80.34894398530761","138.88888888888889"
"6","60","5","false","5","5","481","100","172.03791469194314"
"17","60","5","false","25","5","20","33.33333333333333","56.8075117370892"
"16","60","5","false","25","5","64","81.81818181818183","141.42857142857144"
"1","60","5","false","5","5","27","79.88980716253444","135.7254290171607"
"10","60","5","false","5","5","241","100","163.26836581709145"
"5","60","5","false","5","5","435","100","165"
"9","60","5","false","5","5","404","100","171.49606299212599"
"2","60","5","false","5","5","422","100","172.85714285714286"
"16","60","5","false","25","5","65","82.92011019283747","143.33333333333334"
"6","60","5","false","5","5","482","100","172.03791469194314"
"17","60","5","false","25","5","21","34.89439853076217","59.4679186228482"
"17","60","5","false","25","5","22","36.63911845730027","62.441314553990615"
"3","60","5","false","5","5","388","100","167.79661016949152"
"16","60","5","false","25","5","66","84.11386593204774","145.3968253968254"
"17","60","5","false","25","5","23","38.56749311294766","65.72769953051643"
"16","60","5","false","25","5","67","85.03213957759412","146.984126984127"
"16","60","5","false","25","5","68","86.04224058769513","148.73015873015873"
"5","60","5","false","5","5","436","100","165"
"2","60","5","false","5","5","423","100","172.85714285714286"
"17","60","5","false","25","5","24","40.49586776859504","69.01408450704226"
"6","60","5","false","5","5","483","100","172.03791469194314"
"10","60","5","false","5","5","242","100","163.26836581709145"
"17","60","5","false","25","5","25","41.78145087235997","71.20500782472612"
"16","60","5","false","25","5","69","86.77685950413223","150"
"9","60","5","false","5","5","405","100","171.49606299212599"
"3","60","5","false","5","5","389","100","167.79661016949152"
"16","60","5","false","25","5","70","87.69513314967861","151.58730158730157"
"17","60","5","false","25","5","26","43.06703397612488","73.39593114241002"
"5","60","5","false","5","5","437","100","165"
"16","60","5","false","25","5","71","88.24609733700642","152.53968253968253"
"6","60","5","false","5","5","484","100","172.03791469194314"
"16","60","5","false","25","5","72","88.70523415977961","153.33333333333334"
"17","60","5","false","25","5","27","44.26078971533517","75.43035993740219"
"2","60","5","false","5","5","424","100","172.85714285714286"
"10","60","5","false","5","5","243","100","163.26836581709145"
"16","60","5","false","25","5","73","89.25619834710744","154.2857142857143"
"3","60","5","false","5","5","390","100","167.79661016949152"
"5","60","5","false","5","5","438","100","165"
"17","60","5","false","25","5","28","45.63820018365473","77.77777777777779"
"9","60","5","false","5","5","406","100","171.49606299212599"
"6","60","5","false","5","5","485","100","172.03791469194314"
"16","60","5","false","25","5","74","89.34802571166207","154.44444444444446"
"17","60","5","false","25","5","29","47.2910927456382","80.59467918622848"
"16","60","5","false","25","5","75","89.71533516988063","155.0793650793651"
"17","60","5","false","25","5","30","48.852157943067034","83.25508607198748"
"2","60","5","false","5","5","425","100","172.85714285714286"
"10","60","5","false","5","5","244","100","163.26836581709145"
"16","60","5","false","25","5","76","90.17447199265382","155.87301587301587"
"17","60","5","false","25","5","31","50.13774104683195","85.44600938967136"
"17","60","5","false","25","5","32","51.2396694214876","87.32394366197182"
"5","60","5","false","5","5","439","100","165"
"9","60","5","false","5","5","407","100","171.49606299212599"
"17","60","5","false","25","5","33","52.34159779614325","89.2018779342723"
"6","60","5","false","5","5","486","100","172.03791469194314"
"16","60","5","false","25","5","77","90.44995408631772","156.34920634920636"
"3","60","5","false","5","5","391","100","167.79661016949152"
"17","60","5","false","25","5","34","53.25987144168962","90.76682316118936"
"2","60","5","false","5","5","426","100","172.85714285714286"
"16","60","5","false","25","5","78","90.633608815427","156.66666666666666"
"17","60","5","false","25","5","35","54.36179981634527","92.64475743348983"
"10","60","5","false","5","5","245","100","163.26836581709145"
"9","60","5","false","5","5","408","100","171.49606299212599"
"6","60","5","false","5","5","487","100","172.03791469194314"
"16","60","5","false","25","5","79","90.9090909090909","157.14285714285714"
"17","60","5","false","25","5","36","55.64738292011019","94.83568075117371"
"2","60","5","false","5","5","427","100","172.85714285714286"
"5","60","5","false","5","5","440","100","165"
"16","60","5","false","25","5","80","91.18457300275482","157.61904761904762"
"17","60","5","false","25","5","37","57.3921028466483","97.80907668231612"
"3","60","5","false","5","5","392","100","167.79661016949152"
"17","60","5","false","25","5","38","58.58585858585859","99.8435054773083"
"16","60","5","false","25","5","81","91.73553719008265","158.57142857142856"
"9","60","5","false","5","5","409","100","171.49606299212599"
"10","60","5","false","5","5","246","100","163.26836581709145"
"6","60","5","false","5","5","488","100","172.03791469194314"
"2","60","5","false","5","5","428","100","172.85714285714286"
"5","60","5","false","5","5","441","100","165"
"16","60","5","false","25","5","82","91.82736455463728","158.73015873015873"
"17","60","5","false","25","5","39","59.96326905417815","102.1909233176839"
"3","60","5","false","5","5","393","100","167.79661016949152"
"16","60","5","false","25","5","83","92.01101928374655","159.04761904761904"
"17","60","5","false","25","5","40","61.0651974288338","104.06885758998435"
"16","60","5","false","25","5","84","92.28650137741047","159.52380952380955"
"2","60","5","false","5","5","429","100","172.85714285714286"
"9","60","5","false","5","5","410","100","171.49606299212599"
"17","60","5","false","25","5","41","62.16712580348944","105.94679186228481"
"6","60","5","false","5","5","489","100","172.03791469194314"
"10","60","5","false","5","5","247","100","163.26836581709145"
"16","60","5","false","25","5","85","92.8374655647383","160.47619047619048"
"5","60","5","false","5","5","442","100","165"
"3","60","5","false","5","5","394","100","167.79661016949152"
"17","60","5","false","25","5","42","63.08539944903582","107.51173708920187"
"16","60","5","false","25","5","86","93.20477502295684","161.11111111111111"
"6","60","5","false","5","5","490","100","172.03791469194314"
"9","60","5","false","5","5","411","100","171.49606299212599"
"16","60","5","false","25","5","87","93.29660238751147","161.26984126984127"
"17","60","5","false","25","5","43","63.63636363636363","108.45070422535213"
"10","60","5","false","5","5","248","100","163.26836581709145"
"2","60","5","false","5","5","430","100","172.85714285714286"
"16","60","5","false","25","5","88","93.48025711662076","161.5873015873016"
"5","60","5","false","5","5","443","100","165"
"17","60","5","false","25","5","44","63.91184573002755","108.92018779342723"
"6","60","5","false","5","5","491","100","172.03791469194314"
"3","60","5","false","5","5","395","100","167.79661016949152"
"16","60","5","false","25","5","89","93.75573921028466","162.06349206349208"
"17","60","5","false","25","5","45","64.37098255280074","109.70266040688577"
"5","60","5","false","5","5","444","100","165"
"6","60","5","false","5","5","492","100","172.03791469194314"
"16","60","5","false","25","5","90","94.12304866850322","162.6984126984127"
"17","60","5","false","25","5","46","64.73829201101928","110.32863849765258"
"9","60","5","false","5","5","412","100","171.49606299212599"
"10","60","5","false","5","5","249","100","163.26836581709145"
"2","60","5","false","5","5","431","100","172.85714285714286"
"16","60","5","false","25","5","91","94.49035812672176","163.33333333333334"
"17","60","5","false","25","5","47","64.92194674012856","110.641627543036"
"6","60","5","false","5","5","493","100","172.03791469194314"
"3","60","5","false","5","5","396","100","167.79661016949152"
"16","60","5","false","25","5","92","94.8576675849403","163.96825396825398"
"17","60","5","false","25","5","48","65.10560146923783","110.95461658841941"
"5","60","5","false","5","5","445","100","165"
"16","60","5","false","25","5","93","95.31680440771349","164.76190476190476"
"10","60","5","false","5","5","250","100","163.26836581709145"
"2","60","5","false","5","5","432","100","172.85714285714286"
"6","60","5","false","5","5","494","100","172.03791469194314"
"17","60","5","false","25","5","49","65.28925619834712","111.26760563380283"
"9","60","5","false","5","5","413","100","171.49606299212599"
"16","60","5","false","25","5","94","95.68411386593205","165.3968253968254"
"17","60","5","false","25","5","50","65.56473829201101","111.73708920187792"
"3","60","5","false","5","5","397","100","167.79661016949152"
"16","60","5","false","25","5","95","96.23507805325987","166.34920634920636"
"5","60","5","false","5","5","446","100","165"
"10","60","5","false","5","5","251","100","163.26836581709145"
"2","60","5","false","5","5","433","100","172.85714285714286"
"17","60","5","false","25","5","51","65.7483930211203","112.05007824726134"
"16","60","5","false","25","5","96","96.7860422405877","167.30158730158732"
"6","60","5","false","5","5","495","100","172.03791469194314"
"5","60","5","false","5","5","447","100","165"
"17","60","5","false","25","5","52","65.93204775022957","112.36306729264476"
"16","60","5","false","25","5","97","96.7860422405877","167.30158730158732"
"9","60","5","false","5","5","414","100","171.49606299212599"
"16","60","5","false","25","5","98","96.7860422405877","167.30158730158732"
"17","60","5","false","25","5","53","66.20752984389348","112.83255086071988"
"3","60","5","false","5","5","398","100","167.79661016949152"
"10","60","5","false","5","5","252","100","163.26836581709145"
"17","60","5","false","25","5","54","66.85032139577594","113.92801251956182"
"6","60","5","false","5","5","496","100","172.03791469194314"
"16","60","5","false","25","5","99","96.87786960514234","167.46031746031747"
"2","60","5","false","5","5","434","100","172.85714285714286"
"5","60","5","false","5","5","448","100","165"
"17","60","5","false","25","5","55","67.76859504132231","115.49295774647888"
"16","60","5","false","25","5","100","97.0615243342516","167.77777777777777"
"2","60","5","false","5","5","435","100","172.85714285714286"
"17","60","5","false","25","5","56","68.59504132231406","116.90140845070422"
"9","60","5","false","5","5","415","100","171.49606299212599"
"16","60","5","false","25","5","101","97.15335169880625","167.93650793650795"
"3","60","5","false","5","5","399","100","167.79661016949152"
"6","60","5","false","5","5","497","100","172.03791469194314"
"10","60","5","false","5","5","253","100","163.26836581709145"
"17","60","5","false","25","5","57","69.42148760330579","118.30985915492957"
"16","60","5","false","25","5","102","97.2451790633609","168.0952380952381"
"2","60","5","false","5","5","436","100","172.85714285714286"
"16","60","5","false","25","5","103","97.61248852157944","168.73015873015873"
"5","60","5","false","5","5","449","100","165"
"17","60","5","false","25","5","58","70.52341597796143","120.18779342723005"
"16","60","5","false","25","5","104","97.7961432506887","169.04761904761904"
"9","60","5","false","5","5","416","100","171.49606299212599"
"10","60","5","false","5","5","254","100","163.26836581709145"
"3","60","5","false","5","5","400","100","167.79661016949152"
"17","60","5","false","25","5","59","71.80899908172636","122.37871674491392"
"16","60","5","false","25","5","105","97.7961432506887","169.04761904761904"
"6","60","5","false","5","5","498","100","172.03791469194314"
"2","60","5","false","5","5","437","100","172.85714285714286"
"17","60","5","false","25","5","60","72.54361799816346","123.63067292644759"
"5","60","5","false","5","5","450","100","165"
"16","60","5","false","25","5","106","98.07162534435263","169.52380952380952"
"9","60","5","false","5","5","417","100","171.49606299212599"
"16","60","5","false","25","5","107","98.16345270890724","169.68253968253967"
"3","60","5","false","5","5","401","100","167.79661016949152"
"17","60","5","false","25","5","61","73.37006427915519","125.03912363067293"
"10","60","5","false","5","5","255","100","163.26836581709145"
"16","60","5","false","25","5","108","98.16345270890724","169.68253968253967"
"6","60","5","false","5","5","499","100","172.03791469194314"
"17","60","5","false","25","5","62","74.28833792470157","126.60406885759"
"17","60","5","false","25","5","63","75.66574839302112","128.95148669796558"
"16","60","5","false","25","5","109","98.34710743801654","170"
"17","60","5","false","25","5","64","76.67584940312213","130.67292644757433"
"9","60","5","false","5","5","418","100","171.49606299212599"
"2","60","5","false","5","5","438","100","172.85714285714286"
"17","60","5","false","25","5","65","78.32874196510559","133.48982785602504"
"16","60","5","false","25","5","110","98.62258953168043","170.47619047619048"
"5","60","5","false","5","5","451","100","165"
"6","60","5","false","5","5","500","100","172.03791469194314"
"17","60","5","false","25","5","66","80.0734618916437","136.46322378716744"
"16","60","5","false","25","5","111","98.62258953168043","170.47619047619048"
"10","60","5","false","5","5","256","100","163.26836581709145"
"3","60","5","false","5","5","402","100","167.79661016949152"
"17","60","5","false","25","5","67","81.08356290174473","138.1846635367762"
"16","60","5","false","25","5","112","98.62258953168043","170.47619047619048"
"17","60","5","false","25","5","68","82.55280073461891","140.68857589984353"
"9","60","5","false","5","5","419","100","171.49606299212599"
"16","60","5","false","25","5","113","98.71441689623508","170.63492063492063"
"2","60","5","false","5","5","439","100","172.85714285714286"
"5","60","5","false","5","5","452","100","165"
"16","60","5","false","25","5","114","98.71441689623508","170.63492063492063"
"17","60","5","false","25","5","69","83.65472910927456","142.56651017214398"
"18","60","5","false","25","5","0","1.9283746556473829","3.36"
"17","60","5","false","25","5","70","85.12396694214877","145.07042253521126"
"16","60","5","false","25","5","115","98.71441689623508","170.63492063492063"
"10","60","5","false","5","5","257","100","163.26836581709145"
"3","60","5","false","5","5","403","100","167.79661016949152"
"2","60","5","false","5","5","440","100","172.85714285714286"
"17","60","5","false","25","5","71","86.59320477502295","147.57433489827855"
"16","60","5","false","25","5","116","98.80624426078971","170.79365079365078"
"5","60","5","false","5","5","453","100","165"
"18","60","5","false","25","5","1","4.315886134067952","7.5200000000000005"
"9","60","5","false","5","5","420","100","171.49606299212599"
"16","60","5","false","25","5","117","98.80624426078971","170.79365079365078"
"17","60","5","false","25","5","72","87.41965105601469","148.9827856025039"
"16","60","5","false","25","5","118","98.89807162534436","170.95238095238093"
"16","60","5","false","25","5","119","98.89807162534436","170.95238095238093"
"10","60","5","false","5","5","258","100","163.26836581709145"
"16","60","5","false","25","5","120","98.89807162534436","170.95238095238093"
"2","60","5","false","5","5","441","100","172.85714285714286"
"17","60","5","false","25","5","73","88.33792470156106","150.54773082942097"
"16","60","5","false","25","5","121","98.89807162534436","170.95238095238093"
"17","60","5","false","25","5","74","89.34802571166207","152.26917057902972"
"3","60","5","false","5","5","404","100","167.79661016949152"
"17","60","5","false","25","5","75","90.35812672176309","153.9906103286385"
"16","60","5","false","25","5","122","98.98989898989899","171.11111111111111"
"1","60","5","false","5","5","28","80.53259871441689","136.81747269890795"
"5","60","5","false","5","5","454","100","165"
"16","60","5","false","25","5","123","98.98989898989899","171.11111111111111"
"17","60","5","false","25","5","76","91.27640036730946","155.55555555555557"
"16","60","5","false","25","5","124","99.08172635445362","171.26984126984127"
"2","60","5","false","5","5","442","100","172.85714285714286"
"18","60","5","false","25","5","2","6.703397612488522","11.68"
"17","60","5","false","25","5","77","92.28650137741047","157.27699530516432"
"10","60","5","false","5","5","259","100","163.26836581709145"
"16","60","5","false","25","5","125","99.08172635445362","171.26984126984127"
"3","60","5","false","5","5","405","100","167.79661016949152"
"9","60","5","false","5","5","421","100","171.49606299212599"
"5","60","5","false","5","5","455","100","165"
"16","60","5","false","25","5","126","99.08172635445362","171.26984126984127"
"17","60","5","false","25","5","78","93.38842975206612","159.1549295774648"
"16","60","5","false","25","5","127","99.35720844811755","171.74603174603175"
"17","60","5","false","25","5","79","93.8475665748393","159.9374021909233"
"16","60","5","false","25","5","128","99.35720844811755","171.74603174603175"
"16","60","5","false","25","5","129","99.44903581267218","171.90476190476193"
"18","60","5","false","25","5","3","8.81542699724518","15.36"
"17","60","5","false","25","5","80","94.5821854912764","161.18935837245695"
"2","60","5","false","5","5","443","100","172.85714285714286"
"16","60","5","false","25","5","130","99.44903581267218","171.90476190476193"
"17","60","5","false","25","5","81","94.8576675849403","161.65884194053208"
"10","60","5","false","5","5","260","100","163.26836581709145"
"16","60","5","false","25","5","131","99.44903581267218","171.90476190476193"
"3","60","5","false","5","5","406","100","167.79661016949152"
"9","60","5","false","5","5","422","100","171.49606299212599"
"17","60","5","false","25","5","82","94.94949494949495","161.8153364632238"
"16","60","5","false","25","5","132","99.44903581267218","171.90476190476193"
"18","60","5","false","25","5","4","10.46831955922865","18.240000000000002"
"5","60","5","false","5","5","456","100","165"
"16","60","5","false","25","5","133","99.44903581267218","171.90476190476193"
"17","60","5","false","25","5","83","95.40863177226814","162.5978090766823"
"2","60","5","false","5","5","444","100","172.85714285714286"
"16","60","5","false","25","5","134","99.44903581267218","171.90476190476193"
"9","60","5","false","5","5","423","100","171.49606299212599"
"17","60","5","false","25","5","84","95.50045913682277","162.75430359937403"
"10","60","5","false","5","5","261","100","163.26836581709145"
"18","60","5","false","25","5","5","12.396694214876034","21.6"
"16","60","5","false","25","5","135","99.54086317722681","172.06349206349208"
"5","60","5","false","5","5","457","100","165"
"17","60","5","false","25","5","85","95.59228650137742","162.91079812206573"
"16","60","5","false","25","5","136","99.54086317722681","172.06349206349208"
"2","60","5","false","5","5","445","100","172.85714285714286"
"3","60","5","false","5","5","407","100","167.79661016949152"
"10","60","5","false","5","5","262","100","163.26836581709145"
"17","60","5","false","25","5","86","95.59228650137742","162.91079812206573"
"16","60","5","false","25","5","137","99.54086317722681","172.06349206349208"
"18","60","5","false","25","5","6","14.23324150596878","24.8"
"9","60","5","false","5","5","424","100","171.49606299212599"
"16","60","5","false","25","5","138","99.54086317722681","172.06349206349208"
"17","60","5","false","25","5","87","95.68411386593205","163.06729264475743"
"18","60","5","false","25","5","7","16.161616161616163","28.16"
"16","60","5","false","25","5","139","99.54086317722681","172.06349206349208"
"5","60","5","false","5","5","458","100","165"
"2","60","5","false","5","5","446","100","172.85714285714286"
"17","60","5","false","25","5","88","95.77594123048668","163.22378716744913"
"16","60","5","false","25","5","140","99.54086317722681","172.06349206349208"
"17","60","5","false","25","5","89","95.86776859504133","163.38028169014086"
"18","60","5","false","25","5","8","17.722681359044994","30.880000000000003"
"3","60","5","false","5","5","408","100","167.79661016949152"
"9","60","5","false","5","5","425","100","171.49606299212599"
"17","60","5","false","25","5","90","95.86776859504133","163.38028169014086"
"16","60","5","false","25","5","141","99.54086317722681","172.06349206349208"
"10","60","5","false","5","5","263","100","163.26836581709145"
"2","60","5","false","5","5","447","100","172.85714285714286"
"17","60","5","false","25","5","91","95.86776859504133","163.38028169014086"
"16","60","5","false","25","5","142","99.54086317722681","172.06349206349208"
"5","60","5","false","5","5","459","100","165"
"17","60","5","false","25","5","92","95.86776859504133","163.38028169014086"
"18","60","5","false","25","5","9","19.55922865013774","34.08"
"16","60","5","false","25","5","143","99.54086317722681","172.06349206349208"
"3","60","5","false","5","5","409","100","167.79661016949152"
"9","60","5","false","5","5","426","100","171.49606299212599"
"2","60","5","false","5","5","448","100","172.85714285714286"
"10","60","5","false","5","5","264","100","163.26836581709145"
"16","60","5","false","25","5","144","99.54086317722681","172.06349206349208"
"19","60","5","false","25","5","0","1.6528925619834711","2.9268292682926833"
"18","60","5","false","25","5","10","21.120293847566572","36.8"
"16","60","5","false","25","5","145","99.54086317722681","172.06349206349208"
"19","60","5","false","25","5","1","3.7649219467401287","6.666666666666667"
"5","60","5","false","5","5","460","100","165"
"9","60","5","false","5","5","427","100","171.49606299212599"
"19","60","5","false","25","5","2","5.693296602387512","10.08130081300813"
"3","60","5","false","5","5","410","100","167.79661016949152"
"16","60","5","false","25","5","146","99.63269054178146","172.22222222222223"
"2","60","5","false","5","5","449","100","172.85714285714286"
"18","60","5","false","25","5","11","22.773186409550046","39.68"
"19","60","5","false","25","5","3","7.529843893480257","13.333333333333334"
"16","60","5","false","25","5","147","99.63269054178146","172.22222222222223"
"10","60","5","false","5","5","265","100","163.26836581709145"
"5","60","5","false","5","5","461","100","165"
"9","60","5","false","5","5","428","100","171.49606299212599"
"19","60","5","false","25","5","4","9.182736455463727","16.260162601626014"
"16","60","5","false","25","5","148","99.72451790633609","172.38095238095238"
"18","60","5","false","25","5","12","24.609733700642792","42.88"
"19","60","5","false","25","5","5","11.570247933884298","20.48780487804878"
"2","60","5","false","5","5","450","100","172.85714285714286"
"16","60","5","false","25","5","149","99.72451790633609","172.38095238095238"
"19","60","5","false","25","5","6","13.406795224977044","23.739837398373982"
"3","60","5","false","5","5","411","100","167.79661016949152"
"18","60","5","false","25","5","13","26.446280991735538","46.08"
"16","60","5","false","25","5","150","99.72451790633609","172.38095238095238"
"19","60","5","false","25","5","7","15.5188246097337","27.479674796747965"
"5","60","5","false","5","5","462","100","165"
"9","60","5","false","5","5","429","100","171.49606299212599"
"10","60","5","false","5","5","266","100","163.26836581709145"
"16","60","5","false","25","5","151","99.81634527089072","172.53968253968256"
"19","60","5","false","25","5","8","17.90633608815427","31.70731707317073"
"3","60","5","false","5","5","412","100","167.79661016949152"
"2","60","5","false","5","5","451","100","172.85714285714286"
"19","60","5","false","25","5","9","19.742883379247015","34.959349593495936"
"18","60","5","false","25","5","14","28.37465564738292","49.44"
"16","60","5","false","25","5","152","99.81634527089072","172.53968253968256"
"5","60","5","false","5","5","463","100","165"
"19","60","5","false","25","5","10","21.395775941230486","37.886178861788615"
"16","60","5","false","25","5","153","99.81634527089072","172.53968253968256"
"18","60","5","false","25","5","15","29.843893480257115","52"
"9","60","5","false","5","5","430","100","171.49606299212599"
"19","60","5","false","25","5","11","22.681359044995407","40.16260162601626"
"10","60","5","false","5","5","267","100","163.26836581709145"
"3","60","5","false","5","5","413","100","167.79661016949152"
"16","60","5","false","25","5","154","99.81634527089072","172.53968253968256"
"19","60","5","false","25","5","12","23.59963269054178","41.78861788617886"
"16","60","5","false","25","5","155","99.81634527089072","172.53968253968256"
"18","60","5","false","25","5","16","31.129476584022036","54.24"
"2","60","5","false","5","5","452","100","172.85714285714286"
"19","60","5","false","25","5","13","24.517906336088156","43.41463414634146"
"19","60","5","false","25","5","14","25.895316804407713","45.85365853658537"
"16","60","5","false","25","5","156","99.81634527089072","172.53968253968256"
"5","60","5","false","5","5","464","100","165"
"1","60","5","false","5","5","29","81.17539026629935","137.90951638065522"
"18","60","5","false","25","5","17","32.415059687786965","56.48"
"9","60","5","false","5","5","431","100","171.49606299212599"
"10","60","5","false","5","5","268","100","163.26836581709145"
"16","60","5","false","25","5","157","99.81634527089072","172.53968253968256"
"19","60","5","false","25","5","15","26.905417814508723","47.642276422764226"
"3","60","5","false","5","5","414","100","167.79661016949152"
"16","60","5","false","25","5","158","99.81634527089072","172.53968253968256"
"2","60","5","false","5","5","453","100","172.85714285714286"
"19","60","5","false","25","5","16","27.915518824609737","49.43089430894309"
"16","60","5","false","25","5","159","99.81634527089072","172.53968253968256"
"19","60","5","false","25","5","17","29.201101928374655","51.707317073170735"
"18","60","5","false","25","5","18","33.97612488521579","59.199999999999996"
"16","60","5","false","25","5","160","99.81634527089072","172.53968253968256"
"5","60","5","false","5","5","465","100","165"
"19","60","5","false","25","5","18","30.57851239669421","54.146341463414636"
"16","60","5","false","25","5","161","99.81634527089072","172.53968253968256"
"9","60","5","false","5","5","432","100","171.49606299212599"
"19","60","5","false","25","5","19","31.86409550045914","56.422764227642276"
"18","60","5","false","25","5","19","35.81267217630854","62.4"
"10","60","5","false","5","5","269","100","163.26836581709145"
"19","60","5","false","25","5","20","33.14967860422406","58.69918699186992"
"16","60","5","false","25","5","162","99.81634527089072","172.53968253968256"
"3","60","5","false","5","5","415","100","167.79661016949152"
"2","60","5","false","5","5","454","100","172.85714285714286"
"16","60","5","false","25","5","163","99.81634527089072","172.53968253968256"
"5","60","5","false","5","5","466","100","165"
"19","60","5","false","25","5","21","34.80257116620753","61.6260162601626"
"9","60","5","false","5","5","433","100","171.49606299212599"
"16","60","5","false","25","5","164","99.81634527089072","172.53968253968256"
"19","60","5","false","25","5","22","36.54729109274564","64.71544715447153"
"16","60","5","false","25","5","165","99.81634527089072","172.53968253968256"
"18","60","5","false","25","5","20","37.64921946740129","65.60000000000001"
"19","60","5","false","25","5","23","38.20018365472911","67.64227642276423"
"16","60","5","false","25","5","166","99.90817263544535","172.6984126984127"
"10","60","5","false","5","5","270","100","163.26836581709145"
"3","60","5","false","5","5","416","100","167.79661016949152"
"16","60","5","false","25","5","167","99.90817263544535","172.6984126984127"
"19","60","5","false","25","5","24","39.76124885215794","70.40650406504065"
"16","60","5","false","25","5","168","99.90817263544535","172.6984126984127"
"5","60","5","false","5","5","467","100","165"
"2","60","5","false","5","5","455","100","172.85714285714286"
"19","60","5","false","25","5","25","41.04683195592286","72.6829268292683"
"16","60","5","false","25","5","169","99.90817263544535","172.6984126984127"
"18","60","5","false","25","5","21","39.30211202938476","68.47999999999999"
"9","60","5","false","5","5","434","100","171.49606299212599"
"16","60","5","false","25","5","170","99.90817263544535","172.6984126984127"
"19","60","5","false","25","5","26","41.68962350780532","73.8211382113821"
"5","60","5","false","5","5","468","100","165"
"19","60","5","false","25","5","27","42.14876033057851","74.63414634146342"
"10","60","5","false","5","5","271","100","163.26836581709145"
"16","60","5","false","25","5","171","99.90817263544535","172.6984126984127"
"2","60","5","false","5","5","456","100","172.85714285714286"
"3","60","5","false","5","5","417","100","167.79661016949152"
"18","60","5","false","25","5","22","40.86317722681359","71.2"
"19","60","5","false","25","5","28","42.42424242424242","75.1219512195122"
"16","60","5","false","25","5","172","99.90817263544535","172.6984126984127"
"5","60","5","false","5","5","469","100","165"
"16","60","5","false","25","5","173","99.90817263544535","172.6984126984127"
"19","60","5","false","25","5","29","42.79155188246097","75.77235772357723"
"9","60","5","false","5","5","435","100","171.49606299212599"
"16","60","5","false","25","5","174","99.90817263544535","172.6984126984127"
"19","60","5","false","25","5","30","43.34251606978879","76.7479674796748"
"10","60","5","false","5","5","272","100","163.26836581709145"
"18","60","5","false","25","5","23","42.33241505968779","73.76"
"19","60","5","false","25","5","31","43.89348025711662","77.72357723577235"
"2","60","5","false","5","5","457","100","172.85714285714286"
"3","60","5","false","5","5","418","100","167.79661016949152"
"16","60","5","false","25","5","175","99.90817263544535","172.6984126984127"
"5","60","5","false","5","5","470","100","165"
"19","60","5","false","25","5","32","44.352617079889804","78.53658536585367"
"9","60","5","false","5","5","436","100","171.49606299212599"
"18","60","5","false","25","5","24","43.61799816345271","76"
"16","60","5","false","25","5","176","99.90817263544535","172.6984126984127"
"19","60","5","false","25","5","33","44.90358126721763","79.51219512195122"
"16","60","5","false","25","5","177","99.90817263544535","172.6984126984127"
"19","60","5","false","25","5","34","45.73002754820937","80.97560975609757"
"19","60","5","false","25","5","35","46.5564738292011","82.4390243902439"
"16","60","5","false","25","5","178","99.90817263544535","172.6984126984127"
"10","60","5","false","5","5","273","100","163.26836581709145"
"19","60","5","false","25","5","36","47.38292011019284","83.90243902439025"
"16","60","5","false","25","5","179","99.90817263544535","172.6984126984127"
"19","60","5","false","25","5","37","48.576675849403124","86.01626016260163"
"18","60","5","false","25","5","25","44.90358126721763","78.24"
"2","60","5","false","5","5","458","100","172.85714285714286"
"16","60","5","false","25","5","180","99.90817263544535","172.6984126984127"
"16","60","5","false","25","5","181","99.90817263544535","172.6984126984127"
"19","60","5","false","25","5","38","49.862258953168045","88.29268292682927"
"5","60","5","false","5","5","471","100","165"
"9","60","5","false","5","5","437","100","171.49606299212599"
"16","60","5","false","25","5","182","99.90817263544535","172.6984126984127"
"3","60","5","false","5","5","419","100","167.79661016949152"
"16","60","5","false","25","5","183","99.90817263544535","172.6984126984127"
"19","60","5","false","25","5","39","51.331496786042244","90.89430894308943"
"16","60","5","false","25","5","184","99.90817263544535","172.6984126984127"
"18","60","5","false","25","5","26","46.097337006427914","80.32000000000001"
"19","60","5","false","25","5","40","53.07621671258035","93.98373983739837"
"16","60","5","false","25","5","185","99.90817263544535","172.6984126984127"
"19","60","5","false","25","5","41","55.09641873278237","97.5609756097561"
"16","60","5","false","25","5","186","99.90817263544535","172.6984126984127"
"19","60","5","false","25","5","42","56.84113865932048","100.65040650406505"
"16","60","5","false","25","5","187","99.90817263544535","172.6984126984127"
"5","60","5","false","5","5","472","100","165"
"10","60","5","false","5","5","274","100","163.26836581709145"
"2","60","5","false","5","5","459","100","172.85714285714286"
"16","60","5","false","25","5","188","99.90817263544535","172.6984126984127"
"19","60","5","false","25","5","43","58.03489439853077","102.76422764227642"
"16","60","5","false","25","5","189","99.90817263544535","172.6984126984127"
"19","60","5","false","25","5","44","59.59595959595959","105.52845528455283"
"16","60","5","false","25","5","190","99.90817263544535","172.6984126984127"
"19","60","5","false","25","5","45","60.97337006427915","107.96747967479673"
"18","60","5","false","25","5","27","47.2910927456382","82.39999999999999"
"3","60","5","false","5","5","420","100","167.79661016949152"
"16","60","5","false","25","5","191","99.90817263544535","172.6984126984127"
"9","60","5","false","5","5","438","100","171.49606299212599"
"19","60","5","false","25","5","46","62.71808999081726","111.0569105691057"
"5","60","5","false","5","5","473","100","165"
"19","60","5","false","25","5","47","64.2791551882461","113.8211382113821"
"16","60","5","false","25","5","192","99.90817263544535","172.6984126984127"
"16","60","5","false","25","5","193","99.90817263544535","172.6984126984127"
"18","60","5","false","25","5","28","48.117539026629935","83.84"
"19","60","5","false","25","5","48","65.93204775022957","116.7479674796748"
"19","60","5","false","25","5","49","67.4931129476584","119.51219512195121"
"16","60","5","false","25","5","194","99.90817263544535","172.6984126984127"
"19","60","5","false","25","5","50","68.77869605142332","121.78861788617886"
"16","60","5","false","25","5","195","99.90817263544535","172.6984126984127"
"19","60","5","false","25","5","51","69.6969696969697","123.41463414634146"
"16","60","5","false","25","5","196","99.90817263544535","172.6984126984127"
"9","60","5","false","5","5","439","100","171.49606299212599"
"2","60","5","false","5","5","460","100","172.85714285714286"
"10","60","5","false","5","5","275","100","163.26836581709145"
"16","60","5","false","25","5","197","99.90817263544535","172.6984126984127"
"19","60","5","false","25","5","52","70.43158861340679","124.71544715447153"
"16","60","5","false","25","5","198","99.90817263544535","172.6984126984127"
"19","60","5","false","25","5","53","71.07438016528926","125.85365853658537"
"16","60","5","false","25","5","199","99.90817263544535","172.6984126984127"
"18","60","5","false","25","5","29","49.219467401285584","85.76"
"19","60","5","false","25","5","54","71.44168962350781","126.50406504065042"
"16","60","5","false","25","5","200","99.90817263544535","172.6984126984127"
"3","60","5","false","5","5","421","100","167.79661016949152"
"5","60","5","false","5","5","474","100","165"
"19","60","5","false","25","5","55","72.35996326905418","128.130081300813"
"16","60","5","false","25","5","201","99.90817263544535","172.6984126984127"
"2","60","5","false","5","5","461","100","172.85714285714286"
"16","60","5","false","25","5","202","99.90817263544535","172.6984126984127"
"19","60","5","false","25","5","56","73.00275482093664","129.26829268292684"
"16","60","5","false","25","5","203","99.90817263544535","172.6984126984127"
"9","60","5","false","5","5","440","100","171.49606299212599"
"5","60","5","false","5","5","475","100","165"
"18","60","5","false","25","5","30","50.505050505050505","88"
"16","60","5","false","25","5","204","99.90817263544535","172.6984126984127"
"19","60","5","false","25","5","57","73.6455463728191","130.40650406504065"
"10","60","5","false","5","5","276","100","163.26836581709145"
"2","60","5","false","5","5","462","100","172.85714285714286"
"3","60","5","false","5","5","422","100","167.79661016949152"
"16","60","5","false","25","5","205","99.90817263544535","172.6984126984127"
"19","60","5","false","25","5","58","74.10468319559229","131.21951219512195"
"16","60","5","false","25","5","206","99.90817263544535","172.6984126984127"
"18","60","5","false","25","5","31","51.42332415059688","89.60000000000001"
"16","60","5","false","25","5","207","99.90817263544535","172.6984126984127"
"19","60","5","false","25","5","59","74.83930211202939","132.52032520325204"
"16","60","5","false","25","5","208","99.90817263544535","172.6984126984127"
"16","60","5","false","25","5","209","99.90817263544535","172.6984126984127"
"9","60","5","false","5","5","441","100","171.49606299212599"
"5","60","5","false","5","5","476","100","165"
"19","60","5","false","25","5","60","75.29843893480258","133.33333333333331"
"18","60","5","false","25","5","32","52.066115702479344","90.72"
"16","60","5","false","25","5","210","99.90817263544535","172.6984126984127"
"19","60","5","false","25","5","61","76.03305785123968","134.63414634146343"
"2","60","5","false","5","5","463","100","172.85714285714286"
"10","60","5","false","5","5","277","100","163.26836581709145"
"16","60","5","false","25","5","211","99.90817263544535","172.6984126984127"
"3","60","5","false","5","5","423","100","167.79661016949152"
"19","60","5","false","25","5","62","77.04315886134067","136.4227642276423"
"16","60","5","false","25","5","212","99.90817263544535","172.6984126984127"
"16","60","5","false","25","5","213","99.90817263544535","172.6984126984127"
"19","60","5","false","25","5","63","78.23691460055096","138.53658536585365"
"2","60","5","false","5","5","464","100","172.85714285714286"
"5","60","5","false","5","5","477","100","165"
"19","60","5","false","25","5","64","79.33884297520662","140.48780487804876"
"18","60","5","false","25","5","33","52.708907254361804","91.84"
"16","60","5","false","25","5","214","99.90817263544535","172.6984126984127"
"10","60","5","false","5","5","278","100","163.26836581709145"
"9","60","5","false","5","5","442","100","171.49606299212599"
"16","60","5","false","25","5","215","99.90817263544535","172.6984126984127"
"3","60","5","false","5","5","424","100","167.79661016949152"
"19","60","5","false","25","5","65","80.0734618916437","141.78861788617888"
"2","60","5","false","5","5","465","100","172.85714285714286"
"16","60","5","false","25","5","216","99.90817263544535","172.6984126984127"
"19","60","5","false","25","5","66","80.99173553719008","143.41463414634146"
"19","60","5","false","25","5","67","82.09366391184572","145.3658536585366"
"16","60","5","false","25","5","217","99.90817263544535","172.6984126984127"
"3","60","5","false","5","5","425","100","167.79661016949152"
"18","60","5","false","25","5","34","53.351698806244265","92.96"
"16","60","5","false","25","5","218","99.90817263544535","172.6984126984127"
"5","60","5","false","5","5","478","100","165"
"19","60","5","false","25","5","68","83.65472910927456","148.130081300813"
"16","60","5","false","25","5","219","99.90817263544535","172.6984126984127"
"2","60","5","false","5","5","466","100","172.85714285714286"
"9","60","5","false","5","5","443","100","171.49606299212599"
"16","60","5","false","25","5","220","99.90817263544535","172.6984126984127"
"10","60","5","false","5","5","279","100","163.26836581709145"
"18","60","5","false","25","5","35","54.178145087236","94.39999999999999"
"19","60","5","false","25","5","69","84.84848484848484","150.2439024390244"
"16","60","5","false","25","5","221","99.90817263544535","172.6984126984127"
"19","60","5","false","25","5","70","86.31772268135904","152.84552845528455"
"16","60","5","false","25","5","222","99.90817263544535","172.6984126984127"
"5","60","5","false","5","5","479","100","165"
"18","60","5","false","25","5","36","54.729109274563825","95.36"
"16","60","5","false","25","5","223","99.90817263544535","172.6984126984127"
"3","60","5","false","5","5","426","100","167.79661016949152"
"19","60","5","false","25","5","71","87.60330578512396","155.1219512195122"
"16","60","5","false","25","5","224","99.90817263544535","172.6984126984127"
"9","60","5","false","5","5","444","100","171.49606299212599"
"16","60","5","false","25","5","225","99.90817263544535","172.6984126984127"
"16","60","5","false","25","5","226","99.90817263544535","172.6984126984127"
"10","60","5","false","5","5","280","100","163.26836581709145"
"19","60","5","false","25","5","72","88.24609733700642","156.260162601626"
"2","60","5","false","5","5","467","100","172.85714285714286"
"18","60","5","false","25","5","37","55.188246097337","96.16"
"5","60","5","false","5","5","480","100","165"
"16","60","5","false","25","5","227","99.90817263544535","172.6984126984127"
"16","60","5","false","25","5","228","99.90817263544535","172.6984126984127"
"19","60","5","false","25","5","73","88.70523415977961","157.07317073170734"
"16","60","5","false","25","5","229","99.90817263544535","172.6984126984127"
"18","60","5","false","25","5","38","56.014692378328746","97.6"
"19","60","5","false","25","5","74","88.79706152433425","157.23577235772356"
"3","60","5","false","5","5","427","100","167.79661016949152"
"16","60","5","false","25","5","230","99.90817263544535","172.6984126984127"
"2","60","5","false","5","5","468","100","172.85714285714286"
"19","60","5","false","25","5","75","89.07254361799816","157.72357723577235"
"1","60","5","false","5","5","30","81.5426997245179","138.5335413416537"
"9","60","5","false","5","5","445","100","171.49606299212599"
"16","60","5","false","25","5","231","99.90817263544535","172.6984126984127"
"19","60","5","false","25","5","76","89.4398530762167","158.3739837398374"
"10","60","5","false","5","5","281","100","163.26836581709145"
"19","60","5","false","25","5","77","89.71533516988063","158.8617886178862"
"18","60","5","false","25","5","39","57.116620752984396","99.52"
"5","60","5","false","5","5","481","100","165"
"16","60","5","false","25","5","232","99.90817263544535","172.6984126984127"
"19","60","5","false","25","5","78","89.99081726354453","159.34959349593495"
"16","60","5","false","25","5","233","99.90817263544535","172.6984126984127"
"19","60","5","false","25","5","79","90.17447199265382","159.67479674796746"
"2","60","5","false","5","5","469","100","172.85714285714286"
"16","60","5","false","25","5","234","99.90817263544535","172.6984126984127"
"19","60","5","false","25","5","80","90.633608815427","160.4878048780488"
"3","60","5","false","5","5","428","100","167.79661016949152"
"19","60","5","false","25","5","81","91.00091827364555","161.1382113821138"
"19","60","5","false","25","5","82","91.27640036730946","161.6260162601626"
"16","60","5","false","25","5","235","99.90817263544535","172.6984126984127"
"9","60","5","false","5","5","446","100","171.49606299212599"
"18","60","5","false","25","5","40","58.03489439853077","101.12"
"10","60","5","false","5","5","282","100","163.26836581709145"
"5","60","5","false","5","5","482","100","165"
"16","60","5","false","25","5","236","99.90817263544535","172.6984126984127"
"2","60","5","false","5","5","470","100","172.85714285714286"
"16","60","5","false","25","5","237","99.90817263544535","172.6984126984127"
"16","60","5","false","25","5","238","99.90817263544535","172.6984126984127"
"16","60","5","false","25","5","239","99.90817263544535","172.6984126984127"
"3","60","5","false","5","5","429","100","167.79661016949152"
"16","60","5","false","25","5","240","99.90817263544535","172.6984126984127"
"19","60","5","false","25","5","83","91.643709825528","162.27642276422765"
"16","60","5","false","25","5","241","99.90817263544535","172.6984126984127"
"19","60","5","false","25","5","84","92.19467401285583","163.2520325203252"
"16","60","5","false","25","5","242","99.90817263544535","172.6984126984127"
"16","60","5","false","25","5","243","99.90817263544535","172.6984126984127"
"19","60","5","false","25","5","85","92.56198347107438","163.90243902439025"
"18","60","5","false","25","5","41","59.77961432506888","104.16000000000001"
"16","60","5","false","25","5","244","99.90817263544535","172.6984126984127"
"2","60","5","false","5","5","471","100","172.85714285714286"
"9","60","5","false","5","5","447","100","171.49606299212599"
"19","60","5","false","25","5","86","92.8374655647383","164.390243902439"
"16","60","5","false","25","5","245","99.90817263544535","172.6984126984127"
"10","60","5","false","5","5","283","100","163.26836581709145"
"5","60","5","false","5","5","483","100","165"
"19","60","5","false","25","5","87","93.02112029384757","164.71544715447155"
"16","60","5","false","25","5","246","99.90817263544535","172.6984126984127"
"3","60","5","false","5","5","430","100","167.79661016949152"
"16","60","5","false","25","5","247","99.90817263544535","172.6984126984127"
"19","60","5","false","25","5","88","93.29660238751147","165.20325203252034"
"18","60","5","false","25","5","42","60.78971533516988","105.91999999999999"
"16","60","5","false","25","5","248","100","172.85714285714286"
"19","60","5","false","25","5","89","93.66391184573003","165.85365853658536"
"16","60","5","false","25","5","249","100","172.85714285714286"
"16","60","5","false","25","5","250","100","172.85714285714286"
"19","60","5","false","25","5","90","93.8475665748393","166.1788617886179"
"2","60","5","false","5","5","472","100","172.85714285714286"
"5","60","5","false","5","5","484","100","165"
"18","60","5","false","25","5","43","61.70798898071625","107.52"
"16","60","5","false","25","5","251","100","172.85714285714286"
"9","60","5","false","5","5","448","100","171.49606299212599"
"19","60","5","false","25","5","91","94.03122130394857","166.5040650406504"
"10","60","5","false","5","5","284","100","163.26836581709145"
"19","60","5","false","25","5","92","94.21487603305785","166.8292682926829"
"16","60","5","false","25","5","252","100","172.85714285714286"
"3","60","5","false","5","5","431","100","167.79661016949152"
"18","60","5","false","25","5","44","62.71808999081726","109.28"
"19","60","5","false","25","5","93","94.3067033976125","166.9918699186992"
"16","60","5","false","25","5","253","100","172.85714285714286"
"16","60","5","false","25","5","254","100","172.85714285714286"
"19","60","5","false","25","5","94","94.3067033976125","166.9918699186992"
"16","60","5","false","25","5","255","100","172.85714285714286"
"19","60","5","false","25","5","95","94.49035812672176","167.3170731707317"
"2","60","5","false","5","5","473","100","172.85714285714286"
"16","60","5","false","25","5","256","100","172.85714285714286"
"5","60","5","false","5","5","485","100","165"
"16","60","5","false","25","5","257","100","172.85714285714286"
"19","60","5","false","25","5","96","94.49035812672176","167.3170731707317"
"16","60","5","false","25","5","258","100","172.85714285714286"
"9","60","5","false","5","5","449","100","171.49606299212599"
"19","60","5","false","25","5","97","94.67401285583104","167.64227642276424"
"16","60","5","false","25","5","259","100","172.85714285714286"
"18","60","5","false","25","5","45","63.72819100091828","111.04"
"10","60","5","false","5","5","285","100","163.26836581709145"
"16","60","5","false","25","5","260","100","172.85714285714286"
"19","60","5","false","25","5","98","94.67401285583104","167.64227642276424"
"3","60","5","false","5","5","432","100","167.79661016949152"
"2","60","5","false","5","5","474","100","172.85714285714286"
"5","60","5","false","5","5","486","100","165"
"19","60","5","false","25","5","99","94.67401285583104","167.64227642276424"
"16","60","5","false","25","5","261","100","172.85714285714286"
"18","60","5","false","25","5","46","64.64646464646465","112.64"
"16","60","5","false","25","5","262","100","172.85714285714286"
"16","60","5","false","25","5","263","100","172.85714285714286"
"19","60","5","false","25","5","100","94.67401285583104","167.64227642276424"
"16","60","5","false","25","5","264","100","172.85714285714286"
"2","60","5","false","5","5","475","100","172.85714285714286"
"19","60","5","false","25","5","101","94.67401285583104","167.64227642276424"
"5","60","5","false","5","5","487","100","165"
"18","60","5","false","25","5","47","65.38108356290174","113.92"
"16","60","5","false","25","5","265","100","172.85714285714286"
"9","60","5","false","5","5","450","100","171.49606299212599"
"10","60","5","false","5","5","286","100","163.26836581709145"
"16","60","5","false","25","5","266","100","172.85714285714286"
"19","60","5","false","25","5","102","94.67401285583104","167.64227642276424"
"3","60","5","false","5","5","433","100","167.79661016949152"
"19","60","5","false","25","5","103","94.76584022038568","167.8048780487805"
"2","60","5","false","5","5","476","100","172.85714285714286"
"16","60","5","false","25","5","267","100","172.85714285714286"
"18","60","5","false","25","5","48","66.20752984389348","115.36"
"5","60","5","false","5","5","488","100","165"
"19","60","5","false","25","5","104","94.76584022038568","167.8048780487805"
"16","60","5","false","25","5","268","100","172.85714285714286"
"16","60","5","false","25","5","269","100","172.85714285714286"
"19","60","5","false","25","5","105","94.8576675849403","167.96747967479675"
"18","60","5","false","25","5","49","66.7584940312213","116.32000000000001"
"16","60","5","false","25","5","270","100","172.85714285714286"
"9","60","5","false","5","5","451","100","171.49606299212599"
"19","60","5","false","25","5","106","94.8576675849403","167.96747967479675"
"16","60","5","false","25","5","271","100","172.85714285714286"
"2","60","5","false","5","5","477","100","172.85714285714286"
"19","60","5","false","25","5","107","94.8576675849403","167.96747967479675"
"18","60","5","false","25","5","50","67.67676767676768","117.92"
"3","60","5","false","5","5","434","100","167.79661016949152"
"16","60","5","false","25","5","272","100","172.85714285714286"
"5","60","5","false","5","5","489","100","165"
"10","60","5","false","5","5","287","100","163.26836581709145"
"19","60","5","false","25","5","108","94.8576675849403","167.96747967479675"
"16","60","5","false","25","5","273","100","172.85714285714286"
"19","60","5","false","25","5","109","94.8576675849403","167.96747967479675"
"16","60","5","false","25","5","274","100","172.85714285714286"
"18","60","5","false","25","5","51","68.50321395775941","119.36"
"16","60","5","false","25","5","275","100","172.85714285714286"
"19","60","5","false","25","5","110","94.8576675849403","167.96747967479675"
"2","60","5","false","5","5","478","100","172.85714285714286"
"16","60","5","false","25","5","276","100","172.85714285714286"
"9","60","5","false","5","5","452","100","171.49606299212599"
"5","60","5","false","5","5","490","100","165"
"19","60","5","false","25","5","111","94.94949494949495","168.130081300813"
"16","60","5","false","25","5","277","100","172.85714285714286"
"18","60","5","false","25","5","52","68.9623507805326","120.16"
"19","60","5","false","25","5","112","95.0413223140496","168.29268292682926"
"16","60","5","false","25","5","278","100","172.85714285714286"
"2","60","5","false","5","5","479","100","172.85714285714286"
"19","60","5","false","25","5","113","95.0413223140496","168.29268292682926"
"16","60","5","false","25","5","279","100","172.85714285714286"
"18","60","5","false","25","5","53","69.42148760330579","120.96000000000001"
"10","60","5","false","5","5","288","100","163.26836581709145"
"19","60","5","false","25","5","114","95.22497704315886","168.6178861788618"
"16","60","5","false","25","5","280","100","172.85714285714286"
"5","60","5","false","5","5","491","100","165"
"19","60","5","false","25","5","115","95.31680440771349","168.78048780487805"
"16","60","5","false","25","5","281","100","172.85714285714286"
"2","60","5","false","5","5","480","100","172.85714285714286"
"16","60","5","false","25","5","282","100","172.85714285714286"
"19","60","5","false","25","5","116","95.31680440771349","168.78048780487805"
"16","60","5","false","25","5","283","100","172.85714285714286"
"19","60","5","false","25","5","117","95.50045913682277","169.1056910569106"
"16","60","5","false","25","5","284","100","172.85714285714286"
"3","60","5","false","5","5","435","100","167.79661016949152"
"19","60","5","false","25","5","118","95.68411386593205","169.4308943089431"
"16","60","5","false","25","5","285","100","172.85714285714286"
"19","60","5","false","25","5","119","95.86776859504133","169.7560975609756"
"5","60","5","false","5","5","492","100","165"
"16","60","5","false","25","5","286","100","172.85714285714286"
"19","60","5","false","25","5","120","95.86776859504133","169.7560975609756"
"9","60","5","false","5","5","453","100","171.49606299212599"
"2","60","5","false","5","5","481","100","172.85714285714286"
"16","60","5","false","25","5","287","100","172.85714285714286"
"19","60","5","false","25","5","121","95.95959595959596","169.9186991869919"
"16","60","5","false","25","5","288","100","172.85714285714286"
"19","60","5","false","25","5","122","96.23507805325987","170.40650406504065"
"16","60","5","false","25","5","289","100","172.85714285714286"
"19","60","5","false","25","5","123","96.41873278236915","170.73170731707316"
"16","60","5","false","25","5","290","100","172.85714285714286"
"19","60","5","false","25","5","124","96.69421487603306","171.21951219512195"
"16","60","5","false","25","5","291","100","172.85714285714286"
"19","60","5","false","25","5","125","96.7860422405877","171.3821138211382"
"18","60","5","false","25","5","54","69.88062442607898","121.76"
"5","60","5","false","5","5","493","100","165"
"2","60","5","false","5","5","482","100","172.85714285714286"
"16","60","5","false","25","5","292","100","172.85714285714286"
"10","60","5","false","5","5","289","100","163.26836581709145"
"3","60","5","false","5","5","436","100","167.79661016949152"
"19","60","5","false","25","5","126","96.87786960514234","171.54471544715446"
"16","60","5","false","25","5","293","100","172.85714285714286"
"19","60","5","false","25","5","127","97.33700642791551","172.3577235772358"
"16","60","5","false","25","5","294","100","172.85714285714286"
"16","60","5","false","25","5","295","100","172.85714285714286"
"9","60","5","false","5","5","454","100","171.49606299212599"
"16","60","5","false","25","5","296","100","172.85714285714286"
"18","60","5","false","25","5","55","69.9724517906336","121.92"
"19","60","5","false","25","5","128","97.52066115702479","172.6829268292683"
"16","60","5","false","25","5","297","100","172.85714285714286"
"5","60","5","false","5","5","494","100","165"
"2","60","5","false","5","5","483","100","172.85714285714286"
"16","60","5","false","25","5","298","100","172.85714285714286"
"19","60","5","false","25","5","129","97.61248852157944","172.84552845528455"
"19","60","5","false","25","5","130","97.61248852157944","172.84552845528455"
"16","60","5","false","25","5","299","100","172.85714285714286"
"19","60","5","false","25","5","131","97.70431588613407","173.0081300813008"
"18","60","5","false","25","5","56","70.52341597796143","122.88"
"10","60","5","false","5","5","290","100","163.26836581709145"
"3","60","5","false","5","5","437","100","167.79661016949152"
"16","60","5","false","25","5","300","100","172.85714285714286"
"5","60","5","false","5","5","495","100","165"
"19","60","5","false","25","5","132","97.7961432506887","173.17073170731706"
"9","60","5","false","5","5","455","100","171.49606299212599"
"2","60","5","false","5","5","484","100","172.85714285714286"
"19","60","5","false","25","5","133","98.07162534435263","173.65853658536585"
"16","60","5","false","25","5","301","100","172.85714285714286"
"19","60","5","false","25","5","134","98.62258953168043","174.6341463414634"
"18","60","5","false","25","5","57","71.07438016528926","123.83999999999999"
"19","60","5","false","25","5","135","98.80624426078971","174.95934959349592"
"16","60","5","false","25","5","302","100","172.85714285714286"
"19","60","5","false","25","5","136","98.89807162534436","175.1219512195122"
"16","60","5","false","25","5","303","100","172.85714285714286"
"5","60","5","false","5","5","496","100","165"
"16","60","5","false","25","5","304","100","172.85714285714286"
"19","60","5","false","25","5","137","99.08172635445362","175.4471544715447"
"2","60","5","false","5","5","485","100","172.85714285714286"
"19","60","5","false","25","5","138","99.2653810835629","175.77235772357724"
"18","60","5","false","25","5","58","71.34986225895317","124.32000000000001"
"19","60","5","false","25","5","139","99.54086317722681","176.26016260162604"
"3","60","5","false","5","5","438","100","167.79661016949152"
"19","60","5","false","25","5","140","99.63269054178146","176.42276422764226"
"9","60","5","false","5","5","456","100","171.49606299212599"
"19","60","5","false","25","5","141","99.63269054178146","176.42276422764226"
"19","60","5","false","25","5","142","99.63269054178146","176.42276422764226"
"10","60","5","false","5","5","291","100","163.26836581709145"
"5","60","5","false","5","5","497","100","165"
"19","60","5","false","25","5","143","99.63269054178146","176.42276422764226"
"18","60","5","false","25","5","59","71.80899908172636","125.12"
"16","60","5","false","25","5","305","100","172.85714285714286"
"2","60","5","false","5","5","486","100","172.85714285714286"
"19","60","5","false","25","5","144","99.63269054178146","176.42276422764226"
"16","60","5","false","25","5","306","100","172.85714285714286"
"19","60","5","false","25","5","145","99.63269054178146","176.42276422764226"
"18","60","5","false","25","5","60","72.35996326905418","126.08"
"16","60","5","false","25","5","307","100","172.85714285714286"
"19","60","5","false","25","5","146","99.63269054178146","176.42276422764226"
"16","60","5","false","25","5","308","100","172.85714285714286"
"5","60","5","false","5","5","498","100","165"
"3","60","5","false","5","5","439","100","167.79661016949152"
"9","60","5","false","5","5","457","100","171.49606299212599"
"16","60","5","false","25","5","309","100","172.85714285714286"
"19","60","5","false","25","5","147","99.63269054178146","176.42276422764226"
"16","60","5","false","25","5","310","100","172.85714285714286"
"18","60","5","false","25","5","61","73.27823691460054","127.67999999999999"
"10","60","5","false","5","5","292","100","163.26836581709145"
"19","60","5","false","25","5","148","99.72451790633609","176.58536585365854"
"16","60","5","false","25","5","311","100","172.85714285714286"
"19","60","5","false","25","5","149","99.72451790633609","176.58536585365854"
"5","60","5","false","5","5","499","100","165"
"16","60","5","false","25","5","312","100","172.85714285714286"
"9","60","5","false","5","5","458","100","171.49606299212599"
"19","60","5","false","25","5","150","99.72451790633609","176.58536585365854"
"3","60","5","false","5","5","440","100","167.79661016949152"
"18","60","5","false","25","5","62","74.28833792470157","129.44"
"16","60","5","false","25","5","313","100","172.85714285714286"
"19","60","5","false","25","5","151","99.72451790633609","176.58536585365854"
"16","60","5","false","25","5","314","100","172.85714285714286"
"10","60","5","false","5","5","293","100","163.26836581709145"
"5","60","5","false","5","5","500","100","165"
"18","60","5","false","25","5","63","74.74747474747475","130.24"
"19","60","5","false","25","5","152","99.72451790633609","176.58536585365854"
"16","60","5","false","25","5","315","100","172.85714285714286"
"16","60","5","false","25","5","316","100","172.85714285714286"
"19","60","5","false","25","5","153","99.72451790633609","176.58536585365854"
"18","60","5","false","25","5","64","75.20661157024794","131.04"
"16","60","5","false","25","5","317","100","172.85714285714286"
"9","60","5","false","5","5","459","100","171.49606299212599"
"19","60","5","false","25","5","154","99.72451790633609","176.58536585365854"
"16","60","5","false","25","5","318","100","172.85714285714286"
"3","60","5","false","5","5","441","100","167.79661016949152"
"19","60","5","false","25","5","155","99.72451790633609","176.58536585365854"
"10","60","5","false","5","5","294","100","163.26836581709145"
"16","60","5","false","25","5","319","100","172.85714285714286"
"19","60","5","false","25","5","156","99.72451790633609","176.58536585365854"
"18","60","5","false","25","5","65","75.66574839302112","131.84"
"16","60","5","false","25","5","320","100","172.85714285714286"
"19","60","5","false","25","5","157","99.72451790633609","176.58536585365854"
"16","60","5","false","25","5","321","100","172.85714285714286"
"16","60","5","false","25","5","322","100","172.85714285714286"
"9","60","5","false","5","5","460","100","171.49606299212599"
"18","60","5","false","25","5","66","75.94123048668503","132.32"
"19","60","5","false","25","5","158","99.72451790633609","176.58536585365854"
"1","60","5","false","5","5","31","82.09366391184572","139.46957878315132"
"19","60","5","false","25","5","159","99.72451790633609","176.58536585365854"
"20","60","5","false","25","5","0","1.4692378328741964","2.5236593059936907"
"16","60","5","false","25","5","323","100","172.85714285714286"
"18","60","5","false","25","5","67","76.76767676767676","133.76"
"9","60","5","false","5","5","461","100","171.49606299212599"
"16","60","5","false","25","5","324","100","172.85714285714286"
"19","60","5","false","25","5","160","99.72451790633609","176.58536585365854"
"3","60","5","false","5","5","442","100","167.79661016949152"
"10","60","5","false","5","5","295","100","163.26836581709145"
"16","60","5","false","25","5","325","100","172.85714285714286"
"16","60","5","false","25","5","326","100","172.85714285714286"
"18","60","5","false","25","5","68","78.14508723599633","136.16"
"19","60","5","false","25","5","161","99.72451790633609","176.58536585365854"
"20","60","5","false","25","5","1","3.213957759412305","5.520504731861198"
"9","60","5","false","5","5","462","100","171.49606299212599"
"16","60","5","false","25","5","327","100","172.85714285714286"
"18","60","5","false","25","5","69","79.33884297520662","138.24"
"19","60","5","false","25","5","162","99.72451790633609","176.58536585365854"
"16","60","5","false","25","5","328","100","172.85714285714286"
"3","60","5","false","5","5","443","100","167.79661016949152"
"19","60","5","false","25","5","163","99.72451790633609","176.58536585365854"
"10","60","5","false","5","5","296","100","163.26836581709145"
"19","60","5","false","25","5","164","99.72451790633609","176.58536585365854"
"16","60","5","false","25","5","329","100","172.85714285714286"
"19","60","5","false","25","5","165","99.72451790633609","176.58536585365854"
"20","60","5","false","25","5","2","5.325987144168963","9.14826498422713"
"9","60","5","false","5","5","463","100","171.49606299212599"
"19","60","5","false","25","5","166","99.72451790633609","176.58536585365854"
"16","60","5","false","25","5","330","100","172.85714285714286"
"18","60","5","false","25","5","70","80.8080808080808","140.79999999999998"
"16","60","5","false","25","5","331","100","172.85714285714286"
"19","60","5","false","25","5","167","99.72451790633609","176.58536585365854"
"3","60","5","false","5","5","444","100","167.79661016949152"
"16","60","5","false","25","5","332","100","172.85714285714286"
"19","60","5","false","25","5","168","99.72451790633609","176.58536585365854"
"10","60","5","false","5","5","297","100","163.26836581709145"
"20","60","5","false","25","5","3","7.162534435261708","12.302839116719243"
"18","60","5","false","25","5","71","81.72635445362718","142.4"
"19","60","5","false","25","5","169","99.81634527089072","176.7479674796748"
"16","60","5","false","25","5","333","100","172.85714285714286"
"16","60","5","false","25","5","334","100","172.85714285714286"
"19","60","5","false","25","5","170","99.90817263544535","176.91056910569105"
"9","60","5","false","5","5","464","100","171.49606299212599"
"16","60","5","false","25","5","335","100","172.85714285714286"
"18","60","5","false","25","5","72","83.28741965105601","145.12"
"19","60","5","false","25","5","171","99.90817263544535","176.91056910569105"
"16","60","5","false","25","5","336","100","172.85714285714286"
"19","60","5","false","25","5","172","99.90817263544535","176.91056910569105"
"20","60","5","false","25","5","4","9.274563820018365","15.930599369085174"
"16","60","5","false","25","5","337","100","172.85714285714286"
"19","60","5","false","25","5","173","99.90817263544535","176.91056910569105"
"16","60","5","false","25","5","338","100","172.85714285714286"
"19","60","5","false","25","5","174","99.90817263544535","176.91056910569105"
"3","60","5","false","5","5","445","100","167.79661016949152"
"19","60","5","false","25","5","175","99.90817263544535","176.91056910569105"
"16","60","5","false","25","5","339","100","172.85714285714286"
"10","60","5","false","5","5","298","100","163.26836581709145"
"18","60","5","false","25","5","73","84.11386593204774","146.56"
"19","60","5","false","25","5","176","99.90817263544535","176.91056910569105"
"16","60","5","false","25","5","340","100","172.85714285714286"
"19","60","5","false","25","5","177","99.90817263544535","176.91056910569105"
"16","60","5","false","25","5","341","100","172.85714285714286"
"20","60","5","false","25","5","5","11.294765840220386","19.400630914826497"
"19","60","5","false","25","5","178","99.90817263544535","176.91056910569105"
"16","60","5","false","25","5","342","100","172.85714285714286"
"19","60","5","false","25","5","179","99.90817263544535","176.91056910569105"
"9","60","5","false","5","5","465","100","171.49606299212599"
"16","60","5","false","25","5","343","100","172.85714285714286"
"18","60","5","false","25","5","74","84.94031221303948","148"
"19","60","5","false","25","5","180","99.90817263544535","176.91056910569105"
"16","60","5","false","25","5","344","100","172.85714285714286"
"19","60","5","false","25","5","181","99.90817263544535","176.91056910569105"
"16","60","5","false","25","5","345","100","172.85714285714286"
"19","60","5","false","25","5","182","99.90817263544535","176.91056910569105"
"16","60","5","false","25","5","346","100","172.85714285714286"
"19","60","5","false","25","5","183","99.90817263544535","176.91056910569105"
"3","60","5","false","5","5","446","100","167.79661016949152"
"16","60","5","false","25","5","347","100","172.85714285714286"
"20","60","5","false","25","5","6","13.039485766758494","22.397476340694006"
"18","60","5","false","25","5","75","85.39944903581267","148.8"
"19","60","5","false","25","5","184","99.90817263544535","176.91056910569105"
"16","60","5","false","25","5","348","100","172.85714285714286"
"10","60","5","false","5","5","299","100","163.26836581709145"
"19","60","5","false","25","5","185","99.90817263544535","176.91056910569105"
"16","60","5","false","25","5","349","100","172.85714285714286"
"16","60","5","false","25","5","350","100","172.85714285714286"
"19","60","5","false","25","5","186","100","177.0731707317073"
"16","60","5","false","25","5","351","100","172.85714285714286"
"9","60","5","false","5","5","466","100","171.49606299212599"
"19","60","5","false","25","5","187","100","177.0731707317073"
"18","60","5","false","25","5","76","86.40955004591369","150.56"
"16","60","5","false","25","5","352","100","172.85714285714286"
"19","60","5","false","25","5","188","100","177.0731707317073"
"20","60","5","false","25","5","7","14.600550964187327","25.0788643533123"
"16","60","5","false","25","5","353","100","172.85714285714286"
"19","60","5","false","25","5","189","100","177.0731707317073"
"16","60","5","false","25","5","354","100","172.85714285714286"
"19","60","5","false","25","5","190","100","177.0731707317073"
"18","60","5","false","25","5","77","87.05234159779614","151.68"
"16","60","5","false","25","5","355","100","172.85714285714286"
"19","60","5","false","25","5","191","100","177.0731707317073"
"3","60","5","false","5","5","447","100","167.79661016949152"
"16","60","5","false","25","5","356","100","172.85714285714286"
"19","60","5","false","25","5","192","100","177.0731707317073"
"16","60","5","false","25","5","357","100","172.85714285714286"
"10","60","5","false","5","5","300","100","163.26836581709145"
"20","60","5","false","25","5","8","16.2534435261708","27.917981072555204"
"16","60","5","false","25","5","358","100","172.85714285714286"
"19","60","5","false","25","5","193","100","177.0731707317073"
"9","60","5","false","5","5","467","100","171.49606299212599"
"18","60","5","false","25","5","78","87.60330578512396","152.64"
"16","60","5","false","25","5","359","100","172.85714285714286"
"19","60","5","false","25","5","194","100","177.0731707317073"
"16","60","5","false","25","5","360","100","172.85714285714286"
"19","60","5","false","25","5","195","100","177.0731707317073"
"16","60","5","false","25","5","361","100","172.85714285714286"
"19","60","5","false","25","5","196","100","177.0731707317073"
"16","60","5","false","25","5","362","100","172.85714285714286"
"19","60","5","false","25","5","197","100","177.0731707317073"
"16","60","5","false","25","5","363","100","172.85714285714286"
"18","60","5","false","25","5","79","88.61340679522498","154.4"
"20","60","5","false","25","5","9","17.90633608815427","30.757097791798106"
"16","60","5","false","25","5","364","100","172.85714285714286"
"19","60","5","false","25","5","198","100","177.0731707317073"
"3","60","5","false","5","5","448","100","167.79661016949152"
"16","60","5","false","25","5","365","100","172.85714285714286"
"19","60","5","false","25","5","199","100","177.0731707317073"
"16","60","5","false","25","5","366","100","172.85714285714286"
"19","60","5","false","25","5","200","100","177.0731707317073"
"9","60","5","false","5","5","468","100","171.49606299212599"
"18","60","5","false","25","5","80","89.71533516988063","156.32"
"16","60","5","false","25","5","367","100","172.85714285714286"
"10","60","5","false","5","5","301","100","163.26836581709145"
"19","60","5","false","25","5","201","100","177.0731707317073"
"16","60","5","false","25","5","368","100","172.85714285714286"
"20","60","5","false","25","5","10","19.65105601469238","33.753943217665615"
"19","60","5","false","25","5","202","100","177.0731707317073"
"16","60","5","false","25","5","369","100","172.85714285714286"
"19","60","5","false","25","5","203","100","177.0731707317073"
"18","60","5","false","25","5","81","90.35812672176309","157.44"
"16","60","5","false","25","5","370","100","172.85714285714286"
"19","60","5","false","25","5","204","100","177.0731707317073"
"16","60","5","false","25","5","371","100","172.85714285714286"
"20","60","5","false","25","5","11","21.30394857667585","36.59305993690852"
"16","60","5","false","25","5","372","100","172.85714285714286"
"3","60","5","false","5","5","449","100","167.79661016949152"
"19","60","5","false","25","5","205","100","177.0731707317073"
"9","60","5","false","5","5","469","100","171.49606299212599"
"16","60","5","false","25","5","373","100","172.85714285714286"
"19","60","5","false","25","5","206","100","177.0731707317073"
"18","60","5","false","25","5","82","90.54178145087236","157.76"
"16","60","5","false","25","5","374","100","172.85714285714286"
"10","60","5","false","5","5","302","100","163.26836581709145"
"19","60","5","false","25","5","207","100","177.0731707317073"
"16","60","5","false","25","5","375","100","172.85714285714286"
"19","60","5","false","25","5","208","100","177.0731707317073"
"20","60","5","false","25","5","12","22.773186409550046","39.11671924290221"
"16","60","5","false","25","5","376","100","172.85714285714286"
"19","60","5","false","25","5","209","100","177.0731707317073"
"16","60","5","false","25","5","377","100","172.85714285714286"
"18","60","5","false","25","5","83","91.00091827364555","158.56"
"16","60","5","false","25","5","378","100","172.85714285714286"
"19","60","5","false","25","5","210","100","177.0731707317073"
"16","60","5","false","25","5","379","100","172.85714285714286"
"9","60","5","false","5","5","470","100","171.49606299212599"
"19","60","5","false","25","5","211","100","177.0731707317073"
"16","60","5","false","25","5","380","100","172.85714285714286"
"20","60","5","false","25","5","13","24.517906336088156","42.11356466876971"
"3","60","5","false","5","5","450","100","167.79661016949152"
"18","60","5","false","25","5","84","91.27640036730946","159.04"
"16","60","5","false","25","5","381","100","172.85714285714286"
"19","60","5","false","25","5","212","100","177.0731707317073"
"16","60","5","false","25","5","382","100","172.85714285714286"
"16","60","5","false","25","5","383","100","172.85714285714286"
"19","60","5","false","25","5","213","100","177.0731707317073"
"10","60","5","false","5","5","303","100","163.26836581709145"
"16","60","5","false","25","5","384","100","172.85714285714286"
"19","60","5","false","25","5","214","100","177.0731707317073"
"16","60","5","false","25","5","385","100","172.85714285714286"
"19","60","5","false","25","5","215","100","177.0731707317073"
"20","60","5","false","25","5","14","25.987144168962352","44.63722397476341"
"18","60","5","false","25","5","85","91.46005509641874","159.35999999999999"
"19","60","5","false","25","5","216","100","177.0731707317073"
"9","60","5","false","5","5","471","100","171.49606299212599"
"21","60","5","false","50","5","0","1.7447199265381086","3.035143769968051"
"19","60","5","false","25","5","217","100","177.0731707317073"
"21","60","5","false","50","5","1","3.8567493112947657","6.7092651757188495"
"3","60","5","false","5","5","451","100","167.79661016949152"
"19","60","5","false","25","5","218","100","177.0731707317073"
"20","60","5","false","25","5","15","27.27272727272727","46.845425867507885"
"19","60","5","false","25","5","219","100","177.0731707317073"
"18","60","5","false","25","5","86","91.91919191919192","160.16"
"10","60","5","false","5","5","304","100","163.26836581709145"
"19","60","5","false","25","5","220","100","177.0731707317073"
"19","60","5","false","25","5","221","100","177.0731707317073"
"9","60","5","false","5","5","472","100","171.49606299212599"
"20","60","5","false","25","5","16","28.74196510560147","49.369085173501574"
"19","60","5","false","25","5","222","100","177.0731707317073"
"18","60","5","false","25","5","87","92.28650137741047","160.8"
"1","60","5","false","5","5","32","82.55280073461891","140.24960998439937"
"3","60","5","false","5","5","452","100","167.79661016949152"
"19","60","5","false","25","5","223","100","177.0731707317073"
"2","60","5","false","5","5","487","100","172.85714285714286"
"18","60","5","false","25","5","88","92.56198347107438","161.28"
"19","60","5","false","25","5","224","100","177.0731707317073"
"10","60","5","false","5","5","305","100","163.26836581709145"
"19","60","5","false","25","5","225","100","177.0731707317073"
"9","60","5","false","5","5","473","100","171.49606299212599"
"19","60","5","false","25","5","226","100","177.0731707317073"
"20","60","5","false","25","5","17","30.670339761248854","52.6813880126183"
"3","60","5","false","5","5","453","100","167.79661016949152"
"19","60","5","false","25","5","227","100","177.0731707317073"
"2","60","5","false","5","5","488","100","172.85714285714286"
"19","60","5","false","25","5","228","100","177.0731707317073"
"18","60","5","false","25","5","89","92.56198347107438","161.28"
"10","60","5","false","5","5","306","100","163.26836581709145"
"20","60","5","false","25","5","18","32.78236914600551","56.30914826498423"
"19","60","5","false","25","5","229","100","177.0731707317073"
"9","60","5","false","5","5","474","100","171.49606299212599"
"3","60","5","false","5","5","454","100","167.79661016949152"
"19","60","5","false","25","5","230","100","177.0731707317073"
"20","60","5","false","25","5","19","34.43526170798898","59.148264984227126"
"10","60","5","false","5","5","307","100","163.26836581709145"
"19","60","5","false","25","5","231","100","177.0731707317073"
"18","60","5","false","25","5","90","92.8374655647383","161.76"
"2","60","5","false","5","5","489","100","172.85714285714286"
"19","60","5","false","25","5","232","100","177.0731707317073"
"19","60","5","false","25","5","233","100","177.0731707317073"
"9","60","5","false","5","5","475","100","171.49606299212599"
"20","60","5","false","25","5","20","36.08815426997245","61.987381703470035"
"18","60","5","false","25","5","91","93.29660238751147","162.56"
"19","60","5","false","25","5","234","100","177.0731707317073"
"10","60","5","false","5","5","308","100","163.26836581709145"
"2","60","5","false","5","5","490","100","172.85714285714286"
"3","60","5","false","5","5","455","100","167.79661016949152"
"19","60","5","false","25","5","235","100","177.0731707317073"
"19","60","5","false","25","5","236","100","177.0731707317073"
"9","60","5","false","5","5","476","100","171.49606299212599"
"18","60","5","false","25","5","92","93.5720844811754","163.04000000000002"
"19","60","5","false","25","5","237","100","177.0731707317073"
"20","60","5","false","25","5","21","37.74104683195592","64.82649842271293"
"2","60","5","false","5","5","491","100","172.85714285714286"
"19","60","5","false","25","5","238","100","177.0731707317073"
"3","60","5","false","5","5","456","100","167.79661016949152"
"10","60","5","false","5","5","309","100","163.26836581709145"
"18","60","5","false","25","5","93","93.8475665748393","163.52"
"19","60","5","false","25","5","239","100","177.0731707317073"
"20","60","5","false","25","5","22","39.57759412304867","67.98107255520505"
"9","60","5","false","5","5","477","100","171.49606299212599"
"19","60","5","false","25","5","240","100","177.0731707317073"
"2","60","5","false","5","5","492","100","172.85714285714286"
"18","60","5","false","25","5","94","94.03122130394857","163.84"
"3","60","5","false","5","5","457","100","167.79661016949152"
"19","60","5","false","25","5","241","100","177.0731707317073"
"20","60","5","false","25","5","23","41.1386593204775","70.66246056782335"
"2","60","5","false","5","5","493","100","172.85714285714286"
"19","60","5","false","25","5","242","100","177.0731707317073"
"10","60","5","false","5","5","310","100","163.26836581709145"
"9","60","5","false","5","5","478","100","171.49606299212599"
"19","60","5","false","25","5","243","100","177.0731707317073"
"18","60","5","false","25","5","95","94.12304866850322","164"
"3","60","5","false","5","5","458","100","167.79661016949152"
"19","60","5","false","25","5","244","100","177.0731707317073"
"2","60","5","false","5","5","494","100","172.85714285714286"
"10","60","5","false","5","5","311","100","163.26836581709145"
"19","60","5","false","25","5","245","100","177.0731707317073"
"20","60","5","false","25","5","24","42.14876033057851","72.39747634069401"
"19","60","5","false","25","5","246","100","177.0731707317073"
"9","60","5","false","5","5","479","100","171.49606299212599"
"18","60","5","false","25","5","96","94.3067033976125","164.32"
"19","60","5","false","25","5","247","100","177.0731707317073"
"10","60","5","false","5","5","312","100","163.26836581709145"
"2","60","5","false","5","5","495","100","172.85714285714286"
"20","60","5","false","25","5","25","42.88337924701561","73.65930599369085"
"19","60","5","false","25","5","248","100","177.0731707317073"
"3","60","5","false","5","5","459","100","167.79661016949152"
"19","60","5","false","25","5","249","100","177.0731707317073"
"19","60","5","false","25","5","250","100","177.0731707317073"
"18","60","5","false","25","5","97","94.39853076216713","164.48000000000002"
"19","60","5","false","25","5","251","100","177.0731707317073"
"2","60","5","false","5","5","496","100","172.85714285714286"
"9","60","5","false","5","5","480","100","171.49606299212599"
"10","60","5","false","5","5","313","100","163.26836581709145"
"18","60","5","false","25","5","98","94.67401285583104","164.96"
"19","60","5","false","25","5","252","100","177.0731707317073"
"20","60","5","false","25","5","26","43.52617079889807","74.76340694006309"
"3","60","5","false","5","5","460","100","167.79661016949152"
"19","60","5","false","25","5","253","100","177.0731707317073"
"2","60","5","false","5","5","497","100","172.85714285714286"
"10","60","5","false","5","5","314","100","163.26836581709145"
"19","60","5","false","25","5","254","100","177.0731707317073"
"18","60","5","false","25","5","99","94.94949494949495","165.44"
"9","60","5","false","5","5","481","100","171.49606299212599"
"20","60","5","false","25","5","27","44.16896235078053","75.86750788643532"
"3","60","5","false","5","5","461","100","167.79661016949152"
"19","60","5","false","25","5","255","100","177.0731707317073"
"19","60","5","false","25","5","256","100","177.0731707317073"
"18","60","5","false","25","5","100","95.13314967860423","165.76"
"19","60","5","false","25","5","257","100","177.0731707317073"
"2","60","5","false","5","5","498","100","172.85714285714286"
"19","60","5","false","25","5","258","100","177.0731707317073"
"19","60","5","false","25","5","259","100","177.0731707317073"
"10","60","5","false","5","5","315","100","163.26836581709145"
"20","60","5","false","25","5","28","44.71992653810835","76.81388012618297"
"18","60","5","false","25","5","101","95.22497704315886","165.92"
"19","60","5","false","25","5","260","100","177.0731707317073"
"9","60","5","false","5","5","482","100","171.49606299212599"
"2","60","5","false","5","5","499","100","172.85714285714286"
"19","60","5","false","25","5","261","100","177.0731707317073"
"3","60","5","false","5","5","462","100","167.79661016949152"
"19","60","5","false","25","5","262","100","177.0731707317073"
"18","60","5","false","25","5","102","95.31680440771349","166.08"
"19","60","5","false","25","5","263","100","177.0731707317073"
"19","60","5","false","25","5","264","100","177.0731707317073"
"19","60","5","false","25","5","265","100","177.0731707317073"
"10","60","5","false","5","5","316","100","163.26836581709145"
"19","60","5","false","25","5","266","100","177.0731707317073"
"2","60","5","false","5","5","500","100","172.85714285714286"
"20","60","5","false","25","5","29","45.45454545454545","78.07570977917982"
"18","60","5","false","25","5","103","95.40863177226814","166.24"
"19","60","5","false","25","5","267","100","177.0731707317073"
"9","60","5","false","5","5","483","100","171.49606299212599"
"3","60","5","false","5","5","463","100","167.79661016949152"
"19","60","5","false","25","5","268","100","177.0731707317073"
"19","60","5","false","25","5","269","100","177.0731707317073"
"18","60","5","false","25","5","104","95.50045913682277","166.4"
"19","60","5","false","25","5","270","100","177.0731707317073"
"19","60","5","false","25","5","271","100","177.0731707317073"
"19","60","5","false","25","5","272","100","177.0731707317073"
"20","60","5","false","25","5","30","46.28099173553719","79.49526813880126"
"18","60","5","false","25","5","105","95.68411386593205","166.72"
"19","60","5","false","25","5","273","100","177.0731707317073"
"9","60","5","false","5","5","484","100","171.49606299212599"
"10","60","5","false","5","5","317","100","163.26836581709145"
"3","60","5","false","5","5","464","100","167.79661016949152"
"19","60","5","false","25","5","274","100","177.0731707317073"
"18","60","5","false","25","5","106","95.68411386593205","166.72"
"20","60","5","false","25","5","31","46.83195592286501","80.4416403785489"
"22","60","5","false","50","5","0","2.3875114784205693","3.9755351681957185"
"19","60","5","false","25","5","275","100","177.0731707317073"
"19","60","5","false","25","5","276","100","177.0731707317073"
"18","60","5","false","25","5","107","96.05142332415059","167.35999999999999"
"9","60","5","false","5","5","485","100","171.49606299212599"
"19","60","5","false","25","5","277","100","177.0731707317073"
"20","60","5","false","25","5","32","47.658402203856745","81.86119873817034"
"19","60","5","false","25","5","278","100","177.0731707317073"
"19","60","5","false","25","5","279","100","177.0731707317073"
"10","60","5","false","5","5","318","100","163.26836581709145"
"3","60","5","false","5","5","465","100","167.79661016949152"
"22","60","5","false","50","5","1","5.601469237832874","9.327217125382264"
"19","60","5","false","25","5","280","100","177.0731707317073"
"19","60","5","false","25","5","281","100","177.0731707317073"
"19","60","5","false","25","5","282","100","177.0731707317073"
"19","60","5","false","25","5","283","100","177.0731707317073"
"20","60","5","false","25","5","33","48.484848484848484","83.2807570977918"
"18","60","5","false","25","5","108","96.23507805325987","167.68"
"19","60","5","false","25","5","284","100","177.0731707317073"
"19","60","5","false","25","5","285","100","177.0731707317073"
"22","60","5","false","50","5","2","8.172635445362717","13.608562691131498"
"9","60","5","false","5","5","486","100","171.49606299212599"
"19","60","5","false","25","5","286","100","177.0731707317073"
"19","60","5","false","25","5","287","100","177.0731707317073"
"18","60","5","false","25","5","109","96.60238751147841","168.32"
"1","60","5","false","5","5","33","83.28741965105601","141.49765990639625"
"10","60","5","false","5","5","319","100","163.26836581709145"
"3","60","5","false","5","5","466","100","167.79661016949152"
"19","60","5","false","25","5","288","100","177.0731707317073"
"19","60","5","false","25","5","289","100","177.0731707317073"
"18","60","5","false","25","5","110","97.0615243342516","169.12"
"22","60","5","false","50","5","3","9.917355371900827","16.51376146788991"
"19","60","5","false","25","5","290","100","177.0731707317073"
"9","60","5","false","5","5","487","100","171.49606299212599"
"19","60","5","false","25","5","291","100","177.0731707317073"
"19","60","5","false","25","5","292","100","177.0731707317073"
"20","60","5","false","25","5","34","49.770431588613405","85.48895899053628"
"22","60","5","false","50","5","4","11.47842056932966","19.113149847094803"
"18","60","5","false","25","5","111","97.0615243342516","169.12"
"19","60","5","false","25","5","293","100","177.0731707317073"
"19","60","5","false","25","5","294","100","177.0731707317073"
"10","60","5","false","5","5","320","100","163.26836581709145"
"3","60","5","false","5","5","467","100","167.79661016949152"
"18","60","5","false","25","5","112","97.2451790633609","169.44"
"20","60","5","false","25","5","35","50.964187327823694","87.53943217665615"
"9","60","5","false","5","5","488","100","171.49606299212599"
"22","60","5","false","50","5","5","12.764003673094582","21.253822629969417"
"19","60","5","false","25","5","295","100","177.0731707317073"
"19","60","5","false","25","5","296","100","177.0731707317073"
"19","60","5","false","25","5","297","100","177.0731707317073"
"20","60","5","false","25","5","36","52.157943067033976","89.58990536277602"
"19","60","5","false","25","5","298","100","177.0731707317073"
"22","60","5","false","50","5","6","14.049586776859504","23.394495412844037"
"18","60","5","false","25","5","113","97.52066115702479","169.92000000000002"
"10","60","5","false","5","5","321","100","163.26836581709145"
"3","60","5","false","5","5","468","100","167.79661016949152"
"19","60","5","false","25","5","299","100","177.0731707317073"
"9","60","5","false","5","5","489","100","171.49606299212599"
"19","60","5","false","25","5","300","100","177.0731707317073"
"19","60","5","false","25","5","301","100","177.0731707317073"
"18","60","5","false","25","5","114","97.70431588613407","170.23999999999998"
"22","60","5","false","50","5","7","14.508723599632692","24.159021406727827"
"20","60","5","false","25","5","37","52.98438934802571","91.00946372239747"
"19","60","5","false","25","5","302","100","177.0731707317073"
"19","60","5","false","25","5","303","100","177.0731707317073"
"10","60","5","false","5","5","322","100","163.26836581709145"
"3","60","5","false","5","5","469","100","167.79661016949152"
"19","60","5","false","25","5","304","100","177.0731707317073"
"18","60","5","false","25","5","115","97.97979797979798","170.72"
"19","60","5","false","25","5","305","100","177.0731707317073"
"9","60","5","false","5","5","490","100","171.49606299212599"
"19","60","5","false","25","5","306","100","177.0731707317073"
"19","60","5","false","25","5","307","100","177.0731707317073"
"20","60","5","false","25","5","38","54.08631772268136","92.90220820189275"
"22","60","5","false","50","5","8","14.967860422405877","24.92354740061162"
"18","60","5","false","25","5","116","98.16345270890724","171.04"
"19","60","5","false","25","5","308","100","177.0731707317073"
"19","60","5","false","25","5","309","100","177.0731707317073"
"19","60","5","false","25","5","310","100","177.0731707317073"
"19","60","5","false","25","5","311","100","177.0731707317073"
"18","60","5","false","25","5","117","98.34710743801654","171.36"
"10","60","5","false","5","5","323","100","163.26836581709145"
"19","60","5","false","25","5","312","100","177.0731707317073"
"3","60","5","false","5","5","470","100","167.79661016949152"
"22","60","5","false","50","5","9","15.426997245179063","25.688073394495415"
"9","60","5","false","5","5","491","100","171.49606299212599"
"19","60","5","false","25","5","313","100","177.0731707317073"
"19","60","5","false","25","5","314","100","177.0731707317073"
"18","60","5","false","25","5","118","98.43893480257117","171.52"
"19","60","5","false","25","5","315","100","177.0731707317073"
"19","60","5","false","25","5","316","100","177.0731707317073"
"20","60","5","false","25","5","39","55.371900826446286","95.11041009463722"
"19","60","5","false","25","5","317","100","177.0731707317073"
"18","60","5","false","25","5","119","98.62258953168043","171.84"
"22","60","5","false","50","5","10","16.069788797061523","26.758409785932724"
"19","60","5","false","25","5","318","100","177.0731707317073"
"19","60","5","false","25","5","319","100","177.0731707317073"
"9","60","5","false","5","5","492","100","171.49606299212599"
"3","60","5","false","5","5","471","100","167.79661016949152"
"21","60","5","false","50","5","2","6.244260789715335","10.86261980830671"
"10","60","5","false","5","5","324","100","163.26836581709145"
"21","60","5","false","50","5","3","8.356290174471992","14.536741214057509"
"21","60","5","false","50","5","4","10.376492194674013","18.051118210862622"
"18","60","5","false","25","5","120","98.89807162534436","172.32"
"19","60","5","false","25","5","320","100","177.0731707317073"
"20","60","5","false","25","5","40","56.56565656565656","97.16088328075709"
"21","60","5","false","50","5","5","12.029384756657484","20.926517571884983"
"19","60","5","false","25","5","321","100","177.0731707317073"
"21","60","5","false","50","5","6","13.86593204775023","24.121405750798722"
"22","60","5","false","50","5","11","16.988062442607895","28.287461773700308"
"21","60","5","false","50","5","7","15.886134067952252","27.635782747603834"
"19","60","5","false","25","5","322","100","177.0731707317073"
"21","60","5","false","50","5","8","17.81450872359963","30.990415335463258"
"21","60","5","false","50","5","9","20.385674931129476","35.46325878594249"
"18","60","5","false","25","5","121","98.98989898989899","172.48000000000002"
"19","60","5","false","25","5","323","100","177.0731707317073"
"21","60","5","false","50","5","10","22.31404958677686","38.81789137380191"
"20","60","5","false","25","5","41","57.3921028466483","98.58044164037855"
"9","60","5","false","5","5","493","100","171.49606299212599"
"21","60","5","false","50","5","11","24.426078971533517","42.49201277955272"
"22","60","5","false","50","5","12","17.722681359044994","29.510703363914377"
"3","60","5","false","5","5","472","100","167.79661016949152"
"10","60","5","false","5","5","325","100","163.26836581709145"
"21","60","5","false","50","5","12","26.262626262626267","45.68690095846645"
"19","60","5","false","25","5","324","100","177.0731707317073"
"18","60","5","false","25","5","122","98.98989898989899","172.48000000000002"
"21","60","5","false","50","5","13","28.09917355371901","48.881789137380196"
"20","60","5","false","25","5","42","58.40220385674931","100.3154574132492"
"19","60","5","false","25","5","325","100","177.0731707317073"
"18","60","5","false","25","5","123","99.08172635445362","172.64"
"21","60","5","false","50","5","14","29.843893480257115","51.91693290734825"
"19","60","5","false","25","5","326","100","177.0731707317073"
"10","60","5","false","5","5","326","100","163.26836581709145"
"21","60","5","false","50","5","15","31.496786042240586","54.7923322683706"
"9","60","5","false","5","5","494","100","171.49606299212599"
"19","60","5","false","25","5","327","100","177.0731707317073"
"22","60","5","false","50","5","13","18.54912764003673","30.886850152905197"
"18","60","5","false","25","5","124","99.17355371900827","172.8"
"21","60","5","false","50","5","16","33.33333333333333","57.98722044728435"
"20","60","5","false","25","5","43","59.50413223140496","102.20820189274448"
"19","60","5","false","25","5","328","100","177.0731707317073"
"3","60","5","false","5","5","473","100","167.79661016949152"
"21","60","5","false","50","5","17","34.89439853076217","60.70287539936102"
"21","60","5","false","50","5","18","36.455463728191","63.418530351437695"
"10","60","5","false","5","5","327","100","163.26836581709145"
"22","60","5","false","50","5","14","20.018365472910926","33.33333333333333"
"21","60","5","false","50","5","19","37.64921946740129","65.49520766773162"
"21","60","5","false","50","5","20","39.48576675849403","68.69009584664538"
"9","60","5","false","5","5","495","100","171.49606299212599"
"20","60","5","false","25","5","44","60.33057851239669","103.62776025236593"
"21","60","5","false","50","5","21","41.1386593204775","71.56549520766772"
"18","60","5","false","25","5","125","99.2653810835629","172.96"
"21","60","5","false","50","5","22","42.33241505968779","73.64217252396166"
"22","60","5","false","50","5","15","21.395775941230486","35.62691131498471"
"23","60","5","false","50","5","0","1.6528925619834711","2.8753993610223643"
"3","60","5","false","5","5","474","100","167.79661016949152"
"21","60","5","false","50","5","23","43.61799816345271","75.87859424920129"
"23","60","5","false","50","5","1","3.8567493112947657","6.7092651757188495"
"21","60","5","false","50","5","24","45.362718089990814","78.91373801916933"
"18","60","5","false","25","5","126","99.35720844811755","173.12"
"21","60","5","false","50","5","25","46.83195592286501","81.46964856230032"
"10","60","5","false","5","5","328","100","163.26836581709145"
"23","60","5","false","50","5","2","5.876951331496786","10.223642172523961"
"23","60","5","false","50","5","3","7.80532598714417","13.578274760383385"
"20","60","5","false","25","5","45","61.34067952249771","105.3627760252366"
"21","60","5","false","50","5","26","47.658402203856745","82.9073482428115"
"23","60","5","false","50","5","4","9.82552800734619","17.0926517571885"
"9","60","5","false","5","5","496","100","171.49606299212599"
"22","60","5","false","50","5","16","22.58953168044077","37.61467889908257"
"23","60","5","false","50","5","5","11.753902662993571","20.447284345047922"
"21","60","5","false","50","5","27","48.39302112029385","84.185303514377"
"23","60","5","false","50","5","6","13.498622589531681","23.482428115015974"
"18","60","5","false","25","5","127","99.35720844811755","173.12"
"3","60","5","false","5","5","475","100","167.79661016949152"
"23","60","5","false","50","5","7","14.692378328741965","25.559105431309902"
"21","60","5","false","50","5","28","49.127640036730945","85.4632587859425"
"21","60","5","false","50","5","29","49.403122130394856","85.94249201277955"
"23","60","5","false","50","5","8","15.977961432506888","27.79552715654952"
"20","60","5","false","25","5","46","62.44260789715336","107.25552050473186"
"18","60","5","false","25","5","128","99.35720844811755","173.12"
"21","60","5","false","50","5","30","49.494949494949495","86.10223642172524"
"10","60","5","false","5","5","329","100","163.26836581709145"
"23","60","5","false","50","5","9","16.712580348943984","29.073482428115017"
"23","60","5","false","50","5","10","18.089990817263544","31.469648562300318"
"9","60","5","false","5","5","497","100","171.49606299212599"
"22","60","5","false","50","5","17","23.507805325987142","39.14373088685015"
"21","60","5","false","50","5","31","49.770431588613405","86.5814696485623"
"18","60","5","false","25","5","129","99.35720844811755","173.12"
"23","60","5","false","50","5","11","19.28374655647383","33.54632587859425"
"20","60","5","false","25","5","47","64.00367309458218","109.93690851735016"
"21","60","5","false","50","5","32","50.13774104683195","87.22044728434504"
"23","60","5","false","50","5","12","20.9366391184573","36.42172523961661"
"23","60","5","false","50","5","13","22.22222222222222","38.65814696485623"
"3","60","5","false","5","5","476","100","167.79661016949152"
"22","60","5","false","50","5","18","24.426078971533517","40.67278287461774"
"18","60","5","false","25","5","130","99.35720844811755","173.12"
"23","60","5","false","50","5","14","23.507805325987142","40.894568690095845"
"10","60","5","false","5","5","330","100","163.26836581709145"
"21","60","5","false","50","5","33","50.78053259871441","88.33865814696486"
"23","60","5","false","50","5","15","24.701561065197428","42.97124600638978"
"21","60","5","false","50","5","34","51.05601469237833","88.81789137380191"
"20","60","5","false","25","5","48","65.7483930211203","112.93375394321768"
"9","60","5","false","5","5","498","100","171.49606299212599"
"23","60","5","false","50","5","16","26.078971533516988","45.367412140575084"
"21","60","5","false","50","5","35","51.42332415059688","89.45686900958466"
"18","60","5","false","25","5","131","99.35720844811755","173.12"
"22","60","5","false","50","5","19","25.71166207529844","42.813455657492355"
"21","60","5","false","50","5","36","51.88246097337006","90.2555910543131"
"23","60","5","false","50","5","17","26.905417814508723","46.80511182108626"
"20","60","5","false","25","5","49","67.21763085399449","115.45741324921136"
"3","60","5","false","5","5","477","100","167.79661016949152"
"21","60","5","false","50","5","37","52.34159779614325","91.05431309904152"
"23","60","5","false","50","5","18","28.09917355371901","48.881789137380196"
"10","60","5","false","5","5","331","100","163.26836581709145"
"21","60","5","false","50","5","38","52.61707988980716","91.53354632587859"
"23","60","5","false","50","5","19","29.292929292929294","50.95846645367412"
"21","60","5","false","50","5","39","52.892561983471076","92.01277955271566"
"23","60","5","false","50","5","20","30.670339761248854","53.35463258785943"
"22","60","5","false","50","5","20","26.997245179063363","44.95412844036697"
"23","60","5","false","50","5","21","31.955922865013775","55.59105431309904"
"9","60","5","false","5","5","499","100","171.49606299212599"
"18","60","5","false","25","5","132","99.35720844811755","173.12"
"21","60","5","false","50","5","40","52.98438934802571","92.17252396166134"
"23","60","5","false","50","5","22","32.69054178145087","56.86900958466453"
"23","60","5","false","50","5","23","33.608815426997246","58.46645367412141"
"21","60","5","false","50","5","41","53.25987144168962","92.65175718849841"
"3","60","5","false","5","5","478","100","167.79661016949152"
"23","60","5","false","50","5","24","34.15977961432507","59.424920127795524"
"18","60","5","false","25","5","133","99.35720844811755","173.12"
"22","60","5","false","50","5","21","28.37465564738292","47.24770642201835"
"23","60","5","false","50","5","25","35.16988062442608","61.18210862619809"
"20","60","5","false","25","5","50","68.59504132231406","117.82334384858044"
"21","60","5","false","50","5","42","53.4435261707989","92.97124600638978"
"23","60","5","false","50","5","26","36.17998163452709","62.939297124600635"
"21","60","5","false","50","5","43","53.4435261707989","92.97124600638978"
"10","60","5","false","5","5","332","100","163.26836581709145"
"9","60","5","false","5","5","500","100","171.49606299212599"
"23","60","5","false","50","5","27","37.00642791551883","64.37699680511182"
"22","60","5","false","50","5","22","29.935720844811755","49.84709480122324"
"23","60","5","false","50","5","28","37.83287419651056","65.814696485623"
"24","60","5","false","50","5","0","1.285583103764922","2.1875"
"23","60","5","false","50","5","29","38.38383838383838","66.77316293929712"
"20","60","5","false","25","5","51","69.60514233241506","119.55835962145109"
"18","60","5","false","25","5","134","99.35720844811755","173.12"
"24","60","5","false","50","5","1","2.938475665748393","5"
"23","60","5","false","50","5","30","38.75114784205693","67.41214057507987"
"3","60","5","false","5","5","479","100","167.79661016949152"
"24","60","5","false","50","5","2","5.417814508723599","9.21875"
"24","60","5","false","50","5","3","7.529843893480257","12.812499999999998"
"23","60","5","false","50","5","31","39.11845730027548","68.05111821086261"
"22","60","5","false","50","5","23","31.313131313131315","52.14067278287462"
"24","60","5","false","50","5","4","8.999081726354454","15.312500000000002"
"23","60","5","false","50","5","32","39.57759412304867","68.84984025559106"
"25","60","5","false","50","5","0","1.9283746556473829","3.2507739938080498"
"10","60","5","false","5","5","333","100","163.26836581709145"
"18","60","5","false","25","5","135","99.35720844811755","173.12"
"23","60","5","false","50","5","33","40.22038567493113","69.96805111821087"
"20","60","5","false","25","5","52","71.07438016528926","122.08201892744479"
"24","60","5","false","50","5","5","10.1010101010101","17.1875"
"22","60","5","false","50","5","24","32.323232323232325","53.822629969418955"
"23","60","5","false","50","5","34","41.04683195592286","71.40575079872204"
"24","60","5","false","50","5","6","11.386593204775023","19.375"
"18","60","5","false","25","5","136","99.35720844811755","173.12"
"24","60","5","false","50","5","7","12.580348943985308","21.40625"
"10","60","5","false","5","5","334","100","163.26836581709145"
"25","60","5","false","50","5","1","4.132231404958678","6.96594427244582"
"20","60","5","false","25","5","53","72.1763085399449","123.97476340694007"
"3","60","5","false","5","5","480","100","167.79661016949152"
"23","60","5","false","50","5","35","41.96510560146924","73.00319488817891"
"24","60","5","false","50","5","8","14.14141414141414","24.0625"
"22","60","5","false","50","5","25","32.966023875114786","54.89296636085626"
"18","60","5","false","25","5","137","99.35720844811755","173.12"
"1","60","5","false","5","5","34","84.11386593204774","142.90171606864274"
"24","60","5","false","50","5","9","16.069788797061523","27.34375"
"23","60","5","false","50","5","36","42.79155188246097","74.4408945686901"
"22","60","5","false","50","5","26","33.79247015610652","56.269113149847094"
"24","60","5","false","50","5","10","18.27364554637282","31.093749999999996"
"18","60","5","false","25","5","138","99.35720844811755","173.12"
"23","60","5","false","50","5","37","43.43434343434344","75.5591054313099"
"10","60","5","false","5","5","335","100","163.26836581709145"
"3","60","5","false","5","5","481","100","167.79661016949152"
"24","60","5","false","50","5","11","20.66115702479339","35.15625"
"20","60","5","false","25","5","54","73.09458218549128","125.55205047318611"
"25","60","5","false","50","5","2","6.244260789715335","10.526315789473683"
"24","60","5","false","50","5","12","23.140495867768596","39.375"
"23","60","5","false","50","5","38","44.16896235078053","76.8370607028754"
"24","60","5","false","50","5","13","25.068870523415974","42.65625"
"23","60","5","false","50","5","39","44.71992653810835","77.79552715654951"
"24","60","5","false","50","5","14","26.997245179063363","45.9375"
"23","60","5","false","50","5","40","45.362718089990814","78.91373801916933"
"24","60","5","false","50","5","15","28.558310376492198","48.59375"
"22","60","5","false","50","5","27","34.710743801652896","57.798165137614674"
"23","60","5","false","50","5","41","45.73002754820937","79.55271565495208"
"23","60","5","false","50","5","42","46.18916437098255","80.3514376996805"
"24","60","5","false","50","5","16","30.02754820936639","51.09375000000001"
"18","60","5","false","25","5","139","99.35720844811755","173.12"
"23","60","5","false","50","5","43","46.648301193755735","81.15015974440894"
"24","60","5","false","50","5","17","31.40495867768595","53.43750000000001"
"25","60","5","false","50","5","3","8.080808080808081","13.622291021671826"
"10","60","5","false","5","5","336","100","163.26836581709145"
"20","60","5","false","25","5","55","74.01285583103765","127.12933753943219"
"23","60","5","false","50","5","44","47.015610651974285","81.78913738019169"
"24","60","5","false","50","5","18","32.78236914600551","55.78125000000001"
"22","60","5","false","50","5","28","35.720844811753906","59.48012232415903"
"3","60","5","false","5","5","482","100","167.79661016949152"
"24","60","5","false","50","5","19","34.15977961432507","58.12500000000001"
"18","60","5","false","25","5","140","99.35720844811755","173.12"
"23","60","5","false","50","5","45","47.2910927456382","82.26837060702876"
"24","60","5","false","50","5","20","35.62901744719926","60.62499999999999"
"24","60","5","false","50","5","21","37.09825528007346","63.125"
"23","60","5","false","50","5","46","47.474747474747474","82.58785942492013"
"20","60","5","false","25","5","56","75.20661157024794","129.17981072555204"
"23","60","5","false","50","5","47","47.750229568411385","83.06709265175719"
"24","60","5","false","50","5","22","38.01652892561984","64.6875"
"18","60","5","false","25","5","141","99.35720844811755","173.12"
"24","60","5","false","50","5","23","39.02662993572085","66.40625"
"23","60","5","false","50","5","48","48.117539026629935","83.70607028753993"
"25","60","5","false","50","5","4","10.009182736455463","16.873065015479877"
"23","60","5","false","50","5","49","48.209366391184574","83.86581469648561"
"24","60","5","false","50","5","24","40.03673094582185","68.125"
"23","60","5","false","50","5","50","48.39302112029385","84.185303514377"
"10","60","5","false","5","5","337","100","163.26836581709145"
"24","60","5","false","50","5","25","40.95500459136823","69.6875"
"22","60","5","false","50","5","29","36.82277318640955","61.31498470948012"
"23","60","5","false","50","5","51","48.576675849403124","84.50479233226838"
"24","60","5","false","50","5","26","41.68962350780532","70.9375"
"3","60","5","false","5","5","483","100","167.79661016949152"
"24","60","5","false","50","5","27","42.6078971533517","72.5"
"23","60","5","false","50","5","52","49.127640036730945","85.4632587859425"
"20","60","5","false","25","5","57","76.5840220385675","131.54574132492115"
"23","60","5","false","50","5","53","49.494949494949495","86.10223642172524"
"24","60","5","false","50","5","28","43.25068870523416","73.59375"
"18","60","5","false","25","5","142","99.44903581267218","173.28"
"24","60","5","false","50","5","29","44.16896235078053","75.15625"
"23","60","5","false","50","5","54","49.862258953168045","86.74121405750799"
"25","60","5","false","50","5","5","12.121212121212121","20.43343653250774"
"24","60","5","false","50","5","30","44.62809917355372","75.9375"
"23","60","5","false","50","5","55","50.321395775941234","87.53993610223642"
"23","60","5","false","50","5","56","51.05601469237833","88.81789137380191"
"22","60","5","false","50","5","30","38.10835629017447","63.455657492354746"
"23","60","5","false","50","5","57","51.69880624426079","89.93610223642172"
"10","60","5","false","5","5","338","100","163.26836581709145"
"24","60","5","false","50","5","31","44.90358126721763","76.40625"
"20","60","5","false","25","5","58","77.96143250688705","133.9116719242902"
"18","60","5","false","25","5","143","99.54086317722681","173.44"
"23","60","5","false","50","5","58","52.066115702479344","90.57507987220448"
"24","60","5","false","50","5","32","45.17906336088154","76.875"
"3","60","5","false","5","5","484","100","167.79661016949152"
"23","60","5","false","50","5","59","52.43342516069789","91.21405750798722"
"23","60","5","false","50","5","60","53.07621671258035","92.33226837060703"
"24","60","5","false","50","5","33","45.45454545454545","77.34375"
"23","60","5","false","50","5","61","53.90266299357208","93.76996805111821"
"23","60","5","false","50","5","62","54.637281910009186","95.0479233226837"
"20","60","5","false","25","5","59","79.52249770431588","136.5930599369085"
"25","60","5","false","50","5","6","14.14141414141414","23.8390092879257"
"22","60","5","false","50","5","31","39.21028466483012","65.29051987767585"
"24","60","5","false","50","5","34","45.63820018365473","77.65625"
"23","60","5","false","50","5","63","55.46372819100092","96.48562300319489"
"18","60","5","false","25","5","144","99.54086317722681","173.44"
"23","60","5","false","50","5","64","56.10651974288338","97.60383386581469"
"10","60","5","false","5","5","339","100","163.26836581709145"
"23","60","5","false","50","5","65","56.74931129476584","98.7220447284345"
"24","60","5","false","50","5","35","45.821854912764","77.96875"
"3","60","5","false","5","5","485","100","167.79661016949152"
"22","60","5","false","50","5","32","40.58769513314967","67.58409785932722"
"23","60","5","false","50","5","66","57.116620752984396","99.36102236421725"
"24","60","5","false","50","5","36","46.005509641873275","78.28125"
"18","60","5","false","25","5","145","99.72451790633609","173.76"
"25","60","5","false","50","5","7","16.437098255280073","27.708978328173373"
"23","60","5","false","50","5","67","57.48393021120294","100"
"20","60","5","false","25","5","60","80.62442607897154","138.4858044164038"
"3","60","5","false","5","5","486","100","167.79661016949152"
"24","60","5","false","50","5","37","46.18916437098255","78.59375"
"23","60","5","false","50","5","68","57.94306703397613","100.79872204472844"
"18","60","5","false","25","5","146","99.72451790633609","173.76"
"23","60","5","false","50","5","69","58.31037649219467","101.43769968051117"
"10","60","5","false","5","5","340","100","163.26836581709145"
"24","60","5","false","50","5","38","46.464646464646464","79.0625"
"22","60","5","false","50","5","33","41.96510560146924","69.8776758409786"
"23","60","5","false","50","5","70","58.67768595041323","102.07667731629392"
"24","60","5","false","50","5","39","46.5564738292011","79.21875"
"23","60","5","false","50","5","71","59.04499540863177","102.71565495207669"
"18","60","5","false","25","5","147","99.72451790633609","173.76"
"23","60","5","false","50","5","72","59.41230486685032","103.35463258785941"
"24","60","5","false","50","5","40","46.648301193755735","79.375"
"23","60","5","false","50","5","73","59.77961432506888","103.99361022364218"
"25","60","5","false","50","5","8","18.640955004591365","31.424148606811148"
"20","60","5","false","25","5","61","81.45087235996327","139.90536277602524"
"24","60","5","false","50","5","41","46.83195592286501","79.6875"
"23","60","5","false","50","5","74","60.33057851239669","104.9520766773163"
"3","60","5","false","5","5","487","100","167.79661016949152"
"24","60","5","false","50","5","42","47.107438016528924","80.15625"
"18","60","5","false","25","5","148","99.72451790633609","173.76"
"23","60","5","false","50","5","75","61.15702479338842","106.38977635782747"
"24","60","5","false","50","5","43","47.2910927456382","80.46875"
"23","60","5","false","50","5","76","62.16712580348944","108.14696485623003"
"23","60","5","false","50","5","77","62.71808999081726","109.10543130990416"
"24","60","5","false","50","5","44","47.474747474747474","80.78125"
"10","60","5","false","5","5","341","100","163.26836581709145"
"23","60","5","false","50","5","78","63.63636363636363","110.702875399361"
"22","60","5","false","50","5","34","43.06703397612488","71.7125382262997"
"24","60","5","false","50","5","45","47.658402203856745","81.09375"
"18","60","5","false","25","5","149","99.72451790633609","173.76"
"23","60","5","false","50","5","79","64.09550045913683","111.50159744408946"
"24","60","5","false","50","5","46","48.025711662075295","81.71875"
"23","60","5","false","50","5","80","64.55463728191","112.30031948881789"
"25","60","5","false","50","5","9","21.120293847566572","35.60371517027864"
"24","60","5","false","50","5","47","48.576675849403124","82.65625"
"23","60","5","false","50","5","81","64.83011937557393","112.77955271565496"
"3","60","5","false","5","5","488","100","167.79661016949152"
"23","60","5","false","50","5","82","65.28925619834712","113.57827476038338"
"24","60","5","false","50","5","48","49.03581267217631","83.4375"
"20","60","5","false","25","5","62","82.277318640955","141.3249211356467"
"22","60","5","false","50","5","35","44.26078971533517","73.70030581039755"
"24","60","5","false","50","5","49","49.219467401285584","83.75"
"18","60","5","false","25","5","150","99.72451790633609","173.76"
"23","60","5","false","50","5","83","65.93204775022957","114.69648562300318"
"10","60","5","false","5","5","342","100","163.26836581709145"
"24","60","5","false","50","5","50","49.403122130394856","84.0625"
"3","60","5","false","5","5","489","100","167.79661016949152"
"23","60","5","false","50","5","84","66.39118457300276","115.49520766773162"
"25","60","5","false","50","5","10","23.415977961432507","39.473684210526315"
"24","60","5","false","50","5","51","49.586776859504134","84.375"
"18","60","5","false","25","5","151","99.72451790633609","173.76"
"23","60","5","false","50","5","85","67.03397612488521","116.61341853035142"
"22","60","5","false","50","5","36","45.54637281910009","75.84097859327217"
"23","60","5","false","50","5","86","67.95224977043158","118.21086261980831"
"20","60","5","false","25","5","63","83.19559228650138","142.90220820189273"
"24","60","5","false","50","5","52","49.67860422405877","84.53125"
"23","60","5","false","50","5","87","68.68686868686868","119.4888178913738"
"23","60","5","false","50","5","88","69.23783287419651","120.44728434504792"
"24","60","5","false","50","5","53","49.862258953168045","84.84375"
"23","60","5","false","50","5","89","69.9724517906336","121.72523961661341"
"25","60","5","false","50","5","11","26.078971533516988","43.962848297213625"
"23","60","5","false","50","5","90","70.98255280073462","123.48242811501598"
"24","60","5","false","50","5","54","50.04591368227732","85.15625"
"18","60","5","false","25","5","152","99.72451790633609","173.76"
"3","60","5","false","5","5","490","100","167.79661016949152"
"10","60","5","false","5","5","343","100","163.26836581709145"
"23","60","5","false","50","5","91","71.99265381083563","125.23961661341853"
"23","60","5","false","50","5","92","73.27823691460054","127.47603833865814"
"22","60","5","false","50","5","37","47.474747474747474","79.0519877675841"
"24","60","5","false","50","5","55","50.229568411386595","85.46875"
"24","60","5","false","50","5","56","50.413223140495866","85.78125"
"23","60","5","false","50","5","93","74.47199265381084","129.55271565495207"
"20","60","5","false","25","5","64","84.38934802571167","144.95268138801262"
"18","60","5","false","25","5","153","99.72451790633609","173.76"
"24","60","5","false","50","5","57","50.59687786960514","86.09375"
"23","60","5","false","50","5","94","75.8494031221304","131.94888178913737"
"23","60","5","false","50","5","95","77.3186409550046","134.50479233226838"
"1","60","5","false","5","5","35","84.38934802571167","143.36973478939157"
"25","60","5","false","50","5","12","28.28282828282828","47.6780185758514"
"24","60","5","false","50","5","58","50.964187327823694","86.71875"
"23","60","5","false","50","5","96","78.69605142332415","136.90095846645366"
"23","60","5","false","50","5","97","79.88980716253444","138.9776357827476"
"3","60","5","false","5","5","491","100","167.79661016949152"
"18","60","5","false","25","5","154","99.90817263544535","174.07999999999998"
"23","60","5","false","50","5","98","80.99173553719008","140.89456869009584"
"22","60","5","false","50","5","38","49.03581267217631","81.65137614678899"
"23","60","5","false","50","5","99","82.277318640955","143.13099041533545"
"24","60","5","false","50","5","59","51.2396694214876","87.1875"
"10","60","5","false","5","5","344","100","163.26836581709145"
"23","60","5","false","50","5","100","83.37924701561064","145.04792332268372"
"20","60","5","false","25","5","65","85.30762167125803","146.52996845425866"
"24","60","5","false","50","5","60","51.42332415059688","87.5"
"25","60","5","false","50","5","13","30.11937557392103","50.77399380804953"
"23","60","5","false","50","5","101","84.48117539026629","146.96485623003196"
"24","60","5","false","50","5","61","51.42332415059688","87.5"
"23","60","5","false","50","5","102","85.58310376492194","148.8817891373802"
"23","60","5","false","50","5","103","86.68503213957759","150.79872204472844"
"22","60","5","false","50","5","39","50.688705234159784","84.40366972477065"
"18","60","5","false","25","5","155","99.90817263544535","174.07999999999998"
"23","60","5","false","50","5","104","87.97061524334252","153.03514376996804"
"23","60","5","false","50","5","105","89.34802571166207","155.43130990415335"
"3","60","5","false","5","5","492","100","167.79661016949152"
"20","60","5","false","25","5","66","85.49127640036731","146.84542586750788"
"23","60","5","false","50","5","106","90.72543617998163","157.82747603833866"
"18","60","5","false","25","5","156","99.90817263544535","174.07999999999998"
"10","60","5","false","5","5","345","100","163.26836581709145"
"23","60","5","false","50","5","107","91.3682277318641","158.94568690095846"
"26","60","5","false","50","5","0","1.8365472910927456","3.22061191626409"
"23","60","5","false","50","5","108","92.01101928374655","160.06389776357827"
"25","60","5","false","50","5","14","31.40495867768595","52.94117647058824"
"26","60","5","false","50","5","1","3.8567493112947657","6.763285024154589"
"18","60","5","false","25","5","157","99.90817263544535","174.07999999999998"
"20","60","5","false","25","5","67","86.31772268135904","148.26498422712936"
"23","60","5","false","50","5","109","92.56198347107438","161.0223642172524"
"22","60","5","false","50","5","40","52.34159779614325","87.1559633027523"
"26","60","5","false","50","5","2","5.785123966942149","10.144927536231885"
"10","60","5","false","5","5","346","100","163.26836581709145"
"26","60","5","false","50","5","3","7.07070707070707","12.399355877616747"
"23","60","5","false","50","5","110","93.02112029384757","161.82108626198084"
"26","60","5","false","50","5","4","8.172635445362717","14.331723027375201"
"3","60","5","false","5","5","493","100","167.79661016949152"
"22","60","5","false","50","5","41","54.178145087236","90.21406727828746"
"20","60","5","false","25","5","68","86.86868686868688","149.21135646687696"
"26","60","5","false","50","5","5","9.550045913682277","16.74718196457327"
"23","60","5","false","50","5","111","93.5720844811754","162.77955271565497"
"26","60","5","false","50","5","6","11.202938475665748","19.645732689210952"
"18","60","5","false","25","5","158","99.90817263544535","174.07999999999998"
"10","60","5","false","5","5","347","100","163.26836581709145"
"26","60","5","false","50","5","7","12.764003673094582","22.383252818035427"
"25","60","5","false","50","5","15","32.78236914600551","55.26315789473685"
"26","60","5","false","50","5","8","14.967860422405877","26.247987117552334"
"20","60","5","false","25","5","69","87.60330578512396","150.47318611987382"
"23","60","5","false","50","5","112","93.93939393939394","163.4185303514377"
"26","60","5","false","50","5","9","16.988062442607895","29.790660225442835"
"26","60","5","false","50","5","10","19.100091827364555","33.49436392914654"
"3","60","5","false","5","5","494","100","167.79661016949152"
"22","60","5","false","50","5","42","55.28007346189165","92.04892966360856"
"26","60","5","false","50","5","11","21.120293847566572","37.03703703703704"
"23","60","5","false","50","5","113","94.3067033976125","164.05750798722045"
"18","60","5","false","25","5","159","99.90817263544535","174.07999999999998"
"26","60","5","false","50","5","12","23.59963269054178","41.38486312399356"
"23","60","5","false","50","5","114","94.76584022038568","164.85623003194888"
"25","60","5","false","50","5","16","34.34343434343434","57.89473684210527"
"18","60","5","false","25","5","160","99.90817263544535","174.07999999999998"
"10","60","5","false","5","5","348","100","163.26836581709145"
"22","60","5","false","50","5","43","56.10651974288338","93.42507645259938"
"26","60","5","false","50","5","13","25.71166207529844","45.088566827697264"
"20","60","5","false","25","5","70","88.33792470156106","151.73501577287064"
"23","60","5","false","50","5","115","95.22497704315886","165.65495207667732"
"26","60","5","false","50","5","14","28.28282828282828","49.59742351046699"
"23","60","5","false","50","5","116","95.50045913682277","166.13418530351439"
"3","60","5","false","5","5","495","100","167.79661016949152"
"18","60","5","false","25","5","161","100","174.24"
"23","60","5","false","50","5","117","95.59228650137742","166.29392971246006"
"26","60","5","false","50","5","15","30.11937557392103","52.81803542673108"
"23","60","5","false","50","5","118","95.77594123048668","166.61341853035142"
"26","60","5","false","50","5","16","31.68044077134986","55.55555555555556"
"18","60","5","false","25","5","162","100","174.24"
"25","60","5","false","50","5","17","35.62901744719926","60.06191950464397"
"22","60","5","false","50","5","44","56.56565656565656","94.18960244648318"
"23","60","5","false","50","5","119","95.95959595959596","166.93290734824282"
"26","60","5","false","50","5","17","33.42516069788797","58.615136876006446"
"10","60","5","false","5","5","349","100","163.26836581709145"
"23","60","5","false","50","5","120","96.14325068870524","167.2523961661342"
"26","60","5","false","50","5","18","34.9862258953168","61.35265700483091"
"23","60","5","false","50","5","121","96.14325068870524","167.2523961661342"
"26","60","5","false","50","5","19","36.82277318640955","64.573268921095"
"20","60","5","false","25","5","71","88.88888888888889","152.6813880126183"
"3","60","5","false","5","5","496","100","167.79661016949152"
"18","60","5","false","25","5","163","100","174.24"
"26","60","5","false","50","5","20","38.38383838383838","67.31078904991948"
"23","60","5","false","50","5","122","96.23507805325987","167.41214057507986"
"25","60","5","false","50","5","18","37.00642791551883","62.38390092879257"
"18","60","5","false","25","5","164","100","174.24"
"26","60","5","false","50","5","21","39.39393939393939","69.08212560386472"
"22","60","5","false","50","5","45","56.93296602387512","94.80122324159022"
"23","60","5","false","50","5","123","96.32690541781452","167.57188498402556"
"26","60","5","false","50","5","22","40.49586776859504","71.01449275362319"
"10","60","5","false","5","5","350","100","163.26836581709145"
"26","60","5","false","50","5","23","41.50596877869605","72.78582930756843"
"23","60","5","false","50","5","124","96.32690541781452","167.57188498402556"
"20","60","5","false","25","5","72","89.62350780532599","153.94321766561515"
"26","60","5","false","50","5","24","42.79155188246097","75.0402576489533"
"26","60","5","false","50","5","25","43.89348025711662","76.97262479871175"
"3","60","5","false","5","5","497","100","167.79661016949152"
"25","60","5","false","50","5","19","38.6593204775023","65.17027863777089"
"27","60","5","false","50","5","0","0.9182736455463728","1.5772870662460567"
"26","60","5","false","50","5","26","44.90358126721763","78.74396135265701"
"18","60","5","false","25","5","165","100","174.24"
"27","60","5","false","50","5","1","1.9283746556473829","3.3123028391167195"
"26","60","5","false","50","5","27","45.91368227731864","80.51529790660226"
"27","60","5","false","50","5","2","3.489439853076217","5.993690851735016"
"27","60","5","false","50","5","3","5.785123966942149","9.936908517350158"
"26","60","5","false","50","5","28","47.107438016528924","82.6086956521739"
"22","60","5","false","50","5","46","57.30027548209367","95.41284403669725"
"20","60","5","false","25","5","73","89.8989898989899","154.41640378548897"
"27","60","5","false","50","5","4","8.264462809917356","14.195583596214512"
"26","60","5","false","50","5","29","48.025711662075295","84.21900161030595"
"27","60","5","false","50","5","5","10.46831955922865","17.981072555205046"
"10","60","5","false","5","5","351","100","163.26836581709145"
"25","60","5","false","50","5","20","40.31221303948577","67.95665634674923"
"18","60","5","false","25","5","166","100","174.24"
"26","60","5","false","50","5","30","48.760330578512395","85.5072463768116"
"27","60","5","false","50","5","6","12.121212121212121","20.82018927444795"
"26","60","5","false","50","5","31","49.494949494949495","86.79549114331722"
"27","60","5","false","50","5","7","13.774104683195592","23.65930599369085"
"3","60","5","false","5","5","498","100","167.79661016949152"
"27","60","5","false","50","5","8","15.059687786960515","25.86750788643533"
"26","60","5","false","50","5","32","49.862258953168045","87.43961352657004"
"18","60","5","false","25","5","167","100","174.24"
"22","60","5","false","50","5","47","57.48393021120294","95.71865443425077"
"27","60","5","false","50","5","9","16.437098255280073","28.23343848580442"
"27","60","5","false","50","5","10","17.447199265381084","29.96845425867508"
"26","60","5","false","50","5","33","50.321395775941234","88.24476650563608"
"20","60","5","false","25","5","74","90.35812672176309","155.20504731861197"
"27","60","5","false","50","5","11","18.457300275482094","31.703470031545745"
"26","60","5","false","50","5","34","50.688705234159784","88.88888888888889"
"27","60","5","false","50","5","12","19.65105601469238","33.753943217665615"
"25","60","5","false","50","5","21","42.05693296602387","70.89783281733746"
"10","60","5","false","5","5","352","100","163.26836581709145"
"27","60","5","false","50","5","13","20.477502295684115","35.17350157728706"
"26","60","5","false","50","5","35","51.05601469237833","89.5330112721417"
"18","60","5","false","25","5","168","100","174.24"
"27","60","5","false","50","5","14","21.30394857667585","36.59305993690852"
"26","60","5","false","50","5","36","51.331496786042244","90.01610305958133"
"27","60","5","false","50","5","15","21.94674012855831","37.69716088328076"
"3","60","5","false","5","5","499","100","167.79661016949152"
"22","60","5","false","50","5","48","57.57575757575758","95.87155963302753"
"26","60","5","false","50","5","37","51.331496786042244","90.01610305958133"
"27","60","5","false","50","5","16","22.95684113865932","39.43217665615142"
"10","60","5","false","5","5","353","100","163.26836581709145"
"20","60","5","false","25","5","75","90.633608815427","155.67823343848582"
"27","60","5","false","50","5","17","23.875114784205692","41.00946372239748"
"18","60","5","false","25","5","169","100","174.24"
"28","60","5","false","50","5","0","1.4692378328741964","2.5437201907790143"
"25","60","5","false","50","5","22","43.80165289256198","73.83900928792569"
"22","60","5","false","50","5","49","57.759412304866856","96.17737003058105"
"28","60","5","false","50","5","1","3.3976124885215793","5.88235294117647"
"10","60","5","false","5","5","354","100","163.26836581709145"
"27","60","5","false","50","5","18","24.97704315886134","42.90220820189275"
"28","60","5","false","50","5","2","5.234159779614325","9.062003179650238"
"18","60","5","false","25","5","170","100","174.24"
"3","60","5","false","5","5","500","100","167.79661016949152"
"20","60","5","false","25","5","76","90.9090909090909","156.15141955835963"
"28","60","5","false","50","5","3","7.80532598714417","13.513513513513514"
"27","60","5","false","50","5","19","25.895316804407713","44.479495268138805"
"28","60","5","false","50","5","4","9.917355371900827","17.170111287758345"
"22","60","5","false","50","5","50","58.03489439853077","96.63608562691131"
"28","60","5","false","50","5","5","11.84573002754821","20.5087440381558"
"18","60","5","false","25","5","171","100","174.24"
"27","60","5","false","50","5","20","26.905417814508723","46.214511041009466"
"25","60","5","false","50","5","23","45.362718089990814","76.47058823529412"
"28","60","5","false","50","5","6","13.86593204775023","24.006359300476948"
"10","60","5","false","5","5","355","100","163.26836581709145"
"28","60","5","false","50","5","7","15.794306703397613","27.344992050874406"
"27","60","5","false","50","5","21","27.73186409550046","47.63406940063091"
"18","60","5","false","25","5","172","100","174.24"
"28","60","5","false","50","5","8","17.81450872359963","30.842607313195547"
"28","60","5","false","50","5","9","19.92653810835629","34.49920508744038"
"27","60","5","false","50","5","22","28.650137741046834","49.21135646687697"
"22","60","5","false","50","5","51","58.21854912764004","96.94189602446484"
"20","60","5","false","25","5","77","91.27640036730946","156.78233438485805"
"28","60","5","false","50","5","10","22.130394857667586","38.3147853736089"
"28","60","5","false","50","5","11","24.517906336088156","42.4483306836248"
"27","60","5","false","50","5","23","29.292929292929294","50.315457413249206"
"25","60","5","false","50","5","24","46.74012855831038","78.79256965944272"
"28","60","5","false","50","5","12","26.905417814508723","46.5818759936407"
"18","60","5","false","25","5","173","100","174.24"
"28","60","5","false","50","5","13","28.650137741046834","49.60254372019078"
"10","60","5","false","5","5","356","100","163.26836581709145"
"22","60","5","false","50","5","52","58.49403122130394","97.4006116207951"
"27","60","5","false","50","5","24","29.476584022038566","50.63091482649842"
"28","60","5","false","50","5","14","30.76216712580349","53.25914149443561"
"28","60","5","false","50","5","15","33.057851239669425","57.23370429252782"
"20","60","5","false","25","5","78","91.46005509641874","157.09779179810727"
"28","60","5","false","50","5","16","35.26170798898072","61.04928457869634"
"18","60","5","false","25","5","174","100","174.24"
"27","60","5","false","50","5","25","29.660238751147844","50.94637223974764"
"29","60","5","false","50","5","0","1.285583103764922","2.1604938271604937"
"28","60","5","false","50","5","17","38.01652892561984","65.81875993640699"
"27","60","5","false","50","5","26","30.02754820936639","51.57728706624606"
"28","60","5","false","50","5","18","40.03673094582185","69.31637519872814"
"25","60","5","false","50","5","25","47.93388429752066","80.80495356037152"
"22","60","5","false","50","5","53","58.8613406795225","98.01223241590215"
"27","60","5","false","50","5","27","30.486685032139576","52.36593059936908"
"28","60","5","false","50","5","19","41.8732782369146","72.49602543720191"
"20","60","5","false","25","5","79","91.73553719008265","157.57097791798108"
"28","60","5","false","50","5","20","43.52617079889807","75.3577106518283"
"27","60","5","false","50","5","28","31.129476584022036","53.47003154574133"
"10","60","5","false","5","5","357","100","163.26836581709145"
"28","60","5","false","50","5","21","45.362718089990814","78.53736089030207"
"27","60","5","false","50","5","29","31.588613406795226","54.25867507886435"
"28","60","5","false","50","5","22","47.19926538108356","81.71701112877582"
"18","60","5","false","25","5","175","100","174.24"
"27","60","5","false","50","5","30","32.13957759412305","55.20504731861199"
"29","60","5","false","50","5","1","2.846648301193756","4.78395061728395"
"28","60","5","false","50","5","23","48.760330578512395","84.41971383147853"
"28","60","5","false","50","5","24","49.770431588613405","86.16852146263912"
"20","60","5","false","25","5","80","92.19467401285583","158.3596214511041"
"22","60","5","false","50","5","54","59.13682277318642","98.47094801223241"
"27","60","5","false","50","5","31","32.598714416896236","55.99369085173501"
"28","60","5","false","50","5","25","50.78053259871441","87.91732909379968"
"25","60","5","false","50","5","26","49.219467401285584","82.97213622291022"
"27","60","5","false","50","5","32","32.87419651056015","56.46687697160884"
"28","60","5","false","50","5","26","51.515151515151516","89.1891891891892"
"28","60","5","false","50","5","27","51.88246097337006","89.82511923688395"
"27","60","5","false","50","5","33","32.966023875114786","56.62460567823344"
"1","60","5","false","5","5","36","84.75665748393021","143.99375975039"
"10","60","5","false","5","5","358","100","163.26836581709145"
"29","60","5","false","50","5","2","4.683195592286501","7.87037037037037"
"20","60","5","false","25","5","81","92.65381083562902","159.14826498422713"
"18","60","5","false","25","5","176","100","174.24"
"27","60","5","false","50","5","34","32.966023875114786","56.62460567823344"
"22","60","5","false","50","5","55","59.32047750229569","98.77675840978594"
"28","60","5","false","50","5","28","52.066115702479344","90.14308426073131"
"28","60","5","false","50","5","29","52.249770431588615","90.46104928457869"
"18","60","5","false","25","5","177","100","174.24"
"25","60","5","false","50","5","27","50.13774104683195","84.52012383900929"
"28","60","5","false","50","5","30","52.52525252525253","90.93799682034977"
"20","60","5","false","25","5","82","93.02112029384757","159.77917981072557"
"22","60","5","false","50","5","56","59.50413223140496","99.08256880733946"
"28","60","5","false","50","5","31","52.708907254361804","91.25596184419715"
"28","60","5","false","50","5","32","52.80073461891644","91.41494435612083"
"30","60","5","false","50","5","0","1.8365472910927456","3.262642740619902"
"29","60","5","false","50","5","3","6.978879706152434","11.728395061728394"
"10","60","5","false","5","5","359","100","163.26836581709145"
"28","60","5","false","50","5","33","52.80073461891644","91.41494435612083"
"30","60","5","false","50","5","1","4.040404040404041","7.177814029363784"
"30","60","5","false","50","5","2","6.6115702479338845","11.745513866231647"
"20","60","5","false","25","5","83","93.48025711662076","160.56782334384857"
"30","60","5","false","50","5","3","8.907254361799815","15.823817292006526"
"18","60","5","false","25","5","178","100","174.24"
"31","60","5","false","100","5","0","1.4692378328741964","2.511773940345369"
"30","60","5","false","50","5","4","11.019283746556475","19.575856443719413"
"22","60","5","false","50","5","57","59.68778696051423","99.38837920489296"
"30","60","5","false","50","5","5","13.131313131313133","23.3278955954323"
"31","60","5","false","100","5","1","3.3057851239669422","5.651491365777081"
"25","60","5","false","50","5","28","50.78053259871441","85.60371517027863"
"30","60","5","false","50","5","6","15.426997245179063","27.40619902120718"
"31","60","5","false","100","5","2","5.968778696051423","10.204081632653061"
"30","60","5","false","50","5","7","17.63085399449036","31.321370309951057"
"31","60","5","false","100","5","3","8.264462809917356","14.128728414442701"
"30","60","5","false","50","5","8","19.375573921028465","34.42088091353997"
"31","60","5","false","100","5","4","10.1010101010101","17.26844583987441"
"30","60","5","false","50","5","9","20.477502295684115","36.378466557911906"
"31","60","5","false","100","5","5","12.121212121212121","20.722135007849293"
"29","60","5","false","50","5","4","8.999081726354454","15.123456790123457"
"20","60","5","false","25","5","84","93.8475665748393","161.198738170347"
"30","60","5","false","50","5","10","21.85491276400367","38.825448613376835"
"10","60","5","false","5","5","360","100","163.26836581709145"
"22","60","5","false","50","5","58","59.68778696051423","99.38837920489296"
"18","60","5","false","25","5","179","100","174.24"
"31","60","5","false","100","5","6","14.23324150596878","24.332810047095762"
"30","60","5","false","50","5","11","23.324150596877868","41.435562805872756"
"31","60","5","false","100","5","7","16.345270890725434","27.94348508634223"
"30","60","5","false","50","5","12","25.160697887970617","44.69820554649266"
"31","60","5","false","100","5","8","18.089990817263544","30.926216640502357"
"30","60","5","false","50","5","13","26.813590449954088","47.63458401305057"
"25","60","5","false","50","5","29","51.42332415059688","86.687306501548"
"31","60","5","false","100","5","9","19.92653810835629","34.065934065934066"
"31","60","5","false","100","5","10","21.85491276400367","37.362637362637365"
"20","60","5","false","25","5","85","93.93939393939394","161.3564668769716"
"30","60","5","false","50","5","14","28.558310376492198","50.73409461663948"
"31","60","5","false","100","5","11","23.59963269054178","40.34536891679748"
"30","60","5","false","50","5","15","29.935720844811755","53.181076672104396"
"32","60","5","false","100","5","0","1.8365472910927456","3.2362459546925564"
"31","60","5","false","100","5","12","24.97704315886134","42.700156985871274"
"18","60","5","false","25","5","180","100","174.24"
"30","60","5","false","50","5","16","31.129476584022036","55.301794453507334"
"30","60","5","false","50","5","17","32.047750229568415","56.933115823817296"
"31","60","5","false","100","5","13","26.538108356290174","45.368916797488225"
"29","60","5","false","50","5","5","11.202938475665748","18.82716049382716"
"10","60","5","false","5","5","361","100","163.26836581709145"
"20","60","5","false","25","5","86","94.21487603305785","161.82965299684543"
"30","60","5","false","50","5","18","33.057851239669425","58.727569331158236"
"31","60","5","false","100","5","14","27.915518824609737","47.72370486656201"
"30","60","5","false","50","5","19","34.067952249770435","60.52202283849919"
"32","60","5","false","100","5","1","3.8567493112947657","6.796116504854369"
"31","60","5","false","100","5","15","29.56841138659321","50.54945054945055"
"25","60","5","false","50","5","30","51.606978879706155","86.9969040247678"
"18","60","5","false","25","5","181","100","174.24"
"30","60","5","false","50","5","20","34.89439853076217","61.99021207177814"
"31","60","5","false","100","5","16","31.86409550045914","54.47409733124019"
"30","60","5","false","50","5","21","36.27180899908173","64.43719412724307"
"20","60","5","false","25","5","87","94.39853076216713","162.14511041009462"
"10","60","5","false","5","5","362","100","163.26836581709145"
"29","60","5","false","50","5","6","13.039485766758494","21.91358024691358"
"31","60","5","false","100","5","17","34.43526170798898","58.86970172684458"
"18","60","5","false","25","5","182","100","174.24"
"30","60","5","false","50","5","22","37.1900826446281","66.06851549755302"
"31","60","5","false","100","5","18","36.54729109274564","62.48037676609105"
"30","60","5","false","50","5","23","38.38383838383838","68.18923327895595"
"32","60","5","false","100","5","2","5.785123966942149","10.194174757281553"
"30","60","5","false","50","5","24","39.30211202938476","69.82055464926592"
"31","60","5","false","100","5","19","38.9348025711662","66.56200941915228"
"30","60","5","false","50","5","25","40.4040404040404","71.77814029363785"
"31","60","5","false","100","5","20","40.95500459136823","70.01569858712716"
"25","60","5","false","50","5","31","51.69880624426079","87.15170278637771"
"18","60","5","false","25","5","183","100","174.24"
"30","60","5","false","50","5","26","41.32231404958678","73.4094616639478"
"31","60","5","false","100","5","21","42.79155188246097","73.15541601255887"
"30","60","5","false","50","5","27","42.14876033057851","74.87765089722676"
"29","60","5","false","50","5","7","14.600550964187327","24.537037037037038"
"31","60","5","false","100","5","22","44.62809917355372","76.29513343799059"
"30","60","5","false","50","5","28","42.97520661157025","76.3458401305057"
"20","60","5","false","25","5","88","94.49035812672176","162.30283911671924"
"31","60","5","false","100","5","23","46.464646464646464","79.43485086342228"
"10","60","5","false","5","5","363","100","163.26836581709145"
"30","60","5","false","50","5","29","43.61799816345271","77.48776508972267"
"32","60","5","false","100","5","3","7.529843893480257","13.268608414239482"
"31","60","5","false","100","5","24","47.658402203856745","81.4756671899529"
"30","60","5","false","50","5","30","44.26078971533517","78.62969004893964"
"18","60","5","false","25","5","184","100","174.24"
"10","60","5","false","5","5","364","100","163.26836581709145"
"25","60","5","false","50","5","32","51.790633608815426","87.30650154798761"
"31","60","5","false","100","5","25","49.03581267217631","83.83045525902669"
"29","60","5","false","50","5","8","16.345270890725434","27.469135802469136"
"30","60","5","false","50","5","31","45.08723599632691","80.0978792822186"
"32","60","5","false","100","5","4","8.81542699724518","15.53398058252427"
"31","60","5","false","100","5","26","50.321395775941234","86.02825745682888"
"18","60","5","false","25","5","185","100","174.24"
"30","60","5","false","50","5","32","45.91368227731864","81.56606851549756"
"30","60","5","false","50","5","33","47.015610651974285","83.5236541598695"
"10","60","5","false","5","5","365","100","163.26836581709145"
"31","60","5","false","100","5","27","51.606978879706155","88.22605965463109"
"25","60","5","false","50","5","33","51.790633608815426","87.30650154798761"
"30","60","5","false","50","5","34","47.658402203856745","84.66557911908646"
"29","60","5","false","50","5","9","17.90633608815427","30.09259259259259"
"31","60","5","false","100","5","28","52.43342516069789","89.63893249607536"
"32","60","5","false","100","5","5","10.009182736455463","17.637540453074433"
"18","60","5","false","25","5","186","100","174.24"
"31","60","5","false","100","5","29","53.25987144168962","91.05180533751962"
"30","60","5","false","50","5","35","47.93388429752066","85.15497553017944"
"10","60","5","false","5","5","366","100","163.26836581709145"
"31","60","5","false","100","5","30","54.08631772268136","92.4646781789639"
"31","60","5","false","100","5","31","54.82093663911846","93.72056514913658"
"30","60","5","false","50","5","36","48.117539026629935","85.48123980424144"
"18","60","5","false","25","5","187","100","174.24"
"29","60","5","false","50","5","10","19.742883379247015","33.17901234567901"
"31","60","5","false","100","5","32","55.09641873278237","94.19152276295134"
"30","60","5","false","50","5","37","48.301193755739206","85.80750407830342"
"32","60","5","false","100","5","6","11.11111111111111","19.57928802588997"
"10","60","5","false","5","5","367","100","163.26836581709145"
"31","60","5","false","100","5","33","55.188246097337","94.34850863422291"
"18","60","5","false","25","5","188","100","174.24"
"30","60","5","false","50","5","38","48.668503213957756","86.4600326264274"
"31","60","5","false","100","5","34","55.188246097337","94.34850863422291"
"33","60","5","false","100","5","0","1.9283746556473829","3.4090909090909087"
"29","60","5","false","50","5","11","21.30394857667585","35.80246913580247"
"30","60","5","false","50","5","39","48.852157943067034","86.7862969004894"
"18","60","5","false","25","5","189","100","174.24"
"30","60","5","false","50","5","40","49.127640036730945","87.27569331158239"
"10","60","5","false","5","5","368","100","163.26836581709145"
"32","60","5","false","100","5","7","12.304866850321396","21.68284789644013"
"33","60","5","false","100","5","1","4.40771349862259","7.792207792207792"
"30","60","5","false","50","5","41","49.494949494949495","87.92822185970635"
"34","60","5","false","100","5","0","1.6528925619834711","2.88"
"30","60","5","false","50","5","42","49.862258953168045","88.58075040783035"
"29","60","5","false","50","5","12","23.048668503213957","38.73456790123457"
"32","60","5","false","100","5","8","13.682277318640956","24.110032362459545"
"34","60","5","false","100","5","1","3.581267217630854","6.239999999999999"
"30","60","5","false","50","5","43","50.04591368227732","88.90701468189233"
"18","60","5","false","25","5","190","100","174.24"
"34","60","5","false","100","5","2","5.234159779614325","9.120000000000001"
"10","60","5","false","5","5","369","100","163.26836581709145"
"30","60","5","false","50","5","44","50.229568411386595","89.23327895595432"
"34","60","5","false","100","5","3","6.887052341597796","12"
"33","60","5","false","100","5","2","7.529843893480257","13.311688311688311"
"32","60","5","false","100","5","9","15.151515151515152","26.699029126213592"
"18","60","5","false","25","5","191","100","174.24"
"29","60","5","false","50","5","13","24.793388429752067","41.66666666666667"
"34","60","5","false","100","5","4","8.44811753902663","14.719999999999999"
"30","60","5","false","50","5","45","50.321395775941234","89.39641109298532"
"34","60","5","false","100","5","5","10.009182736455463","17.44"
"18","60","5","false","25","5","192","100","174.24"
"34","60","5","false","100","5","6","11.937557392102846","20.8"
"30","60","5","false","50","5","46","50.321395775941234","89.39641109298532"
"10","60","5","false","5","5","370","100","163.26836581709145"
"18","60","5","false","25","5","193","100","174.24"
"33","60","5","false","100","5","3","10.009182736455463","17.694805194805195"
"34","60","5","false","100","5","7","14.23324150596878","24.8"
"29","60","5","false","50","5","14","26.538108356290174","44.598765432098766"
"32","60","5","false","100","5","10","16.712580348943984","29.449838187702266"
"34","60","5","false","100","5","8","16.437098255280073","28.64"
"35","60","5","false","100","5","0","1.8365472910927456","3.2679738562091507"
"35","60","5","false","100","5","1","4.40771349862259","7.8431372549019605"
"34","60","5","false","100","5","9","18.365472910927455","32"
"33","60","5","false","100","5","4","11.662075298438934","20.616883116883116"
"18","60","5","false","25","5","194","100","174.24"
"34","60","5","false","100","5","10","19.65105601469238","34.239999999999995"
"35","60","5","false","100","5","2","6.887052341597796","12.254901960784313"
"10","60","5","false","5","5","371","100","163.26836581709145"
"29","60","5","false","50","5","15","28.46648301193756","47.839506172839506"
"32","60","5","false","100","5","11","18.27364554637282","32.200647249190936"
"34","60","5","false","100","5","11","21.028466483011936","36.64"
"35","60","5","false","100","5","3","8.81542699724518","15.686274509803921"
"18","60","5","false","25","5","195","100","174.24"
"35","60","5","false","100","5","4","10.192837465564738","18.137254901960784"
"34","60","5","false","100","5","12","22.405876951331496","39.04"
"35","60","5","false","100","5","5","11.386593204775023","20.26143790849673"
"32","60","5","false","100","5","12","19.4674012855831","34.3042071197411"
"34","60","5","false","100","5","13","24.426078971533517","42.559999999999995"
"33","60","5","false","100","5","5","13.039485766758494","23.051948051948052"
"35","60","5","false","100","5","6","12.764003673094582","22.712418300653596"
"29","60","5","false","50","5","16","30.57851239669421","51.388888888888886"
"10","60","5","false","5","5","372","100","163.26836581709145"
"34","60","5","false","100","5","14","26.538108356290174","46.239999999999995"
"35","60","5","false","100","5","7","14.049586776859504","25"
"18","60","5","false","25","5","196","100","174.24"
"34","60","5","false","100","5","15","28.46648301193756","49.6"
"32","60","5","false","100","5","13","21.028466483011936","37.055016181229774"
"35","60","5","false","100","5","8","15.977961432506888","28.431372549019606"
"34","60","5","false","100","5","16","30.11937557392103","52.480000000000004"
"33","60","5","false","100","5","6","14.325068870523417","25.324675324675322"
"34","60","5","false","100","5","17","32.047750229568415","55.84"
"35","60","5","false","100","5","9","17.81450872359963","31.699346405228756"
"29","60","5","false","50","5","17","32.415059687786965","54.4753086419753"
"32","60","5","false","100","5","14","23.140495867768596","40.77669902912621"
"34","60","5","false","100","5","18","33.97612488521579","59.199999999999996"
"35","60","5","false","100","5","10","19.834710743801654","35.294117647058826"
"34","60","5","false","100","5","19","34.9862258953168","60.96"
"10","60","5","false","5","5","373","100","163.26836581709145"
"18","60","5","false","25","5","197","100","174.24"
"33","60","5","false","100","5","7","15.335169880624427","27.110389610389614"
"34","60","5","false","100","5","20","35.720844811753906","62.239999999999995"
"35","60","5","false","100","5","11","21.395775941230486","38.0718954248366"
"35","60","5","false","100","5","12","23.507805325987142","41.830065359477125"
"34","60","5","false","100","5","21","36.17998163452709","63.04"
"35","60","5","false","100","5","13","24.793388429752067","44.11764705882353"
"35","60","5","false","100","5","14","26.262626262626267","46.73202614379085"
"29","60","5","false","50","5","18","34.067952249770435","57.25308641975309"
"18","60","5","false","25","5","198","100","174.24"
"32","60","5","false","100","5","15","25.436179981634528","44.82200647249191"
"35","60","5","false","100","5","15","27.364554637281913","48.69281045751634"
"34","60","5","false","100","5","22","36.91460055096419","64.32"
"34","60","5","false","100","5","23","37.37373737373738","65.12"
"35","60","5","false","100","5","16","28.46648301193756","50.65359477124183"
"10","60","5","false","5","5","374","100","163.26836581709145"
"35","60","5","false","100","5","17","29.201101928374655","51.9607843137255"
"18","60","5","false","25","5","199","100","174.24"
"34","60","5","false","100","5","24","37.9247015610652","66.08000000000001"
"33","60","5","false","100","5","8","16.712580348943984","29.545454545454547"
"35","60","5","false","100","5","18","29.935720844811755","53.26797385620915"
"32","60","5","false","100","5","16","27.548209366391184","48.54368932038835"
"34","60","5","false","100","5","25","38.29201101928375","66.72"
"29","60","5","false","50","5","19","35.720844811753906","60.03086419753087"
"35","60","5","false","100","5","19","30.853994490358126","54.90196078431373"
"34","60","5","false","100","5","26","38.75114784205693","67.52"
"18","60","5","false","25","5","200","100","174.24"
"35","60","5","false","100","5","20","31.68044077134986","56.372549019607845"
"34","60","5","false","100","5","27","39.21028466483012","68.32000000000001"
"10","60","5","false","5","5","375","100","163.26836581709145"
"35","60","5","false","100","5","21","32.78236914600551","58.333333333333336"
"33","60","5","false","100","5","9","17.81450872359963","31.493506493506494"
"32","60","5","false","100","5","17","29.843893480257115","52.58899676375405"
"34","60","5","false","100","5","28","39.94490358126722","69.6"
"35","60","5","false","100","5","22","33.700642791551886","59.967320261437905"
"18","60","5","false","25","5","201","100","174.24"
"35","60","5","false","100","5","23","35.07805325987144","62.41830065359477"
"34","60","5","false","100","5","29","40.67952249770432","70.88"
"35","60","5","false","100","5","24","36.455463728191","64.86928104575163"
"34","60","5","false","100","5","30","41.32231404958678","72"
"29","60","5","false","50","5","20","36.73094582185491","61.72839506172839"
"35","60","5","false","100","5","25","37.55739210284665","66.83006535947712"
"34","60","5","false","100","5","31","42.240587695133144","73.6"
"33","60","5","false","100","5","10","19.375573921028465","34.25324675324675"
"32","60","5","false","100","5","18","32.5068870523416","57.28155339805825"
"10","60","5","false","5","5","376","100","163.26836581709145"
"35","60","5","false","100","5","26","38.9348025711662","69.28104575163398"
"35","60","5","false","100","5","27","40.67952249770432","72.38562091503267"
"34","60","5","false","100","5","32","43.06703397612488","75.03999999999999"
"18","60","5","false","25","5","202","100","174.24"
"35","60","5","false","100","5","28","42.33241505968779","75.32679738562092"
"34","60","5","false","100","5","33","43.89348025711662","76.48"
"35","60","5","false","100","5","29","43.52617079889807","77.45098039215686"
"29","60","5","false","50","5","21","37.74104683195592","63.42592592592593"
"1","60","5","false","5","5","37","85.03213957759412","144.46177847113884"
"34","60","5","false","100","5","34","44.352617079889804","77.28"
"35","60","5","false","100","5","30","44.352617079889804","78.92156862745098"
"18","60","5","false","25","5","203","100","174.24"
"34","60","5","false","100","5","35","44.81175390266299","78.08"
"29","60","5","false","50","5","22","38.29201101928375","64.35185185185185"
"10","60","5","false","5","5","377","100","163.26836581709145"
"32","60","5","false","100","5","19","35.53719008264463","62.62135922330098"
"35","60","5","false","100","5","31","44.90358126721763","79.90196078431373"
"33","60","5","false","100","5","11","20.293847566574836","35.87662337662338"
"34","60","5","false","100","5","36","45.08723599632691","78.56"
"35","60","5","false","100","5","32","45.362718089990814","80.71895424836602"
"18","60","5","false","25","5","204","100","174.24"
"34","60","5","false","100","5","37","45.27089072543618","78.88"
"32","60","5","false","100","5","20","38.38383838383838","67.63754045307444"
"35","60","5","false","100","5","33","46.097337006427914","82.02614379084967"
"35","60","5","false","100","5","34","47.015610651974285","83.66013071895425"
"34","60","5","false","100","5","38","45.45454545454545","79.2"
"33","60","5","false","100","5","12","21.028466483011936","37.17532467532468"
"29","60","5","false","50","5","23","39.02662993572085","65.58641975308642"
"10","60","5","false","5","5","378","100","163.26836581709145"
"35","60","5","false","100","5","35","47.474747474747474","84.47712418300654"
"34","60","5","false","100","5","39","45.54637281910009","79.36"
"35","60","5","false","100","5","36","47.658402203856745","84.80392156862744"
"18","60","5","false","25","5","205","100","174.24"
"34","60","5","false","100","5","40","45.54637281910009","79.36"
"32","60","5","false","100","5","21","41.32231404958678","72.81553398058253"
"35","60","5","false","100","5","37","47.750229568411385","84.9673202614379"
"29","60","5","false","50","5","24","39.57759412304867","66.51234567901234"
"33","60","5","false","100","5","13","21.487603305785125","37.98701298701299"
"10","60","5","false","5","5","379","100","163.26836581709145"
"35","60","5","false","100","5","38","47.842056932966024","85.13071895424837"
"18","60","5","false","25","5","206","100","174.24"
"29","60","5","false","50","5","25","40.31221303948577","67.74691358024691"
"36","60","5","false","100","5","0","1.1937557392102847","1.9374068554396422"
"35","60","5","false","100","5","39","47.93388429752066","85.29411764705883"
"32","60","5","false","100","5","22","43.70982552800734","77.02265372168284"
"18","60","5","false","25","5","207","100","174.24"
"36","60","5","false","100","5","1","2.6629935720844813","4.321907600596125"
"35","60","5","false","100","5","40","48.025711662075295","85.45751633986927"
"36","60","5","false","100","5","2","4.775022956841139","7.749627421758569"
"10","60","5","false","5","5","380","100","163.26836581709145"
"33","60","5","false","100","5","14","21.85491276400367","38.63636363636363"
"32","60","5","false","100","5","23","45.73002754820937","80.58252427184466"
"36","60","5","false","100","5","3","6.7952249770431585","11.028315946348734"
"18","60","5","false","25","5","208","100","174.24"
"35","60","5","false","100","5","41","48.117539026629935","85.62091503267973"
"36","60","5","false","100","5","4","8.81542699724518","14.307004470938898"
"29","60","5","false","50","5","26","41.04683195592286","68.98148148148148"
"10","60","5","false","5","5","381","100","163.26836581709145"
"35","60","5","false","100","5","42","48.301193755739206","85.94771241830065"
"36","60","5","false","100","5","5","11.019283746556475","17.883755588673623"
"32","60","5","false","100","5","24","47.474747474747474","83.65695792880258"
"33","60","5","false","100","5","15","22.31404958677686","39.44805194805195"
"18","60","5","false","25","5","209","100","174.24"
"36","60","5","false","100","5","6","13.314967860422405","21.609538002980628"
"35","60","5","false","100","5","43","48.484848484848484","86.27450980392157"
"36","60","5","false","100","5","7","15.702479338842975","25.48435171385991"
"10","60","5","false","5","5","382","100","163.26836581709145"
"36","60","5","false","100","5","8","17.99816345270891","29.210134128166914"
"36","60","5","false","100","5","9","20.56932966023875","33.383010432190765"
"32","60","5","false","100","5","25","48.576675849403124","85.59870550161813"
"36","60","5","false","100","5","10","23.415977961432507","38.00298062593144"
"29","60","5","false","50","5","27","41.96510560146924","70.5246913580247"
"35","60","5","false","100","5","44","48.668503213957756","86.60130718954248"
"36","60","5","false","100","5","11","25.987144168962352","42.17585692995529"
"18","60","5","false","25","5","210","100","174.24"
"36","60","5","false","100","5","12","28.09917355371901","45.603576751117735"
"35","60","5","false","100","5","45","48.852157943067034","86.9281045751634"
"33","60","5","false","100","5","16","22.865013774104685","40.42207792207792"
"32","60","5","false","100","5","26","49.403122130394856","87.05501618122977"
"35","60","5","false","100","5","46","48.852157943067034","86.9281045751634"
"10","60","5","false","5","5","383","100","163.26836581709145"
"18","60","5","false","25","5","211","100","174.24"
"36","60","5","false","100","5","13","30.486685032139576","49.478390461997016"
"36","60","5","false","100","5","14","33.42516069788797","54.24739195230999"
"29","60","5","false","50","5","28","42.51606978879706","71.4506172839506"
"33","60","5","false","100","5","17","23.59963269054178","41.72077922077922"
"10","60","5","false","5","5","384","100","163.26836581709145"
"37","60","5","false","100","5","0","1.6528925619834711","2.8708133971291865"
"36","60","5","false","100","5","15","35.99632690541782","58.42026825633383"
"18","60","5","false","25","5","212","100","174.24"
"32","60","5","false","100","5","27","50.229568411386595","88.51132686084142"
"37","60","5","false","100","5","1","3.7649219467401287","6.539074960127592"
"37","60","5","false","100","5","2","5.785123966942149","10.047846889952153"
"36","60","5","false","100","5","16","38.47566574839302","62.4441132637854"
"37","60","5","false","100","5","3","7.3461891643709825","12.759170653907494"
"36","60","5","false","100","5","17","40.58769513314967","65.87183308494784"
"18","60","5","false","25","5","213","100","174.24"
"10","60","5","false","5","5","385","100","163.26836581709145"
"29","60","5","false","50","5","29","42.97520661157025","72.22222222222221"
"36","60","5","false","100","5","18","42.6078971533517","69.150521609538"
"37","60","5","false","100","5","4","8.81542699724518","15.311004784688995"
"33","60","5","false","100","5","18","24.609733700642792","43.506493506493506"
"36","60","5","false","100","5","19","44.90358126721763","72.87630402384501"
"20","60","5","false","25","5","89","94.5821854912764","162.46056782334384"
"37","60","5","false","100","5","5","10.46831955922865","18.181818181818183"
"36","60","5","false","100","5","20","47.19926538108356","76.60208643815201"
"37","60","5","false","100","5","6","11.84573002754821","20.574162679425836"
"32","60","5","false","100","5","28","50.78053259871441","89.48220064724919"
"36","60","5","false","100","5","21","48.852157943067034","79.28464977645305"
"18","60","5","false","25","5","214","100","174.24"
"37","60","5","false","100","5","7","13.131313131313133","22.807017543859647"
"36","60","5","false","100","5","22","49.770431588613405","80.77496274217586"
"37","60","5","false","100","5","8","14.87603305785124","25.837320574162682"
"33","60","5","false","100","5","19","25.71166207529844","45.45454545454545"
"29","60","5","false","50","5","30","43.25068870523416","72.68518518518519"
"36","60","5","false","100","5","23","50.505050505050505","81.9672131147541"
"20","60","5","false","25","5","90","94.94949494949495","163.09148264984228"
"18","60","5","false","25","5","215","100","174.24"
"37","60","5","false","100","5","9","16.528925619834713","28.708133971291865"
"32","60","5","false","100","5","29","51.147842056932966","90.1294498381877"
"36","60","5","false","100","5","24","51.515151515151516","83.60655737704919"
"37","60","5","false","100","5","10","17.90633608815427","31.100478468899524"
"36","60","5","false","100","5","25","52.157943067033976","84.64977645305514"
"20","60","5","false","25","5","91","95.13314967860423","163.4069400630915"
"36","60","5","false","100","5","26","52.43342516069789","85.09687034277198"
"37","60","5","false","100","5","11","18.91643709825528","32.854864433811805"
"1","60","5","false","5","5","38","85.30762167125803","144.92979719188767"
"37","60","5","false","100","5","12","19.92653810835629","34.609250398724086"
"38","60","5","false","100","5","0","1.9283746556473829","3.230769230769231"
"29","60","5","false","50","5","31","43.89348025711662","73.76543209876543"
"33","60","5","false","100","5","20","26.813590449954088","47.4025974025974"
"32","60","5","false","100","5","30","51.42332415059688","90.61488673139159"
"18","60","5","false","25","5","216","100","174.24"
"36","60","5","false","100","5","27","52.61707988980716","85.39493293591654"
"37","60","5","false","100","5","13","20.84481175390266","36.20414673046252"
"20","60","5","false","25","5","92","95.13314967860423","163.4069400630915"
"36","60","5","false","100","5","28","52.892561983471076","85.84202682563338"
"37","60","5","false","100","5","14","21.94674012855831","38.11802232854865"
"37","60","5","false","100","5","15","22.865013774104685","39.71291866028708"
"37","60","5","false","100","5","16","24.058769513314967","41.78628389154705"
"38","60","5","false","100","5","1","4.866850321395775","8.153846153846153"
"36","60","5","false","100","5","29","53.25987144168962","86.43815201192251"
"37","60","5","false","100","5","17","25.252525252525253","43.859649122807014"
"37","60","5","false","100","5","18","26.813590449954088","46.57097288676236"
"33","60","5","false","100","5","21","28.28282828282828","50"
"18","60","5","false","25","5","217","100","174.24"
"37","60","5","false","100","5","19","28.09917355371901","48.803827751196174"
"36","60","5","false","100","5","30","53.71900826446281","87.1833084947839"
"32","60","5","false","100","5","31","51.606978879706155","90.93851132686083"
"29","60","5","false","50","5","32","44.71992653810835","75.15432098765432"
"20","60","5","false","25","5","93","95.22497704315886","163.5646687697161"
"37","60","5","false","100","5","20","29.292929292929294","50.877192982456144"
"36","60","5","false","100","5","31","54.178145087236","87.9284649776453"
"37","60","5","false","100","5","21","30.21120293847567","52.472089314194584"
"38","60","5","false","100","5","2","7.621671258034894","12.769230769230768"
"33","60","5","false","100","5","22","29.935720844811755","52.922077922077925"
"18","60","5","false","25","5","218","100","174.24"
"37","60","5","false","100","5","22","31.496786042240586","54.70494417862839"
"36","60","5","false","100","5","32","54.729109274563825","88.82265275707898"
"37","60","5","false","100","5","23","33.14967860422406","57.57575757575758"
"20","60","5","false","25","5","94","95.31680440771349","163.7223974763407"
"37","60","5","false","100","5","24","34.710743801652896","60.28708133971292"
"29","60","5","false","50","5","33","45.54637281910009","76.5432098765432"
"37","60","5","false","100","5","25","36.63911845730027","63.63636363636363"
"32","60","5","false","100","5","32","51.790633608815426","91.2621359223301"
"37","60","5","false","100","5","26","38.56749311294766","66.98564593301435"
"36","60","5","false","100","5","33","55.55555555555556","90.1639344262295"
"18","60","5","false","25","5","219","100","174.24"
"36","60","5","false","100","5","34","56.19834710743802","91.20715350223547"
"37","60","5","false","100","5","27","40.49586776859504","70.33492822966507"
"37","60","5","false","100","5","28","42.14876033057851","73.20574162679426"
"20","60","5","false","25","5","95","95.50045913682277","164.0378548895899"
"36","60","5","false","100","5","35","56.84113865932048","92.25037257824144"
"33","60","5","false","100","5","23","31.40495867768595","55.519480519480524"
"38","60","5","false","100","5","3","9.82552800734619","16.46153846153846"
"37","60","5","false","100","5","29","44.26078971533517","76.87400318979266"
"36","60","5","false","100","5","36","57.116620752984396","92.69746646795826"
"37","60","5","false","100","5","30","46.18916437098255","80.22328548644339"
"18","60","5","false","25","5","220","100","174.24"
"37","60","5","false","100","5","31","47.38292011019284","82.29665071770334"
"32","60","5","false","100","5","33","51.790633608815426","91.2621359223301"
"36","60","5","false","100","5","37","57.48393021120294","93.2935916542474"
"37","60","5","false","100","5","32","48.484848484848484","84.21052631578947"
"29","60","5","false","50","5","34","46.372819100091824","77.9320987654321"
"20","60","5","false","25","5","96","95.68411386593205","164.35331230283913"
"36","60","5","false","100","5","38","57.85123966942148","93.88971684053651"
"37","60","5","false","100","5","33","49.403122130394856","85.8054226475279"
"33","60","5","false","100","5","24","32.87419651056015","58.11688311688312"
"18","60","5","false","25","5","221","100","174.24"
"38","60","5","false","100","5","4","12.121212121212121","20.307692307692307"
"37","60","5","false","100","5","34","50.229568411386595","87.24082934609251"
"36","60","5","false","100","5","39","58.21854912764004","94.48584202682562"
"37","60","5","false","100","5","35","50.688705234159784","88.03827751196172"
"20","60","5","false","25","5","97","95.86776859504133","164.66876971608832"
"36","60","5","false","100","5","40","58.49403122130394","94.93293591654248"
"37","60","5","false","100","5","36","51.147842056932966","88.83572567783095"
"29","60","5","false","50","5","35","47.107438016528924","79.16666666666666"
"38","60","5","false","100","5","5","14.692378328741965","24.615384615384617"
"33","60","5","false","100","5","25","34.25160697887971","60.55194805194806"
"36","60","5","false","100","5","41","58.8613406795225","95.52906110283159"
"20","60","5","false","25","5","98","95.95959595959596","164.82649842271292"
"37","60","5","false","100","5","37","51.606978879706155","89.63317384370016"
"18","60","5","false","25","5","222","100","174.24"
"39","60","5","false","100","5","0","1.9283746556473829","3.4653465346534658"
"36","60","5","false","100","5","42","59.04499540863177","95.82712369597616"
"37","60","5","false","100","5","38","51.974288337924705","90.27113237639554"
"37","60","5","false","100","5","39","52.066115702479344","90.43062200956938"
"36","60","5","false","100","5","43","59.13682277318642","95.97615499254843"
"18","60","5","false","25","5","223","100","174.24"
"37","60","5","false","100","5","40","52.34159779614325","90.9090909090909"
"29","60","5","false","50","5","36","47.750229568411385","80.24691358024691"
"33","60","5","false","100","5","26","35.81267217630854","63.31168831168831"
"38","60","5","false","100","5","6","17.26354453627181","28.923076923076923"
"39","60","5","false","100","5","1","4.499540863177227","8.085808580858085"
"36","60","5","false","100","5","44","59.22865013774105","96.1251862891207"
"20","60","5","false","25","5","99","96.23507805325987","165.29968454258673"
"37","60","5","false","100","5","41","52.52525252525253","91.22807017543859"
"37","60","5","false","100","5","42","52.61707988980716","91.38755980861244"
"36","60","5","false","100","5","45","59.32047750229569","96.274217585693"
"36","60","5","false","100","5","46","59.41230486685032","96.42324888226528"
"18","60","5","false","25","5","224","100","174.24"
"37","60","5","false","100","5","43","52.61707988980716","91.38755980861244"
"33","60","5","false","100","5","27","37.00642791551883","65.42207792207793"
"36","60","5","false","100","5","47","59.50413223140496","96.57228017883756"
"40","60","5","false","100","5","0","2.0202020202020203","3.3950617283950617"
"36","60","5","false","100","5","48","59.50413223140496","96.57228017883756"
"39","60","5","false","100","5","2","6.6115702479338845","11.881188118811881"
"29","60","5","false","50","5","37","48.209366391184574","81.01851851851852"
"38","60","5","false","100","5","7","19.65105601469238","32.92307692307692"
"40","60","5","false","100","5","1","3.6730945821854912","6.172839506172839"
"20","60","5","false","25","5","100","96.32690541781452","165.45741324921136"
"18","60","5","false","25","5","225","100","174.24"
"40","60","5","false","100","5","2","5.325987144168963","8.950617283950617"
"40","60","5","false","100","5","3","6.978879706152434","11.728395061728394"
"40","60","5","false","100","5","4","8.44811753902663","14.19753086419753"
"33","60","5","false","100","5","28","38.29201101928375","67.6948051948052"
"38","60","5","false","100","5","8","21.671258034894397","36.30769230769231"
"40","60","5","false","100","5","5","10.192837465564738","17.12962962962963"
"39","60","5","false","100","5","3","8.723599632690542","15.676567656765677"
"18","60","5","false","25","5","226","100","174.24"
"20","60","5","false","25","5","101","96.60238751147841","165.93059936908517"
"29","60","5","false","50","5","38","48.484848484848484","81.48148148148148"
"40","60","5","false","100","5","6","12.580348943985308","21.141975308641975"
"38","60","5","false","100","5","9","23.507805325987142","39.38461538461539"
"33","60","5","false","100","5","29","39.48576675849403","69.8051948051948"
"40","60","5","false","100","5","7","14.23324150596878","23.919753086419753"
"18","60","5","false","25","5","227","100","174.24"
"20","60","5","false","25","5","102","96.87786960514234","166.403785488959"
"40","60","5","false","100","5","8","15.794306703397613","26.543209876543212"
"39","60","5","false","100","5","4","10.835629017447198","19.471947194719473"
"38","60","5","false","100","5","10","24.793388429752067","41.53846153846154"
"40","60","5","false","100","5","9","17.26354453627181","29.01234567901235"
"29","60","5","false","50","5","39","48.852157943067034","82.09876543209876"
"18","60","5","false","25","5","228","100","174.24"
"33","60","5","false","100","5","30","40.86317722681359","72.24025974025975"
"40","60","5","false","100","5","10","18.732782369146005","31.48148148148148"
"20","60","5","false","25","5","103","96.96969696969697","166.5615141955836"
"39","60","5","false","100","5","5","12.48852157943067","22.442244224422442"
"40","60","5","false","100","5","11","20.293847566574836","34.10493827160494"
"33","60","5","false","100","5","31","42.05693296602387","74.35064935064936"
"40","60","5","false","100","5","12","21.763085399449036","36.574074074074076"
"38","60","5","false","100","5","11","26.170798898071624","43.84615384615385"
"18","60","5","false","25","5","229","100","174.24"
"29","60","5","false","50","5","40","49.219467401285584","82.71604938271605"
"40","60","5","false","100","5","13","23.415977961432507","39.351851851851855"
"20","60","5","false","25","5","104","96.96969696969697","166.5615141955836"
"40","60","5","false","100","5","14","25.160697887970617","42.28395061728395"
"39","60","5","false","100","5","6","14.049586776859504","25.247524752475247"
"40","60","5","false","100","5","15","26.72176308539945","44.907407407407405"
"33","60","5","false","100","5","32","43.34251606978879","76.62337662337663"
"18","60","5","false","25","5","230","100","174.24"
"38","60","5","false","100","5","12","27.548209366391184","46.15384615384615"
"40","60","5","false","100","5","16","28.46648301193756","47.839506172839506"
"39","60","5","false","100","5","7","14.967860422405877","26.897689768976896"
"40","60","5","false","100","5","17","30.57851239669421","51.388888888888886"
"29","60","5","false","50","5","41","49.586776859504134","83.33333333333334"
"20","60","5","false","25","5","105","97.0615243342516","166.7192429022082"
"18","60","5","false","25","5","231","100","174.24"
"40","60","5","false","100","5","18","32.966023875114786","55.401234567901234"
"33","60","5","false","100","5","33","44.71992653810835","79.05844155844156"
"38","60","5","false","100","5","13","29.292929292929294","49.07692307692308"
"39","60","5","false","100","5","8","15.977961432506888","28.71287128712871"
"40","60","5","false","100","5","19","35.07805325987144","58.95061728395061"
"18","60","5","false","25","5","232","100","174.24"
"20","60","5","false","25","5","106","97.15335169880625","166.8769716088328"
"40","60","5","false","100","5","20","36.82277318640955","61.882716049382715"
"29","60","5","false","50","5","42","49.770431588613405","83.64197530864197"
"18","60","5","false","25","5","233","100","174.24"
"33","60","5","false","100","5","34","46.097337006427914","81.4935064935065"
"40","60","5","false","100","5","21","38.29201101928375","64.35185185185185"
"38","60","5","false","100","5","14","30.76216712580349","51.53846153846153"
"39","60","5","false","100","5","9","16.804407713498623","30.198019801980198"
"40","60","5","false","100","5","22","40.03673094582185","67.28395061728395"
"18","60","5","false","25","5","234","100","174.24"
"29","60","5","false","50","5","43","50.13774104683195","84.25925925925925"
"20","60","5","false","25","5","107","97.15335169880625","166.8769716088328"
"40","60","5","false","100","5","23","42.14876033057851","70.83333333333334"
"33","60","5","false","100","5","35","47.658402203856745","84.25324675324676"
"40","60","5","false","100","5","24","43.70982552800734","73.4567901234568"
"38","60","5","false","100","5","15","32.598714416896236","54.61538461538461"
"18","60","5","false","25","5","235","100","174.24"
"39","60","5","false","100","5","10","17.722681359044994","31.84818481848185"
"40","60","5","false","100","5","25","45.73002754820937","76.85185185185185"
"18","60","5","false","25","5","236","100","174.24"
"20","60","5","false","25","5","108","97.52066115702479","167.50788643533124"
"40","60","5","false","100","5","26","47.19926538108356","79.32098765432099"
"29","60","5","false","50","5","44","50.413223140495866","84.72222222222221"
"33","60","5","false","100","5","36","48.760330578512395","86.2012987012987"
"40","60","5","false","100","5","27","48.209366391184574","81.01851851851852"
"40","60","5","false","100","5","28","49.219467401285584","82.71604938271605"
"39","60","5","false","100","5","11","18.27364554637282","32.838283828382835"
"40","60","5","false","100","5","29","50.13774104683195","84.25925925925925"
"38","60","5","false","100","5","16","34.34343434343434","57.53846153846154"
"1","60","5","false","5","5","39","85.9504132231405","146.02184087363494"
"40","60","5","false","100","5","30","50.59687786960514","85.03086419753086"
"18","60","5","false","25","5","237","100","174.24"
"20","60","5","false","25","5","109","97.52066115702479","167.50788643533124"
"39","60","5","false","100","5","12","19.28374655647383","34.65346534653465"
"33","60","5","false","100","5","37","50.321395775941234","88.96103896103897"
"40","60","5","false","100","5","31","50.872359963269055","85.49382716049382"
"29","60","5","false","50","5","45","50.413223140495866","84.72222222222221"
"40","60","5","false","100","5","32","50.964187327823694","85.64814814814815"
"38","60","5","false","100","5","17","36.17998163452709","60.61538461538461"
"20","60","5","false","25","5","110","97.61248852157944","167.66561514195584"
"39","60","5","false","100","5","13","20.477502295684115","36.7986798679868"
"40","60","5","false","100","5","33","51.05601469237833","85.80246913580247"
"18","60","5","false","25","5","238","100","174.24"
"33","60","5","false","100","5","38","51.515151515151516","91.07142857142857"
"40","60","5","false","100","5","34","51.05601469237833","85.80246913580247"
"38","60","5","false","100","5","18","37.55739210284665","62.92307692307693"
"18","60","5","false","25","5","239","100","174.24"
"20","60","5","false","25","5","111","97.70431588613407","167.82334384858044"
"33","60","5","false","100","5","39","52.157943067033976","92.20779220779221"
"18","60","5","false","25","5","240","100","174.24"
"39","60","5","false","100","5","14","21.487603305785125","38.613861386138616"
"38","60","5","false","100","5","19","39.21028466483012","65.6923076923077"
"20","60","5","false","25","5","112","97.97979797979798","168.29652996845425"
"39","60","5","false","100","5","15","22.773186409550046","40.92409240924093"
"18","60","5","false","25","5","241","100","174.24"
"33","60","5","false","100","5","40","52.61707988980716","93.01948051948052"
"38","60","5","false","100","5","20","40.86317722681359","68.46153846153847"
"20","60","5","false","25","5","113","98.07162534435263","168.45425867507885"
"18","60","5","false","25","5","242","100","174.24"
"39","60","5","false","100","5","16","23.59963269054178","42.40924092409241"
"33","60","5","false","100","5","41","52.80073461891644","93.34415584415584"
"38","60","5","false","100","5","21","42.51606978879706","71.23076923076923"
"18","60","5","false","25","5","243","100","174.24"
"20","60","5","false","25","5","114","98.16345270890724","168.61198738170347"
"39","60","5","false","100","5","17","24.334251606978878","43.72937293729373"
"33","60","5","false","100","5","42","52.892561983471076","93.5064935064935"
"38","60","5","false","100","5","22","44.26078971533517","74.15384615384616"
"18","60","5","false","25","5","244","100","174.24"
"20","60","5","false","25","5","115","98.25528007346189","168.76971608832807"
"38","60","5","false","100","5","23","45.73002754820937","76.61538461538461"
"39","60","5","false","100","5","18","24.97704315886134","44.884488448844884"
"33","60","5","false","100","5","43","52.892561983471076","93.5064935064935"
"18","60","5","false","25","5","245","100","174.24"
"20","60","5","false","25","5","116","98.5307621671258","169.24290220820188"
"38","60","5","false","100","5","24","47.38292011019284","79.38461538461539"
"39","60","5","false","100","5","19","25.71166207529844","46.2046204620462"
"18","60","5","false","25","5","246","100","174.24"
"18","60","5","false","25","5","247","100","174.24"
"20","60","5","false","25","5","117","98.5307621671258","169.24290220820188"
"39","60","5","false","100","5","20","26.62993572084481","47.85478547854785"
"38","60","5","false","100","5","25","48.94398530762167","82"
"18","60","5","false","25","5","248","100","174.24"
"18","60","5","false","25","5","249","100","174.24"
"39","60","5","false","100","5","21","27.73186409550046","49.834983498349835"
"20","60","5","false","25","5","118","98.5307621671258","169.24290220820188"
"38","60","5","false","100","5","26","50.413223140495866","84.46153846153847"
"18","60","5","false","25","5","250","100","174.24"
"38","60","5","false","100","5","27","51.515151515151516","86.3076923076923"
"39","60","5","false","100","5","22","28.650137741046834","51.48514851485149"
"18","60","5","false","25","5","251","100","174.24"
"20","60","5","false","25","5","119","98.62258953168043","169.40063091482648"
"18","60","5","false","25","5","252","100","174.24"
"38","60","5","false","100","5","28","52.43342516069789","87.84615384615385"
"20","60","5","false","25","5","120","98.71441689623508","169.5583596214511"
"39","60","5","false","100","5","23","29.843893480257115","53.63036303630363"
"18","60","5","false","25","5","253","100","174.24"
"38","60","5","false","100","5","29","52.98438934802571","88.76923076923077"
"18","60","5","false","25","5","254","100","174.24"
"20","60","5","false","25","5","121","98.89807162534436","169.87381703470032"
"39","60","5","false","100","5","24","31.0376492194674","55.775577557755774"
"38","60","5","false","100","5","30","53.627180899908176","89.84615384615384"
"18","60","5","false","25","5","255","100","174.24"
"39","60","5","false","100","5","25","32.415059687786965","58.25082508250825"
"20","60","5","false","25","5","122","98.98989898989899","170.03154574132492"
"18","60","5","false","25","5","256","100","174.24"
"38","60","5","false","100","5","31","54.45362718089991","91.23076923076923"
"39","60","5","false","100","5","26","33.79247015610652","60.726072607260726"
"18","60","5","false","25","5","257","100","174.24"
"20","60","5","false","25","5","123","99.17355371900827","170.34700315457414"
"39","60","5","false","100","5","27","34.710743801652896","62.37623762376238"
"38","60","5","false","100","5","32","55.00459136822773","92.15384615384615"
"18","60","5","false","25","5","258","100","174.24"
"20","60","5","false","25","5","124","99.2653810835629","170.50473186119874"
"18","60","5","false","25","5","259","100","174.24"
"39","60","5","false","100","5","28","35.720844811753906","64.1914191419142"
"38","60","5","false","100","5","33","55.09641873278237","92.3076923076923"
"18","60","5","false","25","5","260","100","174.24"
"20","60","5","false","25","5","125","99.2653810835629","170.50473186119874"
"18","60","5","false","25","5","261","100","174.24"
"18","60","5","false","25","5","262","100","174.24"
"38","60","5","false","100","5","34","55.28007346189165","92.61538461538461"
"39","60","5","false","100","5","29","36.73094582185491","66.006600660066"
"20","60","5","false","25","5","126","99.35720844811755","170.66246056782336"
"18","60","5","false","25","5","263","100","174.24"
"18","60","5","false","25","5","264","100","174.24"
"39","60","5","false","100","5","30","37.37373737373738","67.16171617161716"
"18","60","5","false","25","5","265","100","174.24"
"20","60","5","false","25","5","127","99.35720844811755","170.66246056782336"
"38","60","5","false","100","5","35","55.55555555555556","93.07692307692308"
"18","60","5","false","25","5","266","100","174.24"
"39","60","5","false","100","5","31","38.01652892561984","68.31683168316832"
"18","60","5","false","25","5","267","100","174.24"
"20","60","5","false","25","5","128","99.35720844811755","170.66246056782336"
"39","60","5","false","100","5","32","38.29201101928375","68.8118811881188"
"18","60","5","false","25","5","268","100","174.24"
"38","60","5","false","100","5","36","55.73921028466483","93.38461538461539"
"39","60","5","false","100","5","33","38.75114784205693","69.63696369636963"
"18","60","5","false","25","5","269","100","174.24"
"39","60","5","false","100","5","34","39.11845730027548","70.29702970297029"
"20","60","5","false","25","5","129","99.44903581267218","170.82018927444796"
"38","60","5","false","100","5","37","55.9228650137741","93.6923076923077"
"18","60","5","false","25","5","270","100","174.24"
"1","60","5","false","5","5","40","86.50137741046832","146.9578783151326"
"39","60","5","false","100","5","35","39.57759412304867","71.12211221122112"
"18","60","5","false","25","5","271","100","174.24"
"38","60","5","false","100","5","38","56.10651974288338","94"
"20","60","5","false","25","5","130","99.44903581267218","170.82018927444796"
"18","60","5","false","25","5","272","100","174.24"
"38","60","5","false","100","5","39","56.10651974288338","94"
"39","60","5","false","100","5","36","39.85307621671258","71.61716171617162"
"18","60","5","false","25","5","273","100","174.24"
"18","60","5","false","25","5","274","100","174.24"
"39","60","5","false","100","5","37","40.12855831037649","72.11221122112211"
"20","60","5","false","25","5","131","99.44903581267218","170.82018927444796"
"18","60","5","false","25","5","275","100","174.24"
"39","60","5","false","100","5","38","40.12855831037649","72.11221122112211"
"20","60","5","false","25","5","132","99.44903581267218","170.82018927444796"
"18","60","5","false","25","5","276","100","174.24"
"20","60","5","false","25","5","133","99.44903581267218","170.82018927444796"
"18","60","5","false","25","5","277","100","174.24"
"20","60","5","false","25","5","134","99.44903581267218","170.82018927444796"
"20","60","5","false","25","5","135","99.44903581267218","170.82018927444796"
"20","60","5","false","25","5","136","99.44903581267218","170.82018927444796"
"20","60","5","false","25","5","137","99.44903581267218","170.82018927444796"
"20","60","5","false","25","5","138","99.44903581267218","170.82018927444796"
"20","60","5","false","25","5","139","99.44903581267218","170.82018927444796"
"20","60","5","false","25","5","140","99.44903581267218","170.82018927444796"
"20","60","5","false","25","5","141","99.44903581267218","170.82018927444796"
"20","60","5","false","25","5","142","99.44903581267218","170.82018927444796"
"20","60","5","false","25","5","143","99.44903581267218","170.82018927444796"
"20","60","5","false","25","5","144","99.44903581267218","170.82018927444796"
"20","60","5","false","25","5","145","99.54086317722681","170.97791798107255"
"20","60","5","false","25","5","146","99.54086317722681","170.97791798107255"
"20","60","5","false","25","5","147","99.54086317722681","170.97791798107255"
"1","60","5","false","5","5","41","87.23599632690542","148.20592823712948"
"20","60","5","false","25","5","148","99.54086317722681","170.97791798107255"
"20","60","5","false","25","5","149","99.54086317722681","170.97791798107255"
"20","60","5","false","25","5","150","99.54086317722681","170.97791798107255"
"20","60","5","false","25","5","151","99.54086317722681","170.97791798107255"
"20","60","5","false","25","5","152","99.54086317722681","170.97791798107255"
"20","60","5","false","25","5","153","99.63269054178146","171.13564668769718"
"20","60","5","false","25","5","154","99.63269054178146","171.13564668769718"
"20","60","5","false","25","5","155","99.63269054178146","171.13564668769718"
"20","60","5","false","25","5","156","99.63269054178146","171.13564668769718"
"20","60","5","false","25","5","157","99.63269054178146","171.13564668769718"
"20","60","5","false","25","5","158","99.63269054178146","171.13564668769718"
"20","60","5","false","25","5","159","99.63269054178146","171.13564668769718"
"20","60","5","false","25","5","160","99.72451790633609","171.29337539432177"
"20","60","5","false","25","5","161","99.72451790633609","171.29337539432177"
"20","60","5","false","25","5","162","99.72451790633609","171.29337539432177"
"20","60","5","false","25","5","163","99.72451790633609","171.29337539432177"
"20","60","5","false","25","5","164","99.72451790633609","171.29337539432177"
"20","60","5","false","25","5","165","99.90817263544535","171.608832807571"
"20","60","5","false","25","5","166","100","171.7665615141956"
"20","60","5","false","25","5","167","100","171.7665615141956"
"20","60","5","false","25","5","168","100","171.7665615141956"
"20","60","5","false","25","5","169","100","171.7665615141956"
"20","60","5","false","25","5","170","100","171.7665615141956"
"20","60","5","false","25","5","171","100","171.7665615141956"
"20","60","5","false","25","5","172","100","171.7665615141956"
"20","60","5","false","25","5","173","100","171.7665615141956"
"20","60","5","false","25","5","174","100","171.7665615141956"
"20","60","5","false","25","5","175","100","171.7665615141956"
"20","60","5","false","25","5","176","100","171.7665615141956"
"20","60","5","false","25","5","177","100","171.7665615141956"
"20","60","5","false","25","5","178","100","171.7665615141956"
"20","60","5","false","25","5","179","100","171.7665615141956"
"20","60","5","false","25","5","180","100","171.7665615141956"
"1","60","5","false","5","5","42","87.60330578512396","148.82995319812792"
"1","60","5","false","5","5","43","88.61340679522498","150.54602184087364"
"1","60","5","false","5","5","44","88.98071625344353","151.17004680187208"
"1","60","5","false","5","5","45","89.8989898989899","152.73010920436818"
"1","60","5","false","5","5","46","90.44995408631772","153.66614664586584"
"1","60","5","false","5","5","47","90.81726354453627","154.29017160686428"
"1","60","5","false","5","5","48","91.18457300275482","154.91419656786272"
"1","60","5","false","5","5","49","91.46005509641874","155.38221528861155"
"1","60","5","false","5","5","50","91.73553719008265","155.85023400936038"
"1","60","5","false","5","5","51","92.1028466483012","156.4742589703588"
"1","60","5","false","5","5","52","92.47015610651974","157.09828393135726"
"1","60","5","false","5","5","53","93.1129476584022","158.19032761310453"
"1","60","5","false","5","5","54","93.5720844811754","158.97035881435258"
"1","60","5","false","5","5","55","94.21487603305785","160.06240249609985"
"1","60","5","false","5","5","56","94.8576675849403","161.15444617784712"
"1","60","5","false","5","5","57","94.8576675849403","161.15444617784712"
"1","60","5","false","5","5","58","94.94949494949495","161.31045241809673"
"1","60","5","false","5","5","59","95.22497704315886","161.77847113884556"
"1","60","5","false","5","5","60","95.31680440771349","161.93447737909517"
"1","60","5","false","5","5","61","95.50045913682277","162.2464898595944"
"1","60","5","false","5","5","62","95.77594123048668","162.71450858034322"
"1","60","5","false","5","5","63","95.86776859504133","162.87051482059283"
"1","60","5","false","5","5","64","95.95959595959596","163.02652106084244"
"1","60","5","false","5","5","65","96.14325068870524","163.33853354134163"
"1","60","5","false","5","5","66","96.32690541781452","163.65054602184088"
"1","60","5","false","5","5","67","96.60238751147841","164.1185647425897"
"1","60","5","false","5","5","68","96.69421487603306","164.2745709828393"
"1","60","5","false","5","5","69","96.87786960514234","164.58658346333854"
"1","60","5","false","5","5","70","97.0615243342516","164.89859594383776"
"1","60","5","false","5","5","71","97.0615243342516","164.89859594383776"
"1","60","5","false","5","5","72","97.33700642791551","165.36661466458656"
"1","60","5","false","5","5","73","97.33700642791551","165.36661466458656"
"1","60","5","false","5","5","74","97.52066115702479","165.6786271450858"
"1","60","5","false","5","5","75","97.61248852157944","165.83463338533542"
"1","60","5","false","5","5","76","97.70431588613407","165.99063962558503"
"1","60","5","false","5","5","77","97.88797061524335","166.30265210608422"
"1","60","5","false","5","5","78","98.16345270890724","166.77067082683308"
"1","60","5","false","5","5","79","98.34710743801654","167.0826833073323"
"1","60","5","false","5","5","80","98.34710743801654","167.0826833073323"
"1","60","5","false","5","5","81","98.62258953168043","167.55070202808113"
"1","60","5","false","5","5","82","98.71441689623508","167.70670826833074"
"1","60","5","false","5","5","83","98.71441689623508","167.70670826833074"
"1","60","5","false","5","5","84","98.71441689623508","167.70670826833074"
"1","60","5","false","5","5","85","98.80624426078971","167.86271450858035"
"1","60","5","false","5","5","86","98.89807162534436","168.01872074882996"
"1","60","5","false","5","5","87","98.89807162534436","168.01872074882996"
"1","60","5","false","5","5","88","99.17355371900827","168.48673946957877"
"1","60","5","false","5","5","89","99.17355371900827","168.48673946957877"
"1","60","5","false","5","5","90","99.17355371900827","168.48673946957877"
"1","60","5","false","5","5","91","99.17355371900827","168.48673946957877"
"1","60","5","false","5","5","92","99.17355371900827","168.48673946957877"
"1","60","5","false","5","5","93","99.17355371900827","168.48673946957877"
"1","60","5","false","5","5","94","99.17355371900827","168.48673946957877"
"1","60","5","false","5","5","95","99.17355371900827","168.48673946957877"
"1","60","5","false","5","5","96","99.17355371900827","168.48673946957877"
"1","60","5","false","5","5","97","99.17355371900827","168.48673946957877"
"1","60","5","false","5","5","98","99.17355371900827","168.48673946957877"
"1","60","5","false","5","5","99","99.17355371900827","168.48673946957877"
"1","60","5","false","5","5","100","99.17355371900827","168.48673946957877"
"1","60","5","false","5","5","101","99.17355371900827","168.48673946957877"
"1","60","5","false","5","5","102","99.2653810835629","168.6427457098284"
"1","60","5","false","5","5","103","99.2653810835629","168.6427457098284"
"1","60","5","false","5","5","104","99.2653810835629","168.6427457098284"
"1","60","5","false","5","5","105","99.2653810835629","168.6427457098284"
"1","60","5","false","5","5","106","99.2653810835629","168.6427457098284"
"1","60","5","false","5","5","107","99.2653810835629","168.6427457098284"
"1","60","5","false","5","5","108","99.2653810835629","168.6427457098284"
"1","60","5","false","5","5","109","99.44903581267218","168.95475819032762"
"1","60","5","false","5","5","110","99.44903581267218","168.95475819032762"
"1","60","5","false","5","5","111","99.54086317722681","169.11076443057723"
"1","60","5","false","5","5","112","99.63269054178146","169.26677067082682"
"1","60","5","false","5","5","113","99.63269054178146","169.26677067082682"
"1","60","5","false","5","5","114","99.63269054178146","169.26677067082682"
"1","60","5","false","5","5","115","99.72451790633609","169.42277691107643"
"1","60","5","false","5","5","116","99.72451790633609","169.42277691107643"
"1","60","5","false","5","5","117","99.72451790633609","169.42277691107643"
"1","60","5","false","5","5","118","99.72451790633609","169.42277691107643"
"1","60","5","false","5","5","119","99.81634527089072","169.57878315132606"
"1","60","5","false","5","5","120","99.81634527089072","169.57878315132606"
"1","60","5","false","5","5","121","99.81634527089072","169.57878315132606"
"1","60","5","false","5","5","122","99.90817263544535","169.73478939157567"
"1","60","5","false","5","5","123","99.90817263544535","169.73478939157567"
"1","60","5","false","5","5","124","99.90817263544535","169.73478939157567"
"1","60","5","false","5","5","125","99.90817263544535","169.73478939157567"
"1","60","5","false","5","5","126","99.90817263544535","169.73478939157567"
"1","60","5","false","5","5","127","99.90817263544535","169.73478939157567"
"1","60","5","false","5","5","128","99.90817263544535","169.73478939157567"
"1","60","5","false","5","5","129","99.90817263544535","169.73478939157567"
"1","60","5","false","5","5","130","99.90817263544535","169.73478939157567"
"1","60","5","false","5","5","131","99.90817263544535","169.73478939157567"
"1","60","5","false","5","5","132","99.90817263544535","169.73478939157567"
"1","60","5","false","5","5","133","99.90817263544535","169.73478939157567"
"1","60","5","false","5","5","134","99.90817263544535","169.73478939157567"
"1","60","5","false","5","5","135","99.90817263544535","169.73478939157567"
"1","60","5","false","5","5","136","99.90817263544535","169.73478939157567"
"1","60","5","false","5","5","137","99.90817263544535","169.73478939157567"
"1","60","5","false","5","5","138","99.90817263544535","169.73478939157567"
"1","60","5","false","5","5","139","99.90817263544535","169.73478939157567"
"1","60","5","false","5","5","140","99.90817263544535","169.73478939157567"
"1","60","5","false","5","5","141","99.90817263544535","169.73478939157567"
"1","60","5","false","5","5","142","99.90817263544535","169.73478939157567"
"1","60","5","false","5","5","143","100","169.89079563182528"
"1","60","5","false","5","5","144","100","169.89079563182528"
"1","60","5","false","5","5","145","100","169.89079563182528"
"1","60","5","false","5","5","146","100","169.89079563182528"
"1","60","5","false","5","5","147","100","169.89079563182528"
"1","60","5","false","5","5","148","100","169.89079563182528"
"1","60","5","false","5","5","149","100","169.89079563182528"
"1","60","5","false","5","5","150","100","169.89079563182528"
"1","60","5","false","5","5","151","100","169.89079563182528"
"1","60","5","false","5","5","152","100","169.89079563182528"
"1","60","5","false","5","5","153","100","169.89079563182528"
"1","60","5","false","5","5","154","100","169.89079563182528"
"1","60","5","false","5","5","155","100","169.89079563182528"
"1","60","5","false","5","5","156","100","169.89079563182528"
"1","60","5","false","5","5","157","100","169.89079563182528"
"1","60","5","false","5","5","158","100","169.89079563182528"
"1","60","5","false","5","5","159","100","169.89079563182528"
"1","60","5","false","5","5","160","100","169.89079563182528"
"1","60","5","false","5","5","161","100","169.89079563182528"
"1","60","5","false","5","5","162","100","169.89079563182528"
"1","60","5","false","5","5","163","100","169.89079563182528"
"1","60","5","false","5","5","164","100","169.89079563182528"
"1","60","5","false","5","5","165","100","169.89079563182528"
"1","60","5","false","5","5","166","100","169.89079563182528"
"1","60","5","false","5","5","167","100","169.89079563182528"
"1","60","5","false","5","5","168","100","169.89079563182528"
"1","60","5","false","5","5","169","100","169.89079563182528"
"1","60","5","false","5","5","170","100","169.89079563182528"
"1","60","5","false","5","5","171","100","169.89079563182528"
"1","60","5","false","5","5","172","100","169.89079563182528"
"1","60","5","false","5","5","173","100","169.89079563182528"
"1","60","5","false","5","5","174","100","169.89079563182528"
"1","60","5","false","5","5","175","100","169.89079563182528"
"1","60","5","false","5","5","176","100","169.89079563182528"
"1","60","5","false","5","5","177","100","169.89079563182528"
"1","60","5","false","5","5","178","100","169.89079563182528"
"1","60","5","false","5","5","179","100","169.89079563182528"
"1","60","5","false","5","5","180","100","169.89079563182528"
"1","60","5","false","5","5","181","100","169.89079563182528"
"1","60","5","false","5","5","182","100","169.89079563182528"
"1","60","5","false","5","5","183","100","169.89079563182528"
"1","60","5","false","5","5","184","100","169.89079563182528"
"1","60","5","false","5","5","185","100","169.89079563182528"
"1","60","5","false","5","5","186","100","169.89079563182528"
"1","60","5","false","5","5","187","100","169.89079563182528"
"1","60","5","false","5","5","188","100","169.89079563182528"
"1","60","5","false","5","5","189","100","169.89079563182528"
"1","60","5","false","5","5","190","100","169.89079563182528"
"1","60","5","false","5","5","191","100","169.89079563182528"
"1","60","5","false","5","5","192","100","169.89079563182528"
"1","60","5","false","5","5","193","100","169.89079563182528"
"1","60","5","false","5","5","194","100","169.89079563182528"
"1","60","5","false","5","5","195","100","169.89079563182528"
"1","60","5","false","5","5","196","100","169.89079563182528"
"1","60","5","false","5","5","197","100","169.89079563182528"
"1","60","5","false","5","5","198","100","169.89079563182528"
"1","60","5","false","5","5","199","100","169.89079563182528"
"1","60","5","false","5","5","200","100","169.89079563182528"
"1","60","5","false","5","5","201","100","169.89079563182528"
"1","60","5","false","5","5","202","100","169.89079563182528"
"1","60","5","false","5","5","203","100","169.89079563182528"
"1","60","5","false","5","5","204","100","169.89079563182528"
"1","60","5","false","5","5","205","100","169.89079563182528"
"1","60","5","false","5","5","206","100","169.89079563182528"
"1","60","5","false","5","5","207","100","169.89079563182528"
"1","60","5","false","5","5","208","100","169.89079563182528"
"1","60","5","false","5","5","209","100","169.89079563182528"
"1","60","5","false","5","5","210","100","169.89079563182528"
"1","60","5","false","5","5","211","100","169.89079563182528"
"1","60","5","false","5","5","212","100","169.89079563182528"
"1","60","5","false","5","5","213","100","169.89079563182528"
"1","60","5","false","5","5","214","100","169.89079563182528"
"1","60","5","false","5","5","215","100","169.89079563182528"
"1","60","5","false","5","5","216","100","169.89079563182528"
"1","60","5","false","5","5","217","100","169.89079563182528"
"1","60","5","false","5","5","218","100","169.89079563182528"
"1","60","5","false","5","5","219","100","169.89079563182528"
"1","60","5","false","5","5","220","100","169.89079563182528"
"1","60","5","false","5","5","221","100","169.89079563182528"
"1","60","5","false","5","5","222","100","169.89079563182528"
"1","60","5","false","5","5","223","100","169.89079563182528"
"1","60","5","false","5","5","224","100","169.89079563182528"
"1","60","5","false","5","5","225","100","169.89079563182528"
"1","60","5","false","5","5","226","100","169.89079563182528"
"1","60","5","false","5","5","227","100","169.89079563182528"
"1","60","5","false","5","5","228","100","169.89079563182528"
"1","60","5","false","5","5","229","100","169.89079563182528"
"1","60","5","false","5","5","230","100","169.89079563182528"
"1","60","5","false","5","5","231","100","169.89079563182528"
"1","60","5","false","5","5","232","100","169.89079563182528"
"1","60","5","false","5","5","233","100","169.89079563182528"
"1","60","5","false","5","5","234","100","169.89079563182528"
"1","60","5","false","5","5","235","100","169.89079563182528"
"1","60","5","false","5","5","236","100","169.89079563182528"
"1","60","5","false","5","5","237","100","169.89079563182528"
"1","60","5","false","5","5","238","100","169.89079563182528"
"1","60","5","false","5","5","239","100","169.89079563182528"
"1","60","5","false","5","5","240","100","169.89079563182528"
"1","60","5","false","5","5","241","100","169.89079563182528"
"1","60","5","false","5","5","242","100","169.89079563182528"
"1","60","5","false","5","5","243","100","169.89079563182528"
"1","60","5","false","5","5","244","100","169.89079563182528"
"1","60","5","false","5","5","245","100","169.89079563182528"
"1","60","5","false","5","5","246","100","169.89079563182528"
"1","60","5","false","5","5","247","100","169.89079563182528"
"1","60","5","false","5","5","248","100","169.89079563182528"
"1","60","5","false","5","5","249","100","169.89079563182528"
"1","60","5","false","5","5","250","100","169.89079563182528"
"1","60","5","false","5","5","251","100","169.89079563182528"
"1","60","5","false","5","5","252","100","169.89079563182528"
"1","60","5","false","5","5","253","100","169.89079563182528"
"1","60","5","false","5","5","254","100","169.89079563182528"
"1","60","5","false","5","5","255","100","169.89079563182528"
"1","60","5","false","5","5","256","100","169.89079563182528"
"1","60","5","false","5","5","257","100","169.89079563182528"
"1","60","5","false","5","5","258","100","169.89079563182528"
"1","60","5","false","5","5","259","100","169.89079563182528"
"1","60","5","false","5","5","260","100","169.89079563182528"
"1","60","5","false","5","5","261","100","169.89079563182528"
"1","60","5","false","5","5","262","100","169.89079563182528"
"1","60","5","false","5","5","263","100","169.89079563182528"
"1","60","5","false","5","5","264","100","169.89079563182528"
"1","60","5","false","5","5","265","100","169.89079563182528"
"1","60","5","false","5","5","266","100","169.89079563182528"
"1","60","5","false","5","5","267","100","169.89079563182528"
"1","60","5","false","5","5","268","100","169.89079563182528"
"1","60","5","false","5","5","269","100","169.89079563182528"
"1","60","5","false","5","5","270","100","169.89079563182528"
"1","60","5","false","5","5","271","100","169.89079563182528"
"1","60","5","false","5","5","272","100","169.89079563182528"
"1","60","5","false","5","5","273","100","169.89079563182528"
"1","60","5","false","5","5","274","100","169.89079563182528"
"1","60","5","false","5","5","275","100","169.89079563182528"
"1","60","5","false","5","5","276","100","169.89079563182528"
"1","60","5","false","5","5","277","100","169.89079563182528"
"1","60","5","false","5","5","278","100","169.89079563182528"
"1","60","5","false","5","5","279","100","169.89079563182528"
"1","60","5","false","5","5","280","100","169.89079563182528"
"1","60","5","false","5","5","281","100","169.89079563182528"
"1","60","5","false","5","5","282","100","169.89079563182528"
"1","60","5","false","5","5","283","100","169.89079563182528"
"1","60","5","false","5","5","284","100","169.89079563182528"
"1","60","5","false","5","5","285","100","169.89079563182528"
"1","60","5","false","5","5","286","100","169.89079563182528"
"1","60","5","false","5","5","287","100","169.89079563182528"
"1","60","5","false","5","5","288","100","169.89079563182528"
"1","60","5","false","5","5","289","100","169.89079563182528"
"1","60","5","false","5","5","290","100","169.89079563182528"
"1","60","5","false","5","5","291","100","169.89079563182528"
"1","60","5","false","5","5","292","100","169.89079563182528"
"1","60","5","false","5","5","293","100","169.89079563182528"
"1","60","5","false","5","5","294","100","169.89079563182528"
"1","60","5","false","5","5","295","100","169.89079563182528"
"1","60","5","false","5","5","296","100","169.89079563182528"
"1","60","5","false","5","5","297","100","169.89079563182528"
"1","60","5","false","5","5","298","100","169.89079563182528"
"1","60","5","false","5","5","299","100","169.89079563182528"
"1","60","5","false","5","5","300","100","169.89079563182528"
"1","60","5","false","5","5","301","100","169.89079563182528"
"1","60","5","false","5","5","302","100","169.89079563182528"
"1","60","5","false","5","5","303","100","169.89079563182528"
"1","60","5","false","5","5","304","100","169.89079563182528"
"1","60","5","false","5","5","305","100","169.89079563182528"
"1","60","5","false","5","5","306","100","169.89079563182528"
"1","60","5","false","5","5","307","100","169.89079563182528"
"1","60","5","false","5","5","308","100","169.89079563182528"
"1","60","5","false","5","5","309","100","169.89079563182528"
"1","60","5","false","5","5","310","100","169.89079563182528"
"1","60","5","false","5","5","311","100","169.89079563182528"
"1","60","5","false","5","5","312","100","169.89079563182528"
"1","60","5","false","5","5","313","100","169.89079563182528"
"1","60","5","false","5","5","314","100","169.89079563182528"
"1","60","5","false","5","5","315","100","169.89079563182528"
"1","60","5","false","5","5","316","100","169.89079563182528"
"1","60","5","false","5","5","317","100","169.89079563182528"
"1","60","5","false","5","5","318","100","169.89079563182528"
"1","60","5","false","5","5","319","100","169.89079563182528"
"1","60","5","false","5","5","320","100","169.89079563182528"
"1","60","5","false","5","5","321","100","169.89079563182528"
"1","60","5","false","5","5","322","100","169.89079563182528"
"1","60","5","false","5","5","323","100","169.89079563182528"
"1","60","5","false","5","5","324","100","169.89079563182528"
"1","60","5","false","5","5","325","100","169.89079563182528"
"1","60","5","false","5","5","326","100","169.89079563182528"
"1","60","5","false","5","5","327","100","169.89079563182528"
"1","60","5","false","5","5","328","100","169.89079563182528"
"1","60","5","false","5","5","329","100","169.89079563182528"
"1","60","5","false","5","5","330","100","169.89079563182528"
"1","60","5","false","5","5","331","100","169.89079563182528"
"1","60","5","false","5","5","332","100","169.89079563182528"
"1","60","5","false","5","5","333","100","169.89079563182528"
"1","60","5","false","5","5","334","100","169.89079563182528"
"1","60","5","false","5","5","335","100","169.89079563182528"
"1","60","5","false","5","5","336","100","169.89079563182528"
"1","60","5","false","5","5","337","100","169.89079563182528"
"1","60","5","false","5","5","338","100","169.89079563182528"
"1","60","5","false","5","5","339","100","169.89079563182528"
"1","60","5","false","5","5","340","100","169.89079563182528"
"1","60","5","false","5","5","341","100","169.89079563182528"
"1","60","5","false","5","5","342","100","169.89079563182528"
"1","60","5","false","5","5","343","100","169.89079563182528"
"1","60","5","false","5","5","344","100","169.89079563182528"
"1","60","5","false","5","5","345","100","169.89079563182528"
"1","60","5","false","5","5","346","100","169.89079563182528"
"1","60","5","false","5","5","347","100","169.89079563182528"
"1","60","5","false","5","5","348","100","169.89079563182528"
"1","60","5","false","5","5","349","100","169.89079563182528"
"1","60","5","false","5","5","350","100","169.89079563182528"
"1","60","5","false","5","5","351","100","169.89079563182528"
"1","60","5","false","5","5","352","100","169.89079563182528"
"1","60","5","false","5","5","353","100","169.89079563182528"
"1","60","5","false","5","5","354","100","169.89079563182528"
"1","60","5","false","5","5","355","100","169.89079563182528"
"1","60","5","false","5","5","356","100","169.89079563182528"
"1","60","5","false","5","5","357","100","169.89079563182528"
"1","60","5","false","5","5","358","100","169.89079563182528"
"1","60","5","false","5","5","359","100","169.89079563182528"
"1","60","5","false","5","5","360","100","169.89079563182528"
"1","60","5","false","5","5","361","100","169.89079563182528"
"1","60","5","false","5","5","362","100","169.89079563182528"
"1","60","5","false","5","5","363","100","169.89079563182528"
"1","60","5","false","5","5","364","100","169.89079563182528"
"1","60","5","false","5","5","365","100","169.89079563182528"
"1","60","5","false","5","5","366","100","169.89079563182528"
"1","60","5","false","5","5","367","100","169.89079563182528"
"1","60","5","false","5","5","368","100","169.89079563182528"
"1","60","5","false","5","5","369","100","169.89079563182528"
"1","60","5","false","5","5","370","100","169.89079563182528"
"1","60","5","false","5","5","371","100","169.89079563182528"
"1","60","5","false","5","5","372","100","169.89079563182528"
"1","60","5","false","5","5","373","100","169.89079563182528"
"1","60","5","false","5","5","374","100","169.89079563182528"
"1","60","5","false","5","5","375","100","169.89079563182528"
"1","60","5","false","5","5","376","100","169.89079563182528"
"1","60","5","false","5","5","377","100","169.89079563182528"
"1","60","5","false","5","5","378","100","169.89079563182528"
"1","60","5","false","5","5","379","100","169.89079563182528"
"1","60","5","false","5","5","380","100","169.89079563182528"
"1","60","5","false","5","5","381","100","169.89079563182528"
"1","60","5","false","5","5","382","100","169.89079563182528"
"1","60","5","false","5","5","383","100","169.89079563182528"
"1","60","5","false","5","5","384","100","169.89079563182528"
"1","60","5","false","5","5","385","100","169.89079563182528"
"1","60","5","false","5","5","386","100","169.89079563182528"
"1","60","5","false","5","5","387","100","169.89079563182528"
"1","60","5","false","5","5","388","100","169.89079563182528"
"1","60","5","false","5","5","389","100","169.89079563182528"
"1","60","5","false","5","5","390","100","169.89079563182528"
"1","60","5","false","5","5","391","100","169.89079563182528"
"1","60","5","false","5","5","392","100","169.89079563182528"
"1","60","5","false","5","5","393","100","169.89079563182528"
"1","60","5","false","5","5","394","100","169.89079563182528"
"1","60","5","false","5","5","395","100","169.89079563182528"
"1","60","5","false","5","5","396","100","169.89079563182528"
"1","60","5","false","5","5","397","100","169.89079563182528"
"1","60","5","false","5","5","398","100","169.89079563182528"
"1","60","5","false","5","5","399","100","169.89079563182528"
"1","60","5","false","5","5","400","100","169.89079563182528"
"1","60","5","false","5","5","401","100","169.89079563182528"
"1","60","5","false","5","5","402","100","169.89079563182528"
"1","60","5","false","5","5","403","100","169.89079563182528"
"1","60","5","false","5","5","404","100","169.89079563182528"
"1","60","5","false","5","5","405","100","169.89079563182528"
"1","60","5","false","5","5","406","100","169.89079563182528"
"1","60","5","false","5","5","407","100","169.89079563182528"
"1","60","5","false","5","5","408","100","169.89079563182528"
"1","60","5","false","5","5","409","100","169.89079563182528"
"1","60","5","false","5","5","410","100","169.89079563182528"
"1","60","5","false","5","5","411","100","169.89079563182528"
"1","60","5","false","5","5","412","100","169.89079563182528"
"1","60","5","false","5","5","413","100","169.89079563182528"
"1","60","5","false","5","5","414","100","169.89079563182528"
"1","60","5","false","5","5","415","100","169.89079563182528"
"1","60","5","false","5","5","416","100","169.89079563182528"
"1","60","5","false","5","5","417","100","169.89079563182528"
"1","60","5","false","5","5","418","100","169.89079563182528"
"1","60","5","false","5","5","419","100","169.89079563182528"
"1","60","5","false","5","5","420","100","169.89079563182528"
"1","60","5","false","5","5","421","100","169.89079563182528"
"1","60","5","false","5","5","422","100","169.89079563182528"
"1","60","5","false","5","5","423","100","169.89079563182528"
"1","60","5","false","5","5","424","100","169.89079563182528"
"1","60","5","false","5","5","425","100","169.89079563182528"
"1","60","5","false","5","5","426","100","169.89079563182528"
"1","60","5","false","5","5","427","100","169.89079563182528"
"1","60","5","false","5","5","428","100","169.89079563182528"
"1","60","5","false","5","5","429","100","169.89079563182528"
"1","60","5","false","5","5","430","100","169.89079563182528"
"1","60","5","false","5","5","431","100","169.89079563182528"
"1","60","5","false","5","5","432","100","169.89079563182528"
"1","60","5","false","5","5","433","100","169.89079563182528"
"1","60","5","false","5","5","434","100","169.89079563182528"
"1","60","5","false","5","5","435","100","169.89079563182528"
"1","60","5","false","5","5","436","100","169.89079563182528"
"1","60","5","false","5","5","437","100","169.89079563182528"
"1","60","5","false","5","5","438","100","169.89079563182528"
"1","60","5","false","5","5","439","100","169.89079563182528"
"1","60","5","false","5","5","440","100","169.89079563182528"
"1","60","5","false","5","5","441","100","169.89079563182528"
"1","60","5","false","5","5","442","100","169.89079563182528"
"1","60","5","false","5","5","443","100","169.89079563182528"
"1","60","5","false","5","5","444","100","169.89079563182528"
"1","60","5","false","5","5","445","100","169.89079563182528"
"1","60","5","false","5","5","446","100","169.89079563182528"
"1","60","5","false","5","5","447","100","169.89079563182528"
"1","60","5","false","5","5","448","100","169.89079563182528"
"1","60","5","false","5","5","449","100","169.89079563182528"
"1","60","5","false","5","5","450","100","169.89079563182528"
"1","60","5","false","5","5","451","100","169.89079563182528"
"1","60","5","false","5","5","452","100","169.89079563182528"
"1","60","5","false","5","5","453","100","169.89079563182528"
"1","60","5","false","5","5","454","100","169.89079563182528"
"1","60","5","false","5","5","455","100","169.89079563182528"
"1","60","5","false","5","5","456","100","169.89079563182528"
"1","60","5","false","5","5","457","100","169.89079563182528"
"1","60","5","false","5","5","458","100","169.89079563182528"
"1","60","5","false","5","5","459","100","169.89079563182528"
"1","60","5","false","5","5","460","100","169.89079563182528"
"1","60","5","false","5","5","461","100","169.89079563182528"
"1","60","5","false","5","5","462","100","169.89079563182528"
"1","60","5","false","5","5","463","100","169.89079563182528"
"1","60","5","false","5","5","464","100","169.89079563182528"
"1","60","5","false","5","5","465","100","169.89079563182528"
"1","60","5","false","5","5","466","100","169.89079563182528"
"1","60","5","false","5","5","467","100","169.89079563182528"
"1","60","5","false","5","5","468","100","169.89079563182528"
"1","60","5","false","5","5","469","100","169.89079563182528"
"1","60","5","false","5","5","470","100","169.89079563182528"
"1","60","5","false","5","5","471","100","169.89079563182528"
"1","60","5","false","5","5","472","100","169.89079563182528"
"1","60","5","false","5","5","473","100","169.89079563182528"
"1","60","5","false","5","5","474","100","169.89079563182528"
"1","60","5","false","5","5","475","100","169.89079563182528"
"1","60","5","false","5","5","476","100","169.89079563182528"
"1","60","5","false","5","5","477","100","169.89079563182528"
"1","60","5","false","5","5","478","100","169.89079563182528"
"1","60","5","false","5","5","479","100","169.89079563182528"
"1","60","5","false","5","5","480","100","169.89079563182528"
"1","60","5","false","5","5","481","100","169.89079563182528"
"1","60","5","false","5","5","482","100","169.89079563182528"
"1","60","5","false","5","5","483","100","169.89079563182528"
"1","60","5","false","5","5","484","100","169.89079563182528"
"1","60","5","false","5","5","485","100","169.89079563182528"
"1","60","5","false","5","5","486","100","169.89079563182528"
"1","60","5","false","5","5","487","100","169.89079563182528"
"1","60","5","false","5","5","488","100","169.89079563182528"
"1","60","5","false","5","5","489","100","169.89079563182528"
"1","60","5","false","5","5","490","100","169.89079563182528"
"1","60","5","false","5","5","491","100","169.89079563182528"
"1","60","5","false","5","5","492","100","169.89079563182528"
"1","60","5","false","5","5","493","100","169.89079563182528"
"1","60","5","false","5","5","494","100","169.89079563182528"
"1","60","5","false","5","5","495","100","169.89079563182528"
"1","60","5","false","5","5","496","100","169.89079563182528"
"1","60","5","false","5","5","497","100","169.89079563182528"
"1","60","5","false","5","5","498","100","169.89079563182528"
"1","60","5","false","5","5","499","100","169.89079563182528"
"1","60","5","false","5","5","500","100","169.89079563182528"
