"BehaviorSpace results (NetLogo 7.0.4)","Table version 2.0"
"forestfire.nlogox"
"forest_fire_experiment"
"09/30/2026 19:19:21:424 +0530"
"min-pxcor","max-pxcor","min-pycor","max-pycor"
"-16","16","-16","16"
"[run number]","density","regrowth-chance","firebreak?","regrowth-time","reignite-chance","[step]","percent-ever-burned","percent-initial-trees-burned"
"6","20","1","false","20","5","0","0.27548209366391185","1.3274336283185841"
"8","20","1","false","20","5","0","0.8264462809917356","4.3478260869565215"
"6","20","1","false","20","5","1","0.4591368227731864","2.2123893805309733"
"5","20","1","false","20","5","0","0.4591368227731864","2.717391304347826"
"6","20","1","false","20","5","2","0.642791551882461","3.0973451327433628"
"2","20","1","false","20","5","0","0.5509641873278237","3.1746031746031744"
"8","20","1","false","20","5","1","1.1937557392102847","6.280193236714976"
"4","20","1","false","20","5","0","0.9182736455463728","4.672897196261682"
"5","20","1","false","20","5","1","0.8264462809917356","4.891304347826087"
"7","20","1","false","20","5","0","0.7346189164370982","4.040404040404041"
"8","20","1","false","20","5","2","1.3774104683195594","7.246376811594203"
"6","20","1","false","20","5","3","0.7346189164370982","3.5398230088495577"
"2","20","1","false","20","5","1","0.8264462809917356","4.761904761904762"
"9","20","1","false","20","5","0","0.4591368227731864","2.380952380952381"
"7","20","1","false","20","5","1","0.9182736455463728","5.05050505050505"
"4","20","1","false","20","5","1","1.4692378328741964","7.476635514018691"
"5","20","1","false","20","5","2","1.1019283746556474","6.521739130434782"
"6","20","1","false","20","5","4","0.7346189164370982","3.5398230088495577"
"8","20","1","false","20","5","3","1.4692378328741964","7.729468599033816"
"3","20","1","false","20","5","0","0.5509641873278237","3.061224489795918"
"7","20","1","false","20","5","2","0.9182736455463728","5.05050505050505"
"8","20","1","false","20","5","4","1.5610651974288337","8.212560386473431"
"10","20","1","false","20","5","0","0.18365472910927455","0.8403361344537815"
"9","20","1","false","20","5","1","0.8264462809917356","4.285714285714286"
"4","20","1","false","20","5","2","1.5610651974288337","7.943925233644859"
"8","20","1","false","20","5","5","1.7447199265381086","9.178743961352657"
"2","20","1","false","20","5","2","1.0101010101010102","5.82010582010582"
"11","25","1","false","20","5","0","0.9182736455463728","3.9215686274509802"
"10","20","1","false","20","5","1","0.27548209366391185","1.2605042016806722"
"5","20","1","false","20","5","3","1.1937557392102847","7.065217391304348"
"11","25","1","false","20","5","1","1.3774104683195594","5.88235294117647"
"10","20","1","false","20","5","2","0.27548209366391185","1.2605042016806722"
"9","20","1","false","20","5","2","0.9182736455463728","4.761904761904762"
"8","20","1","false","20","5","6","1.8365472910927456","9.66183574879227"
"11","25","1","false","20","5","2","1.5610651974288337","6.666666666666667"
"4","20","1","false","20","5","3","1.5610651974288337","7.943925233644859"
"8","20","1","false","20","5","7","2.0202020202020203","10.628019323671497"
"5","20","1","false","20","5","4","1.1937557392102847","7.065217391304348"
"12","25","1","false","20","5","0","0.5509641873278237","2.0905923344947737"
"11","25","1","false","20","5","3","1.6528925619834711","7.0588235294117645"
"3","20","1","false","20","5","1","0.7346189164370982","4.081632653061225"
"12","25","1","false","20","5","1","0.8264462809917356","3.1358885017421603"
"2","20","1","false","20","5","3","1.0101010101010102","5.82010582010582"
"11","25","1","false","20","5","4","1.7447199265381086","7.450980392156863"
"8","20","1","false","20","5","8","2.0202020202020203","10.628019323671497"
"13","25","1","false","20","5","0","0.8264462809917356","3.4482758620689653"
"3","20","1","false","20","5","2","0.7346189164370982","4.081632653061225"
"11","25","1","false","20","5","5","1.8365472910927456","7.8431372549019605"
"9","20","1","false","20","5","3","0.9182736455463728","4.761904761904762"
"13","25","1","false","20","5","1","1.1937557392102847","4.980842911877394"
"15","25","1","false","20","5","0","0.7346189164370982","2.93040293040293"
"12","25","1","false","20","5","2","0.9182736455463728","3.484320557491289"
"11","25","1","false","20","5","6","1.8365472910927456","7.8431372549019605"
"15","25","1","false","20","5","1","1.0101010101010102","4.029304029304029"
"12","25","1","false","20","5","3","1.0101010101010102","3.8327526132404177"
"16","25","1","false","20","5","0","0.642791551882461","2.788844621513944"
"14","25","1","false","20","5","0","1.1019283746556474","4.511278195488721"
"13","25","1","false","20","5","2","1.285583103764922","5.363984674329502"
"12","25","1","false","20","5","4","1.1019283746556474","4.181184668989547"
"15","25","1","false","20","5","2","1.3774104683195594","5.4945054945054945"
"17","25","1","false","20","5","0","0.642791551882461","2.857142857142857"
"12","25","1","false","20","5","5","1.1937557392102847","4.529616724738676"
"13","25","1","false","20","5","3","1.285583103764922","5.363984674329502"
"14","25","1","false","20","5","1","1.4692378328741964","6.015037593984962"
"16","25","1","false","20","5","1","0.8264462809917356","3.5856573705179287"
"17","25","1","false","20","5","1","1.1019283746556474","4.8979591836734695"
"12","25","1","false","20","5","6","1.3774104683195594","5.2264808362369335"
"17","25","1","false","20","5","2","1.3774104683195594","6.122448979591836"
"15","25","1","false","20","5","3","1.5610651974288337","6.227106227106227"
"18","25","1","false","20","5","0","0.7346189164370982","3.2"
"12","25","1","false","20","5","7","1.3774104683195594","5.2264808362369335"
"16","25","1","false","20","5","2","1.1937557392102847","5.179282868525896"
"14","25","1","false","20","5","2","1.4692378328741964","6.015037593984962"
"19","25","1","false","20","5","0","0.5509641873278237","2.479338842975207"
"17","25","1","false","20","5","3","1.3774104683195594","6.122448979591836"
"15","25","1","false","20","5","4","1.5610651974288337","6.227106227106227"
"18","25","1","false","20","5","1","0.9182736455463728","4"
"21","30","1","false","20","5","0","1.285583103764922","4.57516339869281"
"20","25","1","false","20","5","0","0.8264462809917356","3.643724696356275"
"19","25","1","false","20","5","1","0.9182736455463728","4.132231404958678"
"21","30","1","false","20","5","1","2.203856749311295","7.8431372549019605"
"23","30","1","false","20","5","0","0.7346189164370982","2.416918429003021"
"21","30","1","false","20","5","2","2.846648301193756","10.130718954248366"
"16","25","1","false","20","5","3","1.285583103764922","5.577689243027888"
"18","25","1","false","20","5","2","1.0101010101010102","4.3999999999999995"
"23","30","1","false","20","5","1","1.285583103764922","4.229607250755287"
"19","25","1","false","20","5","2","1.0101010101010102","4.545454545454546"
"21","30","1","false","20","5","3","3.0303030303030303","10.784313725490197"
"20","25","1","false","20","5","1","1.285583103764922","5.668016194331984"
"23","30","1","false","20","5","2","1.8365472910927456","6.042296072507553"
"22","30","1","false","20","5","0","0.8264462809917356","2.912621359223301"
"16","25","1","false","20","5","4","1.3774104683195594","5.9760956175298805"
"23","30","1","false","20","5","3","2.1120293847566574","6.948640483383686"
"18","25","1","false","20","5","3","1.1019283746556474","4.8"
"20","25","1","false","20","5","2","1.4692378328741964","6.477732793522267"
"23","30","1","false","20","5","4","2.1120293847566574","6.948640483383686"
"24","30","1","false","20","5","0","0.8264462809917356","2.7950310559006213"
"21","30","1","false","20","5","4","3.3976124885215793","12.091503267973856"
"22","30","1","false","20","5","1","1.3774104683195594","4.854368932038835"
"24","30","1","false","20","5","1","1.4692378328741964","4.968944099378882"
"21","30","1","false","20","5","5","3.581267217630854","12.745098039215685"
"19","25","1","false","20","5","3","1.0101010101010102","4.545454545454546"
"21","30","1","false","20","5","6","3.7649219467401287","13.398692810457517"
"20","25","1","false","20","5","3","1.6528925619834711","7.28744939271255"
"25","30","1","false","20","5","0","1.1937557392102847","3.9634146341463414"
"16","25","1","false","20","5","5","1.3774104683195594","5.9760956175298805"
"24","30","1","false","20","5","2","1.9283746556473829","6.521739130434782"
"21","30","1","false","20","5","7","3.7649219467401287","13.398692810457517"
"24","30","1","false","20","5","3","2.0202020202020203","6.832298136645963"
"22","30","1","false","20","5","2","1.8365472910927456","6.472491909385113"
"24","30","1","false","20","5","4","2.0202020202020203","6.832298136645963"
"26","30","1","false","20","5","0","1.1019283746556474","3.8834951456310676"
"26","30","1","false","20","5","1","1.6528925619834711","5.825242718446602"
"18","25","1","false","20","5","4","1.1937557392102847","5.2"
"22","30","1","false","20","5","3","2.203856749311295","7.766990291262135"
"29","30","1","false","20","5","0","1.0101010101010102","3.7162162162162162"
"20","25","1","false","20","5","4","1.9283746556473829","8.502024291497975"
"26","30","1","false","20","5","2","1.7447199265381086","6.148867313915858"
"26","30","1","false","20","5","3","1.8365472910927456","6.472491909385113"
"25","30","1","false","20","5","1","1.6528925619834711","5.487804878048781"
"28","30","1","false","20","5","0","0.9182736455463728","3.289473684210526"
"26","30","1","false","20","5","4","1.8365472910927456","6.472491909385113"
"29","30","1","false","20","5","1","1.4692378328741964","5.405405405405405"
"20","25","1","false","20","5","5","2.0202020202020203","8.906882591093117"
"25","30","1","false","20","5","2","1.8365472910927456","6.097560975609756"
"18","25","1","false","20","5","5","1.285583103764922","5.6000000000000005"
"27","30","1","false","20","5","0","0.5509641873278237","1.812688821752266"
"28","30","1","false","20","5","1","1.6528925619834711","5.921052631578947"
"30","30","1","false","20","5","0","1.1019283746556474","3.896103896103896"
"20","25","1","false","20","5","6","2.1120293847566574","9.31174089068826"
"29","30","1","false","20","5","2","1.8365472910927456","6.756756756756757"
"22","30","1","false","20","5","4","2.479338842975207","8.737864077669903"
"30","30","1","false","20","5","1","1.7447199265381086","6.1688311688311686"
"1","20","1","false","20","5","0","0.7346189164370982","3.7735849056603774"
"29","30","1","false","20","5","3","2.295684113865932","8.445945945945946"
"18","25","1","false","20","5","6","1.3774104683195594","6"
"27","30","1","false","20","5","1","1.1019283746556474","3.625377643504532"
"30","30","1","false","20","5","2","2.1120293847566574","7.467532467532467"
"25","30","1","false","20","5","3","1.9283746556473829","6.402439024390244"
"29","30","1","false","20","5","4","2.479338842975207","9.121621621621621"
"20","25","1","false","20","5","7","2.1120293847566574","9.31174089068826"
"22","30","1","false","20","5","5","2.7548209366391188","9.70873786407767"
"30","30","1","false","20","5","3","2.571166207529844","9.090909090909092"
"25","30","1","false","20","5","4","1.9283746556473829","6.402439024390244"
"29","30","1","false","20","5","5","2.479338842975207","9.121621621621621"
"22","30","1","false","20","5","6","3.0303030303030303","10.679611650485436"
"28","30","1","false","20","5","2","2.0202020202020203","7.236842105263158"
"30","30","1","false","20","5","4","2.846648301193756","10.064935064935066"
"27","30","1","false","20","5","2","1.7447199265381086","5.740181268882175"
"31","35","1","false","20","5","0","1.1019283746556474","3.16622691292876"
"30","30","1","false","20","5","5","3.0303030303030303","10.714285714285714"
"18","25","1","false","20","5","7","1.3774104683195594","6"
"22","30","1","false","20","5","7","3.1221303948576673","11.003236245954692"
"30","30","1","false","20","5","6","3.1221303948576673","11.03896103896104"
"32","35","1","false","20","5","0","0.8264462809917356","2.3376623376623376"
"32","35","1","false","20","5","1","1.0101010101010102","2.857142857142857"
"30","30","1","false","20","5","7","3.1221303948576673","11.03896103896104"
"31","35","1","false","20","5","1","2.203856749311295","6.33245382585752"
"22","30","1","false","20","5","8","3.1221303948576673","11.003236245954692"
"28","30","1","false","20","5","3","2.479338842975207","8.881578947368421"
"32","35","1","false","20","5","2","1.1019283746556474","3.116883116883117"
"32","35","1","false","20","5","3","1.3774104683195594","3.896103896103896"
"27","30","1","false","20","5","3","2.1120293847566574","6.948640483383686"
"31","35","1","false","20","5","2","2.938475665748393","8.443271767810026"
"32","35","1","false","20","5","4","1.7447199265381086","4.935064935064935"
"35","35","1","false","20","5","0","1.4692378328741964","4.456824512534819"
"28","30","1","false","20","5","4","2.571166207529844","9.210526315789473"
"31","35","1","false","20","5","3","3.6730945821854912","10.554089709762533"
"35","35","1","false","20","5","1","2.3875114784205693","7.242339832869081"
"32","35","1","false","20","5","5","2.1120293847566574","5.974025974025974"
"33","35","1","false","20","5","0","1.285583103764922","3.804347826086957"
"27","30","1","false","20","5","4","2.203856749311295","7.250755287009064"
"33","35","1","false","20","5","1","2.1120293847566574","6.25"
"31","35","1","false","20","5","4","4.040404040404041","11.609498680738787"
"34","35","1","false","20","5","0","1.3774104683195594","4.166666666666666"
"35","35","1","false","20","5","2","2.938475665748393","8.913649025069638"
"33","35","1","false","20","5","2","2.7548209366391188","8.152173913043478"
"36","35","1","false","20","5","0","1.285583103764922","3.7037037037037033"
"28","30","1","false","20","5","5","2.6629935720844813","9.539473684210527"
"35","35","1","false","20","5","3","3.213957759412305","9.749303621169917"
"33","35","1","false","20","5","3","3.3057851239669422","9.782608695652174"
"32","35","1","false","20","5","6","2.479338842975207","7.012987012987012"
"31","35","1","false","20","5","5","4.40771349862259","12.66490765171504"
"36","35","1","false","20","5","1","2.295684113865932","6.613756613756613"
"35","35","1","false","20","5","4","3.489439853076217","10.584958217270195"
"33","35","1","false","20","5","4","3.7649219467401287","11.141304347826086"
"27","30","1","false","20","5","5","2.203856749311295","7.250755287009064"
"32","35","1","false","20","5","7","2.7548209366391188","7.792207792207792"
"33","35","1","false","20","5","5","4.132231404958678","12.228260869565217"
"28","30","1","false","20","5","6","2.6629935720844813","9.539473684210527"
"35","35","1","false","20","5","5","3.8567493112947657","11.699164345403899"
"31","35","1","false","20","5","6","4.591368227731864","13.192612137203167"
"36","35","1","false","20","5","2","2.938475665748393","8.465608465608465"
"33","35","1","false","20","5","6","4.315886134067952","12.771739130434783"
"35","35","1","false","20","5","6","3.948576675849403","11.977715877437326"
"34","35","1","false","20","5","1","2.3875114784205693","7.222222222222221"
"32","35","1","false","20","5","8","3.0303030303030303","8.571428571428571"
"33","35","1","false","20","5","7","4.499540863177227","13.31521739130435"
"36","35","1","false","20","5","3","3.489439853076217","10.052910052910052"
"31","35","1","false","20","5","7","4.683195592286501","13.456464379947231"
"32","35","1","false","20","5","9","3.3057851239669422","9.35064935064935"
"33","35","1","false","20","5","8","4.499540863177227","13.31521739130435"
"32","35","1","false","20","5","10","3.3976124885215793","9.61038961038961"
"35","35","1","false","20","5","7","4.040404040404041","12.256267409470752"
"36","35","1","false","20","5","4","4.224058769513315","12.16931216931217"
"35","35","1","false","20","5","8","4.040404040404041","12.256267409470752"
"36","35","1","false","20","5","5","4.775022956841139","13.756613756613756"
"31","35","1","false","20","5","8","4.775022956841139","13.720316622691293"
"38","35","1","false","20","5","0","1.0101010101010102","2.9810298102981028"
"34","35","1","false","20","5","2","2.938475665748393","8.88888888888889"
"32","35","1","false","20","5","11","3.489439853076217","9.87012987012987"
"37","35","1","false","20","5","0","1.3774104683195594","4.322766570605188"
"36","35","1","false","20","5","6","4.866850321395775","14.02116402116402"
"40","35","1","false","20","5","0","1.0101010101010102","2.91005291005291"
"32","35","1","false","20","5","12","3.489439853076217","9.87012987012987"
"39","35","1","false","20","5","0","1.0101010101010102","2.7431421446384037"
"36","35","1","false","20","5","7","4.866850321395775","14.02116402116402"
"40","35","1","false","20","5","1","1.6528925619834711","4.761904761904762"
"34","35","1","false","20","5","3","3.213957759412305","9.722222222222223"
"31","35","1","false","20","5","9","4.775022956841139","13.720316622691293"
"39","35","1","false","20","5","1","1.3774104683195594","3.7406483790523692"
"40","35","1","false","20","5","2","2.3875114784205693","6.878306878306878"
"37","35","1","false","20","5","1","2.295684113865932","7.204610951008646"
"38","35","1","false","20","5","1","1.4692378328741964","4.336043360433604"
"41","40","1","false","20","5","0","1.7447199265381086","4.556354916067146"
"39","35","1","false","20","5","2","1.7447199265381086","4.738154613466334"
"40","35","1","false","20","5","3","2.938475665748393","8.465608465608465"
"39","35","1","false","20","5","3","2.0202020202020203","5.486284289276807"
"37","35","1","false","20","5","2","2.7548209366391188","8.645533141210375"
"34","35","1","false","20","5","4","3.3057851239669422","10"
"41","40","1","false","20","5","1","2.7548209366391188","7.194244604316546"
"40","35","1","false","20","5","4","3.489439853076217","10.052910052910052"
"43","40","1","false","20","5","0","1.285583103764922","3.30188679245283"
"39","35","1","false","20","5","4","2.203856749311295","5.985037406483791"
"41","40","1","false","20","5","2","3.8567493112947657","10.071942446043165"
"40","35","1","false","20","5","5","3.7649219467401287","10.846560846560847"
"38","35","1","false","20","5","2","2.1120293847566574","6.233062330623306"
"43","40","1","false","20","5","1","2.479338842975207","6.367924528301887"
"41","40","1","false","20","5","3","4.591368227731864","11.990407673860911"
"40","35","1","false","20","5","6","4.224058769513315","12.16931216931217"
"37","35","1","false","20","5","3","3.0303030303030303","9.510086455331413"
"43","40","1","false","20","5","2","3.3976124885215793","8.726415094339622"
"39","35","1","false","20","5","5","2.295684113865932","6.234413965087282"
"41","40","1","false","20","5","4","5.234159779614325","13.66906474820144"
"40","35","1","false","20","5","7","4.683195592286501","13.492063492063492"
"42","40","1","false","20","5","0","1.3774104683195594","3.5046728971962615"
"39","35","1","false","20","5","6","2.479338842975207","6.733167082294264"
"41","40","1","false","20","5","5","5.785123966942149","15.107913669064748"
"40","35","1","false","20","5","8","5.05050505050505","14.550264550264549"
"43","40","1","false","20","5","3","4.132231404958678","10.61320754716981"
"34","35","1","false","20","5","5","3.3976124885215793","10.277777777777777"
"37","35","1","false","20","5","4","3.3057851239669422","10.37463976945245"
"42","40","1","false","20","5","1","2.1120293847566574","5.373831775700935"
"41","40","1","false","20","5","6","6.152433425160698","16.06714628297362"
"40","35","1","false","20","5","9","5.142332415059688","14.814814814814813"
"43","40","1","false","20","5","4","4.775022956841139","12.264150943396226"
"38","35","1","false","20","5","3","2.6629935720844813","7.8590785907859075"
"42","40","1","false","20","5","2","2.571166207529844","6.5420560747663545"
"39","35","1","false","20","5","7","2.7548209366391188","7.4812967581047385"
"41","40","1","false","20","5","7","6.519742883379247","17.026378896882495"
"40","35","1","false","20","5","10","5.142332415059688","14.814814814814813"
"34","35","1","false","20","5","6","3.489439853076217","10.555555555555555"
"39","35","1","false","20","5","8","3.1221303948576673","8.478802992518704"
"41","40","1","false","20","5","8","6.978879706152434","18.225419664268586"
"37","35","1","false","20","5","5","3.6730945821854912","11.527377521613833"
"43","40","1","false","20","5","5","5.234159779614325","13.443396226415095"
"39","35","1","false","20","5","9","3.213957759412305","8.728179551122196"
"38","35","1","false","20","5","4","3.0303030303030303","8.94308943089431"
"41","40","1","false","20","5","9","7.43801652892562","19.424460431654676"
"42","40","1","false","20","5","3","3.0303030303030303","7.710280373831775"
"1","20","1","false","20","5","1","1.1019283746556474","5.660377358490567"
"34","35","1","false","20","5","7","3.6730945821854912","11.11111111111111"
"39","35","1","false","20","5","10","3.213957759412305","8.728179551122196"
"38","35","1","false","20","5","5","3.213957759412305","9.48509485094851"
"41","40","1","false","20","5","10","7.897153351698806","20.623501199040767"
"37","35","1","false","20","5","6","4.224058769513315","13.256484149855908"
"43","40","1","false","20","5","6","5.601469237832874","14.38679245283019"
"42","40","1","false","20","5","4","3.3976124885215793","8.644859813084112"
"44","40","1","false","20","5","0","1.285583103764922","3.2710280373831773"
"41","40","1","false","20","5","11","8.264462809917356","21.58273381294964"
"43","40","1","false","20","5","7","6.244260789715335","16.037735849056602"
"45","40","1","false","20","5","0","1.1937557392102847","3.201970443349754"
"41","40","1","false","20","5","12","8.44811753902663","22.062350119904075"
"42","40","1","false","20","5","5","3.7649219467401287","9.579439252336448"
"34","35","1","false","20","5","8","3.6730945821854912","11.11111111111111"
"45","40","1","false","20","5","1","2.1120293847566574","5.665024630541872"
"37","35","1","false","20","5","7","4.591368227731864","14.409221902017292"
"44","40","1","false","20","5","1","2.479338842975207","6.308411214953271"
"41","40","1","false","20","5","13","8.539944903581267","22.302158273381295"
"43","40","1","false","20","5","8","6.7952249770431585","17.452830188679243"
"45","40","1","false","20","5","2","2.571166207529844","6.896551724137931"
"38","35","1","false","20","5","6","3.213957759412305","9.48509485094851"
"44","40","1","false","20","5","2","3.0303030303030303","7.710280373831775"
"41","40","1","false","20","5","14","8.539944903581267","22.302158273381295"
"45","40","1","false","20","5","3","3.1221303948576673","8.374384236453201"
"43","40","1","false","20","5","9","7.3461891643709825","18.867924528301888"
"44","40","1","false","20","5","3","3.3976124885215793","8.644859813084112"
"45","40","1","false","20","5","4","3.3976124885215793","9.113300492610838"
"42","40","1","false","20","5","6","4.132231404958678","10.514018691588785"
"44","40","1","false","20","5","4","3.6730945821854912","9.345794392523365"
"45","40","1","false","20","5","5","3.6730945821854912","9.852216748768473"
"46","40","1","false","20","5","0","1.5610651974288337","4.207920792079208"
"44","40","1","false","20","5","5","4.040404040404041","10.2803738317757"
"37","35","1","false","20","5","8","5.05050505050505","15.85014409221902"
"45","40","1","false","20","5","6","3.948576675849403","10.591133004926109"
"44","40","1","false","20","5","6","4.132231404958678","10.514018691588785"
"43","40","1","false","20","5","10","7.988980716253444","20.5188679245283"
"46","40","1","false","20","5","1","2.3875114784205693","6.435643564356436"
"45","40","1","false","20","5","7","4.224058769513315","11.330049261083744"
"44","40","1","false","20","5","7","4.132231404958678","10.514018691588785"
"47","40","1","false","20","5","0","0.9182736455463728","2.4630541871921183"
"48","40","1","false","20","5","0","1.1937557392102847","2.9213483146067416"
"42","40","1","false","20","5","7","4.591368227731864","11.682242990654206"
"37","35","1","false","20","5","9","5.417814508723599","17.002881844380404"
"43","40","1","false","20","5","11","8.539944903581267","21.933962264150946"
"46","40","1","false","20","5","2","2.846648301193756","7.673267326732673"
"45","40","1","false","20","5","8","4.499540863177227","12.068965517241379"
"48","40","1","false","20","5","1","2.3875114784205693","5.842696629213483"
"46","40","1","false","20","5","3","3.213957759412305","8.663366336633663"
"43","40","1","false","20","5","12","9.182736455463727","23.58490566037736"
"45","40","1","false","20","5","9","4.775022956841139","12.807881773399016"
"49","40","1","false","20","5","0","1.285583103764922","3.278688524590164"
"46","40","1","false","20","5","4","3.581267217630854","9.653465346534654"
"47","40","1","false","20","5","1","1.6528925619834711","4.433497536945813"
"49","40","1","false","20","5","1","2.295684113865932","5.85480093676815"
"46","40","1","false","20","5","5","3.7649219467401287","10.14851485148515"
"37","35","1","false","20","5","10","5.601469237832874","17.579250720461097"
"42","40","1","false","20","5","8","5.05050505050505","12.850467289719624"
"45","40","1","false","20","5","10","4.958677685950414","13.30049261083744"
"49","40","1","false","20","5","2","2.938475665748393","7.494145199063232"
"43","40","1","false","20","5","13","9.641873278236915","24.764150943396228"
"47","40","1","false","20","5","2","2.295684113865932","6.157635467980295"
"42","40","1","false","20","5","9","5.5096418732782375","14.018691588785046"
"46","40","1","false","20","5","6","3.948576675849403","10.643564356435643"
"49","40","1","false","20","5","3","3.3057851239669422","8.430913348946136"
"48","40","1","false","20","5","2","3.1221303948576673","7.640449438202247"
"45","40","1","false","20","5","11","4.958677685950414","13.30049261083744"
"43","40","1","false","20","5","14","9.917355371900827","25.471698113207548"
"42","40","1","false","20","5","10","5.968778696051423","15.186915887850466"
"37","35","1","false","20","5","11","5.601469237832874","17.579250720461097"
"49","40","1","false","20","5","4","3.581267217630854","9.133489461358314"
"43","40","1","false","20","5","15","10.192837465564738","26.179245283018872"
"48","40","1","false","20","5","3","3.948576675849403","9.662921348314606"
"46","40","1","false","20","5","7","4.224058769513315","11.386138613861387"
"42","40","1","false","20","5","11","6.519742883379247","16.588785046728972"
"49","40","1","false","20","5","5","3.6730945821854912","9.367681498829041"
"50","40","1","false","20","5","0","1.6528925619834711","4.25531914893617"
"42","40","1","false","20","5","12","6.887052341597796","17.523364485981308"
"49","40","1","false","20","5","6","3.8567493112947657","9.836065573770492"
"50","40","1","false","20","5","1","3.1221303948576673","8.037825059101655"
"47","40","1","false","20","5","3","2.571166207529844","6.896551724137931"
"46","40","1","false","20","5","8","4.499540863177227","12.128712871287128"
"49","40","1","false","20","5","7","3.948576675849403","10.070257611241217"
"42","40","1","false","20","5","13","7.162534435261708","18.22429906542056"
"50","40","1","false","20","5","2","3.8567493112947657","9.929078014184398"
"46","40","1","false","20","5","9","4.683195592286501","12.623762376237623"
"49","40","1","false","20","5","8","4.224058769513315","10.772833723653395"
"51","45","1","false","20","5","0","1.0101010101010102","2.2448979591836733"
"42","40","1","false","20","5","14","7.3461891643709825","18.69158878504673"
"48","40","1","false","20","5","4","4.224058769513315","10.337078651685392"
"43","40","1","false","20","5","16","10.46831955922865","26.88679245283019"
"50","40","1","false","20","5","3","4.40771349862259","11.347517730496454"
"46","40","1","false","20","5","10","4.866850321395775","13.118811881188119"
"49","40","1","false","20","5","9","4.40771349862259","11.241217798594848"
"50","40","1","false","20","5","4","5.142332415059688","13.238770685579196"
"43","40","1","false","20","5","17","10.560146923783286","27.122641509433965"
"51","45","1","false","20","5","1","2.203856749311295","4.8979591836734695"
"49","40","1","false","20","5","10","4.683195592286501","11.943793911007026"
"46","40","1","false","20","5","11","4.866850321395775","13.118811881188119"
"47","40","1","false","20","5","4","2.846648301193756","7.635467980295567"
"50","40","1","false","20","5","5","5.5096418732782375","14.184397163120568"
"43","40","1","false","20","5","18","10.743801652892563","27.594339622641513"
"50","40","1","false","20","5","6","5.876951331496786","15.130023640661939"
"42","40","1","false","20","5","15","7.529843893480257","19.158878504672895"
"49","40","1","false","20","5","11","4.866850321395775","12.412177985948478"
"43","40","1","false","20","5","19","10.927456382001836","28.066037735849058"
"52","45","1","false","20","5","0","1.5610651974288337","3.6637931034482754"
"48","40","1","false","20","5","5","4.591368227731864","11.235955056179774"
"50","40","1","false","20","5","7","5.876951331496786","15.130023640661939"
"51","45","1","false","20","5","2","3.489439853076217","7.755102040816326"
"52","45","1","false","20","5","1","2.846648301193756","6.68103448275862"
"43","40","1","false","20","5","20","11.019283746556475","28.30188679245283"
"52","45","1","false","20","5","2","4.132231404958678","9.698275862068966"
"43","40","1","false","20","5","21","11.11111111111111","28.537735849056606"
"52","45","1","false","20","5","3","4.866850321395775","11.422413793103448"
"53","45","1","false","20","5","0","1.285583103764922","2.8169014084507045"
"47","40","1","false","20","5","5","3.0303030303030303","8.12807881773399"
"49","40","1","false","20","5","12","5.05050505050505","12.88056206088993"
"53","45","1","false","20","5","1","2.479338842975207","5.432595573440644"
"52","45","1","false","20","5","4","5.142332415059688","12.068965517241379"
"43","40","1","false","20","5","22","11.11111111111111","28.537735849056606"
"53","45","1","false","20","5","2","3.581267217630854","7.847082494969819"
"49","40","1","false","20","5","13","5.234159779614325","13.348946135831383"
"52","45","1","false","20","5","5","5.417814508723599","12.71551724137931"
"49","40","1","false","20","5","14","5.417814508723599","13.817330210772832"
"53","45","1","false","20","5","3","4.591368227731864","10.06036217303823"
"52","45","1","false","20","5","6","5.601469237832874","13.14655172413793"
"53","45","1","false","20","5","4","5.693296602387512","12.474849094567404"
"48","40","1","false","20","5","6","4.866850321395775","11.910112359550562"
"42","40","1","false","20","5","16","7.621671258034894","19.39252336448598"
"49","40","1","false","20","5","15","5.601469237832874","14.285714285714285"
"54","45","1","false","20","5","0","1.3774104683195594","3.289473684210526"
"52","45","1","false","20","5","7","5.785123966942149","13.577586206896552"
"51","45","1","false","20","5","3","3.948576675849403","8.775510204081632"
"49","40","1","false","20","5","16","5.693296602387512","14.519906323185012"
"53","45","1","false","20","5","5","6.519742883379247","14.285714285714285"
"52","45","1","false","20","5","8","5.785123966942149","13.577586206896552"
"54","45","1","false","20","5","1","2.3875114784205693","5.701754385964912"
"49","40","1","false","20","5","17","5.785123966942149","14.754098360655737"
"47","40","1","false","20","5","6","3.3976124885215793","9.113300492610838"
"53","45","1","false","20","5","6","7.3461891643709825","16.096579476861166"
"49","40","1","false","20","5","18","5.968778696051423","15.22248243559719"
"42","40","1","false","20","5","17","7.621671258034894","19.39252336448598"
"54","45","1","false","20","5","2","2.846648301193756","6.798245614035088"
"53","45","1","false","20","5","7","8.080808080808081","17.706237424547282"
"55","45","1","false","20","5","0","1.1937557392102847","2.5948103792415167"
"49","40","1","false","20","5","19","6.152433425160698","15.690866510538642"
"48","40","1","false","20","5","7","5.142332415059688","12.584269662921349"
"53","45","1","false","20","5","8","8.539944903581267","18.712273641851105"
"49","40","1","false","20","5","20","6.336088154269973","16.159250585480095"
"55","45","1","false","20","5","1","2.479338842975207","5.389221556886228"
"53","45","1","false","20","5","9","9.182736455463727","20.12072434607646"
"54","45","1","false","20","5","3","3.1221303948576673","7.456140350877193"
"51","45","1","false","20","5","4","4.132231404958678","9.183673469387756"
"55","45","1","false","20","5","2","3.3976124885215793","7.385229540918163"
"53","45","1","false","20","5","10","9.73370064279155","21.32796780684105"
"48","40","1","false","20","5","8","5.325987144168963","13.03370786516854"
"47","40","1","false","20","5","7","3.6730945821854912","9.852216748768473"
"53","45","1","false","20","5","11","10.1010101010101","22.132796780684107"
"55","45","1","false","20","5","3","4.132231404958678","8.982035928143713"
"54","45","1","false","20","5","4","3.3976124885215793","8.114035087719298"
"56","45","1","false","20","5","0","1.8365472910927456","4.184100418410042"
"53","45","1","false","20","5","12","10.560146923783286","23.138832997987926"
"55","45","1","false","20","5","4","4.866850321395775","10.578842315369261"
"49","40","1","false","20","5","21","6.6115702479338845","16.861826697892273"
"1","20","1","false","20","5","2","1.1937557392102847","6.132075471698113"
"54","45","1","false","20","5","5","3.489439853076217","8.333333333333332"
"53","45","1","false","20","5","13","11.019283746556475","24.14486921529175"
"55","45","1","false","20","5","5","5.693296602387512","12.375249500998004"
"49","40","1","false","20","5","22","6.7952249770431585","17.330210772833723"
"54","45","1","false","20","5","6","3.6730945821854912","8.771929824561402"
"53","45","1","false","20","5","14","11.386593204775023","24.949698189134807"
"55","45","1","false","20","5","6","6.519742883379247","14.171656686626747"
"49","40","1","false","20","5","23","7.07070707070707","18.0327868852459"
"53","45","1","false","20","5","15","11.84573002754821","25.95573440643863"
"54","45","1","false","20","5","7","3.8567493112947657","9.210526315789473"
"55","45","1","false","20","5","7","7.07070707070707","15.369261477045908"
"51","45","1","false","20","5","5","4.315886134067952","9.591836734693878"
"53","45","1","false","20","5","16","12.213039485766759","26.76056338028169"
"49","40","1","false","20","5","24","7.3461891643709825","18.735362997658083"
"55","45","1","false","20","5","8","7.43801652892562","16.16766467065868"
"54","45","1","false","20","5","8","3.948576675849403","9.429824561403509"
"48","40","1","false","20","5","9","5.601469237832874","13.707865168539326"
"53","45","1","false","20","5","17","12.672176308539946","27.76659959758551"
"49","40","1","false","20","5","25","7.529843893480257","19.20374707259953"
"54","45","1","false","20","5","9","3.948576675849403","9.429824561403509"
"53","45","1","false","20","5","18","13.039485766758494","28.57142857142857"
"49","40","1","false","20","5","26","7.621671258034894","19.437939110070257"
"55","45","1","false","20","5","9","7.621671258034894","16.56686626746507"
"53","45","1","false","20","5","19","13.406795224977044","29.376257545271628"
"49","40","1","false","20","5","27","7.621671258034894","19.437939110070257"
"53","45","1","false","20","5","20","13.682277318640956","29.979879275653925"
"47","40","1","false","20","5","8","3.8567493112947657","10.344827586206897"
"55","45","1","false","20","5","10","7.621671258034894","16.56686626746507"
"53","45","1","false","20","5","21","13.86593204775023","30.38229376257545"
"57","45","1","false","20","5","0","1.1937557392102847","2.6694045174537986"
"51","45","1","false","20","5","6","4.40771349862259","9.795918367346939"
"53","45","1","false","20","5","22","13.957759412304869","30.58350100603622"
"57","45","1","false","20","5","1","2.0202020202020203","4.517453798767967"
"58","45","1","false","20","5","0","1.285583103764922","2.928870292887029"
"57","45","1","false","20","5","2","3.3057851239669422","7.392197125256674"
"53","45","1","false","20","5","23","14.14141414141414","30.985915492957744"
"57","45","1","false","20","5","3","4.315886134067952","9.650924024640657"
"53","45","1","false","20","5","24","14.325068870523417","31.388329979879277"
"58","45","1","false","20","5","1","2.479338842975207","5.648535564853557"
"57","45","1","false","20","5","4","5.05050505050505","11.293634496919918"
"47","40","1","false","20","5","9","3.8567493112947657","10.344827586206897"
"58","45","1","false","20","5","2","4.224058769513315","9.623430962343097"
"53","45","1","false","20","5","25","14.416896235078053","31.58953722334004"
"57","45","1","false","20","5","5","5.417814508723599","12.114989733059549"
"51","45","1","false","20","5","7","4.40771349862259","9.795918367346939"
"57","45","1","false","20","5","6","5.601469237832874","12.525667351129362"
"53","45","1","false","20","5","26","14.600550964187327","31.991951710261567"
"58","45","1","false","20","5","3","5.5096418732782375","12.552301255230125"
"56","45","1","false","20","5","1","3.1221303948576673","7.112970711297072"
"53","45","1","false","20","5","27","14.87603305785124","32.59557344064387"
"48","40","1","false","20","5","10","5.968778696051423","14.606741573033707"
"58","45","1","false","20","5","4","6.0606060606060606","13.807531380753138"
"57","45","1","false","20","5","7","5.876951331496786","13.141683778234087"
"53","45","1","false","20","5","28","15.243342516069788","33.400402414486926"
"58","45","1","false","20","5","5","6.42791551882461","14.644351464435147"
"57","45","1","false","20","5","8","5.968778696051423","13.347022587268995"
"58","45","1","false","20","5","6","6.6115702479338845","15.062761506276152"
"57","45","1","false","20","5","9","5.968778696051423","13.347022587268995"
"53","45","1","false","20","5","29","15.61065197428834","34.205231388329985"
"56","45","1","false","20","5","2","4.132231404958678","9.414225941422593"
"58","45","1","false","20","5","7","6.703397612488522","15.271966527196653"
"53","45","1","false","20","5","30","15.794306703397613","34.60764587525151"
"58","45","1","false","20","5","8","6.703397612488522","15.271966527196653"
"48","40","1","false","20","5","11","6.42791551882461","15.730337078651685"
"53","45","1","false","20","5","31","16.069788797061523","35.2112676056338"
"61","50","1","false","20","5","0","1.6528925619834711","3.402646502835539"
"53","45","1","false","20","5","32","16.437098255280073","36.016096579476866"
"61","50","1","false","20","5","1","3.3057851239669422","6.805293005671078"
"62","50","1","false","20","5","0","2.0202020202020203","4.271844660194175"
"61","50","1","false","20","5","2","4.224058769513315","8.695652173913043"
"53","45","1","false","20","5","33","16.712580348943984","36.61971830985916"
"62","50","1","false","20","5","1","3.8567493112947657","8.155339805825243"
"61","50","1","false","20","5","3","5.142332415059688","10.58601134215501"
"53","45","1","false","20","5","34","17.079889807162534","37.42454728370221"
"62","50","1","false","20","5","2","5.325987144168963","11.262135922330096"
"56","45","1","false","20","5","3","5.142332415059688","11.715481171548117"
"60","45","1","false","20","5","0","1.1019283746556474","2.5423728813559325"
"61","50","1","false","20","5","4","6.42791551882461","13.23251417769376"
"53","45","1","false","20","5","35","17.447199265381084","38.22937625754527"
"48","40","1","false","20","5","12","6.7952249770431585","16.629213483146067"
"62","50","1","false","20","5","3","6.519742883379247","13.78640776699029"
"61","50","1","false","20","5","5","7.43801652892562","15.311909262759924"
"53","45","1","false","20","5","36","17.722681359044994","38.83299798792756"
"62","50","1","false","20","5","4","7.988980716253444","16.893203883495143"
"53","45","1","false","20","5","37","18.27364554637282","40.04024144869216"
"59","45","1","false","20","5","0","1.3774104683195594","3.0364372469635628"
"61","50","1","false","20","5","6","8.264462809917356","17.01323251417769"
"62","50","1","false","20","5","5","9.182736455463727","19.41747572815534"
"53","45","1","false","20","5","38","18.824609733700644","41.24748490945674"
"61","50","1","false","20","5","7","8.907254361799815","18.336483931947072"
"62","50","1","false","20","5","6","9.73370064279155","20.58252427184466"
"53","45","1","false","20","5","39","19.4674012855831","42.6559356136821"
"61","50","1","false","20","5","8","9.45821854912764","19.47069943289225"
"62","50","1","false","20","5","7","10.376492194674013","21.941747572815533"
"56","45","1","false","20","5","4","5.876951331496786","13.389121338912133"
"53","45","1","false","20","5","40","20.56932966023875","45.07042253521127"
"61","50","1","false","20","5","9","10.009182736455463","20.604914933837428"
"62","50","1","false","20","5","8","11.11111111111111","23.495145631067963"
"53","45","1","false","20","5","41","21.85491276400367","47.88732394366197"
"61","50","1","false","20","5","10","10.560146923783286","21.73913043478261"
"62","50","1","false","20","5","9","11.84573002754821","25.04854368932039"
"59","45","1","false","20","5","1","2.7548209366391188","6.0728744939271255"
"48","40","1","false","20","5","13","6.978879706152434","17.078651685393258"
"53","45","1","false","20","5","42","22.773186409550046","49.899396378269614"
"62","50","1","false","20","5","10","12.304866850321396","26.019417475728158"
"61","50","1","false","20","5","11","11.294765840220386","23.251417769376182"
"62","50","1","false","20","5","11","12.764003673094582","26.990291262135923"
"53","45","1","false","20","5","43","23.232323232323232","50.905432595573444"
"61","50","1","false","20","5","12","12.304866850321396","25.330812854442343"
"56","45","1","false","20","5","5","6.519742883379247","14.853556485355648"
"62","50","1","false","20","5","12","13.131313131313133","27.766990291262132"
"53","45","1","false","20","5","44","23.59963269054178","51.710261569416495"
"61","50","1","false","20","5","13","12.85583103764922","26.46502835538752"
"62","50","1","false","20","5","13","13.406795224977044","28.349514563106798"
"61","50","1","false","20","5","14","13.314967860422405","27.410207939508506"
"53","45","1","false","20","5","45","23.875114784205692","52.31388329979879"
"59","45","1","false","20","5","2","3.8567493112947657","8.502024291497975"
"62","50","1","false","20","5","14","13.774104683195592","29.126213592233007"
"61","50","1","false","20","5","15","13.86593204775023","28.544423440453688"
"48","40","1","false","20","5","14","7.162534435261708","17.528089887640448"
"53","45","1","false","20","5","46","24.242424242424242","53.118712273641854"
"62","50","1","false","20","5","15","14.049586776859504","29.708737864077673"
"61","50","1","false","20","5","16","14.692378328741965","30.245746691871457"
"56","45","1","false","20","5","6","7.07070707070707","16.10878661087866"
"53","45","1","false","20","5","47","24.517906336088156","53.72233400402414"
"62","50","1","false","20","5","16","14.23324150596878","30.097087378640776"
"61","50","1","false","20","5","17","15.335169880624427","31.568998109640834"
"53","45","1","false","20","5","48","24.97704315886134","54.72837022132797"
"60","45","1","false","20","5","1","2.203856749311295","5.084745762711865"
"62","50","1","false","20","5","17","14.325068870523417","30.29126213592233"
"61","50","1","false","20","5","18","15.886134067952252","32.70321361058601"
"53","45","1","false","20","5","49","25.436179981634528","55.73440643863179"
"59","45","1","false","20","5","3","4.224058769513315","9.31174089068826"
"62","50","1","false","20","5","18","14.416896235078053","30.485436893203882"
"48","40","1","false","20","5","15","7.3461891643709825","17.97752808988764"
"61","50","1","false","20","5","19","16.528925619834713","34.02646502835538"
"56","45","1","false","20","5","7","7.254361799816346","16.527196652719663"
"53","45","1","false","20","5","50","25.6198347107438","56.13682092555332"
"61","50","1","false","20","5","20","16.988062442607895","34.97164461247637"
"62","50","1","false","20","5","19","14.416896235078053","30.485436893203882"
"53","45","1","false","20","5","51","25.895316804407713","56.74044265593562"
"61","50","1","false","20","5","21","17.53902662993572","36.10586011342155"
"1","20","1","false","20","5","3","1.1937557392102847","6.132075471698113"
"60","45","1","false","20","5","2","3.1221303948576673","7.203389830508475"
"53","45","1","false","20","5","52","26.262626262626267","57.54527162977867"
"48","40","1","false","20","5","16","7.529843893480257","18.426966292134832"
"63","50","1","false","20","5","0","1.6528925619834711","3.339517625231911"
"59","45","1","false","20","5","4","4.40771349862259","9.7165991902834"
"53","45","1","false","20","5","53","26.905417814508723","58.95372233400402"
"56","45","1","false","20","5","8","7.3461891643709825","16.736401673640167"
"61","50","1","false","20","5","22","18.089990817263544","37.24007561436673"
"63","50","1","false","20","5","1","3.581267217630854","7.235621521335807"
"59","45","1","false","20","5","5","4.683195592286501","10.323886639676113"
"60","45","1","false","20","5","3","4.132231404958678","9.533898305084746"
"48","40","1","false","20","5","17","7.7134986225895315","18.876404494382022"
"56","45","1","false","20","5","9","7.43801652892562","16.94560669456067"
"53","45","1","false","20","5","54","27.640036730945823","60.56338028169014"
"61","50","1","false","20","5","23","18.54912764003673","38.18525519848771"
"63","50","1","false","20","5","2","5.785123966942149","11.688311688311687"
"60","45","1","false","20","5","4","4.499540863177227","10.38135593220339"
"56","45","1","false","20","5","10","7.529843893480257","17.154811715481173"
"53","45","1","false","20","5","55","28.37465564738292","62.17303822937625"
"63","50","1","false","20","5","3","8.080808080808081","16.3265306122449"
"61","50","1","false","20","5","24","18.91643709825528","38.9413988657845"
"59","45","1","false","20","5","6","5.05050505050505","11.133603238866396"
"53","45","1","false","20","5","56","28.92561983471074","63.38028169014085"
"63","50","1","false","20","5","4","9.82552800734619","19.851576994434136"
"48","40","1","false","20","5","18","7.897153351698806","19.325842696629213"
"61","50","1","false","20","5","25","19.28374655647383","39.69754253308129"
"63","50","1","false","20","5","5","11.294765840220386","22.820037105751393"
"61","50","1","false","20","5","26","19.55922865013774","40.26465028355388"
"56","45","1","false","20","5","11","7.529843893480257","17.154811715481173"
"60","45","1","false","20","5","5","4.866850321395775","11.228813559322035"
"63","50","1","false","20","5","6","12.213039485766759","24.675324675324674"
"53","45","1","false","20","5","57","29.660238751147844","64.98993963782696"
"59","45","1","false","20","5","7","5.417814508723599","11.94331983805668"
"63","50","1","false","20","5","7","13.223140495867769","26.716141001855288"
"61","50","1","false","20","5","27","19.834710743801654","40.831758034026464"
"48","40","1","false","20","5","19","8.172635445362717","20"
"63","50","1","false","20","5","8","14.14141414141414","28.57142857142857"
"61","50","1","false","20","5","28","20.2020202020202","41.58790170132325"
"63","50","1","false","20","5","9","15.151515151515152","30.612244897959183"
"53","45","1","false","20","5","58","30.39485766758494","66.59959758551308"
"59","45","1","false","20","5","8","5.785123966942149","12.753036437246964"
"65","50","1","false","20","5","0","1.7447199265381086","3.6053130929791273"
"61","50","1","false","20","5","29","20.293847566574836","41.77693761814745"
"60","45","1","false","20","5","6","5.142332415059688","11.864406779661017"
"48","40","1","false","20","5","20","8.44811753902663","20.674157303370784"
"61","50","1","false","20","5","30","20.385674931129476","41.965973534971646"
"59","45","1","false","20","5","9","6.0606060606060606","13.360323886639677"
"63","50","1","false","20","5","10","15.794306703397613","31.910946196660483"
"53","45","1","false","20","5","59","31.40495867768595","68.81287726358148"
"60","45","1","false","20","5","7","5.234159779614325","12.076271186440678"
"61","50","1","false","20","5","31","20.477502295684115","42.15500945179584"
"65","50","1","false","20","5","1","3.3057851239669422","6.83111954459203"
"63","50","1","false","20","5","11","16.2534435261708","32.83858998144712"
"61","50","1","false","20","5","32","20.66115702479339","42.53308128544423"
"63","50","1","false","20","5","12","16.437098255280073","33.209647495361786"
"61","50","1","false","20","5","33","20.66115702479339","42.53308128544423"
"63","50","1","false","20","5","13","16.528925619834713","33.39517625231911"
"53","45","1","false","20","5","60","32.69054178145087","71.6297786720322"
"63","50","1","false","20","5","14","16.528925619834713","33.39517625231911"
"66","50","1","false","20","5","0","1.4692378328741964","3.0534351145038165"
"48","40","1","false","20","5","21","8.631772268135904","21.123595505617978"
"53","45","1","false","20","5","61","34.43526170798898","75.45271629778671"
"60","45","1","false","20","5","8","5.325987144168963","12.288135593220339"
"59","45","1","false","20","5","10","6.42791551882461","14.17004048582996"
"66","50","1","false","20","5","1","2.6629935720844813","5.534351145038168"
"53","45","1","false","20","5","62","36.17998163452709","79.27565392354124"
"67","50","1","false","20","5","0","1.5610651974288337","3.090909090909091"
"66","50","1","false","20","5","2","3.8567493112947657","8.015267175572518"
"65","50","1","false","20","5","2","4.315886134067952","8.918406072106261"
"67","50","1","false","20","5","1","3.581267217630854","7.090909090909091"
"66","50","1","false","20","5","3","5.05050505050505","10.49618320610687"
"53","45","1","false","20","5","63","38.01652892561984","83.29979879275655"
"67","50","1","false","20","5","2","5.417814508723599","10.727272727272727"
"66","50","1","false","20","5","4","5.876951331496786","12.213740458015266"
"59","45","1","false","20","5","11","7.07070707070707","15.587044534412955"
"48","40","1","false","20","5","22","8.81542699724518","21.573033707865168"
"53","45","1","false","20","5","64","39.66942148760331","86.92152917505031"
"66","50","1","false","20","5","5","6.978879706152434","14.50381679389313"
"60","45","1","false","20","5","9","5.5096418732782375","12.711864406779661"
"66","50","1","false","20","5","6","7.529843893480257","15.648854961832063"
"67","50","1","false","20","5","3","6.336088154269973","12.545454545454545"
"65","50","1","false","20","5","3","5.05050505050505","10.436432637571158"
"53","45","1","false","20","5","65","41.1386593204775","90.14084507042254"
"68","50","1","false","20","5","0","1.1019283746556474","2.2018348623853212"
"66","50","1","false","20","5","7","7.897153351698806","16.412213740458014"
"59","45","1","false","20","5","12","7.897153351698806","17.408906882591094"
"48","40","1","false","20","5","23","9.090909090909092","22.247191011235955"
"53","45","1","false","20","5","66","42.6078971533517","93.36016096579478"
"67","50","1","false","20","5","4","6.887052341597796","13.636363636363635"
"66","50","1","false","20","5","8","8.264462809917356","17.17557251908397"
"68","50","1","false","20","5","1","1.8365472910927456","3.669724770642202"
"60","45","1","false","20","5","10","5.693296602387512","13.135593220338984"
"65","50","1","false","20","5","4","5.693296602387512","11.76470588235294"
"67","50","1","false","20","5","5","7.7134986225895315","15.272727272727273"
"66","50","1","false","20","5","9","8.723599632690542","18.12977099236641"
"68","50","1","false","20","5","2","2.7548209366391188","5.5045871559633035"
"67","50","1","false","20","5","6","8.907254361799815","17.636363636363637"
"66","50","1","false","20","5","10","9.090909090909092","18.893129770992367"
"64","50","1","false","20","5","0","1.285583103764922","2.60707635009311"
"68","50","1","false","20","5","3","3.489439853076217","6.972477064220184"
"53","45","1","false","20","5","67","44.352617079889804","97.1830985915493"
"66","50","1","false","20","5","11","9.550045913682277","19.84732824427481"
"67","50","1","false","20","5","7","10.1010101010101","20"
"48","40","1","false","20","5","24","9.274563820018365","22.696629213483146"
"60","45","1","false","20","5","11","5.876951331496786","13.559322033898304"
"53","45","1","false","20","5","68","45.821854912764","100.40241448692153"
"66","50","1","false","20","5","12","10.009182736455463","20.801526717557252"
"68","50","1","false","20","5","4","3.8567493112947657","7.706422018348624"
"67","50","1","false","20","5","8","11.019283746556475","21.818181818181817"
"65","50","1","false","20","5","5","6.244260789715335","12.903225806451612"
"53","45","1","false","20","5","69","47.38292011019284","103.82293762575452"
"66","50","1","false","20","5","13","10.560146923783286","21.946564885496183"
"67","50","1","false","20","5","9","11.386593204775023","22.545454545454547"
"68","50","1","false","20","5","5","3.948576675849403","7.889908256880735"
"59","45","1","false","20","5","13","8.631772268135904","19.02834008097166"
"66","50","1","false","20","5","14","10.560146923783286","21.946564885496183"
"53","45","1","false","20","5","70","48.576675849403124","106.43863179074447"
"67","50","1","false","20","5","10","11.937557392102846","23.636363636363637"
"68","50","1","false","20","5","6","3.948576675849403","7.889908256880735"
"67","50","1","false","20","5","11","12.672176308539946","25.09090909090909"
"53","45","1","false","20","5","71","49.95408631772268","109.45674044265594"
"69","50","1","false","20","5","0","1.9283746556473829","4.085603112840467"
"60","45","1","false","20","5","12","6.152433425160698","14.194915254237289"
"67","50","1","false","20","5","12","13.498622589531681","26.727272727272727"
"65","50","1","false","20","5","6","7.162534435261708","14.800759013282732"
"69","50","1","false","20","5","1","4.040404040404041","8.560311284046692"
"70","50","1","false","20","5","0","1.1019283746556474","2.2429906542056073"
"48","40","1","false","20","5","25","9.366391184573002","22.92134831460674"
"67","50","1","false","20","5","13","14.325068870523417","28.363636363636363"
"69","50","1","false","20","5","2","5.693296602387512","12.062256809338521"
"53","45","1","false","20","5","72","51.05601469237833","111.87122736418512"
"59","45","1","false","20","5","14","8.999081726354454","19.838056680161944"
"67","50","1","false","20","5","14","14.967860422405877","29.63636363636364"
"70","50","1","false","20","5","1","2.203856749311295","4.485981308411215"
"53","45","1","false","20","5","73","51.88246097337006","113.68209255533199"
"60","45","1","false","20","5","13","6.336088154269973","14.61864406779661"
"67","50","1","false","20","5","15","16.069788797061523","31.818181818181817"
"70","50","1","false","20","5","2","3.7649219467401287","7.663551401869159"
"65","50","1","false","20","5","7","8.172635445362717","16.888045540796963"
"53","45","1","false","20","5","74","52.708907254361804","115.49295774647888"
"48","40","1","false","20","5","26","9.366391184573002","22.92134831460674"
"69","50","1","false","20","5","3","7.3461891643709825","15.56420233463035"
"59","45","1","false","20","5","15","9.182736455463727","20.242914979757085"
"67","50","1","false","20","5","16","17.26354453627181","34.18181818181818"
"53","45","1","false","20","5","75","53.25987144168962","116.70020120724347"
"69","50","1","false","20","5","4","8.539944903581267","18.09338521400778"
"70","50","1","false","20","5","3","4.775022956841139","9.719626168224298"
"65","50","1","false","20","5","8","9.45821854912764","19.54459203036053"
"67","50","1","false","20","5","17","17.99816345270891","35.63636363636364"
"53","45","1","false","20","5","76","53.81083562901745","117.90744466800804"
"70","50","1","false","20","5","4","5.876951331496786","11.962616822429908"
"67","50","1","false","20","5","18","18.732782369146005","37.09090909090909"
"53","45","1","false","20","5","77","54.178145087236","118.71227364185111"
"69","50","1","false","20","5","5","9.641873278236915","20.428015564202333"
"67","50","1","false","20","5","19","19.55922865013774","38.72727272727273"
"70","50","1","false","20","5","5","6.887052341597796","14.018691588785046"
"53","45","1","false","20","5","78","54.36179981634527","119.11468812877264"
"69","50","1","false","20","5","6","11.294765840220386","23.929961089494164"
"60","45","1","false","20","5","14","6.6115702479338845","15.254237288135593"
"67","50","1","false","20","5","20","20.385674931129476","40.36363636363636"
"59","45","1","false","20","5","16","9.366391184573002","20.647773279352226"
"70","50","1","false","20","5","6","7.897153351698806","16.074766355140188"
"53","45","1","false","20","5","79","54.36179981634527","119.11468812877264"
"69","50","1","false","20","5","7","13.131313131313133","27.82101167315175"
"65","50","1","false","20","5","9","11.11111111111111","22.960151802656547"
"70","50","1","false","20","5","7","8.631772268135904","17.570093457943926"
"67","50","1","false","20","5","21","21.028466483011936","41.63636363636364"
"69","50","1","false","20","5","8","14.692378328741965","31.1284046692607"
"60","45","1","false","20","5","15","6.887052341597796","15.889830508474576"
"70","50","1","false","20","5","8","9.366391184573002","19.065420560747665"
"67","50","1","false","20","5","22","21.57943067033976","42.72727272727273"
"69","50","1","false","20","5","9","15.61065197428834","33.07392996108949"
"72","55","1","false","20","5","0","1.3774104683195594","2.6690391459074734"
"69","50","1","false","20","5","10","16.528925619834713","35.019455252918284"
"70","50","1","false","20","5","9","10.192837465564738","20.747663551401867"
"67","50","1","false","20","5","23","22.22222222222222","44"
"71","55","1","false","20","5","0","1.6528925619834711","3.040540540540541"
"72","55","1","false","20","5","1","3.3057851239669422","6.405693950177936"
"69","50","1","false","20","5","11","17.355371900826448","36.77042801556421"
"59","45","1","false","20","5","17","9.641873278236915","21.25506072874494"
"70","50","1","false","20","5","10","10.835629017447198","22.05607476635514"
"67","50","1","false","20","5","24","22.681359044995407","44.90909090909091"
"72","55","1","false","20","5","2","5.325987144168963","10.320284697508896"
"69","50","1","false","20","5","12","17.81450872359963","37.7431906614786"
"70","50","1","false","20","5","11","11.47842056932966","23.364485981308412"
"72","55","1","false","20","5","3","6.6115702479338845","12.811387900355871"
"69","50","1","false","20","5","13","18.27364554637282","38.715953307393"
"67","50","1","false","20","5","25","23.048668503213957","45.63636363636363"
"60","45","1","false","20","5","16","6.887052341597796","15.889830508474576"
"65","50","1","false","20","5","10","12.947658402203857","26.755218216318788"
"72","55","1","false","20","5","4","7.897153351698806","15.302491103202847"
"69","50","1","false","20","5","14","18.640955004591365","39.494163424124515"
"70","50","1","false","20","5","12","12.029384756657484","24.485981308411215"
"67","50","1","false","20","5","26","23.324150596877868","46.18181818181818"
"72","55","1","false","20","5","5","9.090909090909092","17.615658362989322"
"69","50","1","false","20","5","15","19.100091827364555","40.46692607003891"
"70","50","1","false","20","5","13","12.48852157943067","25.42056074766355"
"71","55","1","false","20","5","1","3.3976124885215793","6.25"
"67","50","1","false","20","5","27","23.507805325987142","46.54545454545455"
"72","55","1","false","20","5","6","9.82552800734619","19.03914590747331"
"69","50","1","false","20","5","16","19.4674012855831","41.245136186770424"
"67","50","1","false","20","5","28","23.69146005509642","46.909090909090914"
"59","45","1","false","20","5","18","9.73370064279155","21.45748987854251"
"70","50","1","false","20","5","14","13.039485766758494","26.542056074766357"
"72","55","1","false","20","5","7","10.376492194674013","20.106761565836297"
"69","50","1","false","20","5","17","20.018365472910926","42.4124513618677"
"65","50","1","false","20","5","11","14.14141414141414","29.22201138519924"
"72","55","1","false","20","5","8","11.11111111111111","21.530249110320284"
"67","50","1","false","20","5","29","23.783287419651057","47.090909090909086"
"70","50","1","false","20","5","15","13.682277318640956","27.850467289719628"
"69","50","1","false","20","5","18","20.66115702479339","43.77431906614786"
"72","55","1","false","20","5","9","12.029384756657484","23.309608540925268"
"71","55","1","false","20","5","2","5.05050505050505","9.29054054054054"
"67","50","1","false","20","5","30","23.875114784205692","47.27272727272727"
"69","50","1","false","20","5","19","20.9366391184573","44.3579766536965"
"70","50","1","false","20","5","16","14.14141414141414","28.785046728971963"
"72","55","1","false","20","5","10","12.947658402203857","25.088967971530252"
"59","45","1","false","20","5","19","9.82552800734619","21.65991902834008"
"67","50","1","false","20","5","31","23.875114784205692","47.27272727272727"
"69","50","1","false","20","5","20","21.21212121212121","44.94163424124514"
"70","50","1","false","20","5","17","14.692378328741965","29.906542056074763"
"72","55","1","false","20","5","11","13.498622589531681","26.156583629893237"
"73","55","1","false","20","5","0","1.8365472910927456","3.466204506065858"
"69","50","1","false","20","5","21","21.671258034894397","45.91439688715953"
"65","50","1","false","20","5","12","15.243342516069788","31.499051233396585"
"72","55","1","false","20","5","12","13.957759412304869","27.046263345195733"
"70","50","1","false","20","5","18","15.151515151515152","30.8411214953271"
"74","55","1","false","20","5","0","1.9283746556473829","3.6395147313691507"
"69","50","1","false","20","5","22","21.85491276400367","46.30350194552529"
"72","55","1","false","20","5","13","14.416896235078053","27.935943060498218"
"74","55","1","false","20","5","1","3.8567493112947657","7.279029462738301"
"71","55","1","false","20","5","3","6.7952249770431585","12.5"
"69","50","1","false","20","5","23","22.03856749311295","46.69260700389105"
"72","55","1","false","20","5","14","14.967860422405877","29.00355871886121"
"65","50","1","false","20","5","13","15.977961432506888","33.017077798861486"
"74","55","1","false","20","5","2","5.785123966942149","10.918544194107453"
"69","50","1","false","20","5","24","22.130394857667586","46.88715953307393"
"73","55","1","false","20","5","1","3.6730945821854912","6.932409012131716"
"70","50","1","false","20","5","19","15.243342516069788","31.02803738317757"
"59","45","1","false","20","5","20","9.917355371900827","21.86234817813765"
"72","55","1","false","20","5","15","15.059687786960515","29.181494661921707"
"69","50","1","false","20","5","25","22.22222222222222","47.081712062256805"
"74","55","1","false","20","5","3","7.7134986225895315","14.558058925476603"
"72","55","1","false","20","5","16","15.059687786960515","29.181494661921707"
"70","50","1","false","20","5","20","15.426997245179063","31.401869158878505"
"74","55","1","false","20","5","4","8.999081726354454","16.984402079722706"
"69","50","1","false","20","5","26","22.31404958677686","47.276264591439684"
"71","55","1","false","20","5","4","7.80532598714417","14.358108108108109"
"74","55","1","false","20","5","5","10.009182736455463","18.890814558058924"
"70","50","1","false","20","5","21","15.5188246097337","31.588785046728972"
"69","50","1","false","20","5","27","22.58953168044077","47.85992217898833"
"65","50","1","false","20","5","14","16.2534435261708","33.586337760910816"
"75","55","1","false","20","5","0","2.0202020202020203","3.618421052631579"
"74","55","1","false","20","5","6","10.835629017447198","20.45060658578856"
"73","55","1","false","20","5","2","6.152433425160698","11.611785095320624"
"69","50","1","false","20","5","28","22.865013774104685","48.44357976653696"
"75","55","1","false","20","5","1","4.683195592286501","8.388157894736842"
"70","50","1","false","20","5","22","15.702479338842975","31.962616822429908"
"74","55","1","false","20","5","7","11.937557392102846","22.530329289428074"
"69","50","1","false","20","5","29","23.140495867768596","49.0272373540856"
"59","45","1","false","20","5","21","10.009182736455463","22.06477732793522"
"75","55","1","false","20","5","2","7.254361799816346","12.993421052631579"
"71","55","1","false","20","5","5","9.274563820018365","17.06081081081081"
"74","55","1","false","20","5","8","12.947658402203857","24.436741767764296"
"70","50","1","false","20","5","23","15.886134067952252","32.33644859813084"
"69","50","1","false","20","5","30","23.415977961432507","49.61089494163424"
"65","50","1","false","20","5","15","16.62075298438935","34.34535104364326"
"75","55","1","false","20","5","3","9.45821854912764","16.940789473684212"
"74","55","1","false","20","5","9","13.957759412304869","26.343154246100518"
"69","50","1","false","20","5","31","23.69146005509642","50.19455252918288"
"75","55","1","false","20","5","4","11.202938475665748","20.065789473684212"
"74","55","1","false","20","5","10","14.967860422405877","28.249566724436743"
"70","50","1","false","20","5","24","16.2534435261708","33.084112149532714"
"73","55","1","false","20","5","3","7.897153351698806","14.904679376083187"
"69","50","1","false","20","5","32","23.96694214876033","50.778210116731515"
"74","55","1","false","20","5","11","15.702479338842975","29.636048526863085"
"75","55","1","false","20","5","5","12.580348943985308","22.532894736842106"
"64","50","1","false","20","5","1","2.6629935720844813","5.400372439478584"
"70","50","1","false","20","5","25","16.89623507805326","34.39252336448598"
"71","55","1","false","20","5","6","11.202938475665748","20.60810810810811"
"75","55","1","false","20","5","6","13.682277318640956","24.50657894736842"
"74","55","1","false","20","5","12","16.2534435261708","30.675909878682845"
"69","50","1","false","20","5","33","24.242424242424242","51.36186770428015"
"59","45","1","false","20","5","22","10.1010101010101","22.267206477732792"
"70","50","1","false","20","5","26","17.17171717171717","34.953271028037385"
"69","50","1","false","20","5","34","24.517906336088156","51.9455252918288"
"75","55","1","false","20","5","7","14.967860422405877","26.80921052631579"
"74","55","1","false","20","5","13","17.26354453627181","32.582322357019066"
"74","55","1","false","20","5","14","17.99816345270891","33.96880415944541"
"69","50","1","false","20","5","35","24.609733700642792","52.14007782101168"
"75","55","1","false","20","5","8","16.161616161616163","28.947368421052634"
"70","50","1","false","20","5","27","17.447199265381084","35.51401869158878"
"65","50","1","false","20","5","16","16.712580348943984","34.53510436432637"
"74","55","1","false","20","5","15","19.00826446280992","35.875216637781634"
"69","50","1","false","20","5","36","24.885215794306703","52.723735408560316"
"75","55","1","false","20","5","9","16.988062442607895","30.427631578947366"
"70","50","1","false","20","5","28","17.722681359044994","36.074766355140184"
"73","55","1","false","20","5","4","9.550045913682277","18.02426343154246"
"74","55","1","false","20","5","16","20.293847566574836","38.30155979202773"
"69","50","1","false","20","5","37","25.068870523415974","53.11284046692607"
"75","55","1","false","20","5","10","17.81450872359963","31.907894736842106"
"70","50","1","false","20","5","29","17.99816345270891","36.63551401869159"
"69","50","1","false","20","5","38","25.528007346189163","54.08560311284047"
"74","55","1","false","20","5","17","21.57943067033976","40.72790294627383"
"71","55","1","false","20","5","7","12.947658402203857","23.81756756756757"
"65","50","1","false","20","5","17","16.712580348943984","34.53510436432637"
"70","50","1","false","20","5","30","18.457300275482094","37.570093457943926"
"69","50","1","false","20","5","39","25.987144168962352","55.05836575875487"
"74","55","1","false","20","5","18","22.31404958677686","42.114384748700175"
"75","55","1","false","20","5","11","18.91643709825528","33.881578947368425"
"59","45","1","false","20","5","23","10.284664830119375","22.672064777327936"
"69","50","1","false","20","5","40","26.446280991735538","56.03112840466926"
"73","55","1","false","20","5","5","11.019283746556475","20.797227036395146"
"74","55","1","false","20","5","19","23.048668503213957","43.500866551126514"
"75","55","1","false","20","5","12","19.834710743801654","35.526315789473685"
"71","55","1","false","20","5","8","14.692378328741965","27.027027027027028"
"69","50","1","false","20","5","41","26.905417814508723","57.003891050583654"
"74","55","1","false","20","5","20","23.69146005509642","44.71403812824957"
"75","55","1","false","20","5","13","20.84481175390266","37.33552631578947"
"70","50","1","false","20","5","31","19.100091827364555","38.87850467289719"
"76","55","1","false","20","5","0","1.9283746556473829","3.614457831325301"
"69","50","1","false","20","5","42","27.364554637281913","57.97665369649806"
"75","55","1","false","20","5","14","22.130394857667586","39.63815789473684"
"74","55","1","false","20","5","21","24.609733700642792","46.447140381282495"
"70","50","1","false","20","5","32","19.4674012855831","39.626168224299064"
"75","55","1","false","20","5","15","23.59963269054178","42.26973684210527"
"74","55","1","false","20","5","22","25.6198347107438","48.353552859618716"
"69","50","1","false","20","5","43","27.73186409550046","58.754863813229576"
"73","55","1","false","20","5","6","12.029384756657484","22.703639514731368"
"59","45","1","false","20","5","24","10.560146923783286","23.279352226720647"
"70","50","1","false","20","5","33","20.110192837465565","40.93457943925234"
"75","55","1","false","20","5","16","24.793388429752067","44.40789473684211"
"69","50","1","false","20","5","44","28.28282828282828","59.92217898832685"
"75","55","1","false","20","5","17","25.803489439853077","46.21710526315789"
"71","55","1","false","20","5","9","16.2534435261708","29.898648648648653"
"70","50","1","false","20","5","34","20.56932966023875","41.86915887850468"
"69","50","1","false","20","5","45","28.92561983471074","61.284046692607006"
"76","55","1","false","20","5","1","3.581267217630854","6.712564543889846"
"75","55","1","false","20","5","18","26.446280991735538","47.368421052631575"
"73","55","1","false","20","5","7","13.039485766758494","24.610051993067593"
"74","55","1","false","20","5","23","26.72176308539945","50.43327556325823"
"71","55","1","false","20","5","10","17.81450872359963","32.77027027027027"
"70","50","1","false","20","5","35","21.21212121212121","43.177570093457945"
"76","55","1","false","20","5","2","4.775022956841139","8.950086058519794"
"74","55","1","false","20","5","24","28.007346189164373","52.85961871750433"
"69","50","1","false","20","5","46","29.38475665748393","62.2568093385214"
"76","55","1","false","20","5","3","5.968778696051423","11.187607573149743"
"59","45","1","false","20","5","25","10.743801652892563","23.684210526315788"
"70","50","1","false","20","5","36","21.763085399449036","44.299065420560744"
"74","55","1","false","20","5","25","28.92561983471074","54.59272097053726"
"75","55","1","false","20","5","19","26.905417814508723","48.19078947368421"
"69","50","1","false","20","5","47","30.303030303030305","64.2023346303502"
"71","55","1","false","20","5","11","19.742883379247015","36.317567567567565"
"70","50","1","false","20","5","37","22.03856749311295","44.85981308411215"
"75","55","1","false","20","5","20","27.548209366391184","49.34210526315789"
"74","55","1","false","20","5","26","29.935720844811755","56.499133448873486"
"73","55","1","false","20","5","8","14.049586776859504","26.51646447140381"
"76","55","1","false","20","5","4","7.162534435261708","13.425129087779691"
"75","55","1","false","20","5","21","28.74196510560147","51.48026315789473"
"74","55","1","false","20","5","27","31.0376492194674","58.578856152513005"
"69","50","1","false","20","5","48","31.40495867768595","66.53696498054474"
"70","50","1","false","20","5","38","22.497704315886132","45.794392523364486"
"74","55","1","false","20","5","28","31.955922865013775","60.31195840554593"
"75","55","1","false","20","5","22","29.75206611570248","53.289473684210535"
"70","50","1","false","20","5","39","22.95684113865932","46.728971962616825"
"59","45","1","false","20","5","26","10.927456382001836","24.089068825910932"
"74","55","1","false","20","5","29","32.78236914600551","61.871750433275565"
"69","50","1","false","20","5","49","32.966023875114786","69.8443579766537"
"76","55","1","false","20","5","5","8.356290174471992","15.66265060240964"
"70","50","1","false","20","5","40","23.232323232323232","47.28971962616823"
"71","55","1","false","20","5","12","21.763085399449036","40.03378378378378"
"73","55","1","false","20","5","9","14.784205693296604","27.902946273830153"
"74","55","1","false","20","5","30","33.33333333333333","62.911611785095324"
"69","50","1","false","20","5","50","33.88429752066116","71.78988326848248"
"76","55","1","false","20","5","6","9.182736455463727","17.21170395869191"
"70","50","1","false","20","5","41","23.783287419651057","48.41121495327103"
"74","55","1","false","20","5","31","33.88429752066116","63.951473136915084"
"69","50","1","false","20","5","51","35.07805325987144","74.31906614785993"
"59","45","1","false","20","5","27","11.11111111111111","24.493927125506072"
"74","55","1","false","20","5","32","34.710743801652896","65.51126516464471"
"70","50","1","false","20","5","42","24.334251606978878","49.532710280373834"
"69","50","1","false","20","5","52","35.81267217630854","75.87548638132296"
"71","55","1","false","20","5","13","23.783287419651057","43.75"
"69","50","1","false","20","5","53","36.54729109274564","77.431906614786"
"70","50","1","false","20","5","43","25.068870523415974","51.02803738317757"
"73","55","1","false","20","5","10","15.5188246097337","29.289428076256502"
"76","55","1","false","20","5","7","9.917355371900827","18.588640275387263"
"74","55","1","false","20","5","33","35.90449954086318","67.76429809358753"
"70","50","1","false","20","5","44","25.895316804407713","52.71028037383177"
"69","50","1","false","20","5","54","37.09825528007346","78.59922178988327"
"76","55","1","false","20","5","8","10.560146923783286","19.793459552495698"
"59","45","1","false","20","5","28","11.294765840220386","24.898785425101213"
"74","55","1","false","20","5","34","37.09825528007346","70.01733102253033"
"71","55","1","false","20","5","14","25.436179981634528","46.79054054054054"
"75","55","1","false","20","5","23","30.76216712580349","55.098684210526315"
"73","55","1","false","20","5","11","15.886134067952252","29.98266897746967"
"69","50","1","false","20","5","55","37.64921946740129","79.76653696498055"
"70","50","1","false","20","5","45","26.446280991735538","53.83177570093458"
"74","55","1","false","20","5","35","38.6593204775023","72.9636048526863"
"69","50","1","false","20","5","56","38.10835629017447","80.73929961089495"
"75","55","1","false","20","5","24","31.955922865013775","57.23684210526315"
"74","55","1","false","20","5","36","39.57759412304867","74.69670710571924"
"71","55","1","false","20","5","15","27.364554637281913","50.33783783783784"
"70","50","1","false","20","5","46","27.180899908172634","55.32710280373831"
"75","55","1","false","20","5","25","33.700642791551886","60.36184210526315"
"76","55","1","false","20","5","9","11.202938475665748","20.998278829604132"
"69","50","1","false","20","5","57","38.56749311294766","81.71206225680933"
"74","55","1","false","20","5","37","40.58769513314967","76.60311958405546"
"59","45","1","false","20","5","29","11.570247933884298","25.506072874493928"
"69","50","1","false","20","5","58","39.21028466483012","83.0739299610895"
"74","55","1","false","20","5","38","41.68962350780532","78.68284228769498"
"75","55","1","false","20","5","26","35.53719008264463","63.651315789473685"
"70","50","1","false","20","5","47","28.007346189164373","57.009345794392516"
"69","50","1","false","20","5","59","39.85307621671258","84.43579766536965"
"74","55","1","false","20","5","39","42.33241505968779","79.89601386481803"
"73","55","1","false","20","5","12","16.069788797061523","30.329289428076255"
"75","55","1","false","20","5","27","37.55739210284665","67.26973684210526"
"70","50","1","false","20","5","48","28.74196510560147","58.504672897196265"
"69","50","1","false","20","5","60","40.77134986225895","86.38132295719845"
"74","55","1","false","20","5","40","42.88337924701561","80.93587521663778"
"75","55","1","false","20","5","28","39.02662993572085","69.90131578947368"
"76","55","1","false","20","5","10","11.937557392102846","22.375215146299485"
"69","50","1","false","20","5","61","41.50596877869605","87.93774319066148"
"70","50","1","false","20","5","49","29.56841138659321","60.18691588785047"
"74","55","1","false","20","5","41","43.25068870523416","81.62911611785096"
"75","55","1","false","20","5","29","40.31221303948577","72.20394736842105"
"71","55","1","false","20","5","16","28.92561983471074","53.20945945945946"
"69","50","1","false","20","5","62","41.96510560146924","88.91050583657587"
"59","45","1","false","20","5","30","12.029384756657484","26.518218623481783"
"75","55","1","false","20","5","30","41.68962350780532","74.67105263157895"
"74","55","1","false","20","5","42","43.70982552800734","82.49566724436743"
"70","50","1","false","20","5","50","30.670339761248854","62.42990654205608"
"73","55","1","false","20","5","13","16.2534435261708","30.675909878682845"
"69","50","1","false","20","5","63","42.51606978879706","90.07782101167315"
"75","55","1","false","20","5","31","43.15886134067952","77.30263157894737"
"71","55","1","false","20","5","17","30.11937557392103","55.4054054054054"
"70","50","1","false","20","5","51","31.68044077134986","64.48598130841121"
"76","55","1","false","20","5","11","12.672176308539946","23.752151462994835"
"69","50","1","false","20","5","64","43.15886134067952","91.43968871595331"
"75","55","1","false","20","5","32","43.98530762167126","78.7828947368421"
"74","55","1","false","20","5","43","44.0771349862259","83.18890814558058"
"70","50","1","false","20","5","52","32.5068870523416","66.16822429906543"
"75","55","1","false","20","5","33","44.90358126721763","80.42763157894737"
"69","50","1","false","20","5","65","43.80165289256198","92.80155642023347"
"74","55","1","false","20","5","44","44.62809917355372","84.22876949740035"
"73","55","1","false","20","5","14","16.2534435261708","30.675909878682845"
"76","55","1","false","20","5","12","13.314967860422405","24.95697074010327"
"59","45","1","false","20","5","31","12.580348943985308","27.732793522267208"
"70","50","1","false","20","5","53","33.51698806244261","68.22429906542055"
"69","50","1","false","20","5","66","44.352617079889804","93.96887159533074"
"71","55","1","false","20","5","18","31.313131313131315","57.60135135135135"
"74","55","1","false","20","5","45","45.45454545454545","85.78856152512998"
"75","55","1","false","20","5","34","45.54637281910009","81.57894736842105"
"70","50","1","false","20","5","54","34.43526170798898","70.09345794392523"
"69","50","1","false","20","5","67","44.81175390266299","94.94163424124513"
"59","45","1","false","20","5","32","13.039485766758494","28.74493927125506"
"74","55","1","false","20","5","46","46.18916437098255","87.17504332755632"
"76","55","1","false","20","5","13","14.049586776859504","26.333907056798623"
"75","55","1","false","20","5","35","45.91368227731864","82.23684210526315"
"77","55","1","false","20","5","0","1.4692378328741964","2.7444253859348198"
"74","55","1","false","20","5","47","47.19926538108356","89.08145580589255"
"70","50","1","false","20","5","55","34.9862258953168","71.21495327102804"
"69","50","1","false","20","5","68","45.362718089990814","96.10894941634241"
"59","45","1","false","20","5","33","13.590449954086317","29.959514170040485"
"71","55","1","false","20","5","19","32.323232323232325","59.45945945945946"
"76","55","1","false","20","5","14","14.692378328741965","27.538726333907054"
"75","55","1","false","20","5","36","46.464646464646464","83.22368421052632"
"74","55","1","false","20","5","48","48.025711662075295","90.64124783362219"
"77","55","1","false","20","5","1","3.1221303948576673","5.831903945111493"
"70","50","1","false","20","5","56","35.81267217630854","72.89719626168224"
"59","45","1","false","20","5","34","14.14141414141414","31.17408906882591"
"69","50","1","false","20","5","69","46.005509641873275","97.47081712062257"
"75","55","1","false","20","5","37","46.74012855831038","83.7171052631579"
"74","55","1","false","20","5","49","49.494949494949495","93.41421143847487"
"70","50","1","false","20","5","57","36.73094582185491","74.76635514018692"
"71","55","1","false","20","5","20","33.33333333333333","61.317567567567565"
"77","55","1","false","20","5","2","4.958677685950414","9.262435677530018"
"69","50","1","false","20","5","70","46.464646464646464","98.44357976653697"
"75","55","1","false","20","5","38","47.015610651974285","84.21052631578947"
"74","55","1","false","20","5","50","50.59687786960514","95.49393414211438"
"76","55","1","false","20","5","15","15.335169880624427","28.74354561101549"
"69","50","1","false","20","5","71","46.83195592286501","99.22178988326849"
"70","50","1","false","20","5","58","38.20018365472911","77.75700934579439"
"74","55","1","false","20","5","51","51.606978879706155","97.4003466204506"
"75","55","1","false","20","5","39","47.107438016528924","84.375"
"69","50","1","false","20","5","72","47.2910927456382","100.19455252918289"
"74","55","1","false","20","5","52","52.34159779614325","98.78682842287695"
"71","55","1","false","20","5","21","34.067952249770435","62.66891891891891"
"75","55","1","false","20","5","40","47.19926538108356","84.53947368421053"
"59","45","1","false","20","5","35","14.87603305785124","32.79352226720648"
"70","50","1","false","20","5","59","39.39393939393939","80.18691588785046"
"77","55","1","false","20","5","3","6.336088154269973","11.83533447684391"
"69","50","1","false","20","5","73","47.750229568411385","101.16731517509727"
"74","55","1","false","20","5","53","52.892561983471076","99.8266897746967"
"75","55","1","false","20","5","41","47.2910927456382","84.70394736842105"
"64","50","1","false","20","5","2","4.315886134067952","8.752327746741155"
"76","55","1","false","20","5","16","15.886134067952252","29.776247848537007"
"70","50","1","false","20","5","60","40.67952249770432","82.80373831775701"
"74","55","1","false","20","5","54","53.535353535353536","101.03986135181975"
"69","50","1","false","20","5","74","48.39302112029385","102.52918287937743"
"75","55","1","false","20","5","42","47.38292011019284","84.86842105263158"
"74","55","1","false","20","5","55","54.178145087236","102.25303292894282"
"69","50","1","false","20","5","75","48.94398530762167","103.69649805447472"
"75","55","1","false","20","5","43","47.38292011019284","84.86842105263158"
"76","55","1","false","20","5","17","16.62075298438935","31.153184165232357"
"59","45","1","false","20","5","36","15.243342516069788","33.603238866396765"
"77","55","1","false","20","5","4","7.988980716253444","14.922813036020582"
"74","55","1","false","20","5","56","54.729109274563825","103.29289428076255"
"75","55","1","false","20","5","44","47.38292011019284","84.86842105263158"
"69","50","1","false","20","5","76","49.219467401285584","104.28015564202336"
"70","50","1","false","20","5","61","42.05693296602387","85.60747663551402"
"74","55","1","false","20","5","57","55.371900826446286","104.50606585788562"
"74","55","1","false","20","5","58","55.73921028466483","105.19930675909879"
"70","50","1","false","20","5","62","43.06703397612488","87.66355140186916"
"78","55","1","false","20","5","0","2.1120293847566574","3.9861351819757362"
"78","55","1","false","20","5","1","5.05050505050505","9.532062391681109"
"74","55","1","false","20","5","59","56.014692378328746","105.71923743500867"
"70","50","1","false","20","5","63","44.71992653810835","91.02803738317758"
"76","55","1","false","20","5","18","17.079889807162534","32.01376936316696"
"69","50","1","false","20","5","77","49.494949494949495","104.86381322957199"
"59","45","1","false","20","5","37","15.886134067952252","35.020242914979754"
"77","55","1","false","20","5","5","9.82552800734619","18.353344768439108"
"71","55","1","false","20","5","22","34.89439853076217","64.1891891891892"
"74","55","1","false","20","5","60","56.473829201101935","106.58578856152513"
"69","50","1","false","20","5","78","49.770431588613405","105.44747081712063"
"70","50","1","false","20","5","64","46.28099173553719","94.2056074766355"
"78","55","1","false","20","5","2","7.254361799816346","13.69150779896014"
"74","55","1","false","20","5","61","56.84113865932048","107.27902946273831"
"78","55","1","false","20","5","3","9.090909090909092","17.157712305025996"
"71","55","1","false","20","5","23","35.99632690541782","66.21621621621621"
"70","50","1","false","20","5","65","47.658402203856745","97.00934579439252"
"69","50","1","false","20","5","79","49.862258953168045","105.6420233463035"
"74","55","1","false","20","5","62","57.02479338842975","107.62564991334489"
"78","55","1","false","20","5","4","10.651974288337925","20.103986135181977"
"59","45","1","false","20","5","38","16.345270890725434","36.032388663967616"
"76","55","1","false","20","5","19","17.63085399449036","33.04647160068847"
"69","50","1","false","20","5","80","49.862258953168045","105.6420233463035"
"70","50","1","false","20","5","66","48.760330578512395","99.25233644859813"
"78","55","1","false","20","5","5","11.570247933884298","21.837088388214905"
"74","55","1","false","20","5","63","57.30027548209367","108.14558058925476"
"78","55","1","false","20","5","6","12.396694214876034","23.39688041594454"
"70","50","1","false","20","5","67","49.95408631772268","101.6822429906542"
"74","55","1","false","20","5","64","57.48393021120294","108.49220103986134"
"79","55","1","false","20","5","0","1.285583103764922","2.413793103448276"
"77","55","1","false","20","5","6","11.019283746556475","20.58319039451115"
"78","55","1","false","20","5","7","12.947658402203857","24.436741767764296"
"79","55","1","false","20","5","1","2.203856749311295","4.137931034482759"
"74","55","1","false","20","5","65","57.66758494031221","108.83882149046794"
"70","50","1","false","20","5","68","51.331496786042244","104.48598130841123"
"71","55","1","false","20","5","24","37.09825528007346","68.24324324324324"
"59","45","1","false","20","5","39","16.804407713498623","37.044534412955464"
"78","55","1","false","20","5","8","13.406795224977044","25.30329289428076"
"76","55","1","false","20","5","20","18.181818181818183","34.07917383820998"
"74","55","1","false","20","5","66","57.759412304866856","109.01213171577122"
"78","55","1","false","20","5","9","13.86593204775023","26.16984402079723"
"70","50","1","false","20","5","69","52.80073461891644","107.4766355140187"
"79","55","1","false","20","5","2","3.7649219467401287","7.06896551724138"
"77","55","1","false","20","5","7","12.580348943985308","23.499142367066895"
"78","55","1","false","20","5","10","14.049586776859504","26.51646447140381"
"74","55","1","false","20","5","67","57.94306703397613","109.35875216637783"
"79","55","1","false","20","5","3","5.5096418732782375","10.344827586206897"
"70","50","1","false","20","5","70","53.71900826446281","109.34579439252336"
"78","55","1","false","20","5","11","14.23324150596878","26.8630849220104"
"79","55","1","false","20","5","4","7.162534435261708","13.448275862068964"
"74","55","1","false","20","5","68","57.94306703397613","109.35875216637783"
"78","55","1","false","20","5","12","14.508723599632692","27.38301559792028"
"71","55","1","false","20","5","25","37.9247015610652","69.76351351351352"
"59","45","1","false","20","5","40","17.355371900826448","38.25910931174089"
"70","50","1","false","20","5","71","54.269972451790636","110.46728971962617"
"79","55","1","false","20","5","5","9.182736455463727","17.24137931034483"
"76","55","1","false","20","5","21","18.91643709825528","35.45611015490533"
"77","55","1","false","20","5","8","14.416896235078053","26.929674099485418"
"78","55","1","false","20","5","13","14.784205693296604","27.902946273830153"
"80","55","1","false","20","5","0","1.5610651974288337","2.871621621621622"
"79","55","1","false","20","5","6","10.560146923783286","19.82758620689655"
"70","50","1","false","20","5","72","54.9127640036731","111.77570093457945"
"80","55","1","false","20","5","1","3.3057851239669422","6.081081081081082"
"78","55","1","false","20","5","14","15.335169880624427","28.942807625649912"
"79","55","1","false","20","5","7","12.029384756657484","22.586206896551726"
"70","50","1","false","20","5","73","55.371900826446286","112.71028037383178"
"80","55","1","false","20","5","2","5.142332415059688","9.45945945945946"
"78","55","1","false","20","5","15","15.5188246097337","29.289428076256502"
"79","55","1","false","20","5","8","13.590449954086317","25.517241379310345"
"76","55","1","false","20","5","22","19.65105601469238","36.83304647160069"
"80","55","1","false","20","5","3","6.978879706152434","12.837837837837837"
"71","55","1","false","20","5","26","38.84297520661157","71.4527027027027"
"78","55","1","false","20","5","16","15.702479338842975","29.636048526863085"
"59","45","1","false","20","5","41","18.181818181818183","40.08097165991903"
"70","50","1","false","20","5","74","56.014692378328746","114.01869158878503"
"77","55","1","false","20","5","9","15.886134067952252","29.674099485420243"
"79","55","1","false","20","5","9","15.702479338842975","29.48275862068965"
"80","55","1","false","20","5","4","8.356290174471992","15.371621621621623"
"78","55","1","false","20","5","17","15.794306703397613","29.809358752166375"
"79","55","1","false","20","5","10","17.90633608815427","33.62068965517241"
"70","50","1","false","20","5","75","56.473829201101935","114.95327102803739"
"80","55","1","false","20","5","5","9.274563820018365","17.06081081081081"
"78","55","1","false","20","5","18","15.794306703397613","29.809358752166375"
"79","55","1","false","20","5","11","20.110192837465565","37.75862068965517"
"80","55","1","false","20","5","6","10.651974288337925","19.594594594594593"
"70","50","1","false","20","5","76","56.65748393021121","115.32710280373833"
"80","55","1","false","20","5","7","12.029384756657484","22.12837837837838"
"79","55","1","false","20","5","12","21.395775941230486","40.17241379310345"
"71","55","1","false","20","5","27","39.94490358126722","73.47972972972973"
"81","60","1","false","20","5","0","1.3774104683195594","2.388535031847134"
"59","45","1","false","20","5","42","19.100091827364555","42.10526315789473"
"76","55","1","false","20","5","23","20.293847566574836","38.03786574870912"
"70","50","1","false","20","5","77","56.93296602387512","115.88785046728971"
"80","55","1","false","20","5","8","13.131313131313133","24.155405405405407"
"77","55","1","false","20","5","10","17.17171717171717","32.075471698113205"
"79","55","1","false","20","5","13","22.95684113865932","43.103448275862064"
"81","60","1","false","20","5","1","2.571166207529844","4.45859872611465"
"80","55","1","false","20","5","9","13.86593204775023","25.506756756756754"
"79","55","1","false","20","5","14","24.150596877869603","45.3448275862069"
"70","50","1","false","20","5","78","57.116620752984396","116.26168224299064"
"81","60","1","false","20","5","2","4.040404040404041","7.006369426751593"
"80","55","1","false","20","5","10","14.416896235078053","26.52027027027027"
"79","55","1","false","20","5","15","25.252525252525253","47.41379310344828"
"81","60","1","false","20","5","3","5.417814508723599","9.394904458598727"
"70","50","1","false","20","5","79","57.20844811753902","116.44859813084112"
"80","55","1","false","20","5","11","14.87603305785124","27.364864864864863"
"79","55","1","false","20","5","16","26.72176308539945","50.172413793103445"
"81","60","1","false","20","5","4","6.887052341597796","11.94267515923567"
"76","55","1","false","20","5","24","20.9366391184573","39.24268502581756"
"59","45","1","false","20","5","43","19.834710743801654","43.7246963562753"
"80","55","1","false","20","5","12","15.335169880624427","28.209459459459456"
"70","50","1","false","20","5","80","57.20844811753902","116.44859813084112"
"71","55","1","false","20","5","28","40.67952249770432","74.83108108108108"
"79","55","1","false","20","5","17","28.28282828282828","53.103448275862064"
"80","55","1","false","20","5","13","15.977961432506888","29.39189189189189"
"77","55","1","false","20","5","11","18.181818181818183","33.9622641509434"
"81","60","1","false","20","5","5","8.080808080808081","14.012738853503185"
"79","55","1","false","20","5","18","29.56841138659321","55.51724137931034"
"80","55","1","false","20","5","14","16.712580348943984","30.743243243243246"
"81","60","1","false","20","5","6","9.550045913682277","16.560509554140125"
"79","55","1","false","20","5","19","30.57851239669421","57.41379310344827"
"64","50","1","false","20","5","3","5.325987144168963","10.800744878957168"
"80","55","1","false","20","5","15","17.722681359044994","32.60135135135135"
"82","60","1","false","20","5","0","1.8365472910927456","3.1545741324921135"
"76","55","1","false","20","5","25","21.30394857667585","39.93115318416523"
"81","60","1","false","20","5","7","11.11111111111111","19.26751592356688"
"79","55","1","false","20","5","20","31.496786042240586","59.13793103448276"
"80","55","1","false","20","5","16","19.00826446280992","34.96621621621622"
"71","55","1","false","20","5","29","41.41414141414141","76.18243243243244"
"77","55","1","false","20","5","12","18.91643709825528","35.33447684391081"
"59","45","1","false","20","5","44","20.477502295684115","45.1417004048583"
"81","60","1","false","20","5","8","12.672176308539946","21.97452229299363"
"82","60","1","false","20","5","1","4.040404040404041","6.940063091482649"
"79","55","1","false","20","5","21","32.13957759412305","60.3448275862069"
"80","55","1","false","20","5","17","20.293847566574836","37.33108108108108"
"81","60","1","false","20","5","9","13.682277318640956","23.726114649681527"
"76","55","1","false","20","5","26","21.94674012855831","41.13597246127367"
"80","55","1","false","20","5","18","21.487603305785125","39.52702702702703"
"79","55","1","false","20","5","22","32.78236914600551","61.55172413793103"
"82","60","1","false","20","5","2","6.703397612488522","11.514195583596216"
"81","60","1","false","20","5","10","14.87603305785124","25.796178343949045"
"80","55","1","false","20","5","19","22.405876951331496","41.21621621621622"
"79","55","1","false","20","5","23","33.700642791551886","63.275862068965516"
"81","60","1","false","20","5","11","16.069788797061523","27.86624203821656"
"77","55","1","false","20","5","13","19.55922865013774","36.53516295025729"
"59","45","1","false","20","5","45","21.21212121212121","46.76113360323887"
"82","60","1","false","20","5","3","8.907254361799815","15.29968454258675"
"80","55","1","false","20","5","20","23.324150596877868","42.9054054054054"
"71","55","1","false","20","5","30","42.14876033057851","77.53378378378379"
"79","55","1","false","20","5","24","34.52708907254362","64.82758620689654"
"81","60","1","false","20","5","12","17.53902662993572","30.4140127388535"
"76","55","1","false","20","5","27","22.405876951331496","41.996557659208264"
"82","60","1","false","20","5","4","11.47842056932966","19.71608832807571"
"80","55","1","false","20","5","21","24.242424242424242","44.5945945945946"
"79","55","1","false","20","5","25","35.44536271808999","66.55172413793103"
"81","60","1","false","20","5","13","19.4674012855831","33.75796178343949"
"80","55","1","false","20","5","22","25.068870523415974","46.11486486486486"
"79","55","1","false","20","5","26","36.455463728191","68.44827586206897"
"82","60","1","false","20","5","5","13.682277318640956","23.501577287066247"
"81","60","1","false","20","5","14","20.84481175390266","36.146496815286625"
"80","55","1","false","20","5","23","25.895316804407713","47.63513513513514"
"77","55","1","false","20","5","14","19.92653810835629","37.22126929674099"
"79","55","1","false","20","5","27","37.74104683195592","70.86206896551724"
"81","60","1","false","20","5","15","22.773186409550046","39.490445859872615"
"82","60","1","false","20","5","6","15.61065197428834","26.813880126182966"
"80","55","1","false","20","5","24","26.72176308539945","49.1554054054054"
"59","45","1","false","20","5","46","22.03856749311295","48.582995951417004"
"71","55","1","false","20","5","31","42.97520661157025","79.05405405405406"
"81","60","1","false","20","5","16","24.334251606978878","42.197452229299365"
"79","55","1","false","20","5","28","39.02662993572085","73.27586206896551"
"82","60","1","false","20","5","7","17.17171717171717","29.49526813880126"
"80","55","1","false","20","5","25","27.73186409550046","51.01351351351351"
"81","60","1","false","20","5","17","25.987144168962352","45.06369426751593"
"79","55","1","false","20","5","29","40.12855831037649","75.3448275862069"
"76","55","1","false","20","5","28","23.140495867768596","43.373493975903614"
"82","60","1","false","20","5","8","19.00826446280992","32.64984227129338"
"80","55","1","false","20","5","26","28.558310376492198","52.53378378378378"
"81","60","1","false","20","5","18","27.640036730945823","47.92993630573248"
"79","55","1","false","20","5","30","41.32231404958678","77.58620689655173"
"77","55","1","false","20","5","15","20.477502295684115","38.25042881646655"
"80","55","1","false","20","5","27","29.017447199265384","53.37837837837838"
"81","60","1","false","20","5","19","29.38475665748393","50.955414012738856"
"82","60","1","false","20","5","9","21.487603305785125","36.90851735015773"
"79","55","1","false","20","5","31","42.42424242424242","79.65517241379311"
"59","45","1","false","20","5","47","22.865013774104685","50.40485829959515"
"80","55","1","false","20","5","28","29.476584022038566","54.22297297297297"
"81","60","1","false","20","5","20","31.0376492194674","53.82165605095541"
"79","55","1","false","20","5","32","43.15886134067952","81.03448275862068"
"71","55","1","false","20","5","32","43.80165289256198","80.57432432432432"
"82","60","1","false","20","5","10","23.324150596877868","40.063091482649845"
"80","55","1","false","20","5","29","30.02754820936639","55.23648648648649"
"81","60","1","false","20","5","21","32.598714416896236","56.52866242038217"
"79","55","1","false","20","5","33","43.43434343434344","81.55172413793103"
"82","60","1","false","20","5","11","25.068870523415974","43.05993690851735"
"77","55","1","false","20","5","16","21.028466483011936","39.27958833619211"
"80","55","1","false","20","5","30","30.21120293847567","55.57432432432432"
"81","60","1","false","20","5","22","33.97612488521579","58.917197452229296"
"79","55","1","false","20","5","34","43.80165289256198","82.24137931034483"
"82","60","1","false","20","5","12","26.538108356290174","45.58359621451104"
"81","60","1","false","20","5","23","35.07805325987144","60.828025477707"
"80","55","1","false","20","5","31","30.303030303030305","55.74324324324324"
"79","55","1","false","20","5","35","43.80165289256198","82.24137931034483"
"59","45","1","false","20","5","48","23.324150596877868","51.417004048582996"
"81","60","1","false","20","5","24","35.99632690541782","62.42038216560509"
"80","55","1","false","20","5","32","30.303030303030305","55.74324324324324"
"82","60","1","false","20","5","13","27.915518824609737","47.94952681388013"
"71","55","1","false","20","5","33","44.71992653810835","82.26351351351352"
"83","60","1","false","20","5","0","2.0202020202020203","3.508771929824561"
"81","60","1","false","20","5","25","37.00642791551883","64.171974522293"
"82","60","1","false","20","5","14","29.75206611570248","51.10410094637224"
"77","55","1","false","20","5","17","21.395775941230486","39.96569468267582"
"84","60","1","false","20","5","0","1.5610651974288337","2.64797507788162"
"83","60","1","false","20","5","1","4.315886134067952","7.496012759170653"
"81","60","1","false","20","5","26","37.83287419651056","65.60509554140127"
"84","60","1","false","20","5","1","3.6730945821854912","6.230529595015576"
"83","60","1","false","20","5","2","6.519742883379247","11.323763955342903"
"82","60","1","false","20","5","15","32.231404958677686","55.36277602523659"
"81","60","1","false","20","5","27","38.84297520661157","67.35668789808918"
"84","60","1","false","20","5","2","5.968778696051423","10.12461059190031"
"83","60","1","false","20","5","3","8.264462809917356","14.354066985645932"
"82","60","1","false","20","5","16","34.80257116620753","59.779179810725545"
"59","45","1","false","20","5","49","24.058769513314967","53.036437246963565"
"81","60","1","false","20","5","28","39.66942148760331","68.78980891719745"
"84","60","1","false","20","5","3","7.897153351698806","13.395638629283487"
"83","60","1","false","20","5","4","10.376492194674013","18.022328548644335"
"81","60","1","false","20","5","29","40.67952249770432","70.54140127388536"
"84","60","1","false","20","5","4","9.82552800734619","16.666666666666664"
"82","60","1","false","20","5","17","37.09825528007346","63.722397476340696"
"83","60","1","false","20","5","5","11.753902662993571","20.414673046251995"
"77","55","1","false","20","5","18","21.763085399449036","40.651801029159515"
"76","55","1","false","20","5","29","23.783287419651057","44.57831325301205"
"81","60","1","false","20","5","30","41.78145087235997","72.45222929936305"
"83","60","1","false","20","5","6","13.131313131313133","22.807017543859647"
"82","60","1","false","20","5","18","39.11845730027548","67.19242902208202"
"84","60","1","false","20","5","5","11.84573002754821","20.093457943925234"
"71","55","1","false","20","5","34","45.45454545454545","83.61486486486487"
"83","60","1","false","20","5","7","14.325068870523417","24.880382775119617"
"81","60","1","false","20","5","31","42.88337924701561","74.36305732484077"
"84","60","1","false","20","5","6","14.049586776859504","23.83177570093458"
"82","60","1","false","20","5","19","40.77134986225895","70.03154574132492"
"83","60","1","false","20","5","8","15.151515151515152","26.31578947368421"
"81","60","1","false","20","5","32","44.0771349862259","76.43312101910828"
"84","60","1","false","20","5","7","16.89623507805326","28.66043613707165"
"83","60","1","false","20","5","9","16.069788797061523","27.91068580542265"
"82","60","1","false","20","5","20","43.15886134067952","74.13249211356468"
"77","55","1","false","20","5","19","22.130394857667586","41.337907375643226"
"81","60","1","false","20","5","33","44.90358126721763","77.86624203821655"
"84","60","1","false","20","5","8","19.4674012855831","33.021806853582554"
"59","45","1","false","20","5","50","24.885215794306703","54.8582995951417"
"83","60","1","false","20","5","10","16.988062442607895","29.505582137161085"
"84","60","1","false","20","5","9","21.30394857667585","36.13707165109034"
"81","60","1","false","20","5","34","45.45454545454545","78.82165605095541"
"82","60","1","false","20","5","21","44.90358126721763","77.12933753943217"
"83","60","1","false","20","5","11","17.722681359044994","30.78149920255183"
"71","55","1","false","20","5","35","45.821854912764","84.29054054054053"
"76","55","1","false","20","5","30","24.334251606978878","45.61101549053356"
"84","60","1","false","20","5","10","22.95684113865932","38.940809968847354"
"81","60","1","false","20","5","35","46.005509641873275","79.77707006369427"
"82","60","1","false","20","5","22","46.5564738292011","79.96845425867508"
"84","60","1","false","20","5","11","24.701561065197428","41.90031152647975"
"81","60","1","false","20","5","36","46.648301193755735","80.89171974522293"
"76","55","1","false","20","5","31","24.701561065197428","46.29948364888124"
"83","60","1","false","20","5","12","18.365472910927455","31.89792663476874"
"84","60","1","false","20","5","12","26.538108356290174","45.01557632398754"
"82","60","1","false","20","5","23","48.484848484848484","83.2807570977918"
"81","60","1","false","20","5","37","47.2910927456382","82.00636942675159"
"77","55","1","false","20","5","20","22.497704315886132","42.02401372212693"
"59","45","1","false","20","5","51","26.170798898071624","57.692307692307686"
"84","60","1","false","20","5","13","27.915518824609737","47.35202492211838"
"81","60","1","false","20","5","38","48.117539026629935","83.43949044585987"
"82","60","1","false","20","5","24","49.494949494949495","85.01577287066246"
"71","55","1","false","20","5","36","46.28099173553719","85.13513513513513"
"76","55","1","false","20","5","32","25.068870523415974","46.98795180722892"
"84","60","1","false","20","5","14","30.02754820936639","50.93457943925234"
"81","60","1","false","20","5","39","49.127640036730945","85.19108280254777"
"83","60","1","false","20","5","13","19.00826446280992","33.014354066985646"
"82","60","1","false","20","5","25","50.04591368227732","85.96214511041009"
"59","45","1","false","20","5","52","26.997245179063363","59.51417004048582"
"81","60","1","false","20","5","40","50.229568411386595","87.10191082802548"
"83","60","1","false","20","5","14","19.55922865013774","33.97129186602871"
"77","55","1","false","20","5","21","22.865013774104685","42.710120068610635"
"82","60","1","false","20","5","26","50.59687786960514","86.90851735015774"
"71","55","1","false","20","5","37","46.464646464646464","85.47297297297297"
"84","60","1","false","20","5","15","31.86409550045914","54.04984423676012"
"83","60","1","false","20","5","15","20.293847566574836","35.24720893141946"
"81","60","1","false","20","5","41","51.42332415059688","89.171974522293"
"82","60","1","false","20","5","27","51.42332415059688","88.32807570977917"
"84","60","1","false","20","5","16","34.067952249770435","57.78816199376947"
"83","60","1","false","20","5","16","21.30394857667585","37.00159489633174"
"81","60","1","false","20","5","42","52.43342516069789","90.92356687898089"
"59","45","1","false","20","5","53","27.823691460055095","61.336032388663966"
"76","55","1","false","20","5","33","25.436179981634528","47.67641996557659"
"83","60","1","false","20","5","17","22.405876951331496","38.91547049441787"
"81","60","1","false","20","5","43","53.535353535353536","92.83439490445859"
"71","55","1","false","20","5","38","46.5564738292011","85.6418918918919"
"76","55","1","false","20","5","34","25.6198347107438","48.02065404475043"
"84","60","1","false","20","5","17","36.27180899908173","61.52647975077882"
"83","60","1","false","20","5","18","23.415977961432507","40.66985645933015"
"82","60","1","false","20","5","28","51.790633608815426","88.95899053627761"
"81","60","1","false","20","5","44","54.45362718089991","94.42675159235668"
"59","45","1","false","20","5","54","28.74196510560147","63.36032388663968"
"84","60","1","false","20","5","18","38.29201101928375","64.95327102803739"
"83","60","1","false","20","5","19","24.701561065197428","42.90271132376395"
"81","60","1","false","20","5","45","55.09641873278237","95.54140127388536"
"84","60","1","false","20","5","19","40.03673094582185","67.91277258566979"
"83","60","1","false","20","5","20","26.62993572084481","46.25199362041467"
"82","60","1","false","20","5","29","52.157943067033976","89.58990536277602"
"81","60","1","false","20","5","46","55.64738292011019","96.4968152866242"
"84","60","1","false","20","5","20","41.8732782369146","71.02803738317756"
"83","60","1","false","20","5","21","27.915518824609737","48.484848484848484"
"82","60","1","false","20","5","30","52.52525252525253","90.22082018927445"
"71","55","1","false","20","5","39","46.648301193755735","85.8108108108108"
"81","60","1","false","20","5","47","56.19834710743802","97.45222929936305"
"84","60","1","false","20","5","21","43.80165289256198","74.29906542056075"
"76","55","1","false","20","5","35","26.078971533516988","48.88123924268503"
"64","50","1","false","20","5","4","5.968778696051423","12.104283054003725"
"59","45","1","false","20","5","55","29.201101928374655","64.37246963562752"
"77","55","1","false","20","5","22","23.415977961432507","43.739279588336196"
"84","60","1","false","20","5","22","45.45454545454545","77.10280373831776"
"81","60","1","false","20","5","48","56.65748393021121","98.24840764331209"
"82","60","1","false","20","5","31","52.892561983471076","90.85173501577287"
"83","60","1","false","20","5","22","29.476584022038566","51.196172248803826"
"81","60","1","false","20","5","49","57.20844811753902","99.20382165605095"
"84","60","1","false","20","5","23","47.19926538108356","80.06230529595015"
"71","55","1","false","20","5","40","46.74012855831038","85.97972972972973"
"82","60","1","false","20","5","32","53.168044077134994","91.32492113564669"
"83","60","1","false","20","5","23","31.40495867768595","54.54545454545454"
"76","55","1","false","20","5","36","26.538108356290174","49.74182444061962"
"84","60","1","false","20","5","24","48.852157943067034","82.86604361370716"
"81","60","1","false","20","5","50","57.57575757575758","99.84076433121018"
"83","60","1","false","20","5","24","33.51698806244261","58.21371610845295"
"82","60","1","false","20","5","33","53.535353535353536","91.9558359621451"
"59","45","1","false","20","5","56","29.56841138659321","65.18218623481782"
"81","60","1","false","20","5","51","57.85123966942148","100.31847133757962"
"83","60","1","false","20","5","25","36.17998163452709","62.83891547049441"
"82","60","1","false","20","5","34","53.71900826446281","92.27129337539432"
"77","55","1","false","20","5","23","24.058769513314967","44.93996569468268"
"84","60","1","false","20","5","25","50.688705234159784","85.98130841121495"
"81","60","1","false","20","5","52","58.03489439853077","100.63694267515923"
"83","60","1","false","20","5","26","38.6593204775023","67.1451355661882"
"82","60","1","false","20","5","35","53.90266299357208","92.58675078864354"
"76","55","1","false","20","5","37","26.997245179063363","50.602409638554214"
"81","60","1","false","20","5","53","58.21854912764004","100.95541401273887"
"83","60","1","false","20","5","27","40.95500459136823","71.1323763955343"
"71","55","1","false","20","5","41","46.74012855831038","85.97972972972973"
"82","60","1","false","20","5","36","53.994490358126725","92.74447949526814"
"84","60","1","false","20","5","26","51.88246097337006","88.00623052959502"
"81","60","1","false","20","5","54","58.49403122130394","101.43312101910828"
"83","60","1","false","20","5","28","43.15886134067952","74.96012759170654"
"59","45","1","false","20","5","57","29.935720844811755","65.9919028340081"
"83","60","1","false","20","5","29","45.54637281910009","79.10685805422646"
"82","60","1","false","20","5","37","54.08631772268136","92.90220820189275"
"81","60","1","false","20","5","55","58.49403122130394","101.43312101910828"
"77","55","1","false","20","5","24","24.793388429752067","46.312178387650086"
"76","55","1","false","20","5","38","27.73186409550046","51.97934595524957"
"83","60","1","false","20","5","30","47.842056932966024","83.09409888357257"
"82","60","1","false","20","5","38","54.08631772268136","92.90220820189275"
"84","60","1","false","20","5","27","52.61707988980716","89.25233644859813"
"86","60","1","false","20","5","0","1.7447199265381086","3.1353135313531353"
"83","60","1","false","20","5","31","49.586776859504134","86.1244019138756"
"84","60","1","false","20","5","28","53.535353535353536","90.80996884735202"
"86","60","1","false","20","5","1","4.040404040404041","7.2607260726072615"
"87","60","1","false","20","5","0","1.8365472910927456","3.1948881789137378"
"83","60","1","false","20","5","32","50.872359963269055","88.3572567783094"
"59","45","1","false","20","5","58","30.303030303030305","66.80161943319838"
"84","60","1","false","20","5","29","54.729109274563825","92.83489096573209"
"86","60","1","false","20","5","2","6.336088154269973","11.386138613861387"
"83","60","1","false","20","5","33","51.88246097337006","90.1116427432217"
"87","60","1","false","20","5","1","3.8567493112947657","6.7092651757188495"
"76","55","1","false","20","5","39","28.558310376492198","53.528399311531835"
"84","60","1","false","20","5","30","56.10651974288338","95.17133956386293"
"86","60","1","false","20","5","3","8.539944903581267","15.346534653465346"
"83","60","1","false","20","5","34","52.43342516069789","91.06858054226475"
"77","55","1","false","20","5","25","25.803489439853077","48.19897084048028"
"87","60","1","false","20","5","2","6.244260789715335","10.86261980830671"
"86","60","1","false","20","5","4","10.376492194674013","18.646864686468646"
"84","60","1","false","20","5","31","57.66758494031221","97.81931464174455"
"85","60","1","false","20","5","0","1.285583103764922","2.321724709784411"
"83","60","1","false","20","5","35","53.25987144168962","92.50398724082935"
"87","60","1","false","20","5","3","8.539944903581267","14.856230031948881"
"86","60","1","false","20","5","5","11.937557392102846","21.45214521452145"
"84","60","1","false","20","5","32","58.67768595041323","99.53271028037383"
"83","60","1","false","20","5","36","54.08631772268136","93.93939393939394"
"86","60","1","false","20","5","6","13.314967860422405","23.927392739273927"
"87","60","1","false","20","5","4","10.46831955922865","18.210862619808307"
"84","60","1","false","20","5","33","59.32047750229569","100.62305295950156"
"59","45","1","false","20","5","59","30.76216712580349","67.81376518218623"
"83","60","1","false","20","5","37","54.9127640036731","95.37480063795853"
"76","55","1","false","20","5","40","29.201101928374655","54.73321858864028"
"86","60","1","false","20","5","7","14.325068870523417","25.742574257425744"
"84","60","1","false","20","5","34","59.68778696051423","101.24610591900311"
"87","60","1","false","20","5","5","12.213039485766759","21.24600638977636"
"86","60","1","false","20","5","8","15.335169880624427","27.557755775577558"
"84","60","1","false","20","5","35","59.87144168962351","101.55763239875388"
"87","60","1","false","20","5","6","13.682277318640956","23.80191693290735"
"77","55","1","false","20","5","26","26.813590449954088","50.08576329331046"
"86","60","1","false","20","5","9","16.804407713498623","30.198019801980198"
"84","60","1","false","20","5","36","60.05509641873278","101.86915887850468"
"87","60","1","false","20","5","7","15.426997245179063","26.837060702875398"
"85","60","1","false","20","5","1","2.938475665748393","5.306799336650083"
"86","60","1","false","20","5","10","17.90633608815427","32.17821782178218"
"84","60","1","false","20","5","37","60.05509641873278","101.86915887850468"
"83","60","1","false","20","5","38","55.64738292011019","96.65071770334929"
"87","60","1","false","20","5","8","16.62075298438935","28.913738019169326"
"59","45","1","false","20","5","60","31.22130394857668","68.82591093117408"
"86","60","1","false","20","5","11","19.100091827364555","34.32343234323432"
"83","60","1","false","20","5","39","56.014692378328746","97.28867623604465"
"87","60","1","false","20","5","9","18.089990817263544","31.469648562300318"
"76","55","1","false","20","5","41","30.02754820936639","56.28227194492255"
"88","60","1","false","20","5","0","2.0202020202020203","3.5830618892508146"
"86","60","1","false","20","5","12","20.385674931129476","36.633663366336634"
"83","60","1","false","20","5","40","56.473829201101935","98.08612440191388"
"87","60","1","false","20","5","10","19.4674012855831","33.86581469648562"
"88","60","1","false","20","5","1","4.866850321395775","8.631921824104234"
"86","60","1","false","20","5","13","21.57943067033976","38.778877887788774"
"83","60","1","false","20","5","41","56.65748393021121","98.40510366826156"
"88","60","1","false","20","5","2","7.162534435261708","12.703583061889251"
"87","60","1","false","20","5","11","20.752984389348025","36.102236421725244"
"86","60","1","false","20","5","14","22.681359044995407","40.759075907590756"
"83","60","1","false","20","5","42","56.84113865932048","98.72408293460924"
"88","60","1","false","20","5","3","9.274563820018365","16.449511400651463"
"87","60","1","false","20","5","12","22.22222222222222","38.65814696485623"
"86","60","1","false","20","5","15","23.783287419651057","42.73927392739274"
"77","55","1","false","20","5","27","27.73186409550046","51.80102915951973"
"83","60","1","false","20","5","43","56.84113865932048","98.72408293460924"
"85","60","1","false","20","5","2","4.866850321395775","8.7893864013267"
"88","60","1","false","20","5","4","11.202938475665748","19.86970684039088"
"59","45","1","false","20","5","61","31.772268135904504","70.04048582995951"
"87","60","1","false","20","5","13","23.96694214876033","41.69329073482428"
"76","55","1","false","20","5","42","30.945821854912765","58.003442340791736"
"86","60","1","false","20","5","16","24.701561065197428","44.38943894389439"
"88","60","1","false","20","5","5","12.764003673094582","22.63843648208469"
"89","60","1","false","20","5","0","1.9283746556473829","3.1626506024096384"
"86","60","1","false","20","5","17","25.6198347107438","46.03960396039604"
"87","60","1","false","20","5","14","25.436179981634528","44.24920127795527"
"88","60","1","false","20","5","6","14.325068870523417","25.407166123778502"
"89","60","1","false","20","5","1","4.499540863177227","7.379518072289157"
"86","60","1","false","20","5","18","26.446280991735538","47.524752475247524"
"87","60","1","false","20","5","15","26.905417814508723","46.80511182108626"
"88","60","1","false","20","5","7","15.977961432506888","28.338762214983714"
"89","60","1","false","20","5","2","7.254361799816346","11.897590361445783"
"86","60","1","false","20","5","19","27.364554637281913","49.17491749174918"
"85","60","1","false","20","5","3","6.336088154269973","11.442786069651742"
"88","60","1","false","20","5","8","17.53902662993572","31.107491856677527"
"87","60","1","false","20","5","16","28.74196510560147","50"
"89","60","1","false","20","5","3","9.45821854912764","15.512048192771086"
"59","45","1","false","20","5","62","32.415059687786965","71.45748987854252"
"77","55","1","false","20","5","28","28.92561983471074","54.03087478559176"
"86","60","1","false","20","5","20","28.09917355371901","50.495049504950494"
"88","60","1","false","20","5","9","19.100091827364555","33.876221498371336"
"76","55","1","false","20","5","43","31.772268135904504","59.552495697074015"
"87","60","1","false","20","5","17","30.21120293847567","52.55591054313099"
"89","60","1","false","20","5","4","11.570247933884298","18.97590361445783"
"86","60","1","false","20","5","21","28.92561983471074","51.98019801980198"
"88","60","1","false","20","5","10","20.477502295684115","36.31921824104234"
"87","60","1","false","20","5","18","31.955922865013775","55.59105431309904"
"89","60","1","false","20","5","5","13.774104683195592","22.590361445783135"
"88","60","1","false","20","5","11","22.130394857667586","39.25081433224756"
"86","60","1","false","20","5","22","29.56841138659321","53.135313531353134"
"89","60","1","false","20","5","6","15.977961432506888","26.20481927710843"
"87","60","1","false","20","5","19","33.88429752066116","58.94568690095847"
"88","60","1","false","20","5","12","23.875114784205692","42.34527687296417"
"86","60","1","false","20","5","23","30.39485766758494","54.62046204620462"
"85","60","1","false","20","5","4","7.7134986225895315","13.930348258706468"
"89","60","1","false","20","5","7","17.26354453627181","28.313253012048197"
"87","60","1","false","20","5","20","35.90449954086318","62.460063897763575"
"88","60","1","false","20","5","13","25.895316804407713","45.928338762214985"
"77","55","1","false","20","5","29","30.02754820936639","56.089193825042884"
"86","60","1","false","20","5","24","30.76216712580349","55.28052805280528"
"59","45","1","false","20","5","63","32.966023875114786","72.67206477732793"
"87","60","1","false","20","5","21","37.83287419651056","65.814696485623"
"88","60","1","false","20","5","14","28.09917355371901","49.8371335504886"
"76","55","1","false","20","5","44","32.78236914600551","61.44578313253012"
"89","60","1","false","20","5","8","18.824609733700644","30.873493975903614"
"86","60","1","false","20","5","25","31.22130394857668","56.10561056105611"
"88","60","1","false","20","5","15","29.935720844811755","53.09446254071661"
"87","60","1","false","20","5","22","40.03673094582185","69.6485623003195"
"89","60","1","false","20","5","9","20.2020202020202","33.13253012048193"
"86","60","1","false","20","5","26","31.86409550045914","57.26072607260726"
"88","60","1","false","20","5","16","31.129476584022036","55.21172638436482"
"87","60","1","false","20","5","23","41.50596877869605","72.20447284345049"
"86","60","1","false","20","5","27","32.415059687786965","58.25082508250825"
"85","60","1","false","20","5","5","9.182736455463727","16.58374792703151"
"89","60","1","false","20","5","10","21.94674012855831","35.993975903614455"
"88","60","1","false","20","5","17","32.231404958677686","57.16612377850163"
"87","60","1","false","20","5","24","42.79155188246097","74.4408945686901"
"86","60","1","false","20","5","28","32.78236914600551","58.91089108910891"
"59","45","1","false","20","5","64","33.51698806244261","73.88663967611336"
"89","60","1","false","20","5","11","23.324150596877868","38.25301204819277"
"88","60","1","false","20","5","18","33.33333333333333","59.12052117263844"
"87","60","1","false","20","5","25","43.70982552800734","76.03833865814697"
"86","60","1","false","20","5","29","33.057851239669425","59.4059405940594"
"89","60","1","false","20","5","12","24.885215794306703","40.81325301204819"
"88","60","1","false","20","5","19","34.61891643709826","61.40065146579805"
"77","55","1","false","20","5","30","30.945821854912765","57.80445969125214"
"76","55","1","false","20","5","45","33.97612488521579","63.683304647160064"
"87","60","1","false","20","5","26","44.81175390266299","77.95527156549521"
"89","60","1","false","20","5","13","26.538108356290174","43.52409638554217"
"86","60","1","false","20","5","30","33.42516069788797","60.066006600660074"
"88","60","1","false","20","5","20","35.720844811753906","63.35504885993485"
"87","60","1","false","20","5","27","45.821854912764","79.71246006389777"
"89","60","1","false","20","5","14","28.28282828282828","46.3855421686747"
"86","60","1","false","20","5","31","33.97612488521579","61.05610561056105"
"88","60","1","false","20","5","21","36.91460055096419","65.47231270358306"
"85","60","1","false","20","5","6","10.46831955922865","18.90547263681592"
"87","60","1","false","20","5","28","46.464646464646464","80.83067092651757"
"89","60","1","false","20","5","15","29.843893480257115","48.94578313253012"
"59","45","1","false","20","5","65","34.067952249770435","75.10121457489879"
"86","60","1","false","20","5","32","34.34343434343434","61.71617161716172"
"88","60","1","false","20","5","22","38.10835629017447","67.58957654723126"
"89","60","1","false","20","5","16","31.588613406795226","51.80722891566265"
"87","60","1","false","20","5","29","46.92378328741965","81.629392971246"
"86","60","1","false","20","5","33","34.710743801652896","62.37623762376238"
"88","60","1","false","20","5","23","39.11845730027548","69.38110749185668"
"76","55","1","false","20","5","46","35.35353535353536","66.26506024096386"
"89","60","1","false","20","5","17","33.608815426997246","55.12048192771084"
"86","60","1","false","20","5","34","35.26170798898072","63.366336633663366"
"87","60","1","false","20","5","30","47.2910927456382","82.26837060702876"
"88","60","1","false","20","5","24","40.03673094582185","71.00977198697068"
"77","55","1","false","20","5","31","31.772268135904504","59.348198970840485"
"89","60","1","false","20","5","18","35.44536271808999","58.13253012048193"
"86","60","1","false","20","5","35","35.81267217630854","64.35643564356435"
"88","60","1","false","20","5","25","41.23048668503214","73.1270358306189"
"87","60","1","false","20","5","31","47.842056932966024","83.22683706070288"
"85","60","1","false","20","5","7","12.121212121212121","21.890547263681594"
"89","60","1","false","20","5","19","37.28191000918273","61.14457831325302"
"86","60","1","false","20","5","36","36.27180899908173","65.18151815181518"
"88","60","1","false","20","5","26","42.79155188246097","75.8957654723127"
"59","45","1","false","20","5","66","34.710743801652896","76.51821862348179"
"87","60","1","false","20","5","32","48.484848484848484","84.34504792332268"
"89","60","1","false","20","5","20","39.48576675849403","64.7590361445783"
"86","60","1","false","20","5","37","36.54729109274564","65.67656765676567"
"76","55","1","false","20","5","47","36.91460055096419","69.19104991394148"
"77","55","1","false","20","5","32","33.14967860422406","61.921097770154375"
"89","60","1","false","20","5","21","41.32231404958678","67.7710843373494"
"88","60","1","false","20","5","27","44.26078971533517","78.50162866449512"
"86","60","1","false","20","5","38","36.82277318640955","66.17161716171617"
"87","60","1","false","20","5","33","49.03581267217631","85.3035143769968"
"59","45","1","false","20","5","67","35.07805325987144","77.32793522267207"
"89","60","1","false","20","5","22","43.06703397612488","70.63253012048193"
"86","60","1","false","20","5","39","37.09825528007346","66.66666666666666"
"88","60","1","false","20","5","28","44.71992653810835","79.31596091205212"
"87","60","1","false","20","5","34","49.770431588613405","86.5814696485623"
"89","60","1","false","20","5","23","45.362718089990814","74.3975903614458"
"86","60","1","false","20","5","40","37.37373737373738","67.16171617161716"
"88","60","1","false","20","5","29","45.27089072543618","80.29315960912052"
"87","60","1","false","20","5","35","50.964187327823694","88.65814696485623"
"85","60","1","false","20","5","8","13.314967860422405","24.046434494195687"
"89","60","1","false","20","5","24","47.474747474747474","77.86144578313254"
"86","60","1","false","20","5","41","37.74104683195592","67.82178217821783"
"88","60","1","false","20","5","30","45.91368227731864","81.43322475570032"
"64","50","1","false","20","5","5","6.519742883379247","13.221601489757914"
"59","45","1","false","20","5","68","35.720844811753906","78.74493927125506"
"87","60","1","false","20","5","36","52.066115702479344","90.57507987220448"
"76","55","1","false","20","5","48","38.56749311294766","72.28915662650603"
"88","60","1","false","20","5","31","46.648301193755735","82.73615635179154"
"89","60","1","false","20","5","25","49.03581267217631","80.42168674698796"
"86","60","1","false","20","5","42","38.20018365472911","68.64686468646865"
"87","60","1","false","20","5","37","53.168044077134994","92.49201277955271"
"85","60","1","false","20","5","9","14.416896235078053","26.036484245439468"
"86","60","1","false","20","5","43","38.84297520661157","69.80198019801979"
"89","60","1","false","20","5","26","50.321395775941234","82.53012048192771"
"77","55","1","false","20","5","33","33.88429752066116","63.293310463121784"
"88","60","1","false","20","5","32","47.19926538108356","83.71335504885994"
"87","60","1","false","20","5","38","53.71900826446281","93.45047923322683"
"89","60","1","false","20","5","27","51.2396694214876","84.03614457831326"
"86","60","1","false","20","5","44","39.57759412304867","71.12211221122112"
"76","55","1","false","20","5","49","39.94490358126722","74.87091222030982"
"87","60","1","false","20","5","39","54.36179981634527","94.56869009584665"
"59","45","1","false","20","5","69","36.73094582185491","80.97165991902834"
"89","60","1","false","20","5","28","52.066115702479344","85.39156626506023"
"86","60","1","false","20","5","45","40.49586776859504","72.77227722772277"
"87","60","1","false","20","5","40","54.9127640036731","95.52715654952077"
"85","60","1","false","20","5","10","15.702479338842975","28.35820895522388"
"89","60","1","false","20","5","29","52.98438934802571","86.8975903614458"
"86","60","1","false","20","5","46","41.41414141414141","74.42244224422441"
"87","60","1","false","20","5","41","55.46372819100092","96.48562300319489"
"89","60","1","false","20","5","30","53.994490358126725","88.55421686746988"
"86","60","1","false","20","5","47","42.14876033057851","75.74257425742574"
"88","60","1","false","20","5","33","47.56657483930211","84.36482084690554"
"87","60","1","false","20","5","42","55.64738292011019","96.80511182108627"
"76","55","1","false","20","5","50","41.78145087235997","78.3132530120482"
"89","60","1","false","20","5","31","55.188246097337","90.51204819277109"
"88","60","1","false","20","5","34","47.750229568411385","84.69055374592834"
"77","55","1","false","20","5","34","34.80257116620753","65.00857632933105"
"86","60","1","false","20","5","48","42.69972451790633","76.73267326732673"
"87","60","1","false","20","5","43","55.73921028466483","96.96485623003196"
"59","45","1","false","20","5","70","38.10835629017447","84.0080971659919"
"86","60","1","false","20","5","49","43.06703397612488","77.39273927392739"
"89","60","1","false","20","5","32","56.38200183654729","92.46987951807229"
"88","60","1","false","20","5","35","48.025711662075295","85.17915309446255"
"85","60","1","false","20","5","11","16.62075298438935","30.016583747927033"
"87","60","1","false","20","5","44","55.9228650137741","97.28434504792332"
"86","60","1","false","20","5","50","43.25068870523416","77.72277227722772"
"89","60","1","false","20","5","33","57.30027548209367","93.97590361445783"
"88","60","1","false","20","5","36","48.301193755739206","85.66775244299674"
"87","60","1","false","20","5","45","56.014692378328746","97.44408945686901"
"88","60","1","false","20","5","37","48.484848484848484","85.99348534201955"
"86","60","1","false","20","5","51","43.25068870523416","77.72277227722772"
"89","60","1","false","20","5","34","58.31037649219467","95.63253012048193"
"87","60","1","false","20","5","46","56.014692378328746","97.44408945686901"
"77","55","1","false","20","5","35","35.81267217630854","66.89536878216124"
"88","60","1","false","20","5","38","48.760330578512395","86.48208469055375"
"89","60","1","false","20","5","35","58.76951331496786","96.3855421686747"
"76","55","1","false","20","5","51","43.15886134067952","80.89500860585198"
"90","60","1","false","20","5","0","1.8365472910927456","3.1695721077654517"
"88","60","1","false","20","5","39","49.03581267217631","86.97068403908796"
"59","45","1","false","20","5","71","39.48576675849403","87.04453441295547"
"89","60","1","false","20","5","36","59.32047750229569","97.28915662650603"
"85","60","1","false","20","5","12","17.63085399449036","31.8407960199005"
"90","60","1","false","20","5","1","3.8567493112947657","6.656101426307448"
"88","60","1","false","20","5","40","49.219467401285584","87.29641693811075"
"89","60","1","false","20","5","37","60.14692378328742","98.64457831325302"
"90","60","1","false","20","5","2","6.0606060606060606","10.45958795562599"
"76","55","1","false","20","5","52","43.52617079889807","81.58347676419966"
"88","60","1","false","20","5","41","49.219467401285584","87.29641693811075"
"89","60","1","false","20","5","38","60.78971533516988","99.69879518072288"
"90","60","1","false","20","5","3","7.7134986225895315","13.312202852614895"
"77","55","1","false","20","5","36","36.82277318640955","68.78216123499142"
"89","60","1","false","20","5","39","61.34067952249771","100.60240963855422"
"85","60","1","false","20","5","13","18.640955004591365","33.66500829187397"
"91","65","1","false","20","5","0","1.8365472910927456","2.9585798816568047"
"90","60","1","false","20","5","4","9.550045913682277","16.48177496038035"
"89","60","1","false","20","5","40","61.799816345270884","101.35542168674698"
"59","45","1","false","20","5","72","40.77134986225895","89.87854251012146"
"91","65","1","false","20","5","1","4.132231404958678","6.656804733727811"
"90","60","1","false","20","5","5","11.47842056932966","19.809825673534075"
"89","60","1","false","20","5","41","62.16712580348944","101.95783132530121"
"76","55","1","false","20","5","53","44.0771349862259","82.61617900172116"
"91","65","1","false","20","5","2","6.7952249770431585","10.946745562130179"
"90","60","1","false","20","5","6","13.774104683195592","23.771790808240887"
"77","55","1","false","20","5","37","38.01652892561984","71.01200686106347"
"89","60","1","false","20","5","42","62.35078053259871","102.25903614457832"
"91","65","1","false","20","5","3","9.366391184573002","15.088757396449704"
"90","60","1","false","20","5","7","15.977961432506888","27.575277337559427"
"59","45","1","false","20","5","73","42.33241505968779","93.31983805668015"
"85","60","1","false","20","5","14","19.834710743801654","35.82089552238806"
"89","60","1","false","20","5","43","62.62626262626263","102.71084337349396"
"91","65","1","false","20","5","4","11.662075298438934","18.786982248520708"
"90","60","1","false","20","5","8","17.99816345270891","31.061806656101425"
"89","60","1","false","20","5","44","62.90174471992653","103.16265060240963"
"91","65","1","false","20","5","5","13.682277318640956","22.041420118343193"
"90","60","1","false","20","5","9","19.55922865013774","33.75594294770206"
"76","55","1","false","20","5","54","44.62809917355372","83.64888123924268"
"89","60","1","false","20","5","45","63.17722681359045","103.6144578313253"
"91","65","1","false","20","5","6","16.161616161616163","26.035502958579883"
"90","60","1","false","20","5","10","20.84481175390266","35.97464342313788"
"77","55","1","false","20","5","38","39.48576675849403","73.75643224699829"
"91","65","1","false","20","5","7","18.54912764003673","29.88165680473373"
"90","60","1","false","20","5","11","22.03856749311295","38.03486529318542"
"89","60","1","false","20","5","46","63.26905417814509","103.76506024096386"
"85","60","1","false","20","5","15","20.9366391184573","37.81094527363184"
"91","65","1","false","20","5","8","21.30394857667585","34.319526627218934"
"59","45","1","false","20","5","74","43.80165289256198","96.5587044534413"
"90","60","1","false","20","5","12","23.324150596877868","40.253565768621236"
"89","60","1","false","20","5","47","63.36088154269972","103.91566265060241"
"91","65","1","false","20","5","9","23.783287419651057","38.31360946745562"
"76","55","1","false","20","5","55","45.27089072543618","84.85370051635111"
"89","60","1","false","20","5","48","63.36088154269972","103.91566265060241"
"64","50","1","false","20","5","6","6.703397612488522","13.594040968342643"
"59","45","1","false","20","5","75","45.17906336088154","99.59514170040485"
"77","55","1","false","20","5","39","41.41414141414141","77.35849056603774"
"91","65","1","false","20","5","10","26.078971533516988","42.01183431952663"
"76","55","1","false","20","5","56","45.91368227731864","86.05851979345955"
"85","60","1","false","20","5","16","22.130394857667586","39.96683250414594"
"92","65","1","false","20","5","0","2.479338842975207","3.9940828402366866"
"90","60","1","false","20","5","13","24.793388429752067","42.789223454833596"
"91","65","1","false","20","5","11","28.28282828282828","45.562130177514796"
"90","60","1","false","20","5","14","26.538108356290174","45.800316957210775"
"91","65","1","false","20","5","12","30.303030303030305","48.81656804733728"
"90","60","1","false","20","5","15","28.74196510560147","49.603803486529316"
"76","55","1","false","20","5","57","46.648301193755735","87.4354561101549"
"92","65","1","false","20","5","1","5.785123966942149","9.319526627218936"
"91","65","1","false","20","5","13","32.13957759412305","51.77514792899408"
"77","55","1","false","20","5","40","43.06703397612488","80.44596912521442"
"85","60","1","false","20","5","17","23.232323232323232","41.956882255389715"
"59","45","1","false","20","5","76","46.74012855831038","103.03643724696356"
"90","60","1","false","20","5","16","30.670339761248854","52.931854199683045"
"91","65","1","false","20","5","14","34.067952249770435","54.88165680473372"
"92","65","1","false","20","5","2","8.723599632690542","14.053254437869821"
"90","60","1","false","20","5","17","32.69054178145087","56.418383518225035"
"77","55","1","false","20","5","41","44.44444444444444","83.01886792452831"
"91","65","1","false","20","5","15","36.08815426997245","58.13609467455622"
"59","45","1","false","20","5","77","48.117539026629935","106.07287449392713"
"76","55","1","false","20","5","58","47.2910927456382","88.64027538726333"
"92","65","1","false","20","5","3","11.47842056932966","18.49112426035503"
"91","65","1","false","20","5","16","37.74104683195592","60.79881656804734"
"90","60","1","false","20","5","18","34.34343434343434","59.27099841521395"
"92","65","1","false","20","5","4","13.406795224977044","21.597633136094675"
"91","65","1","false","20","5","17","39.30211202938476","63.31360946745562"
"85","60","1","false","20","5","18","24.058769513314967","43.449419568822556"
"92","65","1","false","20","5","5","14.87603305785124","23.964497041420117"
"90","60","1","false","20","5","19","36.27180899908173","62.59904912836767"
"91","65","1","false","20","5","18","40.86317722681359","65.8284023668639"
"92","65","1","false","20","5","6","16.62075298438935","26.77514792899408"
"91","65","1","false","20","5","19","42.97520661157025","69.23076923076923"
"77","55","1","false","20","5","42","45.54637281910009","85.07718696397941"
"59","45","1","false","20","5","78","48.760330578512395","107.48987854251013"
"90","60","1","false","20","5","20","38.20018365472911","65.9270998415214"
"91","65","1","false","20","5","20","45.17906336088154","72.7810650887574"
"92","65","1","false","20","5","7","18.732782369146005","30.17751479289941"
"76","55","1","false","20","5","59","47.750229568411385","89.50086058519794"
"85","60","1","false","20","5","19","24.701561065197428","44.61028192371476"
"90","60","1","false","20","5","21","40.31221303948577","69.57210776545166"
"92","65","1","false","20","5","8","20.9366391184573","33.72781065088758"
"91","65","1","false","20","5","21","47.842056932966024","77.07100591715977"
"90","60","1","false","20","5","22","42.33241505968779","73.05863708399366"
"92","65","1","false","20","5","9","23.048668503213957","37.1301775147929"
"91","65","1","false","20","5","22","51.147842056932966","82.39644970414201"
"77","55","1","false","20","5","43","46.92378328741965","87.6500857632933"
"59","45","1","false","20","5","79","49.67860422405877","109.51417004048582"
"90","60","1","false","20","5","23","44.352617079889804","76.54516640253566"
"92","65","1","false","20","5","10","25.528007346189163","41.124260355029584"
"76","55","1","false","20","5","60","48.209366391184574","90.36144578313254"
"85","60","1","false","20","5","20","25.160697887970617","45.43946932006634"
"90","60","1","false","20","5","24","45.91368227731864","79.2393026941363"
"92","65","1","false","20","5","11","27.915518824609737","44.97041420118343"
"91","65","1","false","20","5","23","54.178145087236","87.27810650887574"
"76","55","1","false","20","5","61","48.576675849403124","91.04991394148021"
"77","55","1","false","20","5","44","48.209366391184574","90.05145797598628"
"90","60","1","false","20","5","25","47.015610651974285","81.14104595879556"
"92","65","1","false","20","5","12","31.0376492194674","50"
"59","45","1","false","20","5","80","50.59687786960514","111.53846153846155"
"76","55","1","false","20","5","62","49.03581267217631","91.91049913941481"
"91","65","1","false","20","5","24","55.73921028466483","89.79289940828401"
"90","60","1","false","20","5","26","47.658402203856745","82.25039619651348"
"85","60","1","false","20","5","21","25.803489439853077","46.60033167495854"
"92","65","1","false","20","5","13","34.61891643709826","55.769230769230774"
"90","60","1","false","20","5","27","48.209366391184574","83.2012678288431"
"59","45","1","false","20","5","81","51.69880624426079","113.96761133603239"
"77","55","1","false","20","5","45","49.403122130394856","92.28130360205832"
"91","65","1","false","20","5","25","57.48393021120294","92.60355029585799"
"92","65","1","false","20","5","14","37.37373737373738","60.20710059171598"
"90","60","1","false","20","5","28","48.484848484848484","83.67670364500792"
"91","65","1","false","20","5","26","58.76951331496786","94.67455621301775"
"76","55","1","false","20","5","63","49.494949494949495","92.7710843373494"
"92","65","1","false","20","5","15","39.94490358126722","64.3491124260355"
"59","45","1","false","20","5","82","52.61707988980716","115.99190283400809"
"85","60","1","false","20","5","22","26.354453627180902","47.59535655058043"
"90","60","1","false","20","5","29","48.94398530762167","84.46909667194929"
"92","65","1","false","20","5","16","42.240587695133144","68.04733727810651"
"91","65","1","false","20","5","27","59.59595959595959","96.00591715976331"
"76","55","1","false","20","5","64","49.95408631772268","93.63166953528399"
"59","45","1","false","20","5","83","53.71900826446281","118.42105263157893"
"90","60","1","false","20","5","30","49.494949494949495","85.41996830427892"
"92","65","1","false","20","5","17","44.26078971533517","71.30177514792899"
"77","55","1","false","20","5","46","50.59687786960514","94.51114922813036"
"91","65","1","false","20","5","28","60.23875114784206","97.0414201183432"
"90","60","1","false","20","5","31","49.95408631772268","86.2123613312203"
"91","65","1","false","20","5","29","60.69788797061524","97.7810650887574"
"85","60","1","false","20","5","23","27.089072543618","48.92205638474295"
"92","65","1","false","20","5","18","45.91368227731864","73.96449704142012"
"77","55","1","false","20","5","47","51.42332415059688","96.0548885077187"
"59","45","1","false","20","5","84","54.637281910009186","120.44534412955466"
"91","65","1","false","20","5","30","60.78971533516988","97.92899408284023"
"92","65","1","false","20","5","19","48.117539026629935","77.51479289940828"
"90","60","1","false","20","5","32","50.505050505050505","87.16323296354992"
"91","65","1","false","20","5","31","60.78971533516988","97.92899408284023"
"77","55","1","false","20","5","48","52.157943067033976","97.42710120068611"
"92","65","1","false","20","5","20","49.95408631772268","80.4733727810651"
"76","55","1","false","20","5","65","50.321395775941234","94.32013769363166"
"90","60","1","false","20","5","33","50.964187327823694","87.95562599049128"
"85","60","1","false","20","5","24","27.73186409550046","50.08291873963516"
"92","65","1","false","20","5","21","51.790633608815426","83.4319526627219"
"93","65","1","false","20","5","0","1.7447199265381086","2.653631284916201"
"90","60","1","false","20","5","34","51.42332415059688","88.74801901743264"
"59","45","1","false","20","5","85","55.46372819100092","122.2672064777328"
"77","55","1","false","20","5","49","52.52525252525253","98.11320754716981"
"92","65","1","false","20","5","22","53.81083562901745","86.68639053254438"
"93","65","1","false","20","5","1","4.591368227731864","6.983240223463687"
"90","60","1","false","20","5","35","51.790633608815426","89.38193343898574"
"76","55","1","false","20","5","66","50.872359963269055","95.35283993115318"
"92","65","1","false","20","5","23","55.9228650137741","90.08875739644971"
"90","60","1","false","20","5","36","52.157943067033976","90.01584786053883"
"93","65","1","false","20","5","2","7.7134986225895315","11.731843575418994"
"90","60","1","false","20","5","37","52.61707988980716","90.80824088748018"
"92","65","1","false","20","5","24","57.66758494031221","92.89940828402366"
"64","50","1","false","20","5","7","6.887052341597796","13.966480446927374"
"59","45","1","false","20","5","86","56.38200183654729","124.29149797570851"
"93","65","1","false","20","5","3","10.46831955922865","15.921787709497206"
"77","55","1","false","20","5","50","52.98438934802571","98.97084048027445"
"90","60","1","false","20","5","38","52.98438934802571","91.44215530903328"
"92","65","1","false","20","5","25","59.41230486685032","95.71005917159763"
"85","60","1","false","20","5","25","28.191000918273645","50.91210613598673"
"93","65","1","false","20","5","4","13.223140495867769","20.11173184357542"
"76","55","1","false","20","5","67","51.606978879706155","96.72977624784855"
"90","60","1","false","20","5","39","53.25987144168962","91.9175911251981"
"93","65","1","false","20","5","5","16.069788797061523","24.441340782122907"
"92","65","1","false","20","5","26","60.69788797061524","97.7810650887574"
"90","60","1","false","20","5","40","53.627180899908176","92.55150554675119"
"93","65","1","false","20","5","6","18.457300275482094","28.07262569832402"
"92","65","1","false","20","5","27","61.70798898071625","99.40828402366864"
"90","60","1","false","20","5","41","54.08631772268136","93.34389857369256"
"93","65","1","false","20","5","7","21.21212121212121","32.262569832402235"
"92","65","1","false","20","5","28","62.53443526170799","100.7396449704142"
"90","60","1","false","20","5","42","54.54545454545454","94.13629160063391"
"93","65","1","false","20","5","8","24.058769513314967","36.592178770949715"
"59","45","1","false","20","5","87","57.30027548209367","126.3157894736842"
"77","55","1","false","20","5","51","53.4435261707989","99.82847341337907"
"76","55","1","false","20","5","68","52.61707988980716","98.62306368330465"
"94","65","1","false","20","5","0","2.0202020202020203","3.1976744186046515"
"92","65","1","false","20","5","29","62.99357208448117","101.4792899408284"
"90","60","1","false","20","5","43","54.82093663911846","94.61172741679873"
"85","60","1","false","20","5","26","28.650137741046834","51.741293532338304"
"93","65","1","false","20","5","9","26.72176308539945","40.642458100558656"
"94","65","1","false","20","5","1","5.05050505050505","7.994186046511628"
"92","65","1","false","20","5","30","63.45270890725436","102.21893491124261"
"90","60","1","false","20","5","44","55.00459136822773","94.92868462757528"
"76","55","1","false","20","5","69","53.535353535353536","100.34423407917383"
"77","55","1","false","20","5","52","53.994490358126725","100.85763293310464"
"93","65","1","false","20","5","10","29.843893480257115","45.391061452513966"
"92","65","1","false","20","5","31","64.00367309458218","103.10650887573965"
"90","60","1","false","20","5","45","55.09641873278237","95.08716323296355"
"94","65","1","false","20","5","2","7.988980716253444","12.645348837209303"
"93","65","1","false","20","5","11","32.78236914600551","49.86033519553072"
"90","60","1","false","20","5","46","55.09641873278237","95.08716323296355"
"92","65","1","false","20","5","32","64.37098255280074","103.69822485207101"
"85","60","1","false","20","5","27","29.10927456382002","52.57048092868989"
"94","65","1","false","20","5","3","10.743801652892563","17.00581395348837"
"76","55","1","false","20","5","70","54.637281910009186","102.40963855421687"
"93","65","1","false","20","5","12","35.35353535353536","53.770949720670394"
"77","55","1","false","20","5","53","54.729109274563825","102.22984562607205"
"59","45","1","false","20","5","88","58.1267217630854","128.13765182186233"
"92","65","1","false","20","5","33","64.46280991735537","103.84615384615385"
"94","65","1","false","20","5","4","13.223140495867769","20.930232558139537"
"93","65","1","false","20","5","13","37.9247015610652","57.68156424581006"
"95","65","1","false","20","5","0","2.203856749311295","3.6036036036036037"
"92","65","1","false","20","5","34","64.46280991735537","103.84615384615385"
"85","60","1","false","20","5","28","29.75206611570248","53.73134328358209"
"94","65","1","false","20","5","5","15.61065197428834","24.709302325581394"
"95","65","1","false","20","5","1","5.05050505050505","8.258258258258259"
"93","65","1","false","20","5","14","40.58769513314967","61.731843575419"
"59","45","1","false","20","5","89","58.67768595041323","129.35222672064776"
"76","55","1","false","20","5","71","55.73921028466483","104.4750430292599"
"77","55","1","false","20","5","54","55.09641873278237","102.91595197255575"
"96","65","1","false","20","5","0","1.285583103764922","2.0895522388059704"
"95","65","1","false","20","5","2","7.529843893480257","12.312312312312311"
"59","45","1","false","20","5","90","59.32047750229569","130.76923076923077"
"94","65","1","false","20","5","6","17.90633608815427","28.343023255813954"
"93","65","1","false","20","5","15","43.34251606978879","65.92178770949721"
"76","55","1","false","20","5","72","57.20844811753902","107.2289156626506"
"85","60","1","false","20","5","29","30.303030303030305","54.72636815920397"
"77","55","1","false","20","5","55","55.28007346189165","103.2590051457976"
"94","65","1","false","20","5","7","20.385674931129476","32.26744186046512"
"95","65","1","false","20","5","3","10.284664830119375","16.816816816816818"
"94","65","1","false","20","5","8","22.773186409550046","36.04651162790697"
"85","60","1","false","20","5","30","30.945821854912765","55.88723051409619"
"95","65","1","false","20","5","4","12.580348943985308","20.57057057057057"
"96","65","1","false","20","5","1","2.571166207529844","4.179104477611941"
"93","65","1","false","20","5","16","46.92378328741965","71.36871508379889"
"76","55","1","false","20","5","73","58.49403122130394","109.63855421686748"
"96","65","1","false","20","5","2","4.224058769513315","6.865671641791045"
"94","65","1","false","20","5","9","25.160697887970617","39.825581395348834"
"59","45","1","false","20","5","91","60.05509641873278","132.38866396761134"
"95","65","1","false","20","5","5","14.784205693296604","24.174174174174173"
"77","55","1","false","20","5","56","55.46372819100092","103.60205831903946"
"85","60","1","false","20","5","31","31.40495867768595","56.71641791044776"
"96","65","1","false","20","5","3","5.601469237832874","9.104477611940299"
"95","65","1","false","20","5","6","16.988062442607895","27.77777777777778"
"93","65","1","false","20","5","17","50.413223140495866","76.67597765363129"
"94","65","1","false","20","5","10","27.089072543618","42.877906976744185"
"76","55","1","false","20","5","74","59.50413223140496","111.53184165232358"
"85","60","1","false","20","5","32","32.047750229568415","57.87728026533997"
"95","65","1","false","20","5","7","19.375573921028465","31.681681681681685"
"93","65","1","false","20","5","18","53.535353535353536","81.42458100558659"
"77","55","1","false","20","5","57","55.64738292011019","103.9451114922813"
"94","65","1","false","20","5","11","29.38475665748393","46.51162790697674"
"59","45","1","false","20","5","92","60.42240587695134","133.19838056680163"
"96","65","1","false","20","5","4","7.529843893480257","12.238805970149254"
"93","65","1","false","20","5","19","56.19834710743802","85.47486033519553"
"95","65","1","false","20","5","8","22.03856749311295","36.03603603603604"
"96","65","1","false","20","5","5","9.641873278236915","15.671641791044777"
"76","55","1","false","20","5","75","60.23875114784206","112.90877796901893"
"93","65","1","false","20","5","20","58.31037649219467","88.68715083798882"
"96","65","1","false","20","5","6","11.937557392102846","19.402985074626866"
"94","65","1","false","20","5","12","31.22130394857668","49.41860465116279"
"93","65","1","false","20","5","21","60.14692378328742","91.4804469273743"
"77","55","1","false","20","5","58","55.9228650137741","104.45969125214407"
"95","65","1","false","20","5","9","24.609733700642792","40.24024024024024"
"96","65","1","false","20","5","7","13.682277318640956","22.238805970149254"
"94","65","1","false","20","5","13","32.87419651056015","52.03488372093024"
"85","60","1","false","20","5","33","32.69054178145087","59.03814262023217"
"76","55","1","false","20","5","76","60.88154269972452","114.11359724612737"
"93","65","1","false","20","5","22","61.24885215794307","93.15642458100558"
"96","65","1","false","20","5","8","15.886134067952252","25.82089552238806"
"59","45","1","false","20","5","93","60.69788797061524","133.80566801619435"
"94","65","1","false","20","5","14","34.34343434343434","54.360465116279066"
"77","55","1","false","20","5","59","56.19834710743802","104.97427101200687"
"96","65","1","false","20","5","9","18.54912764003673","30.149253731343283"
"93","65","1","false","20","5","23","62.35078053259871","94.83240223463687"
"76","55","1","false","20","5","77","61.15702479338842","114.62994836488814"
"85","60","1","false","20","5","34","33.33333333333333","60.19900497512438"
"96","65","1","false","20","5","10","21.57943067033976","35.07462686567165"
"93","65","1","false","20","5","24","63.45270890725436","96.50837988826815"
"96","65","1","false","20","5","11","23.875114784205692","38.80597014925373"
"94","65","1","false","20","5","15","36.08815426997245","57.122093023255815"
"93","65","1","false","20","5","25","64.09550045913683","97.48603351955308"
"59","45","1","false","20","5","94","60.97337006427915","134.41295546558706"
"95","65","1","false","20","5","10","27.548209366391184","45.04504504504504"
"96","65","1","false","20","5","12","25.6198347107438","41.64179104477612"
"77","55","1","false","20","5","60","56.38200183654729","105.31732418524871"
"76","55","1","false","20","5","78","61.43250688705234","115.14629948364887"
"94","65","1","false","20","5","16","38.29201101928375","60.610465116279066"
"93","65","1","false","20","5","26","64.46280991735537","98.04469273743017"
"95","65","1","false","20","5","11","29.56841138659321","48.348348348348345"
"96","65","1","false","20","5","13","26.997245179063363","43.88059701492537"
"76","55","1","false","20","5","79","61.52433425160698","115.3184165232358"
"94","65","1","false","20","5","17","40.31221303948577","63.80813953488372"
"77","55","1","false","20","5","61","56.473829201101935","105.48885077186965"
"93","65","1","false","20","5","27","64.83011937557393","98.60335195530726"
"95","65","1","false","20","5","12","31.588613406795226","51.651651651651655"
"96","65","1","false","20","5","14","28.37465564738292","46.11940298507463"
"94","65","1","false","20","5","18","42.14876033057851","66.71511627906976"
"93","65","1","false","20","5","28","65.47291092745638","99.58100558659217"
"95","65","1","false","20","5","13","33.88429752066116","55.4054054054054"
"96","65","1","false","20","5","15","30.02754820936639","48.80597014925373"
"85","60","1","false","20","5","35","33.88429752066116","61.19402985074627"
"93","65","1","false","20","5","29","65.56473829201101","99.72067039106145"
"59","45","1","false","20","5","95","60.97337006427915","134.41295546558706"
"94","65","1","false","20","5","19","43.80165289256198","69.3313953488372"
"95","65","1","false","20","5","14","35.99632690541782","58.85885885885885"
"96","65","1","false","20","5","16","31.496786042240586","51.19402985074627"
"76","55","1","false","20","5","80","61.61616161616161","115.49053356282273"
"93","65","1","false","20","5","30","65.65656565656566","99.86033519553072"
"94","65","1","false","20","5","20","45.821854912764","72.52906976744185"
"96","65","1","false","20","5","17","32.87419651056015","53.43283582089552"
"93","65","1","false","20","5","31","65.84022038567493","100.13966480446928"
"77","55","1","false","20","5","62","56.56565656565656","105.66037735849056"
"85","60","1","false","20","5","36","34.34343434343434","62.02321724709784"
"96","65","1","false","20","5","18","34.34343434343434","55.82089552238806"
"94","65","1","false","20","5","21","47.56657483930211","75.29069767441861"
"95","65","1","false","20","5","15","38.01652892561984","62.16216216216216"
"93","65","1","false","20","5","32","66.11570247933885","100.5586592178771"
"76","55","1","false","20","5","81","61.70798898071625","115.66265060240963"
"59","45","1","false","20","5","96","61.15702479338842","134.8178137651822"
"96","65","1","false","20","5","19","35.81267217630854","58.2089552238806"
"94","65","1","false","20","5","22","49.586776859504134","78.48837209302324"
"95","65","1","false","20","5","16","40.03673094582185","65.46546546546547"
"95","65","1","false","20","5","17","41.59779614325069","68.01801801801803"
"93","65","1","false","20","5","33","66.20752984389348","100.69832402234637"
"77","55","1","false","20","5","63","56.56565656565656","105.66037735849056"
"76","55","1","false","20","5","82","61.799816345270884","115.83476764199656"
"94","65","1","false","20","5","23","51.88246097337006","82.12209302325581"
"64","50","1","false","20","5","8","7.254361799816346","14.711359404096836"
"59","45","1","false","20","5","97","61.43250688705234","135.4251012145749"
"95","65","1","false","20","5","18","43.43434343434344","71.02102102102103"
"76","55","1","false","20","5","83","61.799816345270884","115.83476764199656"
"94","65","1","false","20","5","24","53.994490358126725","85.46511627906976"
"85","60","1","false","20","5","37","34.61891643709826","62.520729684908794"
"93","65","1","false","20","5","34","66.29935720844811","100.83798882681565"
"96","65","1","false","20","5","20","37.55739210284665","61.04477611940299"
"95","65","1","false","20","5","19","45.08723599632691","73.72372372372372"
"96","65","1","false","20","5","21","39.30211202938476","63.88059701492538"
"93","65","1","false","20","5","35","66.29935720844811","100.83798882681565"
"95","65","1","false","20","5","20","47.015610651974285","76.87687687687688"
"96","65","1","false","20","5","22","41.23048668503214","67.01492537313433"
"94","65","1","false","20","5","25","56.473829201101935","89.38953488372093"
"95","65","1","false","20","5","21","48.760330578512395","79.72972972972973"
"98","65","1","false","20","5","0","2.0202020202020203","3.1746031746031744"
"96","65","1","false","20","5","23","42.51606978879706","69.1044776119403"
"97","65","1","false","20","5","0","1.9283746556473829","3.0973451327433628"
"59","45","1","false","20","5","98","61.89164370982553","136.43724696356276"
"94","65","1","false","20","5","26","58.67768595041323","92.87790697674419"
"85","60","1","false","20","5","38","34.9862258953168","63.18407960199005"
"95","65","1","false","20","5","22","50.321395775941234","82.28228228228228"
"96","65","1","false","20","5","24","43.80165289256198","71.19402985074626"
"99","65","1","false","20","5","0","1.8365472910927456","2.805049088359046"
"94","65","1","false","20","5","27","60.23875114784206","95.34883720930233"
"98","65","1","false","20","5","1","4.315886134067952","6.782106782106783"
"95","65","1","false","20","5","23","51.2396694214876","83.78378378378379"
"97","65","1","false","20","5","1","4.499540863177227","7.227138643067847"
"96","65","1","false","20","5","25","44.90358126721763","72.98507462686568"
"59","45","1","false","20","5","99","62.16712580348944","137.04453441295547"
"99","65","1","false","20","5","1","4.315886134067952","6.5918653576437585"
"96","65","1","false","20","5","26","46.005509641873275","74.77611940298507"
"85","60","1","false","20","5","39","35.44536271808999","64.01326699834162"
"94","65","1","false","20","5","28","61.43250688705234","97.23837209302324"
"98","65","1","false","20","5","2","6.7952249770431585","10.678210678210679"
"96","65","1","false","20","5","27","46.83195592286501","76.11940298507463"
"95","65","1","false","20","5","24","52.066115702479344","85.13513513513513"
"97","65","1","false","20","5","2","7.07070707070707","11.35693215339233"
"99","65","1","false","20","5","2","6.703397612488522","10.238429172510518"
"59","45","1","false","20","5","100","62.35078053259871","137.4493927125506"
"99","65","1","false","20","5","3","8.999081726354454","13.744740532959327"
"96","65","1","false","20","5","28","47.474747474747474","77.16417910447761"
"98","65","1","false","20","5","3","8.907254361799815","13.997113997113997"
"95","65","1","false","20","5","25","52.892561983471076","86.48648648648648"
"85","60","1","false","20","5","40","35.99632690541782","65.00829187396351"
"94","65","1","false","20","5","29","62.62626262626263","99.12790697674419"
"98","65","1","false","20","5","4","11.019283746556475","17.316017316017316"
"95","65","1","false","20","5","26","53.90266299357208","88.13813813813813"
"99","65","1","false","20","5","4","11.202938475665748","17.11079943899018"
"59","45","1","false","20","5","101","62.62626262626263","138.05668016194332"
"96","65","1","false","20","5","29","48.117539026629935","78.2089552238806"
"94","65","1","false","20","5","30","63.36088154269972","100.29069767441861"
"97","65","1","false","20","5","3","9.550045913682277","15.339233038348082"
"95","65","1","false","20","5","27","54.729109274563825","89.4894894894895"
"99","65","1","false","20","5","5","13.314967860422405","20.336605890603085"
"98","65","1","false","20","5","5","12.947658402203857","20.346320346320347"
"96","65","1","false","20","5","30","48.484848484848484","78.80597014925374"
"95","65","1","false","20","5","28","55.64738292011019","90.990990990991"
"99","65","1","false","20","5","6","15.794306703397613","24.1234221598878"
"94","65","1","false","20","5","31","63.91184573002755","101.16279069767442"
"59","45","1","false","20","5","102","63.08539944903582","139.06882591093117"
"96","65","1","false","20","5","31","48.852157943067034","79.40298507462687"
"95","65","1","false","20","5","29","56.93296602387512","93.09309309309309"
"85","60","1","false","20","5","41","36.73094582185491","66.33499170812604"
"99","65","1","false","20","5","7","17.722681359044994","27.068723702664798"
"97","65","1","false","20","5","4","11.202938475665748","17.99410029498525"
"94","65","1","false","20","5","32","64.09550045913683","101.45348837209302"
"99","65","1","false","20","5","8","20.110192837465565","30.715287517531557"
"96","65","1","false","20","5","32","49.219467401285584","80"
"95","65","1","false","20","5","30","58.21854912764004","95.1951951951952"
"99","65","1","false","20","5","9","22.58953168044077","34.50210378681627"
"98","65","1","false","20","5","6","15.702479338842975","24.675324675324674"
"96","65","1","false","20","5","33","49.770431588613405","80.8955223880597"
"94","65","1","false","20","5","33","64.2791551882461","101.74418604651163"
"98","65","1","false","20","5","7","18.365472910927455","28.86002886002886"
"97","65","1","false","20","5","5","12.947658402203857","20.79646017699115"
"95","65","1","false","20","5","31","59.59595959595959","97.44744744744744"
"96","65","1","false","20","5","34","50.505050505050505","82.08955223880598"
"85","60","1","false","20","5","42","37.55739210284665","67.82752902155887"
"99","65","1","false","20","5","10","25.068870523415974","38.288920056100984"
"94","65","1","false","20","5","34","64.2791551882461","101.74418604651163"
"59","45","1","false","20","5","103","63.36088154269972","139.67611336032388"
"98","65","1","false","20","5","8","21.30394857667585","33.477633477633475"
"96","65","1","false","20","5","35","51.69880624426079","84.02985074626865"
"99","65","1","false","20","5","11","27.73186409550046","42.3562412342216"
"95","65","1","false","20","5","32","60.42240587695134","98.7987987987988"
"96","65","1","false","20","5","36","53.07621671258035","86.26865671641791"
"100","65","1","false","20","5","0","1.8365472910927456","2.898550724637681"
"99","65","1","false","20","5","12","30.670339761248854","46.84431977559607"
"85","60","1","false","20","5","43","38.29201101928375","69.15422885572139"
"98","65","1","false","20","5","9","24.150596877869603","37.95093795093795"
"59","45","1","false","20","5","104","63.63636363636363","140.2834008097166"
"97","65","1","false","20","5","6","15.243342516069788","24.48377581120944"
"99","65","1","false","20","5","13","33.2415059687787","50.771388499298745"
"96","65","1","false","20","5","37","54.45362718089991","88.50746268656717"
"95","65","1","false","20","5","33","61.15702479338842","100"
"98","65","1","false","20","5","10","26.813590449954088","42.13564213564214"
"100","65","1","false","20","5","1","4.132231404958678","6.521739130434782"
"99","65","1","false","20","5","14","35.53719008264463","54.27769985974754"
"97","65","1","false","20","5","7","16.988062442607895","27.286135693215343"
"100","65","1","false","20","5","2","7.07070707070707","11.159420289855072"
"99","65","1","false","20","5","15","38.29201101928375","58.48527349228612"
"85","60","1","false","20","5","44","39.21028466483012","70.81260364842454"
"96","65","1","false","20","5","38","55.371900826446286","90"
"59","45","1","false","20","5","105","63.72819100091828","140.48582995951418"
"98","65","1","false","20","5","11","28.92561983471074","45.45454545454545"
"100","65","1","false","20","5","3","10.192837465564738","16.08695652173913"
"95","65","1","false","20","5","34","61.89164370982553","101.2012012012012"
"99","65","1","false","20","5","16","40.58769513314967","61.991584852734924"
"97","65","1","false","20","5","8","18.54912764003673","29.793510324483773"
"100","65","1","false","20","5","4","12.764003673094582","20.144927536231886"
"95","65","1","false","20","5","35","62.62626262626263","102.40240240240239"
"99","65","1","false","20","5","17","43.34251606978879","66.19915848527349"
"85","60","1","false","20","5","45","40.03673094582185","72.30514096185739"
"96","65","1","false","20","5","39","56.014692378328746","91.04477611940298"
"95","65","1","false","20","5","36","62.99357208448117","103.003003003003"
"99","65","1","false","20","5","18","46.74012855831038","71.38849929873773"
"98","65","1","false","20","5","12","31.0376492194674","48.77344877344878"
"96","65","1","false","20","5","40","56.65748393021121","92.08955223880596"
"100","65","1","false","20","5","5","14.87603305785124","23.47826086956522"
"59","45","1","false","20","5","106","63.72819100091828","140.48582995951418"
"99","65","1","false","20","5","19","49.862258953168045","76.1570827489481"
"97","65","1","false","20","5","9","20.385674931129476","32.743362831858406"
"95","65","1","false","20","5","37","63.08539944903582","103.15315315315314"
"96","65","1","false","20","5","41","57.30027548209367","93.13432835820895"
"99","65","1","false","20","5","20","53.351698806244265","81.4866760168303"
"100","65","1","false","20","5","6","16.988062442607895","26.811594202898554"
"95","65","1","false","20","5","38","63.08539944903582","103.15315315315314"
"98","65","1","false","20","5","13","33.14967860422406","52.09235209235209"
"96","65","1","false","20","5","42","57.94306703397613","94.17910447761194"
"85","60","1","false","20","5","46","41.32231404958678","74.6268656716418"
"99","65","1","false","20","5","21","56.84113865932048","86.81626928471248"
"100","65","1","false","20","5","7","19.55922865013774","30.869565217391305"
"96","65","1","false","20","5","43","58.40220385674931","94.92537313432837"
"101","70","1","false","20","5","0","1.8365472910927456","2.7777777777777777"
"99","65","1","false","20","5","22","59.41230486685032","90.74333800841514"
"97","65","1","false","20","5","10","22.405876951331496","35.9882005899705"
"59","45","1","false","20","5","107","63.72819100091828","140.48582995951418"
"98","65","1","false","20","5","14","35.16988062442608","55.266955266955264"
"85","60","1","false","20","5","47","42.240587695133144","76.28524046434494"
"101","70","1","false","20","5","1","4.591368227731864","6.944444444444445"
"99","65","1","false","20","5","23","61.0651974288338","93.26788218793828"
"96","65","1","false","20","5","44","59.04499540863177","95.97014925373134"
"100","65","1","false","20","5","8","22.58953168044077","35.65217391304348"
"101","70","1","false","20","5","2","7.80532598714417","11.805555555555555"
"97","65","1","false","20","5","11","24.426078971533517","39.233038348082594"
"85","60","1","false","20","5","48","42.97520661157025","77.61194029850746"
"99","65","1","false","20","5","24","62.16712580348944","94.95091164095372"
"96","65","1","false","20","5","45","59.59595959595959","96.86567164179104"
"100","65","1","false","20","5","9","24.97704315886134","39.42028985507247"
"99","65","1","false","20","5","25","63.17722681359045","96.4936886395512"
"101","70","1","false","20","5","3","10.560146923783286","15.972222222222221"
"59","45","1","false","20","5","108","63.72819100091828","140.48582995951418"
"100","65","1","false","20","5","10","27.364554637281913","43.188405797101446"
"96","65","1","false","20","5","46","60.14692378328742","97.76119402985076"
"97","65","1","false","20","5","12","26.538108356290174","42.62536873156343"
"99","65","1","false","20","5","26","63.91184573002755","97.61570827489481"
"101","70","1","false","20","5","4","13.314967860422405","20.13888888888889"
"98","65","1","false","20","5","15","36.73094582185491","57.72005772005772"
"85","60","1","false","20","5","49","44.0771349862259","79.60199004975125"
"100","65","1","false","20","5","11","29.56841138659321","46.666666666666664"
"96","65","1","false","20","5","47","60.42240587695134","98.2089552238806"
"99","65","1","false","20","5","27","64.64646464646465","98.73772791023842"
"101","70","1","false","20","5","5","16.161616161616163","24.444444444444443"
"96","65","1","false","20","5","48","60.51423324150596","98.35820895522389"
"100","65","1","false","20","5","12","31.313131313131315","49.42028985507246"
"99","65","1","false","20","5","28","65.10560146923783","99.4389901823282"
"97","65","1","false","20","5","13","28.74196510560147","46.16519174041298"
"102","70","1","false","20","5","0","2.0202020202020203","2.9729729729729732"
"99","65","1","false","20","5","29","65.56473829201101","100.14025245441796"
"96","65","1","false","20","5","49","60.51423324150596","98.35820895522389"
"101","70","1","false","20","5","6","19.375573921028465","29.305555555555557"
"98","65","1","false","20","5","16","38.47566574839302","60.46176046176046"
"85","60","1","false","20","5","50","45.17906336088154","81.59203980099502"
"101","70","1","false","20","5","7","23.324150596877868","35.27777777777778"
"99","65","1","false","20","5","30","65.84022038567493","100.56100981767182"
"100","65","1","false","20","5","13","32.966023875114786","52.028985507246375"
"97","65","1","false","20","5","14","30.853994490358126","49.557522123893804"
"98","65","1","false","20","5","17","40.4040404040404","63.49206349206349"
"101","70","1","false","20","5","8","26.997245179063363","40.833333333333336"
"99","65","1","false","20","5","31","65.93204775022957","100.70126227208975"
"102","70","1","false","20","5","1","4.958677685950414","7.297297297297297"
"100","65","1","false","20","5","14","34.89439853076217","55.072463768115945"
"85","60","1","false","20","5","51","46.372819100091824","83.74792703150912"
"101","70","1","false","20","5","9","30.21120293847567","45.69444444444444"
"99","65","1","false","20","5","32","66.0238751147842","100.84151472650771"
"97","65","1","false","20","5","15","33.51698806244261","53.83480825958702"
"98","65","1","false","20","5","18","42.69972451790633","67.09956709956711"
"103","70","1","false","20","5","0","2.3875114784205693","3.4666666666666663"
"101","70","1","false","20","5","10","33.608815426997246","50.83333333333333"
"102","70","1","false","20","5","2","7.621671258034894","11.216216216216218"
"100","65","1","false","20","5","15","36.91460055096419","58.26086956521739"
"103","70","1","false","20","5","1","5.968778696051423","8.666666666666668"
"85","60","1","false","20","5","52","47.474747474747474","85.7379767827529"
"97","65","1","false","20","5","16","36.455463728191","58.55457227138643"
"98","65","1","false","20","5","19","44.53627180899908","69.98556998556998"
"101","70","1","false","20","5","11","36.08815426997245","54.58333333333333"
"103","70","1","false","20","5","2","9.182736455463727","13.333333333333334"
"101","70","1","false","20","5","12","38.29201101928375","57.91666666666667"
"100","65","1","false","20","5","16","38.84297520661157","61.30434782608696"
"102","70","1","false","20","5","3","10.284664830119375","15.135135135135137"
"99","65","1","false","20","5","33","66.11570247933885","100.98176718092566"
"97","65","1","false","20","5","17","39.30211202938476","63.12684365781711"
"103","70","1","false","20","5","3","12.764003673094582","18.53333333333333"
"85","60","1","false","20","5","53","48.39302112029385","87.39635157545605"
"98","65","1","false","20","5","20","46.464646464646464","73.01587301587301"
"100","65","1","false","20","5","17","40.95500459136823","64.6376811594203"
"99","65","1","false","20","5","34","66.11570247933885","100.98176718092566"
"103","70","1","false","20","5","4","16.2534435261708","23.599999999999998"
"101","70","1","false","20","5","13","41.32231404958678","62.5"
"100","65","1","false","20","5","18","43.06703397612488","67.97101449275362"
"97","65","1","false","20","5","18","42.05693296602387","67.55162241887905"
"103","70","1","false","20","5","5","19.65105601469238","28.53333333333333"
"104","70","1","false","20","5","0","2.0202020202020203","2.941176470588235"
"101","70","1","false","20","5","14","44.26078971533517","66.94444444444444"
"64","50","1","false","20","5","9","7.7134986225895315","15.64245810055866"
"98","65","1","false","20","5","21","48.576675849403124","76.33477633477634"
"85","60","1","false","20","5","54","49.219467401285584","88.88888888888889"
"100","65","1","false","20","5","19","45.362718089990814","71.59420289855073"
"102","70","1","false","20","5","4","13.223140495867769","19.45945945945946"
"101","70","1","false","20","5","15","47.658402203856745","72.08333333333333"
"104","70","1","false","20","5","1","4.775022956841139","6.951871657754011"
"103","70","1","false","20","5","6","23.783287419651057","34.53333333333333"
"98","65","1","false","20","5","22","51.05601469237833","80.23088023088023"
"103","70","1","false","20","5","7","27.45638200183655","39.86666666666667"
"101","70","1","false","20","5","16","49.95408631772268","75.55555555555556"
"97","65","1","false","20","5","19","45.17906336088154","72.56637168141593"
"100","65","1","false","20","5","20","47.750229568411385","75.36231884057972"
"103","70","1","false","20","5","8","30.486685032139576","44.266666666666666"
"101","70","1","false","20","5","17","52.43342516069789","79.30555555555556"
"98","65","1","false","20","5","23","52.98438934802571","83.26118326118326"
"104","70","1","false","20","5","2","7.621671258034894","11.096256684491978"
"85","60","1","false","20","5","55","49.95408631772268","90.21558872305141"
"103","70","1","false","20","5","9","33.14967860422406","48.13333333333333"
"100","65","1","false","20","5","21","50.964187327823694","80.43478260869566"
"102","70","1","false","20","5","5","16.62075298438935","24.45945945945946"
"101","70","1","false","20","5","18","54.82093663911846","82.91666666666667"
"103","70","1","false","20","5","10","36.08815426997245","52.400000000000006"
"104","70","1","false","20","5","3","10.46831955922865","15.240641711229946"
"100","65","1","false","20","5","22","53.4435261707989","84.34782608695653"
"103","70","1","false","20","5","11","38.56749311294766","56.00000000000001"
"97","65","1","false","20","5","20","48.484848484848484","77.87610619469027"
"102","70","1","false","20","5","6","20.66115702479339","30.405405405405407"
"101","70","1","false","20","5","19","57.57575757575758","87.08333333333333"
"98","65","1","false","20","5","24","55.188246097337","86.72438672438673"
"100","65","1","false","20","5","23","55.64738292011019","87.82608695652175"
"85","60","1","false","20","5","56","50.78053259871441","91.70812603648424"
"98","65","1","false","20","5","25","57.85123966942148","90.9090909090909"
"104","70","1","false","20","5","4","13.406795224977044","19.518716577540108"
"101","70","1","false","20","5","20","59.96326905417815","90.69444444444444"
"103","70","1","false","20","5","12","41.1386593204775","59.73333333333334"
"103","70","1","false","20","5","13","43.89348025711662","63.733333333333334"
"98","65","1","false","20","5","26","60.42240587695134","94.94949494949495"
"102","70","1","false","20","5","7","24.97704315886134","36.75675675675676"
"100","65","1","false","20","5","24","57.3921028466483","90.57971014492753"
"103","70","1","false","20","5","14","46.83195592286501","68"
"97","65","1","false","20","5","21","51.69880624426079","83.03834808259587"
"104","70","1","false","20","5","5","16.988062442607895","24.732620320855613"
"98","65","1","false","20","5","27","62.35078053259871","97.97979797979798"
"100","65","1","false","20","5","25","59.04499540863177","93.18840579710145"
"104","70","1","false","20","5","6","20.2020202020202","29.411764705882355"
"101","70","1","false","20","5","21","62.71808999081726","94.86111111111111"
"85","60","1","false","20","5","57","51.790633608815426","93.53233830845771"
"98","65","1","false","20","5","28","63.54453627180901","99.85569985569985"
"100","65","1","false","20","5","26","59.59595959595959","94.05797101449276"
"103","70","1","false","20","5","15","50.321395775941234","73.06666666666666"
"104","70","1","false","20","5","7","23.59963269054178","34.35828877005348"
"98","65","1","false","20","5","29","64.18732782369146","100.86580086580086"
"97","65","1","false","20","5","22","54.36179981634527","87.31563421828909"
"100","65","1","false","20","5","27","60.05509641873278","94.78260869565217"
"103","70","1","false","20","5","16","53.535353535353536","77.73333333333333"
"101","70","1","false","20","5","22","65.28925619834712","98.75"
"85","60","1","false","20","5","58","52.34159779614325","94.5273631840796"
"98","65","1","false","20","5","30","64.55463728191","101.44300144300145"
"102","70","1","false","20","5","8","28.833792470156105","42.432432432432435"
"104","70","1","false","20","5","8","26.62993572084481","38.770053475935825"
"97","65","1","false","20","5","23","56.19834710743802","90.2654867256637"
"98","65","1","false","20","5","31","64.64646464646465","101.58730158730158"
"104","70","1","false","20","5","9","29.56841138659321","43.04812834224599"
"98","65","1","false","20","5","32","64.73829201101928","101.73160173160174"
"100","65","1","false","20","5","28","60.51423324150596","95.5072463768116"
"101","70","1","false","20","5","23","66.57483930211203","100.69444444444444"
"104","70","1","false","20","5","10","32.87419651056015","47.860962566844925"
"97","65","1","false","20","5","24","57.3921028466483","92.18289085545722"
"98","65","1","false","20","5","33","64.83011937557393","101.87590187590187"
"102","70","1","false","20","5","9","32.415059687786965","47.7027027027027"
"103","70","1","false","20","5","17","57.20844811753902","83.06666666666666"
"100","65","1","false","20","5","29","60.78971533516988","95.94202898550725"
"101","70","1","false","20","5","24","67.12580348943985","101.52777777777777"
"85","60","1","false","20","5","59","52.708907254361804","95.19071310116087"
"104","70","1","false","20","5","11","35.53719008264463","51.7379679144385"
"98","65","1","false","20","5","34","64.83011937557393","101.87590187590187"
"103","70","1","false","20","5","18","61.52433425160698","89.33333333333333"
"100","65","1","false","20","5","30","61.24885215794307","96.66666666666667"
"101","70","1","false","20","5","25","67.40128558310377","101.94444444444444"
"104","70","1","false","20","5","12","38.84297520661157","56.55080213903744"
"103","70","1","false","20","5","19","64.73829201101928","94"
"101","70","1","false","20","5","26","67.40128558310377","101.94444444444444"
"104","70","1","false","20","5","13","41.78145087235997","60.82887700534759"
"105","70","1","false","20","5","0","1.9283746556473829","2.8532608695652173"
"97","65","1","false","20","5","25","58.40220385674931","93.80530973451327"
"103","70","1","false","20","5","20","67.58494031221304","98.13333333333333"
"102","70","1","false","20","5","10","35.35353535353536","52.02702702702703"
"100","65","1","false","20","5","31","61.34067952249771","96.81159420289856"
"85","60","1","false","20","5","60","52.98438934802571","95.6882255389718"
"105","70","1","false","20","5","1","4.683195592286501","6.929347826086957"
"103","70","1","false","20","5","21","68.68686868686868","99.73333333333333"
"104","70","1","false","20","5","14","45.362718089990814","66.0427807486631"
"105","70","1","false","20","5","2","7.3461891643709825","10.869565217391305"
"106","70","1","false","20","5","0","2.295684113865932","3.3692722371967654"
"100","65","1","false","20","5","32","61.52433425160698","97.10144927536231"
"102","70","1","false","20","5","11","38.29201101928375","56.351351351351354"
"105","70","1","false","20","5","3","9.73370064279155","14.402173913043478"
"106","70","1","false","20","5","1","5.785123966942149","8.49056603773585"
"103","70","1","false","20","5","22","69.6969696969697","101.2"
"97","65","1","false","20","5","26","58.8613406795225","94.54277286135692"
"85","60","1","false","20","5","61","53.25987144168962","96.18573797678275"
"106","70","1","false","20","5","2","8.907254361799815","13.07277628032345"
"103","70","1","false","20","5","23","70.15610651974288","101.86666666666666"
"104","70","1","false","20","5","15","48.94398530762167","71.2566844919786"
"100","65","1","false","20","5","33","61.70798898071625","97.3913043478261"
"105","70","1","false","20","5","4","12.396694214876034","18.342391304347828"
"103","70","1","false","20","5","24","70.43158861340679","102.26666666666667"
"102","70","1","false","20","5","12","41.41414141414141","60.945945945945944"
"64","50","1","false","20","5","10","7.80532598714417","15.828677839851025"
"100","65","1","false","20","5","34","61.98347107438017","97.82608695652173"
"97","65","1","false","20","5","27","59.22865013774105","95.13274336283186"
"104","70","1","false","20","5","16","52.52525252525253","76.47058823529412"
"105","70","1","false","20","5","5","15.151515151515152","22.418478260869566"
"103","70","1","false","20","5","25","70.52341597796143","102.4"
"106","70","1","false","20","5","3","11.386593204775023","16.711590296495956"
"85","60","1","false","20","5","62","53.627180899908176","96.84908789386401"
"100","65","1","false","20","5","35","62.44260789715336","98.55072463768117"
"103","70","1","false","20","5","26","70.52341597796143","102.4"
"106","70","1","false","20","5","4","14.049586776859504","20.619946091644206"
"102","70","1","false","20","5","13","44.44444444444444","65.4054054054054"
"105","70","1","false","20","5","6","17.355371900826448","25.679347826086957"
"104","70","1","false","20","5","17","54.9127640036731","79.94652406417111"
"100","65","1","false","20","5","36","62.90174471992653","99.27536231884058"
"105","70","1","false","20","5","7","19.100091827364555","28.26086956521739"
"106","70","1","false","20","5","5","16.89623507805326","24.797843665768195"
"104","70","1","false","20","5","18","57.66758494031221","83.9572192513369"
"97","65","1","false","20","5","28","59.68778696051423","95.87020648967551"
"100","65","1","false","20","5","37","63.45270890725436","100.14492753623188"
"102","70","1","false","20","5","14","47.474747474747474","69.86486486486486"
"85","60","1","false","20","5","63","54.178145087236","97.8441127694859"
"106","70","1","false","20","5","6","19.742883379247015","28.975741239892184"
"104","70","1","false","20","5","19","60.05509641873278","87.43315508021391"
"105","70","1","false","20","5","8","21.028466483011936","31.11413043478261"
"106","70","1","false","20","5","7","22.681359044995407","33.288409703504044"
"107","70","1","false","20","5","0","2.571166207529844","3.689064558629776"
"104","70","1","false","20","5","20","61.89164370982553","90.10695187165776"
"105","70","1","false","20","5","9","23.324150596877868","34.51086956521739"
"107","70","1","false","20","5","1","6.978879706152434","10.013175230566535"
"106","70","1","false","20","5","8","25.528007346189163","37.46630727762803"
"100","65","1","false","20","5","38","63.54453627180901","100.28985507246378"
"104","70","1","false","20","5","21","63.17722681359045","91.97860962566845"
"102","70","1","false","20","5","15","50.78053259871441","74.72972972972973"
"97","65","1","false","20","5","29","59.96326905417815","96.3126843657817"
"106","70","1","false","20","5","9","28.37465564738292","41.64420485175202"
"107","70","1","false","20","5","2","10.46831955922865","15.019762845849801"
"105","70","1","false","20","5","10","25.803489439853077","38.17934782608695"
"100","65","1","false","20","5","39","63.54453627180901","100.28985507246378"
"104","70","1","false","20","5","22","64.18732782369146","93.44919786096256"
"106","70","1","false","20","5","10","31.22130394857668","45.82210242587601"
"85","60","1","false","20","5","64","54.637281910009186","98.67330016583747"
"107","70","1","false","20","5","3","13.223140495867769","18.972332015810274"
"105","70","1","false","20","5","11","28.007346189164373","41.440217391304344"
"104","70","1","false","20","5","23","65.47291092745638","95.32085561497327"
"102","70","1","false","20","5","16","54.269972451790636","79.86486486486486"
"106","70","1","false","20","5","11","34.710743801652896","50.943396226415096"
"107","70","1","false","20","5","4","15.886134067952252","22.793148880105402"
"104","70","1","false","20","5","24","66.57483930211203","96.92513368983957"
"106","70","1","false","20","5","12","38.38383838383838","56.334231805929925"
"107","70","1","false","20","5","5","18.365472910927455","26.35046113306983"
"105","70","1","false","20","5","12","30.21120293847567","44.70108695652174"
"104","70","1","false","20","5","25","67.12580348943985","97.72727272727273"
"106","70","1","false","20","5","13","41.50596877869605","60.91644204851752"
"107","70","1","false","20","5","6","21.395775941230486","30.698287220026348"
"97","65","1","false","20","5","30","60.33057851239669","96.90265486725663"
"108","70","1","false","20","5","0","2.295684113865932","3.337783711615487"
"105","70","1","false","20","5","13","32.415059687786965","47.96195652173913"
"85","60","1","false","20","5","65","55.09641873278237","99.50248756218906"
"104","70","1","false","20","5","26","67.58494031221304","98.3957219251337"
"102","70","1","false","20","5","17","58.40220385674931","85.94594594594595"
"108","70","1","false","20","5","1","5.5096418732782375","8.01068090787717"
"107","70","1","false","20","5","7","24.058769513314967","34.51910408432148"
"105","70","1","false","20","5","14","34.80257116620753","51.49456521739131"
"106","70","1","false","20","5","14","45.08723599632691","66.17250673854448"
"108","70","1","false","20","5","2","8.631772268135904","12.550066755674234"
"97","65","1","false","20","5","31","60.78971533516988","97.6401179941003"
"105","70","1","false","20","5","15","37.28191000918273","55.16304347826087"
"107","70","1","false","20","5","8","27.27272727272727","39.130434782608695"
"106","70","1","false","20","5","15","48.484848484848484","71.15902964959568"
"102","70","1","false","20","5","18","62.16712580348944","91.48648648648648"
"107","70","1","false","20","5","9","30.02754820936639","43.08300395256917"
"106","70","1","false","20","5","16","52.61707988980716","77.22371967654986"
"97","65","1","false","20","5","32","61.34067952249771","98.52507374631269"
"108","70","1","false","20","5","3","11.753902662993571","17.089452603471294"
"104","70","1","false","20","5","27","68.2277318640955","99.33155080213903"
"105","70","1","false","20","5","16","40.03673094582185","59.2391304347826"
"85","60","1","false","20","5","66","55.55555555555556","100.33167495854063"
"97","65","1","false","20","5","33","61.52433425160698","98.82005899705014"
"107","70","1","false","20","5","10","33.14967860422406","47.56258234519104"
"106","70","1","false","20","5","17","57.02479338842975","83.69272237196765"
"104","70","1","false","20","5","28","68.77869605142332","100.13368983957218"
"108","70","1","false","20","5","4","14.416896235078053","20.961281708945258"
"105","70","1","false","20","5","17","42.69972451790633","63.17934782608695"
"106","70","1","false","20","5","18","61.52433425160698","90.29649595687331"
"108","70","1","false","20","5","5","17.90633608815427","26.034712950600802"
"105","70","1","false","20","5","18","45.08723599632691","66.71195652173914"
"102","70","1","false","20","5","19","65.10560146923783","95.8108108108108"
"85","60","1","false","20","5","67","56.10651974288338","101.32669983416251"
"97","65","1","false","20","5","34","61.61616161616161","98.96755162241888"
"108","70","1","false","20","5","6","21.21212121212121","30.8411214953271"
"106","70","1","false","20","5","19","65.10560146923783","95.55256064690026"
"104","70","1","false","20","5","29","69.42148760330579","101.06951871657755"
"107","70","1","false","20","5","11","36.36363636363637","52.17391304347826"
"105","70","1","false","20","5","19","47.93388429752066","70.92391304347827"
"106","70","1","false","20","5","20","67.12580348943985","98.51752021563343"
"102","70","1","false","20","5","20","66.85032139577594","98.37837837837839"
"104","70","1","false","20","5","30","69.88062442607898","101.7379679144385"
"107","70","1","false","20","5","12","39.39393939393939","56.52173913043478"
"108","70","1","false","20","5","7","24.701561065197428","35.91455273698264"
"104","70","1","false","20","5","31","70.15610651974288","102.1390374331551"
"107","70","1","false","20","5","13","42.69972451790633","61.26482213438735"
"106","70","1","false","20","5","21","68.68686868686868","100.80862533692722"
"97","65","1","false","20","5","35","61.89164370982553","99.41002949852508"
"105","70","1","false","20","5","20","51.331496786042244","75.95108695652173"
"108","70","1","false","20","5","8","27.823691460055095","40.453938584779706"
"85","60","1","false","20","5","68","56.65748393021121","102.3217247097844"
"107","70","1","false","20","5","14","46.18916437098255","66.27140974967062"
"106","70","1","false","20","5","22","69.23783287419651","101.61725067385446"
"108","70","1","false","20","5","9","31.68044077134986","46.061415220293725"
"102","70","1","false","20","5","21","68.04407713498622","100.13513513513514"
"107","70","1","false","20","5","15","50.04591368227732","71.80500658761528"
"97","65","1","false","20","5","36","61.89164370982553","99.41002949852508"
"106","70","1","false","20","5","23","69.32966023875115","101.75202156334231"
"108","70","1","false","20","5","10","35.44536271808999","51.53538050734312"
"105","70","1","false","20","5","21","54.54545454545454","80.70652173913044"
"107","70","1","false","20","5","16","53.4435261707989","76.6798418972332"
"108","70","1","false","20","5","11","38.6593204775023","56.2082777036048"
"104","70","1","false","20","5","32","70.24793388429752","102.27272727272727"
"106","70","1","false","20","5","24","69.32966023875115","101.75202156334231"
"107","70","1","false","20","5","17","56.56565656565656","81.15942028985508"
"85","60","1","false","20","5","69","57.30027548209367","103.48258706467661"
"108","70","1","false","20","5","12","41.96510560146924","61.01468624833111"
"104","70","1","false","20","5","33","70.24793388429752","102.27272727272727"
"105","70","1","false","20","5","22","57.57575757575758","85.19021739130434"
"102","70","1","false","20","5","22","69.05417814508723","101.62162162162163"
"110","70","1","false","20","5","0","1.7447199265381086","2.661064425770308"
"109","70","1","false","20","5","0","2.0202020202020203","3.017832647462277"
"105","70","1","false","20","5","23","60.78971533516988","89.94565217391305"
"111","75","1","false","20","5","0","2.203856749311295","3.0112923462986196"
"108","70","1","false","20","5","13","44.81175390266299","65.15353805073431"
"110","70","1","false","20","5","1","3.948576675849403","6.022408963585434"
"105","70","1","false","20","5","24","63.72819100091828","94.29347826086956"
"107","70","1","false","20","5","18","59.96326905417815","86.03425559947298"
"111","75","1","false","20","5","1","5.325987144168963","7.277289836888332"
"110","70","1","false","20","5","2","6.6115702479338845","10.084033613445378"
"107","70","1","false","20","5","19","63.26905417814509","90.77733860342556"
"111","75","1","false","20","5","2","8.81542699724518","12.045169385194479"
"85","60","1","false","20","5","70","57.85123966942148","104.4776119402985"
"110","70","1","false","20","5","3","9.550045913682277","14.565826330532214"
"108","70","1","false","20","5","14","47.842056932966024","69.55941255006675"
"102","70","1","false","20","5","23","69.78879706152433","102.7027027027027"
"107","70","1","false","20","5","20","65.38108356290174","93.8076416337286"
"109","70","1","false","20","5","1","4.683195592286501","6.995884773662551"
"111","75","1","false","20","5","3","12.672176308539946","17.314930991217064"
"105","70","1","false","20","5","25","65.47291092745638","96.875"
"110","70","1","false","20","5","4","12.48852157943067","19.047619047619047"
"107","70","1","false","20","5","21","67.76859504132231","97.23320158102767"
"105","70","1","false","20","5","26","66.39118457300276","98.2336956521739"
"85","60","1","false","20","5","71","58.40220385674931","105.47263681592041"
"110","70","1","false","20","5","5","14.967860422405877","22.829131652661065"
"107","70","1","false","20","5","22","69.32966023875115","99.4729907773386"
"105","70","1","false","20","5","27","67.12580348943985","99.32065217391305"
"111","75","1","false","20","5","4","16.804407713498623","22.961104140526974"
"109","70","1","false","20","5","2","7.162534435261708","10.699588477366255"
"110","70","1","false","20","5","6","17.355371900826448","26.47058823529412"
"108","70","1","false","20","5","15","50.872359963269055","73.9652870493992"
"107","70","1","false","20","5","23","70.15610651974288","100.65876152832675"
"102","70","1","false","20","5","24","69.78879706152433","102.7027027027027"
"105","70","1","false","20","5","28","67.67676767676768","100.13586956521738"
"110","70","1","false","20","5","7","20.110192837465565","30.672268907563026"
"107","70","1","false","20","5","24","70.33976124885216","100.92226613965745"
"105","70","1","false","20","5","29","68.13590449954087","100.81521739130434"
"109","70","1","false","20","5","3","9.82552800734619","14.67764060356653"
"111","75","1","false","20","5","5","20.385674931129476","27.854454203262236"
"108","70","1","false","20","5","16","54.45362718089991","79.17222963951936"
"107","70","1","false","20","5","25","70.43158861340679","101.0540184453228"
"110","70","1","false","20","5","8","22.497704315886132","34.31372549019608"
"105","70","1","false","20","5","30","68.2277318640955","100.95108695652173"
"85","60","1","false","20","5","72","58.76951331496786","106.13598673300166"
"109","70","1","false","20","5","4","12.672176308539946","18.930041152263374"
"107","70","1","false","20","5","26","70.61524334251607","101.31752305665349"
"105","70","1","false","20","5","31","68.2277318640955","100.95108695652173"
"110","70","1","false","20","5","9","24.97704315886134","38.095238095238095"
"108","70","1","false","20","5","17","58.1267217630854","84.51268357810414"
"107","70","1","false","20","5","27","70.61524334251607","101.31752305665349"
"110","70","1","false","20","5","10","27.640036730945823","42.15686274509804"
"113","75","1","false","20","5","0","2.203856749311295","2.9702970297029703"
"111","75","1","false","20","5","6","23.96694214876033","32.747804265997495"
"110","70","1","false","20","5","11","29.935720844811755","45.65826330532213"
"109","70","1","false","20","5","5","15.702479338842975","23.456790123456788"
"113","75","1","false","20","5","1","5.234159779614325","7.054455445544554"
"108","70","1","false","20","5","18","61.70798898071625","89.7196261682243"
"112","75","1","false","20","5","0","2.203856749311295","3.149606299212598"
"113","75","1","false","20","5","2","8.81542699724518","11.881188118811881"
"114","75","1","false","20","5","0","1.9283746556473829","2.7061855670103094"
"85","60","1","false","20","5","73","59.13682277318642","106.79933665008292"
"113","75","1","false","20","5","3","12.672176308539946","17.07920792079208"
"113","75","1","false","20","5","4","16.161616161616163","21.782178217821784"
"114","75","1","false","20","5","1","4.591368227731864","6.443298969072164"
"109","70","1","false","20","5","6","18.732782369146005","27.983539094650205"
"112","75","1","false","20","5","1","5.5096418732782375","7.874015748031496"
"111","75","1","false","20","5","7","27.823691460055095","38.01756587202008"
"85","60","1","false","20","5","74","59.59595959595959","107.6285240464345"
"113","75","1","false","20","5","5","19.55922865013774","26.361386138613863"
"110","70","1","false","20","5","12","32.231404958677686","49.159663865546214"
"108","70","1","false","20","5","19","64.92194674012856","94.39252336448598"
"114","75","1","false","20","5","2","7.7134986225895315","10.824742268041238"
"64","50","1","false","20","5","11","7.988980716253444","16.201117318435752"
"113","75","1","false","20","5","6","23.415977961432507","31.55940594059406"
"111","75","1","false","20","5","8","31.68044077134986","43.287327478042656"
"108","70","1","false","20","5","20","67.86042240587695","98.6648865153538"
"110","70","1","false","20","5","13","34.25160697887971","52.240896358543424"
"85","60","1","false","20","5","75","60.23875114784206","108.7893864013267"
"114","75","1","false","20","5","3","10.927456382001836","15.335051546391753"
"111","75","1","false","20","5","9","35.53719008264463","48.55708908406525"
"109","70","1","false","20","5","7","21.57943067033976","32.23593964334705"
"110","70","1","false","20","5","14","36.73094582185491","56.022408963585434"
"112","75","1","false","20","5","2","9.550045913682277","13.648293963254593"
"114","75","1","false","20","5","4","13.774104683195592","19.329896907216497"
"108","70","1","false","20","5","21","69.60514233241506","101.20160213618156"
"114","75","1","false","20","5","5","17.355371900826448","24.355670103092784"
"111","75","1","false","20","5","10","39.39393939393939","53.826850690087824"
"113","75","1","false","20","5","7","26.62993572084481","35.89108910891089"
"110","70","1","false","20","5","15","38.47566574839302","58.68347338935575"
"85","60","1","false","20","5","76","60.88154269972452","109.95024875621891"
"111","75","1","false","20","5","11","42.42424242424242","57.96737766624843"
"108","70","1","false","20","5","22","70.24793388429752","102.13618157543391"
"112","75","1","false","20","5","3","13.498622589531681","19.291338582677163"
"110","70","1","false","20","5","16","40.77134986225895","62.18487394957983"
"109","70","1","false","20","5","8","24.334251606978878","36.35116598079561"
"114","75","1","false","20","5","6","21.21212121212121","29.7680412371134"
"113","75","1","false","20","5","8","29.935720844811755","40.34653465346535"
"111","75","1","false","20","5","12","45.73002754820937","62.484316185696365"
"110","70","1","false","20","5","17","43.06703397612488","65.68627450980392"
"114","75","1","false","20","5","7","24.793388429752067","34.79381443298969"
"85","60","1","false","20","5","77","61.34067952249771","110.77943615257048"
"113","75","1","false","20","5","9","33.51698806244261","45.17326732673268"
"111","75","1","false","20","5","13","48.760330578512395","66.62484316185696"
"108","70","1","false","20","5","23","70.61524334251607","102.6702269692924"
"110","70","1","false","20","5","18","45.27089072543618","69.04761904761905"
"113","75","1","false","20","5","10","37.83287419651056","50.99009900990099"
"108","70","1","false","20","5","24","70.70707070707071","102.803738317757"
"111","75","1","false","20","5","14","52.066115702479344","71.14178168130489"
"114","75","1","false","20","5","8","27.915518824609737","39.175257731958766"
"109","70","1","false","20","5","9","27.27272727272727","40.74074074074074"
"110","70","1","false","20","5","19","47.658402203856745","72.68907563025209"
"112","75","1","false","20","5","4","16.712580348943984","23.88451443569554"
"114","75","1","false","20","5","9","30.853994490358126","43.29896907216495"
"108","70","1","false","20","5","25","70.79889807162535","102.93724966622162"
"110","70","1","false","20","5","20","49.494949494949495","75.49019607843137"
"114","75","1","false","20","5","10","33.2415059687787","46.649484536082475"
"113","75","1","false","20","5","11","41.78145087235997","56.311881188118804"
"110","70","1","false","20","5","21","51.2396694214876","78.15126050420169"
"85","60","1","false","20","5","78","61.61616161616161","111.27694859038142"
"111","75","1","false","20","5","15","55.831037649219475","76.28607277289838"
"109","70","1","false","20","5","10","30.02754820936639","44.8559670781893"
"114","75","1","false","20","5","11","35.99632690541782","50.51546391752577"
"110","70","1","false","20","5","22","53.25987144168962","81.23249299719888"
"108","70","1","false","20","5","26","70.79889807162535","102.93724966622162"
"111","75","1","false","20","5","16","59.13682277318642","80.8030112923463"
"112","75","1","false","20","5","5","19.65105601469238","28.083989501312335"
"114","75","1","false","20","5","12","38.84297520661157","54.51030927835051"
"113","75","1","false","20","5","12","46.005509641873275","62.004950495049506"
"110","70","1","false","20","5","23","55.188246097337","84.17366946778712"
"114","75","1","false","20","5","13","41.68962350780532","58.50515463917526"
"111","75","1","false","20","5","17","62.62626262626263","85.57089084065245"
"109","70","1","false","20","5","11","33.14967860422406","49.519890260631"
"115","75","1","false","20","5","0","2.3875114784205693","3.2994923857868024"
"110","70","1","false","20","5","24","57.57575757575758","87.81512605042016"
"114","75","1","false","20","5","14","44.71992653810835","62.75773195876289"
"111","75","1","false","20","5","18","66.0238751147842","90.21329987452948"
"112","75","1","false","20","5","6","22.130394857667586","31.627296587926505"
"115","75","1","false","20","5","1","6.336088154269973","8.756345177664974"
"110","70","1","false","20","5","25","59.68778696051423","91.03641456582633"
"85","60","1","false","20","5","79","61.70798898071625","111.44278606965175"
"114","75","1","false","20","5","15","48.025711662075295","67.39690721649485"
"113","75","1","false","20","5","13","50.321395775941234","67.82178217821783"
"111","75","1","false","20","5","19","69.42148760330579","94.85570890840653"
"115","75","1","false","20","5","2","10.009182736455463","13.83248730964467"
"110","70","1","false","20","5","26","61.34067952249771","93.55742296918767"
"114","75","1","false","20","5","16","51.515151515151516","72.29381443298969"
"111","75","1","false","20","5","20","72.26813590449954","98.7452948557089"
"109","70","1","false","20","5","12","36.17998163452709","54.046639231824415"
"85","60","1","false","20","5","80","61.70798898071625","111.44278606965175"
"110","70","1","false","20","5","27","63.17722681359045","96.35854341736695"
"114","75","1","false","20","5","17","55.00459136822773","77.19072164948454"
"113","75","1","false","20","5","14","54.36179981634527","73.26732673267327"
"115","75","1","false","20","5","3","13.682277318640956","18.908629441624367"
"112","75","1","false","20","5","7","24.334251606978878","34.7769028871391"
"111","75","1","false","20","5","21","74.10468319559229","101.2547051442911"
"110","70","1","false","20","5","28","63.91184573002755","97.47899159663865"
"114","75","1","false","20","5","18","57.66758494031221","80.9278350515464"
"109","70","1","false","20","5","13","39.48576675849403","58.984910836762694"
"113","75","1","false","20","5","15","57.57575757575758","77.5990099009901"
"115","75","1","false","20","5","4","16.804407713498623","23.223350253807105"
"111","75","1","false","20","5","22","74.47199265381084","101.75658720200754"
"110","70","1","false","20","5","29","64.92194674012856","99.01960784313727"
"113","75","1","false","20","5","16","61.15702479338842","82.42574257425743"
"111","75","1","false","20","5","23","74.65564738292011","102.00752823086574"
"110","70","1","false","20","5","30","65.93204775022957","100.56022408963585"
"114","75","1","false","20","5","19","60.97337006427915","85.56701030927834"
"115","75","1","false","20","5","5","20.293847566574836","28.045685279187815"
"116","75","1","false","20","5","0","1.8365472910927456","2.515723270440252"
"113","75","1","false","20","5","17","65.0137741046832","87.62376237623762"
"109","70","1","false","20","5","14","42.14876033057851","62.96296296296296"
"112","75","1","false","20","5","8","26.62993572084481","38.05774278215223"
"110","70","1","false","20","5","31","66.66666666666666","101.68067226890756"
"111","75","1","false","20","5","24","74.74747474747475","102.13299874529484"
"114","75","1","false","20","5","20","63.91184573002755","89.69072164948454"
"113","75","1","false","20","5","18","68.87052341597796","92.82178217821783"
"110","70","1","false","20","5","32","67.30945821854912","102.66106442577029"
"111","75","1","false","20","5","25","74.74747474747475","102.13299874529484"
"114","75","1","false","20","5","21","66.11570247933885","92.78350515463917"
"113","75","1","false","20","5","19","72.54361799816346","97.77227722772277"
"115","75","1","false","20","5","6","23.415977961432507","32.36040609137056"
"110","70","1","false","20","5","33","67.4931129476584","102.94117647058823"
"114","75","1","false","20","5","22","67.67676767676768","94.9742268041237"
"116","75","1","false","20","5","1","4.775022956841139","6.540880503144654"
"109","70","1","false","20","5","15","44.16896235078053","65.98079561042523"
"113","75","1","false","20","5","20","74.93112947658402","100.99009900990099"
"112","75","1","false","20","5","9","29.56841138659321","42.25721784776903"
"110","70","1","false","20","5","34","67.58494031221304","103.08123249299719"
"115","75","1","false","20","5","7","26.905417814508723","37.18274111675127"
"114","75","1","false","20","5","23","68.9623507805326","96.77835051546391"
"117","75","1","false","20","5","0","2.479338842975207","3.341584158415842"
"113","75","1","false","20","5","21","76.03305785123968","102.47524752475248"
"115","75","1","false","20","5","8","30.76216712580349","42.51269035532995"
"110","70","1","false","20","5","35","67.67676767676768","103.22128851540617"
"114","75","1","false","20","5","24","69.78879706152433","97.9381443298969"
"109","70","1","false","20","5","16","46.5564738292011","69.54732510288066"
"116","75","1","false","20","5","2","7.988980716253444","10.943396226415095"
"117","75","1","false","20","5","1","6.519742883379247","8.787128712871286"
"114","75","1","false","20","5","25","70.70707070707071","99.22680412371135"
"113","75","1","false","20","5","22","76.21671258034894","102.72277227722772"
"112","75","1","false","20","5","10","32.87419651056015","46.981627296587924"
"109","70","1","false","20","5","17","48.576675849403124","72.56515775034293"
"110","70","1","false","20","5","36","67.76859504132231","103.36134453781514"
"116","75","1","false","20","5","3","11.019283746556475","15.09433962264151"
"117","75","1","false","20","5","2","10.284664830119375","13.861386138613863"
"113","75","1","false","20","5","23","76.21671258034894","102.72277227722772"
"115","75","1","false","20","5","9","34.067952249770435","47.08121827411168"
"114","75","1","false","20","5","26","71.62534435261708","100.51546391752578"
"112","75","1","false","20","5","11","36.36363636363637","51.96850393700787"
"115","75","1","false","20","5","10","37.09825528007346","51.26903553299492"
"110","70","1","false","20","5","37","67.76859504132231","103.36134453781514"
"117","75","1","false","20","5","3","14.049586776859504","18.935643564356436"
"116","75","1","false","20","5","4","14.416896235078053","19.748427672955977"
"109","70","1","false","20","5","18","50.688705234159784","75.7201646090535"
"118","75","1","false","20","5","0","2.571166207529844","3.508771929824561"
"112","75","1","false","20","5","12","39.94490358126722","57.08661417322835"
"117","75","1","false","20","5","4","17.63085399449036","23.762376237623762"
"116","75","1","false","20","5","5","18.089990817263544","24.77987421383648"
"114","75","1","false","20","5","27","72.26813590449954","101.41752577319588"
"115","75","1","false","20","5","11","40.22038567493113","55.58375634517766"
"118","75","1","false","20","5","1","6.244260789715335","8.521303258145362"
"116","75","1","false","20","5","6","21.21212121212121","29.056603773584904"
"109","70","1","false","20","5","19","52.892561983471076","79.01234567901234"
"117","75","1","false","20","5","5","21.395775941230486","28.836633663366335"
"112","75","1","false","20","5","13","44.16896235078053","63.123359580052494"
"115","75","1","false","20","5","12","43.52617079889807","60.15228426395939"
"118","75","1","false","20","5","2","8.999081726354454","12.280701754385964"
"119","75","1","false","20","5","0","2.0202020202020203","2.864583333333333"
"115","75","1","false","20","5","13","47.38292011019284","65.48223350253807"
"116","75","1","false","20","5","7","24.609733700642792","33.71069182389937"
"119","75","1","false","20","5","1","4.866850321395775","6.901041666666667"
"118","75","1","false","20","5","3","12.396694214876034","16.917293233082706"
"114","75","1","false","20","5","28","72.63544536271809","101.93298969072164"
"117","75","1","false","20","5","6","25.528007346189163","34.4059405940594"
"109","70","1","false","20","5","20","55.371900826446286","82.71604938271605"
"115","75","1","false","20","5","14","51.331496786042244","70.93908629441624"
"112","75","1","false","20","5","14","48.025711662075295","68.63517060367454"
"118","75","1","false","20","5","4","15.059687786960515","20.551378446115287"
"114","75","1","false","20","5","29","72.81910009182737","102.19072164948453"
"119","75","1","false","20","5","2","7.897153351698806","11.197916666666668"
"116","75","1","false","20","5","8","27.823691460055095","38.113207547169814"
"115","75","1","false","20","5","15","54.45362718089991","75.25380710659898"
"118","75","1","false","20","5","5","18.089990817263544","24.686716791979947"
"114","75","1","false","20","5","30","72.81910009182737","102.19072164948453"
"119","75","1","false","20","5","3","10.284664830119375","14.583333333333334"
"115","75","1","false","20","5","16","57.48393021120294","79.44162436548223"
"109","70","1","false","20","5","21","57.66758494031221","86.14540466392319"
"117","75","1","false","20","5","7","29.56841138659321","39.851485148514854"
"112","75","1","false","20","5","15","51.147842056932966","73.0971128608924"
"118","75","1","false","20","5","6","21.30394857667585","29.07268170426065"
"115","75","1","false","20","5","17","60.69788797061524","83.88324873096447"
"119","75","1","false","20","5","4","12.48852157943067","17.708333333333336"
"117","75","1","false","20","5","8","33.79247015610652","45.54455445544555"
"116","75","1","false","20","5","9","31.772268135904504","43.522012578616355"
"109","70","1","false","20","5","22","59.04499540863177","88.20301783264746"
"115","75","1","false","20","5","18","64.2791551882461","88.83248730964468"
"120","75","1","false","20","5","0","2.1120293847566574","2.967741935483871"
"118","75","1","false","20","5","7","25.344352617079892","34.58646616541353"
"112","75","1","false","20","5","16","54.82093663911846","78.34645669291339"
"117","75","1","false","20","5","9","37.74104683195592","50.866336633663366"
"109","70","1","false","20","5","23","60.42240587695134","90.26063100137173"
"115","75","1","false","20","5","19","67.67676767676768","93.52791878172589"
"120","75","1","false","20","5","1","5.142332415059688","7.225806451612904"
"118","75","1","false","20","5","8","29.10927456382002","39.72431077694235"
"117","75","1","false","20","5","10","41.04683195592286","55.32178217821782"
"120","75","1","false","20","5","2","8.172635445362717","11.483870967741936"
"115","75","1","false","20","5","20","70.79889807162535","97.84263959390863"
"119","75","1","false","20","5","5","15.426997245179063","21.875"
"116","75","1","false","20","5","10","35.16988062442608","48.17610062893082"
"117","75","1","false","20","5","11","44.0771349862259","59.4059405940594"
"112","75","1","false","20","5","17","58.40220385674931","83.46456692913385"
"120","75","1","false","20","5","3","11.84573002754821","16.64516129032258"
"119","75","1","false","20","5","6","18.365472910927455","26.041666666666668"
"118","75","1","false","20","5","9","33.057851239669425","45.11278195488722"
"117","75","1","false","20","5","12","46.74012855831038","62.995049504950494"
"109","70","1","false","20","5","24","61.43250688705234","91.76954732510289"
"120","75","1","false","20","5","4","15.61065197428834","21.935483870967744"
"115","75","1","false","20","5","21","72.45179063360881","100.1269035532995"
"119","75","1","false","20","5","7","21.671258034894397","30.729166666666668"
"120","75","1","false","20","5","5","19.28374655647383","27.09677419354839"
"118","75","1","false","20","5","10","36.54729109274564","49.87468671679198"
"119","75","1","false","20","5","8","24.517906336088156","34.765625"
"115","75","1","false","20","5","22","73.18640955004592","101.14213197969544"
"116","75","1","false","20","5","11","38.20018365472911","52.327044025157235"
"112","75","1","false","20","5","18","61.24885215794307","87.53280839895014"
"117","75","1","false","20","5","13","49.770431588613405","67.07920792079209"
"120","75","1","false","20","5","6","22.681359044995407","31.870967741935484"
"119","75","1","false","20","5","9","27.45638200183655","38.93229166666667"
"115","75","1","false","20","5","23","73.73737373737373","101.90355329949239"
"116","75","1","false","20","5","12","41.41414141414141","56.72955974842767"
"118","75","1","false","20","5","11","40.31221303948577","55.012531328320804"
"109","70","1","false","20","5","25","62.53443526170799","93.4156378600823"
"115","75","1","false","20","5","24","74.10468319559229","102.41116751269035"
"120","75","1","false","20","5","7","25.987144168962352","36.516129032258064"
"112","75","1","false","20","5","19","64.00367309458218","91.46981627296587"
"119","75","1","false","20","5","10","30.670339761248854","43.48958333333333"
"117","75","1","false","20","5","14","53.168044077134994","71.65841584158416"
"109","70","1","false","20","5","26","63.72819100091828","95.19890260631001"
"120","75","1","false","20","5","8","28.650137741046834","40.25806451612903"
"115","75","1","false","20","5","25","74.19651056014692","102.53807106598984"
"118","75","1","false","20","5","12","44.81175390266299","61.152882205513784"
"119","75","1","false","20","5","11","34.34343434343434","48.69791666666667"
"116","75","1","false","20","5","13","44.26078971533517","60.62893081761006"
"117","75","1","false","20","5","15","56.19834710743802","75.74257425742574"
"115","75","1","false","20","5","26","74.19651056014692","102.53807106598984"
"109","70","1","false","20","5","27","64.64646464646465","96.57064471879286"
"118","75","1","false","20","5","13","48.301193755739206","65.91478696741855"
"119","75","1","false","20","5","12","38.38383838383838","54.427083333333336"
"117","75","1","false","20","5","16","59.59595959595959","80.32178217821783"
"120","75","1","false","20","5","9","31.496786042240586","44.25806451612903"
"112","75","1","false","20","5","20","67.21763085399449","96.06299212598425"
"119","75","1","false","20","5","13","41.96510560146924","59.505208333333336"
"117","75","1","false","20","5","17","62.99357208448117","84.9009900990099"
"109","70","1","false","20","5","28","65.56473829201101","97.94238683127571"
"120","75","1","false","20","5","10","34.15977961432507","48"
"118","75","1","false","20","5","14","51.69880624426079","70.5513784461153"
"116","75","1","false","20","5","14","47.2910927456382","64.77987421383648"
"117","75","1","false","20","5","18","67.12580348943985","90.47029702970298"
"120","75","1","false","20","5","11","37.46556473829201","52.645161290322584"
"109","70","1","false","20","5","29","66.66666666666666","99.58847736625515"
"117","75","1","false","20","5","19","71.16620752984389","95.91584158415841"
"116","75","1","false","20","5","15","50.59687786960514","69.30817610062893"
"119","75","1","false","20","5","14","45.54637281910009","64.58333333333334"
"120","75","1","false","20","5","12","41.23048668503214","57.935483870967744"
"118","75","1","false","20","5","15","55.09641873278237","75.18796992481202"
"112","75","1","false","20","5","21","69.60514233241506","99.47506561679789"
"64","50","1","false","20","5","12","8.264462809917356","16.75977653631285"
"117","75","1","false","20","5","20","73.55371900826447","99.13366336633663"
"119","75","1","false","20","5","15","49.219467401285584","69.79166666666666"
"118","75","1","false","20","5","16","58.49403122130394","79.82456140350878"
"109","70","1","false","20","5","30","67.21763085399449","100.41152263374487"
"116","75","1","false","20","5","16","54.08631772268136","74.0880503144654"
"112","75","1","false","20","5","22","70.79889807162535","101.18110236220473"
"117","75","1","false","20","5","21","74.83930211202939","100.86633663366335"
"120","75","1","false","20","5","13","44.71992653810835","62.83870967741936"
"118","75","1","false","20","5","17","61.799816345270884","84.3358395989975"
"109","70","1","false","20","5","31","67.58494031221304","100.96021947873798"
"120","75","1","false","20","5","14","48.117539026629935","67.61290322580645"
"117","75","1","false","20","5","22","75.57392102846649","101.85643564356435"
"118","75","1","false","20","5","18","65.10560146923783","88.84711779448622"
"119","75","1","false","20","5","16","52.61707988980716","74.609375"
"120","75","1","false","20","5","15","50.872359963269055","71.48387096774194"
"116","75","1","false","20","5","17","57.85123966942148","79.24528301886792"
"119","75","1","false","20","5","17","55.831037649219475","79.16666666666666"
"120","75","1","false","20","5","16","54.45362718089991","76.51612903225806"
"112","75","1","false","20","5","23","71.34986225895317","101.96850393700787"
"118","75","1","false","20","5","19","68.50321395775941","93.48370927318295"
"119","75","1","false","20","5","18","59.32047750229569","84.11458333333334"
"109","70","1","false","20","5","32","67.76859504132231","101.23456790123457"
"117","75","1","false","20","5","23","76.12488521579431","102.5990099009901"
"119","75","1","false","20","5","19","63.17722681359045","89.58333333333334"
"120","75","1","false","20","5","17","58.21854912764004","81.80645161290323"
"116","75","1","false","20","5","18","61.43250688705234","84.15094339622642"
"109","70","1","false","20","5","33","67.95224977043158","101.50891632373114"
"117","75","1","false","20","5","24","76.49219467401286","103.09405940594058"
"118","75","1","false","20","5","20","71.99265381083563","98.24561403508771"
"119","75","1","false","20","5","20","67.12580348943985","95.18229166666666"
"112","75","1","false","20","5","24","71.62534435261708","102.36220472440945"
"109","70","1","false","20","5","34","68.04407713498622","101.64609053497942"
"117","75","1","false","20","5","25","76.67584940312213","103.34158415841583"
"118","75","1","false","20","5","21","74.3801652892562","101.50375939849626"
"120","75","1","false","20","5","18","61.70798898071625","86.70967741935483"
"116","75","1","false","20","5","19","64.55463728191","88.42767295597484"
"112","75","1","false","20","5","25","71.71717171717171","102.49343832020999"
"119","75","1","false","20","5","21","69.60514233241506","98.69791666666666"
"118","75","1","false","20","5","22","75.48209366391184","103.00751879699249"
"109","70","1","false","20","5","35","68.04407713498622","101.64609053497942"
"112","75","1","false","20","5","26","71.71717171717171","102.49343832020999"
"117","75","1","false","20","5","26","76.67584940312213","103.34158415841583"
"120","75","1","false","20","5","19","65.47291092745638","92"
"118","75","1","false","20","5","23","75.75757575757575","103.38345864661653"
"116","75","1","false","20","5","20","68.04407713498622","93.20754716981132"
"119","75","1","false","20","5","22","71.25803489439852","101.04166666666667"
"123","80","1","false","20","5","0","2.295684113865932","2.923976608187134"
"120","75","1","false","20","5","20","68.9623507805326","96.90322580645162"
"119","75","1","false","20","5","23","72.08448117539027","102.21354166666667"
"118","75","1","false","20","5","24","75.75757575757575","103.38345864661653"
"120","75","1","false","20","5","21","70.33976124885216","98.83870967741936"
"121","80","1","false","20","5","0","2.479338842975207","3.221957040572793"
"123","80","1","false","20","5","1","5.693296602387512","7.251461988304094"
"116","75","1","false","20","5","21","71.34986225895317","97.73584905660377"
"119","75","1","false","20","5","24","72.08448117539027","102.21354166666667"
"122","80","1","false","20","5","0","2.3875114784205693","3.1026252983293556"
"123","80","1","false","20","5","2","9.73370064279155","12.397660818713451"
"120","75","1","false","20","5","22","70.89072543617998","99.61290322580645"
"123","80","1","false","20","5","3","13.957759412304869","17.77777777777778"
"121","80","1","false","20","5","1","6.336088154269973","8.233890214797137"
"125","80","1","false","20","5","0","2.571166207529844","3.3214709371292996"
"124","80","1","false","20","5","0","2.7548209366391188","3.4965034965034967"
"122","80","1","false","20","5","1","6.519742883379247","8.47255369928401"
"116","75","1","false","20","5","22","73.73737373737373","101.0062893081761"
"124","80","1","false","20","5","1","7.254361799816346","9.207459207459207"
"125","80","1","false","20","5","1","6.703397612488522","8.659549228944247"
"120","75","1","false","20","5","23","71.44168962350781","100.38709677419355"
"122","80","1","false","20","5","2","10.46831955922865","13.60381861575179"
"121","80","1","false","20","5","2","9.917355371900827","12.887828162291171"
"125","80","1","false","20","5","2","10.835629017447198","13.997627520759192"
"124","80","1","false","20","5","2","11.47842056932966","14.56876456876457"
"123","80","1","false","20","5","4","18.089990817263544","23.04093567251462"
"122","80","1","false","20","5","3","13.774104683195592","17.899761336515514"
"116","75","1","false","20","5","23","74.56382001836546","102.13836477987421"
"120","75","1","false","20","5","24","71.62534435261708","100.64516129032258"
"124","80","1","false","20","5","3","15.794306703397613","20.04662004662005"
"123","80","1","false","20","5","5","22.497704315886132","28.654970760233915"
"122","80","1","false","20","5","4","17.722681359044994","23.031026252983295"
"121","80","1","false","20","5","3","12.947658402203857","16.82577565632458"
"125","80","1","false","20","5","3","14.784205693296604","19.098457888493474"
"120","75","1","false","20","5","25","71.62534435261708","100.64516129032258"
"124","80","1","false","20","5","4","19.4674012855831","24.708624708624708"
"123","80","1","false","20","5","6","26.997245179063363","34.385964912280706"
"125","80","1","false","20","5","4","19.100091827364555","24.67378410438909"
"116","75","1","false","20","5","24","74.74747474747475","102.38993710691824"
"125","80","1","false","20","5","5","23.507805325987142","30.36773428232503"
"123","80","1","false","20","5","7","31.129476584022036","39.64912280701755"
"121","80","1","false","20","5","4","16.161616161616163","21.002386634844868"
"122","80","1","false","20","5","5","21.85491276400367","28.400954653937948"
"126","80","1","false","20","5","0","2.3875114784205693","3.1026252983293556"
"124","80","1","false","20","5","5","23.232323232323232","29.48717948717949"
"126","80","1","false","20","5","1","6.244260789715335","8.1145584725537"
"116","75","1","false","20","5","25","74.83930211202939","102.51572327044025"
"125","80","1","false","20","5","6","27.548209366391184","35.587188612099645"
"121","80","1","false","20","5","5","20.293847566574836","26.37231503579952"
"124","80","1","false","20","5","6","27.73186409550046","35.1981351981352"
"122","80","1","false","20","5","6","26.170798898071624","34.00954653937948"
"126","80","1","false","20","5","2","10.560146923783286","13.723150357995225"
"124","80","1","false","20","5","7","32.598714416896236","41.375291375291376"
"123","80","1","false","20","5","8","35.44536271808999","45.146198830409354"
"116","75","1","false","20","5","26","74.83930211202939","102.51572327044025"
"64","50","1","false","20","5","13","8.539944903581267","17.318435754189945"
"122","80","1","false","20","5","7","29.843893480257115","38.782816229116946"
"121","80","1","false","20","5","6","25.160697887970617","32.69689737470167"
"126","80","1","false","20","5","3","14.967860422405877","19.451073985680193"
"125","80","1","false","20","5","7","31.129476584022036","40.213523131672595"
"123","80","1","false","20","5","9","40.03673094582185","50.994152046783626"
"124","80","1","false","20","5","8","36.91460055096419","46.85314685314685"
"121","80","1","false","20","5","7","29.38475665748393","38.18615751789976"
"122","80","1","false","20","5","8","34.43526170798898","44.74940334128878"
"123","80","1","false","20","5","10","44.0771349862259","56.14035087719298"
"125","80","1","false","20","5","8","35.720844811753906","46.144721233689204"
"121","80","1","false","20","5","8","32.87419651056015","42.720763723150355"
"126","80","1","false","20","5","4","19.4674012855831","25.29832935560859"
"127","80","1","false","20","5","0","2.203856749311295","2.823529411764706"
"121","80","1","false","20","5","9","36.73094582185491","47.7326968973747"
"124","80","1","false","20","5","9","41.41414141414141","52.56410256410257"
"122","80","1","false","20","5","9","39.30211202938476","51.07398568019092"
"126","80","1","false","20","5","5","23.59963269054178","30.668257756563243"
"124","80","1","false","20","5","10","45.17906336088154","57.34265734265735"
"123","80","1","false","20","5","11","48.117539026629935","61.28654970760235"
"127","80","1","false","20","5","1","5.5096418732782375","7.0588235294117645"
"123","80","1","false","20","5","12","52.43342516069789","66.78362573099416"
"125","80","1","false","20","5","9","39.85307621671258","51.482799525504156"
"126","80","1","false","20","5","6","27.823691460055095","36.15751789976134"
"121","80","1","false","20","5","10","40.86317722681359","53.10262529832935"
"124","80","1","false","20","5","11","49.403122130394856","62.7039627039627"
"122","80","1","false","20","5","10","43.25068870523416","56.20525059665871"
"123","80","1","false","20","5","13","57.30027548209367","72.98245614035088"
"126","80","1","false","20","5","7","31.86409550045914","41.408114558472555"
"127","80","1","false","20","5","2","9.182736455463727","11.76470588235294"
"124","80","1","false","20","5","12","53.535353535353536","67.94871794871796"
"123","80","1","false","20","5","14","61.24885215794307","78.01169590643275"
"124","80","1","false","20","5","13","57.85123966942148","73.42657342657343"
"125","80","1","false","20","5","10","43.70982552800734","56.4650059311981"
"121","80","1","false","20","5","11","44.71992653810835","58.1145584725537"
"123","80","1","false","20","5","15","65.56473829201101","83.50877192982456"
"126","80","1","false","20","5","8","35.53719008264463","46.18138424821002"
"124","80","1","false","20","5","14","61.799816345270884","78.43822843822844"
"125","80","1","false","20","5","11","47.56657483930211","61.44721233689205"
"122","80","1","false","20","5","11","47.474747474747474","61.6945107398568"
"127","80","1","false","20","5","3","13.406795224977044","17.176470588235293"
"123","80","1","false","20","5","16","69.60514233241506","88.65497076023392"
"121","80","1","false","20","5","12","48.484848484848484","63.0071599045346"
"124","80","1","false","20","5","15","65.7483930211203","83.44988344988346"
"127","80","1","false","20","5","4","17.90633608815427","22.941176470588236"
"126","80","1","false","20","5","9","38.75114784205693","50.35799522673031"
"122","80","1","false","20","5","12","51.147842056932966","66.46778042959427"
"123","80","1","false","20","5","17","74.19651056014692","94.50292397660819"
"125","80","1","false","20","5","12","51.147842056932966","66.073546856465"
"126","80","1","false","20","5","10","42.6078971533517","55.36992840095465"
"127","80","1","false","20","5","5","22.497704315886132","28.823529411764703"
"124","80","1","false","20","5","16","69.88062442607898","88.6946386946387"
"121","80","1","false","20","5","13","52.708907254361804","68.4964200477327"
"126","80","1","false","20","5","11","46.18916437098255","60.023866348448685"
"125","80","1","false","20","5","13","55.00459136822773","71.05575326215896"
"127","80","1","false","20","5","6","26.72176308539945","34.23529411764706"
"122","80","1","false","20","5","13","55.28007346189165","71.83770883054893"
"125","80","1","false","20","5","14","58.76951331496786","75.91933570581257"
"124","80","1","false","20","5","17","74.3801652892562","94.4055944055944"
"123","80","1","false","20","5","18","77.77777777777779","99.06432748538012"
"121","80","1","false","20","5","14","56.93296602387512","73.9856801909308"
"122","80","1","false","20","5","14","59.50413223140496","77.32696897374701"
"127","80","1","false","20","5","7","30.486685032139576","39.05882352941176"
"123","80","1","false","20","5","19","79.98163452708907","101.87134502923976"
"125","80","1","false","20","5","15","62.16712580348944","80.30842230130486"
"126","80","1","false","20","5","12","49.862258953168045","64.79713603818615"
"124","80","1","false","20","5","18","78.32874196510559","99.41724941724942"
"123","80","1","false","20","5","20","80.44077134986226","102.4561403508772"
"125","80","1","false","20","5","16","66.66666666666666","86.12099644128114"
"123","80","1","false","20","5","21","80.62442607897154","102.69005847953217"
"122","80","1","false","20","5","15","63.72819100091828","82.81622911694511"
"127","80","1","false","20","5","8","34.43526170798898","44.11764705882353"
"125","80","1","false","20","5","17","70.98255280073462","91.69632265717675"
"121","80","1","false","20","5","15","60.97337006427915","79.23627684964201"
"126","80","1","false","20","5","13","53.168044077134994","69.09307875894987"
"123","80","1","false","20","5","22","80.8080808080808","102.92397660818713"
"124","80","1","false","20","5","19","80.62442607897154","102.33100233100234"
"125","80","1","false","20","5","18","75.39026629935721","97.3902728351127"
"126","80","1","false","20","5","14","56.84113865932048","73.86634844868735"
"124","80","1","false","20","5","20","81.45087235996327","103.37995337995338"
"123","80","1","false","20","5","23","80.89990817263545","103.04093567251462"
"122","80","1","false","20","5","16","67.76859504132231","88.06682577565633"
"125","80","1","false","20","5","19","78.78787878787878","101.77935943060498"
"127","80","1","false","20","5","9","38.29201101928375","49.05882352941177"
"124","80","1","false","20","5","21","81.45087235996327","103.37995337995338"
"126","80","1","false","20","5","15","60.51423324150596","78.63961813842482"
"123","80","1","false","20","5","24","80.89990817263545","103.04093567251462"
"121","80","1","false","20","5","16","64.46280991735537","83.7708830548926"
"125","80","1","false","20","5","20","79.52249770431588","102.72835112692763"
"126","80","1","false","20","5","16","64.64646464646465","84.00954653937947"
"128","80","1","false","20","5","0","2.295684113865932","2.9342723004694835"
"130","80","1","false","20","5","0","2.1120293847566574","2.7283511269276395"
"127","80","1","false","20","5","10","42.14876033057851","54"
"125","80","1","false","20","5","21","79.7979797979798","103.08422301304863"
"122","80","1","false","20","5","17","72.1763085399449","93.7947494033413"
"129","80","1","false","20","5","0","2.203856749311295","2.823529411764706"
"126","80","1","false","20","5","17","68.50321395775941","89.02147971360382"
"130","80","1","false","20","5","1","5.142332415059688","6.642941874258599"
"129","80","1","false","20","5","1","5.968778696051423","7.647058823529412"
"121","80","1","false","20","5","17","68.59504132231406","89.14081145584726"
"128","80","1","false","20","5","1","6.336088154269973","8.098591549295776"
"125","80","1","false","20","5","22","79.7979797979798","103.08422301304863"
"126","80","1","false","20","5","18","72.54361799816346","94.27207637231504"
"130","80","1","false","20","5","2","8.631772268135904","11.150652431791222"
"127","80","1","false","20","5","11","46.372819100091824","59.411764705882355"
"128","80","1","false","20","5","2","10.651974288337925","13.615023474178404"
"126","80","1","false","20","5","19","76.03305785123968","98.80668257756562"
"129","80","1","false","20","5","2","10.46831955922865","13.411764705882353"
"128","80","1","false","20","5","3","14.23324150596878","18.192488262910796"
"121","80","1","false","20","5","18","72.35996326905418","94.03341288782816"
"122","80","1","false","20","5","18","75.94123048668503","98.68735083532219"
"131","85","1","false","20","5","0","2.479338842975207","3.013392857142857"
"126","80","1","false","20","5","20","78.14508723599633","101.55131264916469"
"127","80","1","false","20","5","12","50.59687786960514","64.8235294117647"
"130","80","1","false","20","5","3","12.304866850321396","15.895610913404507"
"128","80","1","false","20","5","4","17.90633608815427","22.887323943661972"
"129","80","1","false","20","5","3","14.784205693296604","18.941176470588236"
"121","80","1","false","20","5","19","75.75757575757575","98.44868735083531"
"130","80","1","false","20","5","4","15.794306703397613","20.40332147093713"
"128","80","1","false","20","5","5","21.763085399449036","27.816901408450708"
"129","80","1","false","20","5","4","19.100091827364555","24.47058823529412"
"131","85","1","false","20","5","1","6.7952249770431585","8.258928571428571"
"126","80","1","false","20","5","21","78.97153351698806","102.6252983293556"
"127","80","1","false","20","5","13","55.00459136822773","70.47058823529412"
"128","80","1","false","20","5","6","25.252525252525253","32.27699530516432"
"130","80","1","false","20","5","5","19.742883379247015","25.50415183867141"
"122","80","1","false","20","5","19","78.0532598714417","101.43198090692125"
"131","85","1","false","20","5","2","11.386593204775023","13.839285714285715"
"130","80","1","false","20","5","6","23.415977961432507","30.2491103202847"
"126","80","1","false","20","5","22","79.15518824609734","102.86396181384248"
"131","85","1","false","20","5","3","16.161616161616163","19.642857142857142"
"128","80","1","false","20","5","7","28.92561983471074","36.971830985915496"
"129","80","1","false","20","5","5","23.59963269054178","30.23529411764706"
"130","80","1","false","20","5","7","27.27272727272727","35.231316725978644"
"121","80","1","false","20","5","20","78.14508723599633","101.55131264916469"
"127","80","1","false","20","5","14","59.32047750229569","76"
"126","80","1","false","20","5","23","79.15518824609734","102.86396181384248"
"122","80","1","false","20","5","20","79.06336088154269","102.74463007159905"
"128","80","1","false","20","5","8","32.415059687786965","41.431924882629104"
"130","80","1","false","20","5","8","31.313131313131315","40.45077105575326"
"129","80","1","false","20","5","6","28.007346189164373","35.88235294117647"
"131","85","1","false","20","5","4","20.84481175390266","25.33482142857143"
"130","80","1","false","20","5","9","35.53719008264463","45.90747330960854"
"122","80","1","false","20","5","21","79.24701561065197","102.98329355608591"
"129","80","1","false","20","5","7","31.772268135904504","40.705882352941174"
"128","80","1","false","20","5","9","36.08815426997245","46.12676056338028"
"132","85","1","false","20","5","0","2.571166207529844","3.1638418079096042"
"130","80","1","false","20","5","10","40.03673094582185","51.72004744958482"
"128","80","1","false","20","5","10","39.85307621671258","50.93896713615024"
"121","80","1","false","20","5","21","79.24701561065197","102.98329355608591"
"131","85","1","false","20","5","5","25.252525252525253","30.691964285714285"
"132","85","1","false","20","5","1","6.887052341597796","8.47457627118644"
"122","80","1","false","20","5","22","79.24701561065197","102.98329355608591"
"130","80","1","false","20","5","11","44.0771349862259","56.93950177935944"
"128","80","1","false","20","5","11","44.62809917355372","57.04225352112676"
"129","80","1","false","20","5","8","35.62901744719926","45.64705882352941"
"131","85","1","false","20","5","6","29.476584022038566","35.825892857142854"
"132","85","1","false","20","5","2","11.019283746556475","13.559322033898304"
"127","80","1","false","20","5","15","63.72819100091828","81.64705882352942"
"132","85","1","false","20","5","3","15.243342516069788","18.757062146892657"
"131","85","1","false","20","5","7","33.88429752066116","41.183035714285715"
"128","80","1","false","20","5","12","48.39302112029385","61.85446009389671"
"130","80","1","false","20","5","12","48.301193755739206","62.39620403321471"
"121","80","1","false","20","5","22","79.24701561065197","102.98329355608591"
"129","80","1","false","20","5","9","39.21028466483012","50.23529411764706"
"132","85","1","false","20","5","4","19.742883379247015","24.293785310734464"
"127","80","1","false","20","5","16","68.13590449954087","87.29411764705883"
"130","80","1","false","20","5","13","52.34159779614325","67.61565836298932"
"131","85","1","false","20","5","8","39.02662993572085","47.433035714285715"
"128","80","1","false","20","5","13","52.157943067033976","66.66666666666666"
"129","80","1","false","20","5","10","42.88337924701561","54.94117647058824"
"132","85","1","false","20","5","5","23.96694214876033","29.491525423728817"
"133","85","1","false","20","5","0","2.7548209366391188","3.260869565217391"
"131","85","1","false","20","5","9","43.98530762167126","53.45982142857143"
"132","85","1","false","20","5","6","28.46648301193756","35.02824858757062"
"129","80","1","false","20","5","11","46.372819100091824","59.411764705882355"
"134","85","1","false","20","5","0","2.3875114784205693","2.8540065861690453"
"131","85","1","false","20","5","10","48.852157943067034","59.375"
"128","80","1","false","20","5","14","56.014692378328746","71.59624413145539"
"132","85","1","false","20","5","7","32.966023875114786","40.56497175141243"
"130","80","1","false","20","5","14","56.014692378328746","72.3606168446026"
"133","85","1","false","20","5","1","7.529843893480257","8.91304347826087"
"127","80","1","false","20","5","17","72.45179063360881","92.82352941176471"
"129","80","1","false","20","5","12","49.770431588613405","63.76470588235294"
"128","80","1","false","20","5","15","60.05509641873278","76.76056338028168"
"131","85","1","false","20","5","11","53.351698806244265","64.84375"
"132","85","1","false","20","5","8","37.28191000918273","45.87570621468927"
"130","80","1","false","20","5","15","59.59595959595959","76.98695136417555"
"134","85","1","false","20","5","1","6.42791551882461","7.683863885839736"
"127","80","1","false","20","5","18","76.85950413223141","98.47058823529412"
"131","85","1","false","20","5","12","58.1267217630854","70.64732142857143"
"132","85","1","false","20","5","9","41.8732782369146","51.52542372881356"
"130","80","1","false","20","5","16","63.45270890725436","81.96915776986951"
"64","50","1","false","20","5","14","8.907254361799815","18.063314711359403"
"129","80","1","false","20","5","13","53.351698806244265","68.35294117647058"
"133","85","1","false","20","5","2","12.48852157943067","14.782608695652174"
"128","80","1","false","20","5","16","64.09550045913683","81.92488262910797"
"131","85","1","false","20","5","13","63.08539944903582","76.67410714285714"
"132","85","1","false","20","5","10","46.5564738292011","57.28813559322033"
"134","85","1","false","20","5","2","11.202938475665748","13.391877058177826"
"128","80","1","false","20","5","17","67.67676767676768","86.50234741784037"
"132","85","1","false","20","5","11","50.872359963269055","62.59887005649718"
"131","85","1","false","20","5","14","67.30945821854912","81.80803571428571"
"128","80","1","false","20","5","18","71.53351698806244","91.43192488262912"
"130","80","1","false","20","5","17","67.76859504132231","87.54448398576513"
"129","80","1","false","20","5","14","57.02479338842975","73.05882352941177"
"127","80","1","false","20","5","19","79.70615243342516","102.11764705882354"
"128","80","1","false","20","5","19","74.93112947658402","95.77464788732394"
"131","85","1","false","20","5","15","71.62534435261708","87.05357142857143"
"133","85","1","false","20","5","3","17.722681359044994","20.97826086956522"
"132","85","1","false","20","5","12","54.45362718089991","67.00564971751413"
"134","85","1","false","20","5","3","16.161616161616163","19.319429198682766"
"128","80","1","false","20","5","20","77.22681359044995","98.70892018779342"
"129","80","1","false","20","5","15","61.15702479338842","78.3529411764706"
"132","85","1","false","20","5","13","58.8613406795225","72.42937853107345"
"128","80","1","false","20","5","21","78.87970615243343","100.82159624413146"
"127","80","1","false","20","5","20","80.25711662075298","102.82352941176471"
"130","80","1","false","20","5","18","71.80899908172636","92.76393831553975"
"132","85","1","false","20","5","14","63.26905417814509","77.85310734463276"
"131","85","1","false","20","5","16","75.94123048668503","92.29910714285714"
"134","85","1","false","20","5","4","20.752984389348025","24.807903402854006"
"128","80","1","false","20","5","22","79.43067033976125","101.52582159624413"
"133","85","1","false","20","5","4","22.22222222222222","26.304347826086953"
"129","80","1","false","20","5","16","65.10560146923783","83.41176470588235"
"132","85","1","false","20","5","15","68.2277318640955","83.954802259887"
"131","85","1","false","20","5","17","80.34894398530761","97.65625"
"128","80","1","false","20","5","23","79.7979797979798","101.99530516431925"
"132","85","1","false","20","5","16","72.63544536271809","89.37853107344634"
"127","80","1","false","20","5","21","80.25711662075298","102.82352941176471"
"131","85","1","false","20","5","18","83.19559228650138","101.11607142857142"
"133","85","1","false","20","5","5","26.62993572084481","31.521739130434785"
"134","85","1","false","20","5","5","25.068870523415974","29.967069154774972"
"131","85","1","false","20","5","19","84.48117539026629","102.67857142857142"
"128","80","1","false","20","5","24","80.0734618916437","102.34741784037557"
"129","80","1","false","20","5","17","69.32966023875115","88.8235294117647"
"132","85","1","false","20","5","17","77.3186409550046","95.14124293785311"
"130","80","1","false","20","5","19","74.83930211202939","96.6785290628707"
"133","85","1","false","20","5","6","31.40495867768595","37.173913043478265"
"131","85","1","false","20","5","20","84.75665748393021","103.01339285714286"
"128","80","1","false","20","5","25","80.25711662075298","102.58215962441315"
"129","80","1","false","20","5","18","73.82920110192838","94.58823529411765"
"130","80","1","false","20","5","20","77.13498622589532","99.644128113879"
"132","85","1","false","20","5","18","81.35904499540864","100.11299435028249"
"131","85","1","false","20","5","21","84.75665748393021","103.01339285714286"
"128","80","1","false","20","5","26","80.25711662075298","102.58215962441315"
"135","85","1","false","20","5","0","2.7548209366391188","3.3185840707964607"
"133","85","1","false","20","5","7","36.17998163452709","42.82608695652174"
"134","85","1","false","20","5","6","29.38475665748393","35.12623490669594"
"130","80","1","false","20","5","21","78.78787878787878","101.77935943060498"
"129","80","1","false","20","5","19","77.59412304866851","99.41176470588235"
"137","85","1","false","20","5","0","2.6629935720844813","3.2008830022075054"
"136","85","1","false","20","5","0","2.203856749311295","2.631578947368421"
"132","85","1","false","20","5","19","83.47107438016529","102.71186440677967"
"135","85","1","false","20","5","1","7.3461891643709825","8.849557522123893"
"137","85","1","false","20","5","1","7.07070707070707","8.49889624724062"
"134","85","1","false","20","5","7","34.25160697887971","40.944017563117455"
"129","80","1","false","20","5","20","78.87970615243343","101.05882352941175"
"130","80","1","false","20","5","22","79.24701561065197","102.37247924080664"
"133","85","1","false","20","5","8","41.23048668503214","48.80434782608696"
"136","85","1","false","20","5","1","6.0606060606060606","7.236842105263158"
"137","85","1","false","20","5","2","10.927456382001836","13.134657836644593"
"130","80","1","false","20","5","23","79.24701561065197","102.37247924080664"
"132","85","1","false","20","5","20","83.56290174471994","102.82485875706216"
"136","85","1","false","20","5","2","10.46831955922865","12.5"
"134","85","1","false","20","5","8","39.02662993572085","46.65203073545554"
"135","85","1","false","20","5","2","11.47842056932966","13.827433628318584"
"129","80","1","false","20","5","21","79.33884297520662","101.6470588235294"
"137","85","1","false","20","5","3","15.243342516069788","18.322295805739515"
"136","85","1","false","20","5","3","14.967860422405877","17.87280701754386"
"132","85","1","false","20","5","21","83.65472910927456","102.93785310734462"
"133","85","1","false","20","5","9","46.18916437098255","54.673913043478265"
"137","85","1","false","20","5","4","19.92653810835629","23.951434878587197"
"134","85","1","false","20","5","9","43.15886134067952","51.591657519209654"
"132","85","1","false","20","5","22","83.65472910927456","102.93785310734462"
"135","85","1","false","20","5","3","15.243342516069788","18.36283185840708"
"129","80","1","false","20","5","22","79.70615243342516","102.11764705882354"
"137","85","1","false","20","5","5","24.701561065197428","29.69094922737307"
"133","85","1","false","20","5","10","50.78053259871441","60.108695652173914"
"136","85","1","false","20","5","4","19.28374655647383","23.026315789473685"
"137","85","1","false","20","5","6","29.10927456382002","34.98896247240618"
"134","85","1","false","20","5","10","47.658402203856745","56.97036223929748"
"139","85","1","false","20","5","0","2.479338842975207","3.013392857142857"
"136","85","1","false","20","5","5","24.517906336088156","29.276315789473685"
"129","80","1","false","20","5","23","79.98163452708907","102.47058823529412"
"135","85","1","false","20","5","4","19.4674012855831","23.451327433628318"
"138","85","1","false","20","5","0","2.479338842975207","3.0066815144766146"
"133","85","1","false","20","5","11","55.64738292011019","65.8695652173913"
"139","85","1","false","20","5","1","6.336088154269973","7.700892857142858"
"137","85","1","false","20","5","7","33.51698806244261","40.2869757174393"
"138","85","1","false","20","5","1","6.7952249770431585","8.240534521158128"
"139","85","1","false","20","5","2","10.46831955922865","12.723214285714285"
"137","85","1","false","20","5","8","37.64921946740129","45.253863134657834"
"134","85","1","false","20","5","11","52.157943067033976","62.34906695938529"
"136","85","1","false","20","5","6","29.017447199265384","34.64912280701755"
"129","80","1","false","20","5","24","79.98163452708907","102.47058823529412"
"138","85","1","false","20","5","2","11.47842056932966","13.919821826280623"
"137","85","1","false","20","5","9","41.96510560146924","50.44150110375276"
"135","85","1","false","20","5","5","24.426078971533517","29.424778761061948"
"133","85","1","false","20","5","12","59.87144168962351","70.86956521739131"
"136","85","1","false","20","5","7","33.14967860422406","39.58333333333333"
"138","85","1","false","20","5","3","15.977961432506888","19.37639198218263"
"139","85","1","false","20","5","3","14.784205693296604","17.96875"
"140","85","1","false","20","5","0","2.7548209366391188","3.314917127071823"
"136","85","1","false","20","5","8","38.29201101928375","45.723684210526315"
"134","85","1","false","20","5","12","56.65748393021121","67.72777167947311"
"137","85","1","false","20","5","10","46.097337006427914","55.40838852097131"
"140","85","1","false","20","5","1","7.3461891643709825","8.83977900552486"
"139","85","1","false","20","5","4","19.19191919191919","23.325892857142858"
"136","85","1","false","20","5","9","43.52617079889807","51.973684210526315"
"135","85","1","false","20","5","6","29.292929292929294","35.28761061946903"
"133","85","1","false","20","5","13","64.18732782369146","75.97826086956522"
"138","85","1","false","20","5","4","20.477502295684115","24.832962138084632"
"137","85","1","false","20","5","11","50.688705234159784","60.9271523178808"
"136","85","1","false","20","5","10","48.484848484848484","57.89473684210527"
"140","85","1","false","20","5","2","11.570247933884298","13.922651933701658"
"139","85","1","false","20","5","5","23.415977961432507","28.45982142857143"
"135","85","1","false","20","5","7","33.88429752066116","40.81858407079646"
"138","85","1","false","20","5","5","25.252525252525253","30.62360801781737"
"134","85","1","false","20","5","13","61.43250688705234","73.43578485181119"
"140","85","1","false","20","5","3","15.426997245179063","18.563535911602212"
"136","85","1","false","20","5","11","52.98438934802571","63.26754385964912"
"139","85","1","false","20","5","6","28.558310376492198","34.70982142857143"
"137","85","1","false","20","5","12","55.188246097337","66.3355408388521"
"133","85","1","false","20","5","14","68.59504132231406","81.19565217391305"
"140","85","1","false","20","5","4","19.28374655647383","23.204419889502763"
"136","85","1","false","20","5","12","58.1267217630854","69.4078947368421"
"135","85","1","false","20","5","8","38.9348025711662","46.902654867256636"
"137","85","1","false","20","5","13","59.96326905417815","72.07505518763797"
"138","85","1","false","20","5","6","29.843893480257115","36.191536748329625"
"140","85","1","false","20","5","5","23.324150596877868","28.066298342541433"
"139","85","1","false","20","5","7","33.14967860422406","40.29017857142857"
"134","85","1","false","20","5","14","66.66666666666666","79.69264544456641"
"136","85","1","false","20","5","13","63.17722681359045","75.43859649122807"
"140","85","1","false","20","5","6","28.09917355371901","33.812154696132595"
"138","85","1","false","20","5","7","34.43526170798898","41.759465478841875"
"133","85","1","false","20","5","15","73.46189164370982","86.95652173913044"
"139","85","1","false","20","5","8","37.1900826446281","45.200892857142854"
"137","85","1","false","20","5","14","64.92194674012856","78.03532008830022"
"139","85","1","false","20","5","9","41.32231404958678","50.22321428571429"
"138","85","1","false","20","5","8","38.9348025711662","47.216035634743875"
"140","85","1","false","20","5","7","32.69054178145087","39.33701657458564"
"135","85","1","false","20","5","9","43.70982552800734","52.654867256637175"
"137","85","1","false","20","5","15","69.88062442607898","83.99558498896246"
"134","85","1","false","20","5","15","71.80899908172636","85.8397365532382"
"136","85","1","false","20","5","14","67.4931129476584","80.5921052631579"
"138","85","1","false","20","5","9","43.80165289256198","53.11804008908686"
"137","85","1","false","20","5","16","74.3801652892562","89.40397350993378"
"133","85","1","false","20","5","16","78.0532598714417","92.3913043478261"
"138","85","1","false","20","5","10","48.39302112029385","58.68596881959911"
"140","85","1","false","20","5","8","37.1900826446281","44.751381215469614"
"137","85","1","false","20","5","17","79.7979797979798","95.91611479028698"
"135","85","1","false","20","5","10","48.301193755739206","58.1858407079646"
"138","85","1","false","20","5","11","53.351698806244265","64.69933184855235"
"134","85","1","false","20","5","16","76.76767676767676","91.76728869374314"
"139","85","1","false","20","5","10","45.73002754820937","55.58035714285714"
"140","85","1","false","20","5","9","41.68962350780532","50.165745856353595"
"137","85","1","false","20","5","18","83.56290174471994","100.44150110375276"
"136","85","1","false","20","5","15","71.62534435261708","85.52631578947368"
"133","85","1","false","20","5","17","82.82828282828282","98.04347826086956"
"138","85","1","false","20","5","12","58.21854912764004","70.60133630289532"
"140","85","1","false","20","5","10","45.821854912764","55.13812154696133"
"137","85","1","false","20","5","19","85.2157943067034","102.42825607064017"
"135","85","1","false","20","5","11","53.627180899908176","64.60176991150442"
"140","85","1","false","20","5","11","50.413223140495866","60.66298342541436"
"139","85","1","false","20","5","11","50.505050505050505","61.38392857142857"
"134","85","1","false","20","5","17","81.5426997245179","97.47530186608124"
"136","85","1","false","20","5","16","75.66574839302112","90.35087719298247"
"133","85","1","false","20","5","18","86.40955004591369","102.28260869565217"
"140","85","1","false","20","5","12","55.09641873278237","66.29834254143645"
"137","85","1","false","20","5","20","85.76675849403122","103.09050772626931"
"138","85","1","false","20","5","13","62.35078053259871","75.61247216035635"
"136","85","1","false","20","5","17","80.0734618916437","95.6140350877193"
"139","85","1","false","20","5","12","54.9127640036731","66.74107142857143"
"135","85","1","false","20","5","12","58.40220385674931","70.35398230088495"
"137","85","1","false","20","5","21","85.76675849403122","103.09050772626931"
"134","85","1","false","20","5","18","85.2157943067034","101.86608122941823"
"138","85","1","false","20","5","14","66.7584940312213","80.95768374164811"
"136","85","1","false","20","5","18","83.37924701561064","99.56140350877193"
"140","85","1","false","20","5","13","60.14692378328742","72.37569060773481"
"139","85","1","false","20","5","13","59.87144168962351","72.76785714285714"
"133","85","1","false","20","5","19","87.23599632690542","103.26086956521738"
"135","85","1","false","20","5","13","63.17722681359045","76.10619469026548"
"138","85","1","false","20","5","15","71.62534435261708","86.8596881959911"
"136","85","1","false","20","5","19","85.03213957759412","101.53508771929825"
"134","85","1","false","20","5","19","86.04224058769513","102.85400658616905"
"141","90","1","false","20","5","0","2.6629935720844813","3.062302006335797"
"139","85","1","false","20","5","14","64.55463728191","78.45982142857143"
"138","85","1","false","20","5","16","76.40036730945822","92.65033407572383"
"136","85","1","false","20","5","20","85.76675849403122","102.41228070175438"
"140","85","1","false","20","5","14","65.28925619834712","78.56353591160222"
"141","90","1","false","20","5","1","7.254361799816346","8.342133051742344"
"139","85","1","false","20","5","15","69.23783287419651","84.15178571428571"
"136","85","1","false","20","5","21","85.9504132231405","102.63157894736842"
"138","85","1","false","20","5","17","80.53259871441689","97.66146993318485"
"133","85","1","false","20","5","20","87.23599632690542","103.26086956521738"
"134","85","1","false","20","5","20","86.04224058769513","102.85400658616905"
"141","90","1","false","20","5","2","11.84573002754821","13.621964097148892"
"140","85","1","false","20","5","15","70.52341597796143","84.86187845303867"
"135","85","1","false","20","5","14","67.86042240587695","81.74778761061947"
"138","85","1","false","20","5","18","83.7465564738292","101.55902004454343"
"136","85","1","false","20","5","22","85.9504132231405","102.63157894736842"
"135","85","1","false","20","5","15","72.35996326905418","87.16814159292035"
"141","90","1","false","20","5","3","16.804407713498623","19.32418162618796"
"138","85","1","false","20","5","19","84.66483011937558","102.67260579064587"
"140","85","1","false","20","5","16","76.03305785123968","91.49171270718232"
"142","90","1","false","20","5","0","2.846648301193756","3.2426778242677825"
"141","90","1","false","20","5","4","21.57943067033976","24.81520591341077"
"139","85","1","false","20","5","16","73.92102846648301","89.84375"
"138","85","1","false","20","5","20","84.75665748393021","102.78396436525613"
"135","85","1","false","20","5","16","77.41046831955923","93.25221238938053"
"141","90","1","false","20","5","5","26.354453627180902","30.30623020063358"
"139","85","1","false","20","5","17","78.42056932966024","95.3125"
"138","85","1","false","20","5","21","84.75665748393021","102.78396436525613"
"141","90","1","false","20","5","6","31.496786042240586","36.219640971488914"
"139","85","1","false","20","5","18","82.55280073461891","100.33482142857142"
"142","90","1","false","20","5","1","7.43801652892562","8.472803347280335"
"135","85","1","false","20","5","17","81.5426997245179","98.23008849557522"
"141","90","1","false","20","5","7","37.00642791551883","42.555438225976765"
"145","90","1","false","20","5","0","2.7548209366391188","3.171247357293869"
"139","85","1","false","20","5","19","84.38934802571167","102.56696428571428"
"144","90","1","false","20","5","0","2.6629935720844813","3.046218487394958"
"141","90","1","false","20","5","8","42.42424242424242","48.7856388595565"
"145","90","1","false","20","5","1","7.80532598714417","8.985200845665963"
"144","90","1","false","20","5","1","7.254361799816346","8.298319327731091"
"139","85","1","false","20","5","20","84.66483011937558","102.90178571428572"
"145","90","1","false","20","5","2","12.947658402203857","14.904862579281183"
"144","90","1","false","20","5","2","12.029384756657484","13.760504201680673"
"141","90","1","false","20","5","9","47.2910927456382","54.38225976768744"
"139","85","1","false","20","5","21","84.75665748393021","103.01339285714286"
"145","90","1","false","20","5","3","17.53902662993572","20.190274841437635"
"144","90","1","false","20","5","3","16.988062442607895","19.432773109243698"
"141","90","1","false","20","5","10","52.157943067033976","59.97888067581837"
"139","85","1","false","20","5","22","84.75665748393021","103.01339285714286"
"144","90","1","false","20","5","4","22.130394857667586","25.31512605042017"
"145","90","1","false","20","5","4","21.94674012855831","25.26427061310782"
"141","90","1","false","20","5","11","56.93296602387512","65.46990496304119"
"144","90","1","false","20","5","5","27.364554637281913","31.30252100840336"
"140","85","1","false","20","5","17","81.35904499540864","97.90055248618785"
"146","90","1","false","20","5","0","2.846648301193756","3.290870488322718"
"141","90","1","false","20","5","12","62.25895316804407","71.59450897571278"
"144","90","1","false","20","5","6","32.5068870523416","37.18487394957983"
"146","90","1","false","20","5","1","7.80532598714417","9.023354564755838"
"145","90","1","false","20","5","5","26.72176308539945","30.76109936575053"
"144","90","1","false","20","5","7","37.46556473829201","42.857142857142854"
"141","90","1","false","20","5","13","67.76859504132231","77.93030623020063"
"146","90","1","false","20","5","2","12.764003673094582","14.755838641188959"
"144","90","1","false","20","5","8","42.240587695133144","48.319327731092436"
"64","50","1","false","20","5","15","9.366391184573002","18.994413407821227"
"143","90","1","false","20","5","0","2.571166207529844","2.9598308668076108"
"146","90","1","false","20","5","3","17.90633608815427","20.70063694267516"
"141","90","1","false","20","5","14","73.27823691460054","84.26610348468849"
"145","90","1","false","20","5","6","31.588613406795226","36.36363636363637"
"144","90","1","false","20","5","9","47.474747474747474","54.30672268907563"
"135","85","1","false","20","5","18","84.48117539026629","101.76991150442478"
"140","85","1","false","20","5","18","84.94031221303948","102.20994475138122"
"142","90","1","false","20","5","2","12.029384756657484","13.702928870292888"
"144","90","1","false","20","5","10","52.708907254361804","60.29411764705882"
"143","90","1","false","20","5","1","7.162534435261708","8.24524312896406"
"140","85","1","false","20","5","19","85.76675849403122","103.20441988950276"
"146","90","1","false","20","5","4","22.865013774104685","26.43312101910828"
"141","90","1","false","20","5","15","78.78787878787878","90.60190073917634"
"144","90","1","false","20","5","11","58.1267217630854","66.49159663865547"
"146","90","1","false","20","5","5","27.364554637281913","31.634819532908704"
"145","90","1","false","20","5","7","36.82277318640955","42.38900634249472"
"142","90","1","false","20","5","3","17.447199265381084","19.874476987447697"
"141","90","1","false","20","5","16","84.20569329660239","96.83210137275607"
"144","90","1","false","20","5","12","63.26905417814509","72.37394957983193"
"135","85","1","false","20","5","19","85.58310376492194","103.09734513274336"
"143","90","1","false","20","5","2","11.937557392102846","13.742071881606766"
"145","90","1","false","20","5","8","42.6078971533517","49.04862579281184"
"141","90","1","false","20","5","17","88.06244260789715","101.26715945089757"
"140","85","1","false","20","5","20","85.76675849403122","103.20441988950276"
"144","90","1","false","20","5","13","68.59504132231406","78.46638655462185"
"142","90","1","false","20","5","4","22.95684113865932","26.15062761506276"
"145","90","1","false","20","5","9","47.750229568411385","54.96828752642706"
"146","90","1","false","20","5","6","32.231404958677686","37.261146496815286"
"141","90","1","false","20","5","18","89.07254361799816","102.42872228088702"
"143","90","1","false","20","5","3","16.804407713498623","19.3446088794926"
"135","85","1","false","20","5","20","85.76675849403122","103.31858407079646"
"144","90","1","false","20","5","14","73.55371900826447","84.13865546218487"
"142","90","1","false","20","5","5","28.37465564738292","32.32217573221757"
"147","90","1","false","20","5","0","2.6629935720844813","3.046218487394958"
"146","90","1","false","20","5","7","37.1900826446281","42.99363057324841"
"141","90","1","false","20","5","19","89.4398530762167","102.85110876451952"
"144","90","1","false","20","5","15","78.69605142332415","90.02100840336135"
"145","90","1","false","20","5","10","52.708907254361804","60.676532769556026"
"147","90","1","false","20","5","1","7.529843893480257","8.61344537815126"
"141","90","1","false","20","5","20","89.53168044077135","102.95670538542767"
"143","90","1","false","20","5","4","21.763085399449036","25.052854122621564"
"145","90","1","false","20","5","11","57.3921028466483","66.06765327695561"
"144","90","1","false","20","5","16","84.29752066115702","96.42857142857143"
"135","85","1","false","20","5","21","85.76675849403122","103.31858407079646"
"141","90","1","false","20","5","21","89.53168044077135","102.95670538542767"
"146","90","1","false","20","5","8","41.96510560146924","48.51380042462845"
"145","90","1","false","20","5","12","61.98347107438017","71.35306553911205"
"144","90","1","false","20","5","17","89.07254361799816","101.890756302521"
"142","90","1","false","20","5","6","33.057851239669425","37.65690376569037"
"146","90","1","false","20","5","9","47.474747474747474","54.88322717622081"
"145","90","1","false","20","5","13","66.94214876033058","77.06131078224101"
"144","90","1","false","20","5","18","90.08264462809917","103.04621848739495"
"143","90","1","false","20","5","5","26.813590449954088","30.866807610993657"
"147","90","1","false","20","5","2","12.85583103764922","14.705882352941178"
"146","90","1","false","20","5","10","52.34159779614325","60.509554140127385"
"148","90","1","false","20","5","0","2.479338842975207","2.815432742440042"
"144","90","1","false","20","5","19","90.08264462809917","103.04621848739495"
"142","90","1","false","20","5","7","37.74104683195592","42.99163179916318"
"145","90","1","false","20","5","14","72.08448117539027","82.98097251585624"
"147","90","1","false","20","5","3","17.81450872359963","20.3781512605042"
"146","90","1","false","20","5","11","57.48393021120294","66.45435244161358"
"148","90","1","false","20","5","1","6.887052341597796","7.820646506777893"
"145","90","1","false","20","5","15","77.50229568411386","89.21775898520085"
"143","90","1","false","20","5","6","32.047750229568415","36.89217758985201"
"150","90","1","false","20","5","0","2.479338842975207","2.8095733610822062"
"149","90","1","false","20","5","0","2.6629935720844813","3.08839190628328"
"146","90","1","false","20","5","12","62.35078053259871","72.08067940552016"
"147","90","1","false","20","5","4","22.130394857667586","25.31512605042017"
"150","90","1","false","20","5","1","6.7952249770431585","7.700312174817898"
"148","90","1","false","20","5","2","11.662075298438934","13.242961418143901"
"145","90","1","false","20","5","16","82.92011019283747","95.45454545454545"
"142","90","1","false","20","5","8","42.42424242424242","48.32635983263599"
"146","90","1","false","20","5","13","67.21763085399449","77.70700636942675"
"150","90","1","false","20","5","2","12.029384756657484","13.631633714880333"
"148","90","1","false","20","5","3","16.345270890725434","18.561001042752867"
"145","90","1","false","20","5","17","87.32782369146005","100.52854122621564"
"149","90","1","false","20","5","1","7.162534435261708","8.30670926517572"
"146","90","1","false","20","5","14","72.1763085399449","83.43949044585987"
"148","90","1","false","20","5","4","21.21212121212121","24.087591240875913"
"150","90","1","false","20","5","3","17.355371900826448","19.667013527575442"
"145","90","1","false","20","5","18","89.25619834710744","102.74841437632136"
"147","90","1","false","20","5","5","26.62993572084481","30.462184873949578"
"143","90","1","false","20","5","7","37.00642791551883","42.600422832980975"
"148","90","1","false","20","5","5","25.528007346189163","28.988529718456725"
"146","90","1","false","20","5","15","77.22681359044995","89.27813163481953"
"142","90","1","false","20","5","9","47.38292011019284","53.97489539748954"
"145","90","1","false","20","5","19","89.62350780532599","103.17124735729386"
"148","90","1","false","20","5","6","30.670339761248854","34.82794577685089"
"149","90","1","false","20","5","2","12.213039485766759","14.164004259850904"
"146","90","1","false","20","5","16","82.46097337006428","95.32908704883228"
"148","90","1","false","20","5","7","35.99632690541782","40.87591240875913"
"147","90","1","false","20","5","6","31.86409550045914","36.44957983193277"
"145","90","1","false","20","5","20","89.62350780532599","103.17124735729386"
"150","90","1","false","20","5","4","22.58953168044077","25.59833506763788"
"146","90","1","false","20","5","17","86.9605142332415","100.5307855626327"
"148","90","1","false","20","5","8","41.1386593204775","46.715328467153284"
"150","90","1","false","20","5","5","27.915518824609737","31.633714880332985"
"149","90","1","false","20","5","3","17.447199265381084","20.23429179978701"
"142","90","1","false","20","5","10","52.708907254361804","60.04184100418411"
"143","90","1","false","20","5","8","42.33241505968779","48.731501057082454"
"147","90","1","false","20","5","7","37.1900826446281","42.542016806722685"
"146","90","1","false","20","5","18","89.07254361799816","102.9723991507431"
"148","90","1","false","20","5","9","46.648301193755735","52.971845672575604"
"150","90","1","false","20","5","6","33.33333333333333","37.77315296566077"
"146","90","1","false","20","5","19","89.34802571166207","103.29087048832272"
"148","90","1","false","20","5","10","52.066115702479344","59.12408759124088"
"149","90","1","false","20","5","4","22.03856749311295","25.559105431309902"
"143","90","1","false","20","5","9","47.38292011019284","54.54545454545454"
"147","90","1","false","20","5","8","42.240587695133144","48.319327731092436"
"148","90","1","false","20","5","11","57.57575757575758","65.38060479666319"
"146","90","1","false","20","5","20","89.34802571166207","103.29087048832272"
"150","90","1","false","20","5","7","38.75114784205693","43.91259105098855"
"142","90","1","false","20","5","11","58.21854912764004","66.31799163179917"
"150","90","1","false","20","5","8","43.61799816345271","49.42767950052029"
"148","90","1","false","20","5","12","62.44260789715336","70.90719499478624"
"64","50","1","false","20","5","16","9.917355371900827","20.11173184357542"
"149","90","1","false","20","5","5","26.62993572084481","30.8839190628328"
"143","90","1","false","20","5","10","52.157943067033976","60.04228329809725"
"147","90","1","false","20","5","9","47.19926538108356","53.99159663865546"
"148","90","1","false","20","5","13","67.86042240587695","77.0594369134515"
"142","90","1","false","20","5","12","63.54453627180901","72.38493723849372"
"150","90","1","false","20","5","9","48.484848484848484","54.94276795005203"
"143","90","1","false","20","5","11","57.02479338842975","65.64482029598308"
"149","90","1","false","20","5","6","31.129476584022036","36.102236421725244"
"147","90","1","false","20","5","10","51.69880624426079","59.13865546218487"
"150","90","1","false","20","5","10","53.627180899908176","60.77003121748179"
"148","90","1","false","20","5","14","73.73737373737373","83.73305526590198"
"142","90","1","false","20","5","13","68.87052341597796","78.45188284518828"
"148","90","1","false","20","5","15","78.97153351698806","89.67674661105318"
"150","90","1","false","20","5","11","58.31037649219467","66.07700312174818"
"147","90","1","false","20","5","11","56.84113865932048","65.02100840336135"
"149","90","1","false","20","5","7","35.720844811753906","41.42705005324814"
"150","90","1","false","20","5","12","63.17722681359045","71.59209157127991"
"148","90","1","false","20","5","16","84.02203856749311","95.4118873826903"
"143","90","1","false","20","5","12","62.16712580348944","71.56448202959831"
"147","90","1","false","20","5","12","62.0752984389348","71.00840336134453"
"148","90","1","false","20","5","17","88.42975206611571","100.41710114702815"
"142","90","1","false","20","5","14","74.01285583103765","84.30962343096235"
"150","90","1","false","20","5","13","68.31955922865014","77.41935483870968"
"149","90","1","false","20","5","8","40.49586776859504","46.96485623003195"
"148","90","1","false","20","5","18","90.35812672176309","102.60688216892598"
"143","90","1","false","20","5","13","67.12580348943985","77.27272727272727"
"148","90","1","false","20","5","19","90.54178145087236","102.81543274244005"
"150","90","1","false","20","5","14","73.82920110192838","83.66285119667015"
"142","90","1","false","20","5","15","79.33884297520662","90.3765690376569"
"147","90","1","false","20","5","13","67.58494031221304","77.31092436974791"
"148","90","1","false","20","5","20","90.54178145087236","102.81543274244005"
"149","90","1","false","20","5","9","45.362718089990814","52.609158679446224"
"143","90","1","false","20","5","14","71.80899908172636","82.66384778012686"
"142","90","1","false","20","5","16","84.57300275482093","96.33891213389121"
"147","90","1","false","20","5","14","72.72727272727273","83.19327731092437"
"150","90","1","false","20","5","15","79.24701561065197","89.80228928199791"
"149","90","1","false","20","5","10","49.95408631772268","57.93397231096912"
"143","90","1","false","20","5","15","76.21671258034894","87.73784355179704"
"142","90","1","false","20","5","17","88.79706152433425","101.15062761506277"
"147","90","1","false","20","5","15","77.96143250688705","89.18067226890757"
"150","90","1","false","20","5","16","84.11386593204774","95.31737773152965"
"143","90","1","false","20","5","16","81.17539026629935","93.44608879492601"
"149","90","1","false","20","5","11","54.45362718089991","63.15228966986155"
"142","90","1","false","20","5","18","90.44995408631772","103.03347280334727"
"143","90","1","false","20","5","17","86.40955004591369","99.47145877378436"
"147","90","1","false","20","5","16","83.37924701561064","95.37815126050421"
"149","90","1","false","20","5","12","59.22865013774105","68.69009584664538"
"142","90","1","false","20","5","19","90.54178145087236","103.13807531380755"
"150","90","1","false","20","5","17","87.97061524334252","99.68782518210197"
"143","90","1","false","20","5","18","89.1643709825528","102.64270613107823"
"149","90","1","false","20","5","13","64.00367309458218","74.22790202342918"
"147","90","1","false","20","5","17","87.97061524334252","100.63025210084034"
"143","90","1","false","20","5","19","89.4398530762167","102.95983086680761"
"142","90","1","false","20","5","20","90.54178145087236","103.13807531380755"
"147","90","1","false","20","5","18","89.8989898989899","102.8361344537815"
"149","90","1","false","20","5","14","68.87052341597796","79.87220447284345"
"143","90","1","false","20","5","20","89.4398530762167","102.95983086680761"
"150","90","1","false","20","5","18","90.35812672176309","102.39334027055152"
"149","90","1","false","20","5","15","74.47199265381084","86.36847710330139"
"147","90","1","false","20","5","19","89.99081726354453","102.94117647058823"
"150","90","1","false","20","5","19","90.72543617998163","102.8095733610822"
"149","90","1","false","20","5","16","79.88980716253444","92.65175718849841"
"147","90","1","false","20","5","20","89.99081726354453","102.94117647058823"
"149","90","1","false","20","5","17","84.75665748393021","98.29605963791266"
"150","90","1","false","20","5","20","90.72543617998163","102.8095733610822"
"149","90","1","false","20","5","18","87.87878787878788","101.91693290734824"
"149","90","1","false","20","5","19","88.79706152433425","102.98189563365283"
"149","90","1","false","20","5","20","88.88888888888889","103.08839190628328"
"149","90","1","false","20","5","21","88.88888888888889","103.08839190628328"
"64","50","1","false","20","5","17","10.560146923783286","21.415270018621975"
"64","50","1","false","20","5","18","10.927456382001836","22.160148975791433"
"64","50","1","false","20","5","19","11.386593204775023","23.09124767225326"
"64","50","1","false","20","5","20","12.029384756657484","24.39478584729981"
"64","50","1","false","20","5","21","12.396694214876034","25.139664804469277"
"64","50","1","false","20","5","22","12.947658402203857","26.256983240223462"
"64","50","1","false","20","5","23","13.498622589531681","27.37430167597765"
"64","50","1","false","20","5","24","14.049586776859504","28.49162011173184"
"64","50","1","false","20","5","25","14.600550964187327","29.608938547486037"
"64","50","1","false","20","5","26","14.967860422405877","30.353817504655495"
"64","50","1","false","20","5","27","15.243342516069788","30.91247672253259"
"64","50","1","false","20","5","28","15.5188246097337","31.471135940409685"
"64","50","1","false","20","5","29","15.886134067952252","32.21601489757914"
"64","50","1","false","20","5","30","16.161616161616163","32.774674115456236"
"64","50","1","false","20","5","31","16.437098255280073","33.33333333333333"
"64","50","1","false","20","5","32","16.804407713498623","34.07821229050279"
"64","50","1","false","20","5","33","16.988062442607895","34.45065176908753"
"64","50","1","false","20","5","34","17.26354453627181","35.00931098696462"
"64","50","1","false","20","5","35","17.355371900826448","35.19553072625698"
"64","50","1","false","20","5","36","17.53902662993572","35.567970204841714"
"64","50","1","false","20","5","37","17.63085399449036","35.754189944134076"
"64","50","1","false","20","5","38","17.722681359044994","35.940409683426445"
"64","50","1","false","20","5","39","17.81450872359963","36.12662942271881"
"64","50","1","false","20","5","40","17.90633608815427","36.312849162011176"
"64","50","1","false","20","5","41","17.99816345270891","36.49906890130354"
"64","50","1","false","20","5","42","18.181818181818183","36.87150837988827"
"64","50","1","false","20","5","43","18.54912764003673","37.61638733705773"
"64","50","1","false","20","5","44","18.91643709825528","38.361266294227185"
"64","50","1","false","20","5","45","19.4674012855831","39.47858472998138"
"64","50","1","false","20","5","46","19.742883379247015","40.03724394785848"
"64","50","1","false","20","5","47","19.92653810835629","40.4096834264432"
"64","50","1","false","20","5","48","20.110192837465565","40.78212290502793"
"64","50","1","false","20","5","49","20.2020202020202","40.9683426443203"
"64","50","1","false","20","5","50","20.385674931129476","41.340782122905026"
"64","50","1","false","20","5","51","20.56932966023875","41.71322160148976"
"64","50","1","false","20","5","52","20.56932966023875","41.71322160148976"
